series_id,alpha_loss,mlp,hgb,convex
0_102,0.8115841832710697,0.9995778325180381,0.9497428624075034,0.7399813761402906
0_132,0.32732456249551123,0.31857652048516055,0.3113994249004926,0.29604491299374347
0_154,0.18434363188194325,0.19148437604188512,0.1852202303114792,0.16253153919397914
0_156,0.4805148919430891,0.4310468382939772,0.43372898457596376,0.39482666621007506
0_184,0.5580023635138041,0.6991251967095435,0.7627500899295634,0.46410839269084825
0_192,0.16980811862855077,0.17661725168096604,0.1728581308983735,0.14169968091157242
0_200,0.43501095933943157,0.5202878229303676,0.423320980772472,0.3442802355822128
0_208,0.22463974530109698,0.22641413590709825,0.23493016862634836,0.19783875129285464
0_261,0.12194350591488945,0.11734490849498395,0.12930107152659914,0.08969892844394728
0_432,0.18743237242425714,0.1800313925095427,0.18331492030986285,0.16980133348505805
0_470,0.6787543455131299,0.7298203335834684,0.7549078294377567,0.6137619500399046
0_59,0.4310436026344157,0.3932993094097714,0.37440661837519307,0.34059742151321004
0_99,0.10805359565926032,0.11702763630190577,0.11228664304758701,0.09419378295703555
1001_155,0.10346533054379987,0.09960216456042804,0.09750791068453707,0.08973557000057987
1001_156,0.2749889963962156,0.31489520238877305,0.2710426264677107,0.2080365353697386
1001_244,0.23065581530796347,0.21660961571124485,0.22917382295469035,0.1930496040964711
1001_246,0.20746841809296931,0.20503972772318893,0.21167532833637387,0.19566560502019276
1001_261,0.10848010734572194,0.11400457683765747,0.09495156326977314,0.0803753677133798
1001_458,0.21541838736875193,0.22663146391277916,0.21981099335124307,0.19754117668617777
1001_503,0.8243145837302716,0.8680992206730429,0.873318124045764,0.5860229753974708
1005_181,0.4930645981255419,0.5091025757281593,0.5050793070176877,0.4684909709035069
1005_185,0.19150715449269423,0.18219608083571365,0.18501603639384878,0.1588896634881335
1005_193,0.3050162779283033,0.28640072157966945,0.2826456912470279,0.2622182140763381
1005_238,0.12686029378606953,0.1234671636821569,0.11810617510721404,0.11428379495672426
1006_181,0.34849816353435364,0.33938777077623405,0.33473322421810825,0.3264472495323052
1006_238,0.11095199625740032,0.10713515152529061,0.11024507698445722,0.0996009610655631
1009_200,0.4286859651837101,0.40105526993094265,0.43972196858606505,0.365061584401321
1009_246,0.21376261874242847,0.20601015459274605,0.20976435385314487,0.18209820856205206
1009_277,0.44565266910466256,0.4010442249875752,0.4011050712445619,0.37991221080242715
1009_99,0.24239952071274176,0.23690127874175115,0.23467026659947438,0.21383722783228104
100_132,0.45395381963920034,0.4704583120592311,0.4619650789399208,0.41951407931254775
100_184,0.3445738466110691,0.3768503274004584,0.39148961794098786,0.32307665726398144
100_200,0.4402651364144569,0.5448593742567427,0.5564502676317192,0.3703213123332626
100_247,0.16460927951644008,0.15752059070938787,0.15294789720598811,0.14981826828794562
100_277,0.48879906534512396,0.48402516395622086,0.48128863687153295,0.42804721164037013
100_415,0.7575128246563364,0.6358015422598372,0.6624970256890295,0.4789749059902553
100_470,0.8389396215362788,0.8533387382223357,0.8741568272200971,0.7512187997308163
100_501,0.10538819283961767,0.0911030323053651,0.08078452896028962,0.048342524297282946
100_59,0.664418713903872,0.623782255695452,0.6306886310172746,0.593123459837779
1011_238,0.30539491438239824,0.2870048741619201,0.2890516575437693,0.2708120535168557
1012_120,0.17390199107229376,0.16148108466931532,0.15914775886353227,0.15330846314912064
1012_14,0.11392114050600016,0.11039043733404605,0.10121978702376952,0.08700109525409161
1012_181,0.6787160279542549,0.6482720600373875,0.6617113642243942,0.612176299547431
1012_185,0.19878552624423987,0.1996923047983742,0.18994213972310622,0.1562329436205221
1012_193,0.21143649179747687,0.21051862910236335,0.20900595233476862,0.19175175794234461
1012_238,0.11515067025821273,0.11066276124102495,0.10741152407021941,0.09645525476115802
1012_446,0.23787049537006968,0.23925129514859694,0.24522214449868407,0.2142496731315854
1015_506,0.16909050771667092,0.16484274879768201,0.1624519913007113,0.1429309033470307
1015_59,0.6798199068588595,0.6844282748897265,0.7094884793879549,0.6456896927881335
1015_99,0.17053100722961798,0.16968892353807186,0.17420838048234813,0.14845240244857705
1016_116,0.24866635289812786,0.25030384652241466,0.2489104285418782,0.2223425875403183
1016_299,0.12391102296387221,0.128864797872687,0.12480849731531059,0.10257509859300307
1017_116,0.37175138712104316,0.3316906708886706,0.32422914525562974,0.30598440278807804
1017_174,0.14124314386569414,0.13616798559230717,0.14483426776481517,0.11175374675066369
1018_155,0.11643176689449788,0.11301320286767133,0.11131919678123925,0.1062737432011945
1018_244,0.21382853701216625,0.21526198239343303,0.20811951575677975,0.18275926246234295
1018_261,0.1459043424381673,0.1449747823232992,0.14664822504886554,0.1393430896673073
1018_432,0.12432676012974496,0.11838135499839542,0.12692128001005568,0.11280203719281984
1018_503,0.6874399017583896,0.7015651809269507,0.6802684562572489,0.5943889172358872
1018_505,0.5741638220445403,0.5949976688291767,0.5579517472640265,0.4999703801920982
1019_253,0.2269126283082142,0.21331545630672652,0.22782193776120932,0.1877241124197736
1019_432,0.16703903129142544,0.16618032703755328,0.16167238478706625,0.14591271723543744
1019_503,0.43737742122409834,0.5171417827654974,0.4654523520368399,0.38703285947031324
101_155,0.2931694660511164,0.27990581325278213,0.2733465980105907,0.2453768692249173
101_156,0.22775020284848957,0.2218934984940645,0.2216915089097263,0.21027164160247905
101_200,1.1074570338533127,0.941661207999456,0.9896245372358197,0.8944631207546266
101_244,0.13334153959194633,0.13490363944315759,0.12679258478546973,0.11769424596735667
101_246,0.2658866538864819,0.2757921936096081,0.26382820303445853,0.22210097707967885
101_261,0.12738874469072467,0.1274303106239885,0.124616154968804,0.11730043733889255
101_315,1.0006014442379567,0.772599547936505,0.7609119507713166,0.7233222612078388
101_458,0.25423306337744017,0.26428037262386495,0.25220393868857455,0.2355562571515889
101_470,0.22532208560005904,0.20598808321508322,0.17887853515559937,0.1433634845695291
101_503,0.8004806328930486,0.8936457921042942,0.8041698672182481,0.6263737066343137
101_99,0.325458821729004,0.338590282779762,0.31730261223496353,0.2293155096204167
1020_155,0.10033420366040938,0.0966985432685402,0.09260035246184863,0.08803905711265211
1020_244,0.18244685139871894,0.174691780094693,0.1593560328301722,0.14886814686151412
1020_253,0.32264240588718845,0.3244037867326978,0.3310723286454816,0.2418888440312504
1020_458,0.18015832894094644,0.18309768002877894,0.17638885244156796,0.16051017416630464
1020_503,0.6786898264687639,0.748951928305558,0.6814113226038419,0.571007208979252
1020_99,0.19113390101361594,0.18504111256397812,0.1823600831047958,0.17198198696679987
1022_154,0.24997051775306733,0.250813839298631,0.2633899311538008,0.23646963664945078
1022_155,0.11277456341191022,0.10217801302477174,0.10844103756936173,0.09496167647124089
1022_156,0.3557148786120904,0.3288039660656347,0.33709980464043177,0.30427244026453576
1022_204,0.08850836896412656,0.10371513766724447,0.0894819270107152,0.07875378708962072
1022_229,0.12898090564230846,0.1317856133245528,0.11677755137574682,0.094938371532227
1022_244,0.28528610041648095,0.24020898878250677,0.2246569429428184,0.21333319382331453
1022_246,0.28450151159414566,0.30046744752516147,0.2894170830066183,0.24947034758252049
1022_261,0.1180534264180606,0.1151595862672911,0.1089359887252169,0.10217301363553068
1022_413,0.3695831752648282,0.3684797834026903,0.34515739824817593,0.307024078439744
1022_415,0.39546430902919616,0.4239363089195132,0.4240694861122019,0.35215733108719205
1022_420,0.13737069179947814,0.13418740731062448,0.13244650070117794,0.12776995650421183
1022_432,0.19921490611363513,0.18646613912183935,0.1854821305409442,0.18142585942590336
1022_470,0.5119893215756177,0.6784966741304215,0.782079434777264,0.3942032083437521
1022_503,0.8888036348296559,1.0182305761482988,0.9509633953565627,0.7522176161409854
1022_530,0.06888237636421878,0.07216127262351285,0.04258310556737134,0.030753402347373997
1023_415,0.7308515387529058,0.6836272065568444,0.6710009045032156,0.46758099193859387
1023_59,0.7040835465371033,0.7568469602658691,0.7981502274306553,0.6613831853202496
1023_99,0.14914187989251534,0.14672891150477763,0.1416508538873494,0.12892618372184123
1025_174,0.3342766684814682,0.3268001046603015,0.33093374200555903,0.3143256017057336
1025_411,0.2672577402433688,0.25850792744189094,0.26020948991552634,0.18619501205529881
1026_155,0.1250105261805192,0.1293740125184393,0.11007156371780051,0.10020572436563592
1026_503,0.7317805721942973,0.8534392483174341,0.7710548396443844,0.6014113580304102
1027_155,0.09857843726742169,0.09933162312847382,0.09739789615323251,0.08934889030329901
1027_503,0.5776320576027075,0.6328471425332608,0.5463538499964611,0.45178416550481004
1027_505,0.27401794402476953,0.3124343994236119,0.28145391449354273,0.25103179742067544
1027_99,0.1421584334781295,0.13928257865885155,0.1397384447753311,0.13353608747170617
1028_102,0.8323810418682334,0.9067766984019924,0.8680081111621432,0.721478232104293
1028_132,0.3605083479804271,0.3892096792551194,0.41169650970535454,0.346661712854237
1028_154,0.21617470948478715,0.2329539843611661,0.222632183300434,0.1804311994575199
1028_167,0.12941582020082168,0.11592787095833933,0.10025630840527544,0.09450171789316289
1028_184,0.7269692898087454,0.7789063162801453,0.8009079142602841,0.6354473756165815
1028_247,0.24700640508204627,0.24188756813022103,0.23511739410844543,0.20880360543526302
1028_415,0.4677651433153404,0.5854524439764995,0.4886398250648156,0.33992919073386035
1028_470,0.8775647413198779,0.979772935356694,0.9242677987892391,0.7741861565377371
1028_59,0.4598333125254771,0.5038531859829688,0.4809910478980124,0.361390532379587
1028_99,0.15216368138298786,0.15672307861196866,0.16135833392221854,0.13766365264955238
1029_238,0.2453292596072142,0.2081324897910746,0.2067277648382692,0.20209817254366527
102_132,0.2807280016652982,0.2849564627645765,0.2972663386012114,0.2563703637542501
102_156,0.44492522625729386,0.5372753667481195,0.5105552360961271,0.4222213502476175
102_189,1.2944459467987066,1.5504272686195442,1.8040409131776975,0.867797304868482
102_245,0.10138906066628109,0.10216573819765246,0.095210445285138,0.08670696122027473
102_246,0.1841273624439215,0.1874209227595779,0.18586158782918344,0.14382689769610207
102_277,0.5906021027355217,0.5913264148918178,0.5462703646662712,0.4703394300507915
102_415,0.5225251342252021,0.5754471905187164,0.4859747772226873,0.40197928318301906
102_470,0.8421807472334915,1.0659926592909044,0.9038010431017098,0.6443685226916473
102_501,0.13152126907580264,0.10829797841208494,0.09712900588114724,0.06835233807024438
102_99,0.19477650968952076,0.1838080733024186,0.18491249739167415,0.15680030193770894
1030_120,0.14181730048080846,0.09958181620943428,0.11833213881796989,0.0980174795035696
1030_14,0.06807687976429594,0.07200901733931539,0.06151732801708246,0.02431218180982463
1030_181,0.26241371350850823,0.2830641849637175,0.2557327263145701,0.21979294988853143
1030_185,0.11139080394376391,0.10481737631445089,0.09195628163769379,0.07723633792474982
1030_193,0.8119315523644558,0.752177534652303,0.7885334329686535,0.5983708264846981
1030_238,0.7971475760638541,0.6603584798366187,0.6860600057183129,0.5186996077780449
1034_132,0.14103707224493747,0.13895838854572423,0.14680322528961293,0.12594648197079203
1034_154,0.14351292837447005,0.13885156106385724,0.1368672840267321,0.12871231003479366
1034_155,0.11998017661425936,0.10994410782406672,0.11712241475033475,0.1000634550990757
1034_156,0.2248551271839164,0.21621833406879157,0.2003123871043641,0.19845250539622836
1034_200,0.4519126454589189,0.5126226861135433,0.5713478333323282,0.3367865739593797
1034_207,0.43297790707009054,0.4412586382523765,0.39475683025605907,0.3400498647654897
1034_244,0.0878872676311433,0.08852174952437995,0.09065757667198894,0.08296073545111134
1034_261,0.04848129097682295,0.0430731360249402,0.03546539796306833,0.03469290900055334
1034_315,0.5688455449339853,0.5679215585832891,0.6534183495124615,0.49979498267366906
1034_433,0.10738101010904366,0.107229304732069,0.10447698539942113,0.09909641271047537
1034_501,0.6685081120786478,0.6558581814541373,0.6687267433764588,0.6145903545485752
1034_530,0.1227212389791811,0.13161665055669383,0.1248432490754111,0.10440439170945529
1034_99,0.09215773820490343,0.08687776580132646,0.08076336590018511,0.07414858563591983
1035_117,0.16908077371900487,0.17844665404636162,0.17120357821651105,0.15254092060789445
1035_132,0.17674446100339722,0.17909271094262802,0.17286879326522342,0.169380499715306
1035_155,0.10877496642663098,0.10679671217162943,0.09657193302505819,0.09324771600756489
1035_156,0.3630674657784144,0.36432962160855153,0.3628434385003511,0.3366117935446091
1035_207,0.3784918769549257,0.42314293913287937,0.3695870879847979,0.2798722221528907
1035_242,0.15124219147914317,0.15016900866458527,0.14359133785640985,0.13446461125061188
1035_295,0.20418104709176807,0.20113758569400234,0.1738452572606234,0.16049174014643552
1035_315,0.2717279167051092,0.29947531000309685,0.3468326989765599,0.19814427837484103
1035_432,0.27401064638641226,0.29145312246822785,0.2509719283992106,0.22907913457083978
1035_501,0.8331378897177233,0.799046736925074,0.7844460708680594,0.7436265762991137
1035_503,0.6252654653937747,0.5981347307992904,0.6314191970317382,0.4714872850044456
1035_506,0.18954062506352226,0.18835316577393946,0.19933926383248673,0.16841015535603163
1035_530,0.06958684718595909,0.07767779461687803,0.06374529009425994,0.05367508364589567
1035_99,0.19410495964726357,0.18812768736646976,0.16430127674919656,0.15053168298190972
1036_102,0.6688154978256147,0.6749356839698021,0.6359905806741653,0.5123250098251796
1036_104,0.15973175938174994,0.1632004424471434,0.1655478245513314,0.14049032203837677
1036_132,0.2090039184136014,0.19567642141265287,0.19498620608389677,0.1858033208642146
1036_167,0.15515122330346828,0.12613199764459473,0.11842400002846103,0.11599473487320362
1036_184,0.48659766721773756,0.5620299009328649,0.7596343326413177,0.3605735044923538
1036_244,0.16754737252712737,0.19372659807641546,0.15125329453787495,0.141222513486833
1036_266,0.12704286323891192,0.12511333847805595,0.1263344813504867,0.1000464793192581
1036_415,0.33569358931379917,0.3827583081941405,0.38561604864786514,0.2852037640805636
1036_470,0.5240072264202217,0.5741156218194867,0.5698127735512701,0.40559497272264555
1036_59,0.5210618122344572,0.42897661011884547,0.41118782437193285,0.4033709003499863
1036_99,0.08341329004206002,0.09223176449277239,0.08191019645655558,0.06639427580707544
1037_120,0.5425792113326975,0.4272519445512171,0.42355981246866814,0.41555222460937374
1037_14,0.12144093490901148,0.11549966341870377,0.1178947086321957,0.10707353566940947
1037_163,0.0991563454235406,0.10365271807568799,0.09863642066135599,0.0862403311149389
1037_181,0.6640369551149897,0.6748826195135612,0.6004509427923338,0.5474910071742638
1037_185,0.1593394164180519,0.14708970499791177,0.13395336446705594,0.12083836787441969
1037_193,0.17779736985344977,0.17737839685272086,0.17469372018620433,0.16604313924179992
1037_212,0.2784246929811881,0.27053339317629166,0.2703850630040861,0.2530749215243834
1037_546,0.10833496516813905,0.08857436775241165,0.07274500887376152,0.03435198992136231
1038_155,0.09329116173687596,0.09882906167130857,0.0955018166398581,0.0816474999260912
1038_246,0.18298183849455954,0.18434134421932116,0.18906322865124284,0.15854637774980201
1038_261,0.09889694730584969,0.09915215643202117,0.09921487236436675,0.08236066065455612
1038_432,0.14001755606931504,0.14622186452357502,0.14801337617096805,0.1273689961358414
1038_470,0.2732703447764737,0.23669940824383662,0.23408951907165962,0.1992933005406205
1038_503,0.6174108531932112,0.5956795807341008,0.5695850351895659,0.46725256165635504
1038_505,0.3912496723908589,0.44843807762297583,0.4286426212644764,0.35306866698007755
1039_155,0.13912560095155035,0.144831217868422,0.13386802252098012,0.12613275902986393
1039_244,0.17922864457271365,0.15392081050498838,0.15191125396745722,0.1376330653308508
1039_246,0.24274661030182199,0.2151400562613617,0.20501240951053246,0.19580401457978114
1039_503,0.5672310638899002,0.633300994585712,0.6492393536803561,0.43917671718555124
1039_505,0.335163000619928,0.34460830670280074,0.32705018823575993,0.3116007685193651
103_102,0.5572790168979398,0.5924512946220277,0.5514047771113738,0.4586621871649841
103_104,0.18098459493297842,0.17504366460134002,0.17567882443508262,0.16477395758741678
103_108,0.24169638886762973,0.24284379192829883,0.2405132862340766,0.2099245991999853
103_132,0.17443827786023078,0.16875911708310234,0.1719041386583832,0.15717203878179323
103_148,0.16695432114310685,0.17151231221480356,0.16717700176466574,0.14160761215852113
103_150,0.27350043139409563,0.2885284000504336,0.28135250898863146,0.23072967219512985
103_156,0.19601085919155384,0.18938909443699703,0.1780653434642936,0.16824144349591055
103_160,0.14220772021138617,0.13160593487900463,0.1387417407309322,0.11792276230455312
103_167,0.2345922356974564,0.2169695050684152,0.20011497714514773,0.19485429385377764
103_184,0.5961580224245866,0.739343865745972,0.7064452451474723,0.5178466917190665
103_190,0.47058625686467537,0.443753294886583,0.4313892223819893,0.37360137724435816
103_192,0.16441686332632177,0.16483743453422461,0.1641217360310582,0.15175699643944554
103_199,0.13939542460558585,0.1406422584442701,0.1317147529902383,0.11285194210490362
103_202,0.12290377268773797,0.1728529391482408,0.16895091219959857,0.04801618772879628
103_277,0.5445088276593769,0.5254842637372807,0.5032091301420105,0.3776311854780389
103_313,0.09181778846528238,0.09140669265220709,0.0925493142282424,0.08072465809310013
103_377,0.23737209391161443,0.23643591731895627,0.24236920060705927,0.18937354293891856
103_415,0.2854023207005912,0.29599670309414394,0.27498861510630573,0.2057796727571853
103_433,0.14176034906615953,0.14084278360643857,0.1462254424709258,0.13279049508838406
103_463,0.1470724087403631,0.12120460014214027,0.10937521489988145,0.08717525250417844
103_470,0.6486809259605805,0.7114113385628812,0.6120013768569103,0.47647942545162664
103_554,0.5363750358569355,0.5563741168283821,0.5741690523753191,0.49364979785984
103_59,0.6770021233206911,0.6781118440383666,0.7281384645935116,0.6301351410098788
103_60,0.5171782116610254,0.5409494770022365,0.5579567392143484,0.460285741145409
103_99,0.13211087182998058,0.12817744140932888,0.12370570377196984,0.11214425441858565
1041_133,0.32125399766077267,0.29659060048381936,0.29113458436349754,0.23777457165391175
1041_155,0.14155238155101094,0.14569366145796653,0.13571079910165407,0.12266164339612644
1041_187,0.14327779383377226,0.16864358001152524,0.14107517290073068,0.13081599439796962
1041_243,0.15751239317411944,0.16470844492509792,0.14654923284564506,0.13236112158385024
1041_244,0.20045663773966596,0.19753630907243483,0.19849755323627505,0.1834069077752161
1041_246,0.331004744016592,0.339608137806642,0.3367919743850799,0.28457547522194604
1041_261,0.20087225238351472,0.1509515409020958,0.145595614916658,0.13531454033625426
1041_413,0.38358614723389134,0.3818193002290628,0.392417923322509,0.34285330539199915
1041_415,0.45875192693102484,0.4755088100056917,0.4996333126888678,0.3876890002700678
1041_432,0.19185670365446472,0.2698688397784372,0.2059903870236569,0.14853367053299435
1041_470,0.26691531635847826,0.2980142240213656,0.3027324348058511,0.22503151922758702
1041_503,0.8618464484813748,0.9212599360247695,0.8659599198021105,0.5319987117636245
1042_102,0.7263344259492643,0.8124716860953689,0.8055946738411135,0.6545216785129737
1042_132,0.3264204194749556,0.3207512066682116,0.3225421099290273,0.2896344885519961
1042_167,0.1132419272355319,0.10001870907836005,0.08462891228310536,0.0770330069617413
1042_184,0.5617292875967438,0.6124734185408813,0.6619423413368702,0.4925727526460746
1042_192,0.19121724125506875,0.2044385307998253,0.202701142152418,0.1622779886257745
1042_242,0.2593093228345842,0.25314542130750306,0.2583087025489755,0.22658073872103404
1042_244,0.22721416347805146,0.22913214743087174,0.20327818198163883,0.18111141096214822
1042_266,0.14959841717668135,0.14724073485242462,0.1535075280850017,0.11999575896393938
1042_274,2.363058541177909,2.5541425751604945,2.550233474557656,1.742867333754138
1042_413,0.13914267779595274,0.14297059286929142,0.1307851068646128,0.11004827760023979
1042_415,0.25562674059215923,0.3225804906859809,0.29581512544704097,0.20345158544161157
1042_470,0.8270738543880082,0.8662291751492374,0.9084827439501058,0.6555880601664467
1042_506,0.16618928729701613,0.16953455060635558,0.17281226166556365,0.15237796579809226
1042_59,0.5084901790789312,0.5327213077413643,0.5075114881328122,0.4339391708996898
1042_62,0.32964959786103853,0.2725820160070931,0.26434373829723895,0.2142318942765582
1042_99,0.14566906112304945,0.15223968236342075,0.14558588424174682,0.1344069238567561
1043_155,0.14295764967967106,0.14819304816531564,0.1396035261824839,0.12850146613261115
1043_244,0.10323142199052703,0.10205062618175528,0.09856618488305564,0.09196709436566171
1043_503,0.4041853307463813,0.46194556123429187,0.4332384228882666,0.34584555034805636
1043_99,0.15676066309383152,0.1584672431126385,0.14847446196920566,0.14346916046450478
1044_102,0.7197622858480838,0.7495956633141643,0.746470895094382,0.6580630680645717
1044_104,0.19121473047705556,0.18255515876806233,0.17675077635119665,0.15910271335102832
1044_108,0.38154038911085697,0.3645153807144224,0.36988624089355215,0.3126181918104989
1044_132,0.22489351007533673,0.2195383589579557,0.22249217331442417,0.20188015776405416
1044_148,0.13201944154361805,0.12937790834435653,0.12659608209631854,0.11125173771913596
1044_150,0.3374289621369648,0.3180272837593671,0.2858343501873826,0.22973391320399716
1044_152,0.16137300726599713,0.1947848673314991,0.2026464001460623,0.11973650941286348
1044_154,0.22732508606420687,0.22968697172760655,0.2208277499295496,0.20251661280345729
1044_167,0.13450127323390165,0.1288806054945804,0.11434771948518048,0.10734692874274895
1044_184,0.6634595877299733,0.5572050268204233,0.7074965672409115,0.5052510304582901
1044_189,1.4094893842410046,1.9797912741633124,1.8187980996579922,1.0393215203938984
1044_190,0.6265530061437047,0.7327848480707935,0.6907582900595621,0.4182012645321882
1044_200,0.6811348033572691,0.8092947672028132,0.8098725487130777,0.6043155499085288
1044_23,0.5338344377520243,0.46631339837620267,0.4847583602158886,0.4244182535815446
1044_247,0.12967207350087429,0.11562415535693048,0.11178589995858718,0.09710119891408225
1044_266,0.11507230159327733,0.1020172095639938,0.09882134721239834,0.06986343530085484
1044_295,0.19298783069666553,0.18948946972176386,0.20734078788068738,0.16380443827709185
1044_300,0.3704455913624221,0.3287418847756565,0.3444823549398318,0.3165438353739953
1044_334,0.06548239164496228,0.06665422577517408,0.05243692011581018,0.0346895299366297
1044_376,0.12705791236823072,0.12778032940352785,0.12230673697860427,0.07413855436318552
1044_415,0.9227135392367758,0.9084952164559308,0.8479753043740691,0.6437645396874576
1044_433,0.11254669551130732,0.10563829036144708,0.10059842062713148,0.09760786095513763
1044_453,0.1378951016367457,0.14744961854070723,0.12978777622027063,0.116232602506586
1044_463,0.1096519485992608,0.09637224682201746,0.08771247198613867,0.058623396034990574
1044_470,0.7849130771569758,0.9531617353200643,0.9040338159364283,0.525044557270034
1044_501,0.07725700854832712,0.06313726246086741,0.05810796611308679,0.02741801636803275
1044_59,0.7581435854980333,0.7458234178758611,0.7240604117019341,0.6953926901654892
1044_99,0.12029839026848047,0.12184467321853136,0.12392391916846751,0.10651192770665095
1045_155,0.17669969735313018,0.17800238123368242,0.16435649449351541,0.14997384400266278
1045_156,0.31836982560640525,0.31340110225321577,0.32692867723587277,0.28739625666013197
1045_187,0.12412516438422341,0.12112689501786411,0.12372326274211311,0.10196699682112323
1045_204,0.10818700347598614,0.10425755597625554,0.10224100764310172,0.09797910594930051
1045_229,0.10980183502817414,0.11485308617972716,0.08788406217665232,0.06363626516809784
1045_244,0.1834804765745804,0.1852682707325339,0.17789737587530402,0.16722107690390056
1045_246,0.35676843387594304,0.34135094891176454,0.35326357860318774,0.2917609930414423
1045_261,0.1211818916693897,0.11758240970982224,0.11621922211547349,0.10601743240123722
1045_413,0.18104693505870162,0.1840551716671196,0.1752128443118296,0.15924160015056169
1045_415,0.4612613028779681,0.4610800548975413,0.4885777899486412,0.40317899918309597
1045_432,0.11025476790199083,0.10520554094751979,0.11761858548720551,0.09139498254297056
1045_458,0.2148080398494891,0.21025121847188105,0.1961767999972795,0.18960040798030167
1045_470,0.23331378363865637,0.2973738468019,0.29929891203170306,0.15828019138139895
1045_503,0.7134892062705829,0.829156917324833,0.6770992964490349,0.45557420773806556
1045_506,0.1577009365967967,0.17196974042745095,0.1661203669060219,0.14981688588932726
1045_530,0.0653624101441215,0.07842307503233206,0.056700081346979715,0.02945068580349294
1046_238,0.17479316076229218,0.16800613505293235,0.1796039326420094,0.15201058584374136
1047_229,0.20882144415360793,0.2528829189113729,0.19911588418716442,0.16680426022022388
1047_244,0.13912758550501023,0.1558103666033726,0.1530219850668837,0.12702171890299507
1047_261,0.10066685802368613,0.10755068299029373,0.10066724496238971,0.0860712321964126
1047_432,0.16440723112755054,0.17804955841950698,0.16409789015439183,0.14678714945199298
1047_503,0.6914883165529336,0.6799478060917232,0.7238424482472103,0.6071708590817687
1047_99,0.240826543717264,0.2570159400303621,0.24800118002587018,0.2026293795417629
1048_181,0.5294269864504192,0.47015755459783687,0.46002897339484483,0.4253202184444372
1048_238,0.2289916986200472,0.22764698427843033,0.2286569260708715,0.21051258401626247
1049_102,0.7447524333987404,0.7788687169003994,0.7566702215292171,0.627945434451695
1049_108,0.340176761582901,0.3311256844428043,0.3489298391851184,0.30327077624066556
1049_117,0.15534719063281177,0.1506821256433866,0.14451384549236965,0.13706619572076628
1049_132,0.23126930025326742,0.22454896839396676,0.22046407331402118,0.21049383766992014
1049_150,0.19148197678794665,0.20172854016619576,0.19923592134856938,0.14905659788640258
1049_167,0.12668118489333358,0.11860759037927285,0.1087316666490594,0.09568794554953831
1049_190,0.9526490726271617,0.8778479334558035,0.8705683251724249,0.8252838521333753
1049_235,6.776346777618134,7.36135415361817,7.3215885734984045,6.298037819825171
1049_266,0.11266651154766746,0.09051084855858074,0.09995469279428157,0.06503742146490615
1049_277,0.8547397153643935,0.7629494747675194,0.7341644434241387,0.6229014244057594
1049_336,0.09444907831970215,0.07910846101481606,0.11338728089204625,0.043111034160646065
1049_377,0.3420053185437544,0.33638213522296767,0.3722319307651172,0.26685958140501803
1049_415,0.49738302389625577,0.604822628863324,0.4763020843360445,0.39685242502922335
1049_463,0.17267541538540623,0.14754536597007106,0.14008549107666468,0.11479982474835511
1049_470,1.0739009289255266,1.134633306805113,1.1509158798733357,0.7517290017423925
1049_530,0.09268539309951225,0.09814960697617989,0.08478257114693068,0.06826066588190707
1049_62,0.2702782282541847,0.29513713296769395,0.27622828899470897,0.2362470624100658
1049_99,0.2453917941051872,0.2292194575660167,0.23662040855242011,0.22071679199102787
1050_135,0.5825394255236236,0.5983429967204144,0.6417211573860615,0.4590255369067575
1050_157,0.09505365328472844,0.0999870417851305,0.0914310214219461,0.0712890493740896
1050_229,0.22729703330624687,0.28975786076800114,0.2597656094234866,0.19037494803829305
1050_244,0.17890733342964404,0.18918464926830325,0.18930708114921274,0.16074343557989879
1050_246,0.30449263902536844,0.31344542435080913,0.3146114665924413,0.2757237753280634
1050_261,0.08878695777067239,0.0861220423695217,0.08544936738478454,0.07437278538622605
1050_277,0.2315073231688478,0.2227463632376587,0.24935051050069867,0.20466621660833414
1050_390,0.20282371510850009,0.20229074108113007,0.19655765246506976,0.18375296462142524
1050_415,0.3819722655609572,0.4306711664410208,0.42554109542222257,0.3177750714263279
1050_503,0.8466637515733316,0.8909157407000071,1.0532407284214411,0.48975053264932483
1050_506,0.12562939180223676,0.13485544523383508,0.13372771820878998,0.11142679215343437
1050_530,0.07792855478970301,0.08687335463117626,0.07301310696632168,0.0654450741923484
1050_99,0.16057157151965074,0.16474349407436167,0.16578699440630984,0.14610728664508
1051_104,0.15410435026789243,0.15078503794587786,0.13649448716446896,0.11537919338535713
1051_154,0.226392602551824,0.22966565006396675,0.21851166798824756,0.20388468930022183
1051_315,0.19066700219202481,0.17420559174335382,0.15265235893286488,0.1438889203936769
1051_458,0.19553430313151943,0.181785989770063,0.16926975045308446,0.1632051621822133
1051_503,0.4239172199362071,0.40998963619560996,0.46627056474933326,0.3485055661009656
1052_10,4.431981077235745,4.7294259012437685,5.826056851495014,3.2737180461029998
1052_104,0.2873744633848289,0.2795783202286653,0.290919660998737,0.2463357986779605
1052_146,0.36683848902310656,0.3627292004760699,0.36485841199988883,0.34737414387503107
1052_155,0.1362600984244231,0.12335810917607708,0.11960685155577726,0.11262347960056895
1052_156,0.3214864753897633,0.3344296816443567,0.3307342225070155,0.29408500986577313
1052_189,0.7056667765093544,0.6377393311458893,0.6050534179279349,0.48789679347759385
1052_244,0.2087000076059316,0.1865372946102476,0.16773657823323598,0.1616934157485027
1052_277,0.20521946625935925,0.2097087576241112,0.20298391123226023,0.1808776182987165
1052_315,0.3634058494309096,0.32732518421761303,0.32389384531661697,0.29959181176406313
1052_458,0.17396637599836778,0.1651822753087697,0.1640515699368623,0.15503551677857716
1052_470,0.6264102223999233,0.5827470769940473,0.6016900849176864,0.5418637689446296
1052_503,0.9096731807972335,0.9606676997630557,0.9616386466318877,0.7626253349816802
1052_506,0.14175864927584708,0.13022167904702672,0.12322130097331392,0.11509893988290473
1053_104,0.25867005948296456,0.26405326128045303,0.24513046619878365,0.22053022506839046
1053_117,0.22365271542385706,0.23301638910832803,0.23132608820586828,0.2097082982405789
1053_132,0.4365956333327772,0.4091135528682444,0.40726273183506473,0.39184097139392
1053_155,0.1683089920323452,0.17107946327369558,0.16542837233602586,0.15025984256910815
1053_175,0.11633865501531988,0.11818170051631058,0.12332959393363192,0.09583216449120008
1053_184,0.20352635784347595,0.20710697273421638,0.2343112260709948,0.1622903644131572
1053_187,0.18853592485250767,0.19582912091826643,0.1669274877034787,0.1510915713534774
1053_200,1.2407510556878338,1.4046668347740396,1.3939486855002166,1.0820678932870398
1053_315,0.9147225477171426,0.6599437142077712,0.6223456656779004,0.6074903843717075
1053_415,0.6785250583494508,0.6705586948730713,0.7112024119538802,0.555841164423651
1053_458,0.19081980707097046,0.1881256784153414,0.18444946563396003,0.16893745623456938
1053_501,0.42313250722217716,0.38838121701376416,0.3953894232332754,0.3661372466473825
1053_506,0.23382250588653244,0.2171852649167143,0.23902046246990252,0.20479087583878186
1053_510,0.14701119500500293,0.16086396404887357,0.1593235959985962,0.13112642815664127
1053_99,0.32278619948559195,0.33408453969296725,0.3150361960614238,0.25813953913379045
1054_132,0.17540385518639914,0.16579665766341461,0.17276261157237985,0.1538895843300251
1054_156,0.34220055899716495,0.3399502380045577,0.34623245184901913,0.3043369394684572
1054_157,0.06958319623511038,0.07062922522831866,0.062039507487873125,0.04637068559450466
1054_187,0.2548484742812891,0.2272785478501338,0.22641652250555408,0.19349214861635758
1054_200,0.5870748713304551,0.5183114030276039,0.6076175331542736,0.32767803347857044
1054_242,0.2922154823836787,0.32013092686001027,0.3045501629318413,0.2408086738862414
1054_246,0.2560659837063725,0.2586974793312924,0.2383534280400902,0.20630528227585349
1054_258,0.18959744047014063,0.20145049623844474,0.20504990257174233,0.18026588695555554
1054_261,0.06280246389301619,0.06250590769071629,0.05883851265252966,0.05737279980356231
1054_315,0.3739216031402636,0.389631175038335,0.4749535261196001,0.2911671618356063
1054_433,0.09665213711351998,0.10567394640957908,0.09882392696746993,0.07874085308543356
1054_503,0.6897716450994325,0.81419731124567,0.7025328228163621,0.4539588898663165
1054_506,0.1580586488750744,0.15467884721331,0.1561038421155684,0.1425348719265097
1054_530,0.0971622242436718,0.09787124913840918,0.08185482555249614,0.067937357441445
1054_99,0.2607202607965953,0.2535868167299052,0.24534351376666164,0.23653489914004794
1055_132,0.3983494658859935,0.43884760035564585,0.40490058372487503,0.35283690481717955
1055_155,0.1993997034382152,0.17378900914150386,0.16655904354836729,0.15350000917392664
1055_189,0.6105873416505858,0.6706848275832077,0.7795631929502762,0.4346109091452664
1055_229,0.17675385909113556,0.2282068048702181,0.1469251501382415,0.12244793402629245
1055_244,0.19012572826236726,0.171072354385256,0.1711223386962485,0.1479154135626924
1055_246,0.385085292738537,0.38372548909329307,0.39252120434355314,0.33195086434836796
1055_253,0.31174597294652556,0.3244791260947025,0.32345790601250307,0.25519330415805
1055_261,0.10342561168883471,0.09679948755411306,0.09208885548334353,0.08637936703728369
1055_277,0.4072179926450976,0.438886696103832,0.45193148852613735,0.34313748520070847
1055_334,0.14348267218359262,0.16667047112466152,0.14625417027734727,0.12179989254913884
1055_398,0.0662873439387211,0.05346685089330499,0.056700896026826896,0.02820197620878859
1055_413,0.2277766848856872,0.20841074978431778,0.19888344357763682,0.18405225813956905
1055_415,0.9857362219797773,1.074547333343289,1.0806800790515094,0.8953944062724124
1055_432,0.149660257799587,0.13750782643435439,0.13598286680564564,0.12889424386694368
1055_433,0.10080866526848999,0.09361317845926848,0.08799622679704812,0.08529461769202443
1055_470,0.4960797901321972,0.5536228203047948,0.6325706839255827,0.3774982182249255
1055_503,1.142465029979351,1.2788246456405639,1.2135841060921062,0.9253943760739912
1055_506,0.2821317972885644,0.289942095235175,0.27788976345975064,0.26096895302557477
1055_530,0.07404125107140264,0.07780330876836182,0.07471259144501147,0.058212648374860815
1055_536,0.4551899706445226,0.463388759640168,0.4380004905309422,0.39439496813975355
1055_542,0.15157451284271134,0.1229205000225914,0.1070995813058008,0.09293103441526346
1055_560,0.06387746124550449,0.07386253844966219,0.06818177840525139,0.02814380423060392
1055_79,0.08274332235383959,0.062543518095828,0.057267136221218325,0.03128624231542899
1056_154,0.2651796026985302,0.25907841309467927,0.2639880025123788,0.21661439539752697
1056_155,0.13367302196389502,0.13680678482768796,0.1254484753963629,0.11634659935601982
1056_156,0.3747022088112608,0.3664623189546197,0.3526506215090819,0.2926328727382728
1056_204,0.12809084218509004,0.10777991342004205,0.10936424230423628,0.09116251294362734
1056_244,0.22590787320243091,0.22026742593055626,0.21049555391156877,0.1864473287668894
1056_246,0.2473002694234298,0.2512203260406838,0.25044944298567906,0.20075930326825595
1056_261,0.09169224278152756,0.09279837653803587,0.08892369806741032,0.08407040034392899
1056_415,0.33239062397557756,0.33858266293341505,0.3527331388389634,0.3048712137095553
1056_470,0.24433431093719726,0.26917078072312484,0.28077529939067125,0.18405036563996174
1056_503,0.78953172878649,0.8028736548443809,0.7469081430221204,0.6916252282607176
1056_506,0.25242281246144443,0.254947478171545,0.25694800269257756,0.24431085028581265
1056_530,0.08084621739759147,0.09483288557001705,0.07725029688789362,0.054949600655549054
105_103,0.6696007550870624,0.5763225244217766,0.5434420235013568,0.5144546337259306
105_363,0.1900445750742199,0.19613210765605296,0.19747040195818652,0.16667346773523334
105_394,0.5121203646536625,0.5191912669698789,0.4955217566093657,0.46354160294083907
105_416,0.38352133631544816,0.3797339325571636,0.38757300685578727,0.32651469230267577
105_558,0.21757483487581172,0.2009859518273257,0.22506199218838693,0.1748189027975191
106_155,0.10977021398984288,0.10712195609278062,0.11095968961353608,0.09860408278869176
106_244,0.2213359989267644,0.21368324451721177,0.2105027089316518,0.17251864566396125
106_246,0.2042373768025211,0.20281460540808088,0.19037839316140354,0.16861720821016166
106_458,0.18466970218366938,0.18488108161925929,0.18649887675115226,0.16193853891620452
106_503,0.7692278855223402,0.849364397218449,0.8279525807425857,0.5344584517514832
106_505,0.2903514858349053,0.3520104569822742,0.3078708970176213,0.26428310714373393
106_99,0.16905698307202388,0.15716269998623147,0.1534597767650793,0.14370793926347702
107_116,0.32001018045780655,0.31435965652187775,0.29442784517837445,0.27972959203612074
107_299,0.1818271721458679,0.18963572052270833,0.18557755354437214,0.16200728729297456
107_416,0.33318401261019215,0.3315252796263912,0.3227235663640955,0.30192777589679154
108_156,0.17723576102769675,0.18221256449193626,0.19076371816787263,0.16786577569229677
108_244,0.23491445120985377,0.24018870911060633,0.23234900676414455,0.2034314456925333
108_377,0.18218941749998377,0.16583085882786452,0.16170389269796814,0.1424866651332571
108_415,0.6097738591217615,0.6474035753927285,0.5097602377082983,0.44585845926830064
108_470,0.6599877166380859,0.6701238104425093,0.6716668030148436,0.4870306872077299
108_506,0.15138541185634186,0.1615054811132685,0.16149757388626285,0.13823964604557484
108_59,0.8401804117402601,0.7876081214159826,0.7941563670839931,0.7821898542319605
108_99,0.33151483075213634,0.3138321237462185,0.3268586433953443,0.3029445208149386
109_155,0.11494231928623015,0.10312978309765593,0.09890803421516742,0.09471796145187104
109_156,0.34410068655338844,0.33697281337344753,0.33528865721598283,0.2989208109078392
109_244,0.2740651305736097,0.3014870703679263,0.2577583932018365,0.20723532138216624
109_246,0.3206789720335441,0.35064802005783174,0.3365579650839466,0.2809171268637425
109_261,0.1117501111482257,0.11577208038492295,0.1109362045215087,0.10100056900974083
109_413,0.34443205148480693,0.3038095003241319,0.28652135831400954,0.27105883154963784
109_503,0.8256746534461923,0.8893205411462559,0.8626239228898048,0.5315949247929764
109_530,0.06837536229655987,0.0723290984338424,0.06337052275180192,0.04803327104495142
10_154,0.1890661449858734,0.195708713667055,0.17825601704387764,0.17135454606267086
10_155,0.13955249431956288,0.13405300795303116,0.1306193030751578,0.12681859469648035
10_244,0.15006357756941668,0.1502332134517452,0.13799275002356604,0.12389500284794466
10_503,0.4648390072088098,0.5488199285747979,0.5239427502845242,0.3652638456064751
110_132,0.24582140509453895,0.2610488680408723,0.2533975764002168,0.21806338240416634
110_155,0.14320824992802347,0.1414941534478193,0.14076918005852349,0.12686132397021377
110_156,0.5592536127246848,0.5264697478323646,0.5272939797813576,0.5026612956361286
110_157,0.0911012274694915,0.09508776819159975,0.08944893664345853,0.07945759464974321
110_187,0.11517589958561573,0.10542884600582957,0.10537434089453354,0.09346478466097297
110_244,0.24570583631037124,0.25265134753144497,0.2445797497200626,0.22120117994708144
110_246,0.40693510900504204,0.3720981841312685,0.36308803916145294,0.32409496084432315
110_261,0.14633537664166138,0.13258211722205052,0.1328253464388937,0.12009717502975947
110_334,0.0910874302235918,0.09968307035855759,0.09867203304898081,0.08205550751931427
110_413,0.28108737672875034,0.23186209017486067,0.21658654523706905,0.20601234638886906
110_415,0.47410305346417214,0.5234284546836927,0.5185602000568506,0.401856372807613
110_432,0.13423711903194613,0.14034531222378255,0.14091712894394057,0.12663466750381872
110_470,0.2184057639497608,0.23009901918736908,0.23158241739669594,0.1585360869054998
110_503,0.8499970991246022,0.9673015044962958,0.8591862319627639,0.5067593922257304
110_506,0.171364512310117,0.18253493554846623,0.18585156330549163,0.15757655409660007
110_530,0.07741318775083644,0.08197196893142718,0.07329902756957435,0.05437078213291747
110_548,0.06571677295647219,0.06098075354939001,0.06162504734415357,0.05429593417759744
110_560,0.07313871385969112,0.0806897768931381,0.07299279069506238,0.030395560630097563
111_154,0.14536300655805948,0.13885611078203342,0.12654198636077618,0.12294208982014136
111_200,0.14393517718185833,0.14688814313177848,0.16223553314830097,0.10989113549214807
111_261,0.0845536815751868,0.07449240232004972,0.0717715493777472,0.06548383055405074
111_432,0.1576347424092176,0.1567179492752373,0.14307776645273165,0.13063476842013388
111_503,0.7525908450188493,0.7151580903924082,0.7929347741448317,0.5611656606920199
111_99,0.0803205088245246,0.07552389212406344,0.07277010874374173,0.06911921975280023
112_132,0.19639787619321014,0.2009602743202817,0.18887293202826683,0.1744049536206303
112_135,1.1264791131199572,1.2000311996169577,1.257037020032573,1.084544044653852
112_154,0.2924989955106352,0.30982275292647465,0.31982039575666366,0.27276199705024484
112_192,0.4192396177117241,0.40855052359562805,0.42748346250462377,0.334902484589532
112_277,0.47346228893797027,0.4523280239143259,0.4534995494148255,0.41672020543729527
112_379,0.18021000956578187,0.1476700249961777,0.13915415868171352,0.12685614737933903
112_415,0.5656733528501965,0.5471761833554559,0.5139761229370744,0.4028522935213797
112_506,0.2262629694636035,0.21301673850143776,0.22214801420675442,0.18981115649874802
113_126,0.26944090508087304,0.32117435810718603,0.3052341126859722,0.253903268472275
113_155,0.08165184904885542,0.07781542107514866,0.0808553330639456,0.07280039328355675
113_200,0.34541453573889536,0.3700473747515368,0.3967905096577812,0.2936141436346673
113_458,0.15441402991327902,0.15734894478163647,0.1548998255891471,0.14259186423678302
113_503,0.5283996564908473,0.5911928398099553,0.568498266160113,0.4329701220827277
113_99,0.12318189720533433,0.11740208576130737,0.11948609255647792,0.10984762696696583
114_238,0.27800073268486475,0.23880138910599552,0.23378668644388678,0.23242865684100883
116_193,0.209503510873944,0.21349597917296737,0.21914835978594951,0.18652436597288694
116_238,0.08174448672227523,0.07934763438601024,0.07377352380873181,0.07109294960891527
117_102,0.8363849997438199,0.8283853391544539,0.8045538378867984,0.656367732281887
117_192,0.18407351712033343,0.17493365035661718,0.1778402529701805,0.15023714167019508
117_247,0.21495964517206592,0.21179555272956768,0.21244340334038647,0.2005791720263729
117_266,0.09123873941615131,0.06774206139682776,0.07167643672280274,0.0462453452863614
117_415,0.7360496332502939,0.7277683658542385,0.6818126410700901,0.5544525873455511
117_470,0.7920358010962493,0.9238813866516039,0.8687613766744006,0.5841966611028154
117_99,0.2486112821857583,0.20808418340554954,0.21593888127873814,0.19659939439216115
118_181,0.6374463827895352,0.6685455406787226,0.6797240652342675,0.5865922864670212
118_185,0.171682430536835,0.16662998459638884,0.16696133166194885,0.1487769697090828
118_193,0.36766133929526706,0.3575740111407273,0.3501010875223849,0.33073192453018085
119_104,0.2966530515697481,0.30705477704253165,0.2915194356671994,0.2314857211423683
119_117,0.23726140718993985,0.24896945942818233,0.2374186967797019,0.22703957505629135
119_156,0.5344598001473808,0.5183368648579951,0.5280919564070266,0.438054302073284
119_187,0.23726148440572167,0.25176786760083947,0.24455639499298698,0.20831316462212157
119_200,0.7332958952364902,1.0344206410028793,0.9285038936739544,0.5857059348137693
119_261,0.10329622099238432,0.10739512329284465,0.09972252048689766,0.09358587294248033
119_273,0.15167146298352951,0.16437074639374577,0.1535158252400671,0.11392029324141337
119_413,0.175719797916306,0.18660542692496443,0.19095973659014998,0.15275228562788914
119_415,0.9404413421414757,1.011559345321962,0.9518428892491038,0.7860313502691948
119_458,0.2926224435512385,0.28430952326008047,0.2799495330519833,0.26520628132703894
119_506,0.17057496279017703,0.17801673364190934,0.17251246532474548,0.15904210031351027
119_530,0.12738573035856396,0.13766928784875598,0.13528160386806234,0.10817118581314827
119_99,0.36130105384970773,0.3534562575418037,0.35106949682781124,0.33785220555572304
11_244,0.11142548676229823,0.13432290842273079,0.12466533439780875,0.08147022446614925
11_432,0.10891790720245081,0.10611440873984716,0.10839922542255781,0.09607728943932997
11_458,0.11932028989277149,0.13153646819342144,0.1259887455383496,0.08807604413137167
11_503,0.2786709611172524,0.27740520480895065,0.2868661462914251,0.2623809947320758
11_505,0.15636166060215267,0.20058549675067858,0.1825304812591674,0.14884077866085554
120_108,0.40672542972167297,0.4096253689671069,0.4377659460832669,0.3564298055667486
120_132,0.37418533819178657,0.3813484290818995,0.3747651200605662,0.3329248828311846
120_184,0.39941790229779944,0.4166794596861211,0.42035142051216234,0.3113406334117398
120_189,0.636344788499939,0.6393188937469643,0.6448719064904387,0.5289737943412678
120_261,0.09465741324671767,0.09971503561626648,0.08761894787735793,0.0675598363756317
120_266,0.12000262328571343,0.10510394141937522,0.10388618438065753,0.07249759798893939
120_277,0.8192310656594717,0.7483548320559232,0.7276910161332005,0.5795367906893758
120_295,0.1287398882237849,0.126749000135244,0.12715857224930296,0.10237550197492219
120_415,0.7949643515539534,0.735916074505333,0.6744470910693714,0.5128002055944383
120_432,0.1794711959411215,0.17731803750887265,0.1795323152652296,0.1622332801138393
120_470,0.72116778576733,0.8678094175450188,0.8208933559457328,0.5222916449602103
120_513,0.259158306478897,0.2527349572510393,0.2411438880045538,0.22831049870909922
120_530,0.1017752347046478,0.12051592890662792,0.09802116690157169,0.08207506365031479
120_59,0.9026611814578447,0.9044397462097217,0.9397947740939768,0.8274917699354011
120_99,0.19629752388307325,0.19107622506218613,0.19666746450586325,0.17057819712726122
121_181,0.5521698725137194,0.49179605190982173,0.5159574201523954,0.46401417145562124
121_193,0.2567862979815632,0.24750706787113133,0.2323863789850941,0.22479845521181024
121_194,0.16681426445454395,0.1587118932870049,0.15233981870733754,0.10556133604062765
121_238,0.2249930207097649,0.20072389676742436,0.2041649258493311,0.19409850295582343
121_262,0.5489572440912637,0.5166185295385165,0.5270998782504751,0.5062910298122358
121_331,0.8181050668366034,0.7944747886859527,0.7533852637120867,0.6761222710872409
121_371,0.26772033794835415,0.24333446016326268,0.2301873372267052,0.22244624007800842
121_546,0.13673646590746275,0.13779304992963554,0.09950972125172569,0.06514399360074974
122_108,0.2841546983745818,0.23246452001995926,0.2262651544960917,0.20150306694789108
122_192,0.32907671469927235,0.34910170252266526,0.35304133094461365,0.29823864940111044
122_244,0.16407310706811012,0.15442325240673438,0.15938184797041968,0.1410479165707715
122_277,0.5398501976631037,0.49377004725118145,0.47459249353913496,0.41139555070845185
122_379,0.20624986328469685,0.1894857310438579,0.1903614715110943,0.1542880988604921
122_415,0.5559480929810412,0.5010624254437341,0.46378380804325403,0.36864878794604306
122_463,0.11168860780686117,0.08835872996382173,0.0760422916746192,0.06346257335114991
122_59,0.8472925002060396,0.7011095327018888,0.6878275621640875,0.6688638733644107
122_99,0.15829445430835978,0.15949134532724804,0.15711811777888507,0.1473989236002338
123_193,0.230819790768635,0.2198108573338191,0.21578259798874044,0.2009229982894385
123_238,0.12426791531212301,0.12591701424400267,0.12023258888181657,0.11528831681332519
124_193,0.2267343106812348,0.2175302817990616,0.22358945710093175,0.1946233700702669
125_108,0.20857832653553623,0.19247507611973086,0.20908575042698446,0.1802857247509552
125_124,0.33680200936791543,0.32535864271788945,0.3352406491660238,0.2980959237026982
125_148,0.29450232348912775,0.30452585278227456,0.34158117053504317,0.25330050329147685
125_15,0.2994829027613217,0.29122436026882176,0.29018048795709755,0.26434589590852686
125_150,0.28349579632452804,0.292698275676737,0.2895675449167835,0.2423188843750793
125_160,0.08935076546643252,0.09289348730508094,0.10341063562703415,0.07743836507965601
125_184,0.6064555743232867,0.6626735590711992,0.6520626892939204,0.5183058109916239
125_190,0.30263666081718366,0.32522533121225167,0.30982476028229144,0.24161025269827263
125_202,0.13378335318748147,0.18322408850534608,0.17836176513022645,0.053690229775486126
125_258,0.28798910666718947,0.29258460344795917,0.26745623297567905,0.23586531594184723
125_354,0.07634306593800967,0.05819904281627297,0.04589004019995601,0.0
125_376,0.19065988006746679,0.22670636679731698,0.17107383506694177,0.13592563805904068
125_415,0.6710279999490738,0.7138458648769312,0.638022719030413,0.47409626557366713
125_433,0.21553848228785866,0.20691434950368018,0.20649398351865061,0.17116085082291047
125_470,0.6697968941861583,0.7620510476733172,0.6981491889216235,0.5145710976256095
125_501,0.29959013969801446,0.281554274463757,0.29973503663438794,0.22516838858409022
125_507,0.19186907288496585,0.20441679096241513,0.21588168301349084,0.16712149409534
125_564,0.1261599461398165,0.11844421929971267,0.11159816549924306,0.09384878814829949
125_59,0.6020877205733539,0.6280072475196009,0.6744335107584414,0.5646268167353007
126_104,0.13291632352337773,0.13101021240441654,0.13615830215644667,0.11726508132739838
126_108,0.29204022976181937,0.28704166051670854,0.28648217598646575,0.2592979169114046
126_132,0.25727983552055833,0.2535993212777119,0.2621657078632988,0.23821653796354558
126_167,0.10102929771234323,0.08702461399286411,0.07112255626044864,0.05817677086512295
126_192,0.24173973758501255,0.24419382849500376,0.2486022081515317,0.21208174112535674
126_200,0.6239384197442126,0.745167020369269,0.6886523144767946,0.5574026829690873
126_204,0.10127745683149358,0.10537804274107666,0.10865385966859718,0.08609901819832183
126_244,0.2752613130694365,0.25340938983740646,0.25216787402731505,0.23250778924491458
126_250,0.19813251594996673,0.20065899211875182,0.17989038471039398,0.161759057335574
126_277,0.6417663278710155,0.5994327588231345,0.5842971983393634,0.5382313280428546
126_295,0.10933970845422504,0.11170235368271765,0.10238233232930367,0.09633485851478946
126_377,0.16774138567125274,0.15765110327883164,0.16935174822803398,0.12351003136799361
126_463,0.12194559163733282,0.0965809043270729,0.08443025963142234,0.06321367512444115
126_470,0.569276032326992,0.6910866303290473,0.5831229259590173,0.3952151641576135
126_506,0.15499042154176818,0.1780654655650844,0.16272389413006166,0.13678072034387323
126_554,0.30679076205723493,0.3013552484530486,0.2808935903588198,0.26446766355643153
126_59,0.7245232312085407,0.6653139776571467,0.6146957136451762,0.5711392181768251
126_60,0.3214014781332018,0.34676970899871473,0.3865208464713683,0.28961727576875484
126_99,0.14769416899620869,0.14714187973661585,0.1468166985307801,0.12551048884214866
127_103,0.7371208313676267,0.6918660914509267,0.7372294986472593,0.5944012066558362
127_116,0.3173894405732381,0.4103797087770499,0.3413527674437274,0.2731049651934702
127_299,0.21119952354623606,0.20192020594795956,0.20623856523909453,0.1857442870255245
127_394,0.6380962871345609,0.6720129722595949,0.6396224055842697,0.5509742356379214
127_416,0.9582483243125185,0.9154382480757719,1.0130968862946919,0.6439303018280795
128_102,0.772394247093273,0.8358557362415712,0.7473828563917357,0.6861592960521388
128_167,0.1080636305589464,0.09816301116777304,0.07806556551056369,0.06770015435980428
128_184,0.4432065150910503,0.4505352846837142,0.5004158032745131,0.3889555202677106
128_243,0.23253003978908826,0.21908577035957405,0.22481116436611964,0.2026855486570294
128_244,0.29572386103724296,0.29081957918590606,0.29302686773325964,0.2778373539236523
128_261,0.0828714408264713,0.08072539837991599,0.07923418491921903,0.0697520368914725
128_470,1.2158200256821194,1.2895953732040704,1.263542255764993,1.0717782190934082
128_504,0.545913948485388,0.5677433515406167,0.5766003754472849,0.465596371353013
128_545,0.20315569428830027,0.23747867882958548,0.19656538080054334,0.16866655589283375
128_59,0.6492652960138269,0.6424616062140169,0.6475033388422844,0.588776593578172
129_104,0.20464142695379975,0.20770550649000386,0.20396483662161807,0.1711365193979218
129_117,0.09413562941825576,0.09633985565340865,0.1016991910703379,0.08345199152450111
129_155,0.1416615889371771,0.14025492206757975,0.13507429835514817,0.11915642054839964
129_204,0.08025104674593352,0.07071982215691387,0.08167448636654082,0.0636771813209762
129_244,0.12217571815909865,0.11404732511129977,0.11235510208444738,0.10811268078568394
129_315,0.20939111217905568,0.2161778357388369,0.22605963332558188,0.17643112504073102
129_458,0.16431875370822657,0.15202267264951966,0.14608421187450985,0.1352225595189384
129_503,0.5872921337405296,0.5601048009692564,0.5939627378060879,0.517577071322245
129_506,0.10012603358608602,0.10700173371668334,0.10179708803460563,0.09151313325735047
129_530,0.11246212636820799,0.11600042931468758,0.10544610026211824,0.07641560243719056
12_102,0.4884084725344872,0.549057835835065,0.4950173260468451,0.40663880384974704
131_103,0.7599307696174608,0.7475285509924222,0.7081264862236069,0.6531671010828917
131_116,0.125636530456373,0.11904452525506976,0.11468326099744698,0.10054249799840803
131_257,0.379112625870714,0.36939234566687146,0.3491426641657476,0.33167445939990714
131_299,0.09919682903571532,0.09672217292703778,0.09972491598642003,0.08465503889675827
131_394,0.6810411152047968,0.7538003159739003,0.7302472906561841,0.6388304963287627
131_416,0.6940037011366214,0.693366749047089,0.7150468910251004,0.563226814020375
132_132,0.19140299797703875,0.19698952228247915,0.21000501711879138,0.1853779064491402
132_154,0.16867224595945826,0.19716161874819693,0.17215578826451453,0.144835084685026
132_155,0.12431439617387291,0.1319058349550727,0.1265993746612626,0.11616990556094037
132_156,0.40033292797890163,0.36121219620965817,0.3551900677649767,0.3166756077429338
132_244,0.11040236771529162,0.10910538938987466,0.10559439375890045,0.09500197927819364
132_246,0.13707480667319802,0.14004615250881539,0.1340999907723344,0.1092440460120938
132_261,0.08563484245299369,0.09015235705139488,0.08528386062487125,0.07390881048004203
132_99,0.16242495310907137,0.16247775536306067,0.15423670348342997,0.13088453142088416
133_116,0.14430876331487158,0.1324961904251331,0.13539095932008627,0.1224483325762228
133_257,0.16955802064802136,0.16518288202506076,0.16606974662654098,0.14762585892527139
133_299,0.11385972105873193,0.11412930359168781,0.1172693313834508,0.09363558831828414
133_358,0.2619518844161639,0.3194218242061916,0.3167887555725144,0.23463782458437343
133_394,0.6679030833568231,0.6809529991170025,0.6749967246072699,0.591763946948822
134_132,0.23585269831764613,0.23501412436897462,0.23012893443326313,0.2047106277841738
134_370,0.13958621440368124,0.13446177877542398,0.13455024626604387,0.12501976549613458
134_415,0.8136787436105284,0.6474523625725717,0.6376520486266092,0.5458134140085933
134_59,0.5769536236920957,0.6091572782471254,0.6035716344659956,0.49378879186378605
135_181,0.40237527211501983,0.4015810976278889,0.4035402497396656,0.33881900085600436
135_193,0.38422909723603804,0.3925621246797523,0.38143997284560516,0.3405025078386288
135_238,0.17817179860964494,0.16814280230674092,0.15969827842362205,0.14759060741524258
136_102,0.5758830659737144,0.6512667380002671,0.6198417931169106,0.483735983326175
136_104,0.14236166294861097,0.14863527106433308,0.14185079465404377,0.13184342227688323
136_108,0.48006563765044497,0.4553563549460239,0.45549930520289217,0.4130634163816429
136_122,0.5206422319419617,0.43674778156507366,0.3721520667468088,0.312350132787627
136_132,0.26844338907629706,0.2652982384278218,0.2663962668822536,0.254259756718201
136_154,0.24719642592693247,0.25638394327973824,0.24342934391317714,0.1941849884401307
136_167,0.10300578393405492,0.08056199601263869,0.06287682672854276,0.05472209305641116
136_184,0.3802344005100256,0.41749255844911226,0.4062614538695857,0.303612829152694
136_277,0.4016108215738189,0.3973925703595722,0.3948893926314214,0.30580756600217607
136_377,0.1473569283127763,0.1268265192730256,0.11307878597162592,0.08501283540179144
136_415,0.5494990661890214,0.6111711669324202,0.5432974324174193,0.40655893062391557
136_463,0.12456885865936343,0.1004474826982442,0.08644427757372405,0.07287942119359636
136_470,0.7091336789293853,0.7692237499783222,0.7641909565558209,0.5969044869788882
136_503,0.6207241010237534,0.6137776240512409,0.5712369817098595,0.49982735253781413
136_506,0.20405043932487546,0.22789013551139034,0.2074666542291711,0.18814956509920355
136_59,0.9300489829155766,0.9519017174364404,0.944711026896065,0.8290880797407545
137_132,0.30429113979670497,0.30280451690903204,0.3051607846653539,0.2620157245492915
137_135,1.0299680097667785,0.98406556138015,0.9884767472336952,0.8391928212060963
137_167,0.13083335678844876,0.10789135813620968,0.0893463283565659,0.08155844657368269
137_184,0.4308585120146933,0.4420061785962688,0.48653632499649163,0.3240986323759804
137_242,0.1775552316995922,0.16610508348081335,0.16790559065308028,0.14159905909332504
137_247,0.12614951873418562,0.12195326968642863,0.11528983024798599,0.11252265567245849
137_261,0.08574074815491034,0.07968658273085365,0.08202302514375716,0.0694714561102822
137_295,0.174297713154769,0.1586935486132901,0.1710738037238935,0.13056734845998044
137_415,0.33526229605191427,0.36127013605445174,0.3504441124317683,0.29205007859322984
137_470,0.5888807940675229,0.6310119195803245,0.6497537348703363,0.49615884981109587
138_132,0.22289136194020712,0.23575419078590235,0.2560794337174587,0.21044861194591352
138_156,0.5703390587629238,0.46471013467530553,0.48098500850829357,0.3954811862591268
138_242,0.30803384836751235,0.28414175353294924,0.2777591431061107,0.2539887888926957
138_244,0.15318269266942813,0.16061218137373642,0.1569021670529856,0.13758436292485288
138_258,0.3477303094842333,0.3595714053083482,0.3218009517489425,0.2748752706710793
138_315,0.17951719969738958,0.1833421194340771,0.181110389814917,0.13887058579033085
138_432,0.29207932609026166,0.2585305103880253,0.25433617184690965,0.23853022254506692
138_530,0.09054317499598558,0.10353348466664967,0.0977306673796168,0.07541303835340839
139_10,6.100455727908736,4.176764670842967,8.45006034978526,4.048174577967429
139_104,0.33750156502323486,0.3326334737749776,0.33219181171934464,0.3104783712073725
139_105,0.30979795779864233,0.31248291699864417,0.28401154316627397,0.25950618731009034
139_108,0.504882274377497,0.6744951221595928,0.5577056087976355,0.3920283328532006
139_167,0.13076619745289844,0.121139324769474,0.12021682537143175,0.11017133986543406
139_184,0.55821099610935,0.5096073344380083,0.6092524660064187,0.3834089578845506
139_187,0.26936048201503304,0.28616284058470687,0.26914733264852564,0.23947430376144777
139_189,2.393786885799858,2.962160484817143,2.791725470572023,1.707165616041299
139_209,0.08155958314899646,0.052148390068912004,0.049984187725967334,0.03039981865871601
139_245,0.15891715915389282,0.15937777507512008,0.15394189870928468,0.13458851258991222
139_266,0.21262608833405297,0.2166500255393628,0.21495018753819256,0.17442282250711005
139_277,0.6335123898512744,0.6401081149934935,0.5992311403915597,0.5162266965707251
139_295,0.23017197152036203,0.2360140224798113,0.2446045163699218,0.19539578137760444
139_303,0.2766403445975055,0.25761699001787264,0.25894980967885484,0.24781595898526065
139_334,0.07498236869003794,0.07904928610346795,0.0834526023170345,0.06991870116625999
139_340,0.11754725032713274,0.131318663072408,0.12537269142818308,0.10194554245088168
139_342,0.18218774005390695,0.17321764912264484,0.1659479183930566,0.1527026119702562
139_377,0.215868831515988,0.22496678548974755,0.22878307891201835,0.1524943889448659
139_382,0.15561252981066603,0.2080537524087589,0.1730828599437835,0.13253892957492897
139_413,0.12397722261152322,0.1236317254964235,0.11600143736083456,0.08386697916205901
139_415,0.7265548757381366,0.7685924228011399,0.7140054960916828,0.5221303737671298
139_432,0.6349282976842254,0.740395598662455,0.7226576097197259,0.4171270166668562
139_433,0.1551917260708026,0.14790242366244902,0.14170577563559322,0.12770485036345483
139_453,0.14005658997345943,0.14870795451008995,0.14588597635933712,0.11766590258492243
139_463,0.1497445191313469,0.11359316260712658,0.10502135188887422,0.0998555882581263
139_470,1.1294361346342097,1.0910945080776018,1.1269100594457016,0.9724416776086807
139_508,0.1605447261426264,0.1718033507754434,0.17591089873661236,0.14495163576352865
139_510,0.4019130545225606,0.39340752136331314,0.3848306030695067,0.3559404122503837
139_564,0.11346076335429979,0.11989191790743275,0.10029244974138943,0.07346645215882854
139_59,1.1018100507935809,1.1022715805746557,1.093612699633512,1.0323406456007036
13_193,0.3150869387471397,0.306285028769282,0.3058874188163792,0.25497328543736253
140_102,0.689567582929889,0.7587175627621165,0.7209732856822717,0.6155946745679378
140_156,0.5122933616972476,0.5576796338424668,0.46880158093428925,0.4054443303982287
140_184,0.4193738008457008,0.45787564946502385,0.4639399639054459,0.3586407165563388
140_200,0.7504661361859541,0.8914622903778014,0.8900715156139954,0.6583528281071039
140_247,0.20169306956623304,0.20387406136087557,0.20293583644285254,0.18210757598674954
140_260,0.05087298436033348,0.048992677724604694,0.04182575802219543,0.03616359508796838
140_277,0.41742476277608387,0.37724710532557887,0.3409066856298819,0.32326458488586696
140_295,0.25314119049270917,0.22037957605303107,0.24007974791062037,0.1901723354384683
140_300,0.3785132682794423,0.3772516461423938,0.386160223616454,0.34348843007907454
140_413,0.11889680044414702,0.11241164072837855,0.10121185390910449,0.08371981401923599
140_415,0.6122269302911385,0.6321971849542033,0.6179789784588835,0.4203411326756471
140_470,0.4623135700977888,0.5306472223385424,0.5095701046765247,0.3340845336511357
140_506,0.1486373368679259,0.1600087766839356,0.15602641151183774,0.13720226618829295
140_59,0.4215209212739187,0.4054880941469851,0.3739922753607575,0.3321148612701935
140_99,0.11129933527251995,0.13424610486422953,0.12130918421630293,0.10203369589186977
141_154,0.28490478547006753,0.25258176635133767,0.2737418739076364,0.23448520228355318
141_155,0.22873284659976667,0.22241135279665183,0.2209787274170893,0.20191973761017215
141_156,0.1785919225778701,0.18412007152972185,0.1790647233325015,0.16109034322501703
141_242,0.11381196615153838,0.11285350136323574,0.11469416581553407,0.10067699176520989
141_244,0.17629809811880692,0.18780662514665775,0.17837827857703556,0.16038855121444
141_246,0.22499431702778233,0.2256869175502425,0.23906943236922792,0.173884979203598
141_458,0.18139609821015007,0.1717326704384289,0.17041425332647708,0.1585473272365118
141_503,0.5430257302505894,0.5580486284173951,0.5292297100528444,0.4749408839942212
141_99,1.509650317494091,1.9284407241210297,1.260133877973353,0.8663992443706712
142_104,0.15760665835779,0.14843208961792095,0.14567505855289592,0.13455643853260205
142_108,0.16680362662639567,0.17389811147596057,0.18557598902966735,0.15054292732223265
142_132,0.2613831468930544,0.2598360561062882,0.270849587386447,0.23693941665466353
142_150,0.23777117693752597,0.24656715145877678,0.21891149435861676,0.1726090315356722
142_152,0.23164648486388417,0.2936622039384542,0.2818386381621313,0.17241959393939255
142_154,0.273370387704871,0.27374987728449723,0.27821248678401145,0.2507630467174774
142_167,0.13255519691073386,0.11442537989922245,0.1090021546934344,0.10828381199232807
142_190,0.4041897611211662,0.4279049383381192,0.3985563492173932,0.3255732035668891
142_274,3.0311147289225855,3.1919375704285162,3.1823839787821293,2.5091464284958356
142_277,0.6696950846439779,0.6488408794326553,0.6280714946006087,0.49829378403984076
142_376,0.19382845873528595,0.16153932832982232,0.1747140738849034,0.15072804724520655
142_415,0.37990923186226766,0.4741217814622455,0.4306082881220656,0.29576631495065675
142_463,0.18307776149806176,0.16357371380931984,0.15355481904729723,0.13643187475302054
142_470,0.5572382861114028,0.6173711974050992,0.5740338722958509,0.38114358825669475
142_513,0.35766831407962574,0.40008268256940627,0.39694531599587773,0.32184944149964906
142_554,0.7063085480338004,0.7019281021711459,0.6611857149809603,0.5921711772146936
142_59,0.4095852823195044,0.41780446183548586,0.40171317286586156,0.30365983193416973
142_60,0.35190459741628644,0.3640495184713499,0.34456467982566874,0.3129135890013083
142_99,0.1392475768781445,0.13353838111265792,0.13595178916452402,0.11194232671115294
143_102,0.7503491734862782,0.8506551080154738,0.8139534598548717,0.6722478153996424
143_108,0.4266524988018796,0.4243378338089269,0.4188021583040357,0.38775926900339464
143_132,0.3116923645103981,0.3173103552180621,0.3070808373499108,0.25743753197477465
143_156,0.5777222512384491,0.5641644555763436,0.555105958253199,0.4826178260372466
143_167,0.11936959933324516,0.10753834254678456,0.08636007663308075,0.0814514417525648
143_184,0.786903329939719,0.9087628224436605,0.7477442831749096,0.6511536699181909
143_190,0.7120831754749772,0.7120020231244076,0.7075826309140791,0.5910294212858417
143_244,0.20725200354827564,0.22057153142728358,0.21031248275251865,0.17967875786744075
143_247,0.17001366517070682,0.16812458238347178,0.16699369795003463,0.15351167877559352
143_415,0.3173867724575814,0.40762132223258074,0.36204733933737865,0.2632992422854541
143_453,0.11069670144628606,0.11497131040457632,0.11488048326939916,0.10025045054084125
143_470,1.097327564997733,1.1483188650219507,1.138026870827696,1.0193733892810537
143_59,0.5134951605174276,0.5407959368488109,0.5142250066423678,0.4290750071597794
143_99,0.15438191112387104,0.1476115905522113,0.14667347068474593,0.13046596828695622
144_10,5.222045512353264,6.5486875967151015,6.166993645853246,4.581138496068598
144_103,1.1766557070734884,0.9786598333271463,0.9971325514173086,0.8204325689683735
144_116,0.8886716789728157,0.8490163454109587,0.8388981276469059,0.6908605905671275
144_257,1.695991493110391,1.7240945059184378,1.6292659539840906,1.5430854867007995
144_271,0.19077470391832912,0.18645438149994822,0.17862667026657075,0.1572431458044642
144_284,0.1634540543579817,0.15742943346086596,0.12864449222038013,0.10752147098906262
144_299,0.4377294568225914,0.4544821037769862,0.5583261218646368,0.31212299362918583
144_368,0.25767297007720436,0.2628732431758254,0.2662611149809339,0.24327775840423818
144_394,0.5496131728626286,0.5451115569061484,0.5344251705218456,0.47438559538275427
144_558,0.5603928831645714,0.841966882204069,0.6920006991110376,0.4418344506085605
144_89,0.3212970338438328,0.3157446275200353,0.26802054113911705,0.2616100833053645
146_247,0.2568291082031852,0.2514923487435933,0.23833389619165246,0.23009946097305706
146_266,0.2538354655704662,0.24019075670555662,0.2335918882297921,0.20452756292737592
146_415,0.3099384284383137,0.3504243304828908,0.3096065921071293,0.23689357290701146
146_470,0.7788273901479532,0.8538115428578653,0.9181430568284029,0.5560787636579207
146_59,0.7399651253602095,0.6885248141528962,0.6731915647762984,0.6452693245099664
146_99,0.14853603363758544,0.15398356128261423,0.15760888020200461,0.1335426344455801
147_132,0.21284288669898452,0.216745364988328,0.22536471743621134,0.20071346492558442
147_154,0.1593397706936529,0.14749090918578317,0.1620124590578752,0.1273081451890886
147_155,0.16140809182341495,0.14710637180310024,0.15187963177505917,0.1350432580774962
147_200,0.5158431247965037,0.5568081751013074,0.5365974947695302,0.4133673366872125
147_470,0.7879239739782361,0.867729198958433,0.8756244057623457,0.6426792043635108
147_99,0.11614763452347449,0.11680200588308774,0.11531422378874694,0.1012224836735285
148_132,0.15024333807496026,0.1483359294536436,0.1442212531465778,0.12634088631118712
148_154,0.24533789336124678,0.27350270043178593,0.2273641995243663,0.21156212004125186
148_155,0.17301827510947254,0.16193122417392478,0.16750936119519663,0.14807606398948095
148_156,0.15552170400203635,0.1586358157707346,0.1594666463554787,0.14278831064202185
148_244,0.12542497525742557,0.1283181640898901,0.12470994316173287,0.11739494647662813
148_258,0.13426141145990686,0.14358200373103847,0.14005820118223997,0.1119787197541306
148_277,0.19822124460342352,0.21675678456197656,0.24099088694790907,0.17750998639450097
148_315,0.4928458627260205,0.5101421731600551,0.5122447056593641,0.4082396991593267
148_470,0.2805193298592797,0.22298067197026197,0.20996932197119503,0.2010768543501658
148_501,0.4111117493962333,0.39977150775699755,0.38631650539364815,0.35525323626480254
148_534,0.206934753333284,0.21138470145091628,0.20585041884574412,0.18350365566805243
148_99,0.14138971755305063,0.13919306713888224,0.14003922645962738,0.1303539268794045
149_102,0.5714779011945486,0.6321669268509906,0.5736144487657779,0.5010008922577399
149_108,0.26922850031147527,0.24131602414648187,0.24126936772583107,0.22839354297500863
149_132,0.2462560588170254,0.26032619356043685,0.2858660113452361,0.23251879689125554
149_139,0.17615119953026773,0.15035969836756194,0.13989168435465857,0.1205608882854747
149_154,0.22029211177084546,0.22289999636080143,0.21090023282467443,0.17930854223470272
149_184,0.553766276226607,0.6172484374273384,0.6075522397858751,0.441863824070933
149_189,2.808093218192257,3.460777871921363,3.2268021439236056,2.140114701509388
149_200,0.27734549859647134,0.2939859310022615,0.3034263645674992,0.2133257740397414
149_266,0.14874055256209354,0.1467959776856099,0.15240398474272032,0.11456410122687245
149_377,0.20909461506327032,0.18659938771095197,0.19182052310541187,0.16913359784738125
149_415,0.39565755289795634,0.42730644569164056,0.38406381703657416,0.2735359629021324
149_470,0.9584883819663926,1.1319138075069857,1.0373558903901667,0.7116408942763508
149_59,0.6216302586701167,0.6058184839909884,0.6526951433842244,0.5853434879217857
14_238,0.22864902689327637,0.21507850359681463,0.2107528714479635,0.18839341398803996
150_116,0.1560246971545887,0.14019660730410202,0.137011019689331,0.11969713649413
150_299,0.08839737639053331,0.08617167520836574,0.08904158639285514,0.07504519122532965
152_102,0.46422357528478486,0.4659575379069487,0.4643029217064595,0.3981539174720439
152_132,0.19829245441546484,0.19503285216320945,0.19327723157405619,0.17118109521423883
152_167,0.18430415853643783,0.17775542166484812,0.18130467656812274,0.15253095681050985
152_184,0.2627844790597619,0.2824111203039825,0.2733682395961978,0.23855356379932552
152_19,0.1288894629484387,0.11133920460901495,0.09717988801582665,0.062464394839276065
152_200,0.18353152838893194,0.17970498282225067,0.17768661577611727,0.15359138952655463
152_208,0.07346582617940212,0.08914683463001033,0.08700948256130667,0.06529055547362532
152_244,0.25695265453757166,0.2661777623771741,0.25085320114587395,0.2092742777842318
152_247,0.147924517381745,0.14587905636873344,0.1401073546274267,0.12928428718748464
152_277,0.39941108175717643,0.3974270292746448,0.36764920942142143,0.33832739341374085
152_415,0.26739236945656847,0.2626615538727782,0.263252112263325,0.231073695649751
152_432,0.14843672582513975,0.14837613378260953,0.1466131608450496,0.13291803327572616
152_470,0.3361133745894411,0.39031380723667947,0.3812113291955259,0.23695412683651756
152_506,0.1111010658505555,0.12226764954671841,0.11237540529362071,0.09208269578296434
152_507,0.08662280136535788,0.08823156661695719,0.0722245338097571,0.06240888965245945
152_99,0.12365746932261572,0.1310925397176416,0.12953344561513092,0.11236171806040536
153_156,0.22362775973325005,0.23725016480061523,0.22894426771591636,0.21530787671108456
153_192,0.20532023359563356,0.2231635206789482,0.21026421661775765,0.17199503814296452
153_277,0.5178662579260926,0.46994487168541355,0.45842561104559526,0.39173921429066366
153_415,0.6263343807959129,0.5579497215719335,0.5322691549792363,0.4595018605500343
153_470,0.5997828481895591,0.6573693401037833,0.7199076822698381,0.47274178562106894
153_503,0.6296251755805786,0.6109539144798507,0.5774289969654429,0.5424694296521992
153_506,0.1433605700522823,0.14400383934394212,0.1349184762013412,0.11982978230080536
153_59,0.7453511787436062,0.7932550532528051,0.8377168355871768,0.6135758608546177
154_102,0.6901345058240735,0.7229265997834762,0.7300160625078984,0.6462420028699699
154_132,0.28896873738560214,0.311377389543259,0.2955643650249661,0.2680309210727592
154_154,0.21613915397441996,0.278353976892445,0.23903679693703694,0.17643920597444118
154_184,0.5758056447290519,0.6565362482571645,0.571484786443403,0.449633553129537
154_192,0.3415562652763998,0.3319668911521845,0.33328577072364585,0.3096960766276309
154_200,0.6624507106666839,0.6634243262910597,0.6975853181286905,0.565266253476797
154_250,0.21910448422461445,0.2275238679274574,0.20296751183426553,0.18060785932837142
154_463,0.11934967985626493,0.10595331581348068,0.0872431878009342,0.06704268900729225
154_470,0.6023457564741944,0.7323272379150012,0.6818522600460817,0.40524197582098204
154_506,0.17347463663896084,0.17177586881025184,0.2033992886866878,0.1594312924333725
154_62,0.2617865099346865,0.2574270803154886,0.23912988872030125,0.21190018429340338
154_99,0.12561504379474026,0.12591710111103727,0.11792153430597699,0.10881881887507315
155_10,6.965800583365969,4.844237030833978,11.10719426543897,4.768221119898858
155_108,0.49851538252806116,0.6262250641414727,0.5321552626357994,0.29718203085838935
155_128,0.19102573167123968,0.1874932998643419,0.1911638242445623,0.1689786763765813
155_132,0.23952332278084526,0.238466557559823,0.23268632780968115,0.208210686943907
155_148,0.25207099482350387,0.27361749035713623,0.26734161717784033,0.2304217882878226
155_150,0.22388233904150376,0.24185688678696537,0.24188242251280512,0.1858060107383635
155_152,0.2038808012446871,0.22769972173185657,0.24195323282638162,0.1744322002991708
155_156,0.4871007064332001,0.4874283042603688,0.4820799345203379,0.4167275396726722
155_159,0.10038383963980002,0.08400797294269709,0.07665891955852404,0.05025820922298966
155_167,0.25051784612781025,0.23922499984931392,0.22698909810183748,0.2009381774427719
155_184,0.8555767350993491,0.7354015708837044,0.7570857828084034,0.6596218696728884
155_187,0.29611867525955643,0.31984286040377186,0.29878747094339153,0.27199271886343657
155_189,4.039181740936961,4.2349048314993665,4.627277003894059,2.672113177021236
155_209,0.13967394528844967,0.11882910543691172,0.12861273115649238,0.09511744778178054
155_243,0.26038749052367444,0.258175224713271,0.2484742129696565,0.21311835104517324
155_244,0.17672155124441938,0.20544901079022848,0.18200150343477187,0.15146109420950302
155_266,0.3034784182728776,0.2959362490784167,0.2906873697401122,0.254116419036626
155_275,0.2267514104340465,0.22291942997081865,0.22235774599271282,0.2029347332818292
155_277,0.7464290504597065,0.7205508785045407,0.6974571311094959,0.5415311999408375
155_295,0.21426398678810402,0.21277526191675303,0.23909463090758618,0.15325380002120254
155_311,0.2133871664435699,0.21079938306822765,0.20768116147885352,0.1731499817473698
155_313,0.10128291502410135,0.09393813056376979,0.09490599883147756,0.08673500219872425
155_334,0.1213869436493191,0.12009470182114179,0.12291565159617794,0.10440783158722819
155_340,0.11168548746716457,0.11018862767360188,0.11715650658422765,0.09936338459316424
155_382,0.1141807650511551,0.14068052960086955,0.12703622059135877,0.0878622899295631
155_433,0.31843009255244215,0.2947451351931936,0.30309395137000517,0.25834698998554473
155_453,0.3504054658717298,0.35228110146187935,0.32536687006974785,0.28994045983083777
155_463,0.15469011551731224,0.14339059270943963,0.1248698316357481,0.08981002728430218
155_470,1.4151450888897459,1.5746946042969212,1.6614707002085007,1.1948828798662623
155_506,0.7577561469418933,0.7455246564397587,0.7529282717352698,0.554318646081487
155_508,0.14549120983290964,0.14896660762063427,0.15726683813437448,0.11800389993756556
155_521,0.3707145588818731,0.36348490226022495,0.3395659518945793,0.2805265432996545
155_530,0.25164112104730335,0.2545170053732162,0.25417185413868054,0.19703419028685532
155_544,0.1847004865942265,0.18017862995074135,0.17674209533081006,0.14212694349593147
155_548,0.2710401101173299,0.26932423372997766,0.2701991639456149,0.2030223290156531
155_560,0.24165045932849838,0.2591135202503177,0.2576150869917772,0.16463479822150634
156_200,0.778078922585644,0.7715650431487608,0.7961198671858883,0.6685546156390518
156_415,0.422392077189827,0.5047615242271032,0.46735727778071645,0.3454677061952916
156_463,0.14128229441200993,0.11926194681347717,0.10973163574988012,0.07575249819897281
156_470,0.6973271440285315,0.7706892147171418,0.7631202255141462,0.5601155069216287
156_99,0.2865687078983349,0.26162766918860103,0.2917329635240422,0.23719814112294133
157_108,0.33680734826312414,0.33649342611882793,0.3330910357433805,0.2916995567569008
157_132,0.2075951918514439,0.19978040497197982,0.19710515120775066,0.18277150128142164
157_167,0.20220963795352212,0.1770404918493696,0.1721368793629558,0.16563379019437757
157_184,0.5700541941219466,0.5658363860649804,0.623495600752775,0.45743832797830536
157_244,0.13874846667273888,0.14983321451117182,0.14005117168398853,0.12545484286533784
157_277,0.5039289813114685,0.4984432229781526,0.45155966863069075,0.385040157236926
157_377,0.21754106274692128,0.20974078906906504,0.2243620556148197,0.16215248748562835
157_415,0.4670306211568177,0.4778766628845044,0.45770806173625417,0.3949923674111598
157_470,1.1572940112439423,1.2003577519702067,1.2804441630008307,0.973513078446557
157_501,0.21451632818588082,0.1848802315483321,0.20122093407301736,0.16430149969714322
157_506,0.14890161833507576,0.1377390776064582,0.1400938427878192,0.12776796807755963
157_59,0.8899784859896201,0.8954343249512717,0.9410939849129893,0.8410155230426449
158_108,0.18608339059198611,0.20273847038621934,0.19798684869862934,0.14706751898036674
158_167,0.09780945288075696,0.08895123519406811,0.05712751444286488,0.047503271711490457
158_184,0.38199052077380724,0.464828460172349,0.42014190199368145,0.3176361469514557
158_415,0.4569387858797343,0.44728060579004947,0.4347856527126699,0.3407322464542042
158_470,0.7587863689612999,0.832452645007124,0.8312912802385002,0.6277040208254685
159_104,0.12579123154380675,0.1350032456935674,0.12741003901236284,0.1022745673329237
159_108,0.3236569041401218,0.30079777948385383,0.3051152644498175,0.2744726079098962
159_132,0.32559142446067496,0.3182612794432577,0.3192606804790544,0.27821640007876425
159_184,0.7429093771641072,0.7508967035516759,0.8375315166578302,0.5886895914897079
159_243,0.11141376154223846,0.1064888440424438,0.10416088038701063,0.10147225146076003
159_246,0.16983871772543158,0.17556182363374268,0.1735747986308856,0.13859404007672796
159_247,0.13842878690583732,0.1570159044326633,0.15034605111508123,0.12904310206417668
159_300,0.2248130566127774,0.23591325846854033,0.23820400383073354,0.20315525095587836
159_303,0.25827893776885075,0.22972192125663357,0.22847419887644183,0.22195772895872853
159_415,0.5263276809193359,0.40910143734252763,0.3983054190229128,0.3674778675800156
159_463,0.10112391145771063,0.08027823806443693,0.06705068910890122,0.04488939773781176
159_470,0.7136885382991961,0.8300015034567703,0.7739625300869604,0.5105017822668931
159_501,0.16888914267764382,0.1566056937397977,0.15584836848430894,0.1134030355574493
159_62,0.19386733200460837,0.20114590806074256,0.1936889831136195,0.1594407656760233
15_238,0.2742511743004962,0.22506809621373122,0.22641165181536527,0.20286692165942563
160_108,0.22296306231711605,0.2345779366583699,0.25667194746009386,0.21336929285254647
160_132,0.21205396255030642,0.20725066004922005,0.21662015297877427,0.18889164938308672
160_167,0.09387900864599154,0.08920778536826919,0.06290755454603979,0.05445744424578342
160_190,0.36661558028861707,0.3910429126349276,0.3797682866886181,0.30370219608907756
160_192,0.16991296426029662,0.18711681588796614,0.17779634718626014,0.12597743140594142
160_274,1.855358528586214,1.9158242062966682,1.9197068871939702,1.3039724761846665
160_415,0.11391197275228941,0.1307972125444143,0.13138758044833548,0.09631899500740555
160_463,0.09626991977749916,0.08333520892189178,0.07515132563597643,0.030432536255971008
160_470,0.21421407874179482,0.2301037493674678,0.2225566861183524,0.14979816850587893
160_554,0.3727115458699035,0.3589683632439384,0.33743618883412463,0.2803011323368943
160_59,0.4674996908665176,0.3963607075830322,0.403383352832926,0.3766984029337973
160_62,0.2016431143898986,0.20103354176447877,0.1988988808749902,0.1850544503034993
160_99,0.10168361734646435,0.09943520375260634,0.09856142969320719,0.09501716941502128
161_128,0.25021712562774623,0.2479300403940917,0.31978371966226055,0.21416676753876948
161_132,0.36775286520919737,0.3718494302628507,0.36268918335760797,0.3240177945962133
161_148,0.25560638092845,0.2703049378168043,0.25755523413337467,0.2047518831758216
161_150,0.3263420773380572,0.3509310646504976,0.35779091500472,0.2694521507603118
161_152,0.20227736400549692,0.2492158392022684,0.2586657116977392,0.15945284233324955
161_154,0.33655319777197334,0.35534329796713693,0.3596897749159024,0.3083661667415624
161_159,0.1704754939355107,0.1724577286047966,0.1786246754879745,0.11668492002272919
161_160,0.1533317688270803,0.14888722405637084,0.15105224369318934,0.11371380531757248
161_184,0.7412682860229474,0.7434663455630848,0.7312606454051638,0.5998431896613833
161_189,1.4105476017862544,1.6034818069427244,1.4853719941123165,1.2165730860902002
161_190,0.4730990327968471,0.5089544552792677,0.4836408654989206,0.39055130839774577
161_192,0.20267702638693272,0.18901021080782582,0.18117206454221774,0.16072277057059417
161_202,0.11000746557839233,0.14417737984576878,0.13164817002177548,0.042186156019364485
161_209,0.12916999669571055,0.1103468503588577,0.11330338423904784,0.08439063595812822
161_214,0.16546258706092132,0.14201922018947816,0.15038921157355828,0.10920919872395193
161_244,0.21134750049961873,0.19807822837859565,0.19957332226903068,0.17755880492541248
161_260,0.08476467143708787,0.08715825974880445,0.0868571948523463,0.0707252532023865
161_277,0.7579366049854817,0.7595543903550905,0.7366559480256929,0.5597889863967812
161_295,0.17716860611810453,0.1699162126845048,0.16487762863917457,0.1506244606360678
161_329,0.16360427781654063,0.16684253872080715,0.17173385326083562,0.14455406255474562
161_376,0.16107491094279325,0.1480247043339122,0.1580223466981927,0.13274429418925862
161_379,0.5677126430549441,0.584983159360103,0.5754479618600025,0.4757412454143288
161_415,0.45935049778609444,0.49983551649699215,0.4166685715919635,0.3084577405609989
161_433,0.3127628126810536,0.31453371271691105,0.31598930794226693,0.27033149956646896
161_434,0.22044780158443478,0.22544561809359692,0.22779963352339636,0.2063491573157557
161_453,0.18029051738414237,0.19001051784912007,0.1905388909342252,0.15993880383556658
161_470,1.074915904305285,1.1265633420962733,1.2096974421801354,0.8295075598988895
161_501,0.2550862756615093,0.22845030610221084,0.2439815105343644,0.211610209092857
161_506,0.24613343657161912,0.25367324981035694,0.27007730123564305,0.22199886923612747
161_510,0.37922349364859537,0.378857343087023,0.3832257457912857,0.34134630971538066
161_554,0.8982125828318693,0.905037443997525,0.8332324694596832,0.5913927117721604
161_59,0.5882736765028156,0.47703214605619476,0.4675792758626219,0.4627141495125435
161_99,0.16386655732513217,0.16934909730850706,0.16442472303024766,0.15047755469148175
162_104,0.2154310093340421,0.22211528208309647,0.21689224409587382,0.15569630413317045
162_200,0.42067450352467944,0.423013945113804,0.4106961174933303,0.3630046715282378
162_247,0.16460871500150429,0.1664825740233903,0.16310337831929259,0.15694091269574315
162_266,0.1829614926940066,0.1565524444863059,0.1650565093068686,0.14831417121794332
162_413,0.1244612150669157,0.1281061636087805,0.12124733048229065,0.09731990420681194
162_415,0.6097379147127224,0.616307345558705,0.5954443684606573,0.4076974529449575
162_470,0.5537757604502231,0.5781805665993704,0.5601736639197494,0.48622074738851306
162_59,0.6676301767903848,0.7368175492132252,0.7749142870454547,0.5215122582023212
163_104,0.1479603698684233,0.13442005019793551,0.12835779154380406,0.1171513758843185
163_108,0.4241919497810597,0.42227333963441044,0.4151040052129656,0.31061913699881516
163_132,0.2566311859709891,0.2499250650405972,0.2549417042504245,0.22526214974190786
163_167,0.09832581684864387,0.08859863083248429,0.07051061569970281,0.06423272329965408
163_184,0.35163635256223913,0.41377150935092377,0.39170196940659774,0.31871313297962733
163_192,0.2934729232131875,0.28907405051528035,0.2762126566887945,0.2563898387706422
163_244,0.16919167163434534,0.17023150486013316,0.1679212269533262,0.15995006313640736
163_277,0.5096816511430003,0.4831600511137174,0.46508424597333586,0.38122206392096175
163_415,0.4846566715653701,0.4364074170241468,0.4130074622132722,0.3344330569247827
163_463,0.11445221145692935,0.09594322938714178,0.07252343151703768,0.03770876926584379
163_470,0.8324454677133777,0.8574088403320125,0.8522855403918,0.7253590333224615
163_59,0.8833665669205931,0.8418589778460842,0.8476758768881606,0.788839408763226
164_108,0.14590374740044781,0.14870025866346528,0.15030879640875874,0.1321806311937136
164_132,0.12739138208773915,0.1292755235034443,0.1286304998246589,0.11267209767963915
164_154,0.11167062015938672,0.11940276184931399,0.11251903388315676,0.09858675221341713
164_167,0.14850372697471012,0.1279922189483488,0.11189145230062639,0.10855172593588093
164_184,0.4355549051975602,0.5264981628616313,0.53551304130748,0.3364053369790902
164_190,0.38279993891514213,0.377773654346995,0.36558396122818815,0.285710119989307
164_266,0.09349673736803331,0.0888450697696023,0.08665461426608483,0.05754624150228757
164_277,0.29816217257708966,0.3048314807038316,0.2732986343863451,0.24975698340264005
164_313,0.11188029124144909,0.10380649725032837,0.099472534445555,0.09485360304807154
164_415,0.18005446041293066,0.21157861036031936,0.1896463803445206,0.15981038593083421
164_433,0.19051833396429363,0.18306213630969448,0.18626192282409096,0.16835638669217184
164_470,0.4055753990575332,0.4271667900686105,0.4251378962052733,0.3416884899356962
164_501,0.11866711127128601,0.09998833181972365,0.09925277900230572,0.07017525232949867
164_503,0.34159113571193184,0.3623187320104763,0.3590534581956855,0.2815720138089809
164_506,0.2694134319774156,0.25670468566766425,0.28654305583076806,0.22005727121945223
164_59,0.43123848701222756,0.44597519332181923,0.43824801183991113,0.3846943688884704
165_167,0.12277764510428212,0.09974188610807964,0.08670521948295322,0.08007457981807611
165_192,0.4234995028338439,0.43221468368709526,0.39137758600202216,0.3576422301841778
165_200,0.6275380348597028,0.7597480300569079,0.7144489674384393,0.5376676990498546
165_415,0.5484300768580811,0.5937944959334156,0.5639995103696598,0.38624899259959106
165_59,0.623193230252359,0.4959087601270375,0.4790868689134737,0.47606741175254247
165_99,0.14086331130803095,0.16858262084879483,0.14486156675997136,0.1289286957566867
166_133,0.22537440113416973,0.21343630050689388,0.18234283931725712,0.16044958254301156
166_150,0.15337900751872335,0.16768736077808596,0.1668992989787493,0.12393483717714192
166_167,0.1895709443949345,0.16732099334010517,0.1743290128404165,0.1580776658464296
166_184,0.30018219220218184,0.274790854795041,0.2753821318873308,0.26445846229416436
166_189,2.204360340311621,2.9159400723641196,2.797912174303272,1.6091080610165007
166_205,0.1558701559199976,0.1644089278993309,0.1704027116770948,0.10931331345860992
166_229,0.2833378522245937,0.29450366208233825,0.29704401295111116,0.2559852991335103
166_242,0.22293886741198843,0.21708768925349153,0.2213294254772462,0.16989574697106782
166_244,0.15628196625913524,0.1701792596975802,0.16199742100507047,0.11178795160074324
166_246,0.16785736860005349,0.1600478591111384,0.14342124377014479,0.13645160334136663
166_258,0.16554218352701772,0.1667035855336093,0.16294496309886755,0.14973343993205082
166_266,0.07967321524456403,0.08449851684566242,0.07708087535694733,0.052544055750604834
166_277,0.36992250319762304,0.33158331006418373,0.3409873579198386,0.29655348635028816
166_297,0.4793274058896958,0.45698884933044326,0.4580037994726327,0.45030069959249924
166_307,0.09834435254051654,0.10344067393296645,0.09585124414904138,0.08515303006909627
166_311,0.16980384058528747,0.17103343917963998,0.1698048644079362,0.14749595528643827
166_313,0.13065522218798414,0.12770092525493876,0.12518824867896886,0.10899462742425853
166_336,0.1173054893640251,0.10956315589494726,0.128059466099073,0.062400245321961215
166_357,0.17302997722802957,0.17650854255452142,0.14521599577468716,0.11711919173918914
166_413,0.12317862248556827,0.11994340606203924,0.12032018620486275,0.09731824565246916
166_432,0.32330228071741457,0.3182506129264857,0.3102123500974946,0.28834913271626356
166_433,0.1304803123295022,0.13326590844602382,0.1371837841394271,0.1252215630319996
166_470,0.6138943771504703,0.7366394862027845,0.760203795342701,0.39522046981771575
166_506,0.267644669211245,0.2824647383512976,0.27613138589386405,0.23077119327502332
166_510,0.22134400654611172,0.2248668231360328,0.2297910574720852,0.19566285544277184
166_530,0.09107315602270781,0.09331489214800948,0.08034067092841075,0.0754358677228436
166_542,0.32134724299460493,0.3363678161145171,0.3381719060758241,0.2385287773699477
166_548,0.11264096585840254,0.09966013491859917,0.10251543480539099,0.07933515110969615
166_560,0.08923944123908394,0.09204539669753238,0.08090944865541087,0.07270140828735021
166_72,0.09132131691547618,0.10226521660809362,0.09085235686269245,0.07046158241638738
166_90,0.18670462233938048,0.18803746210257857,0.19049113371694265,0.1690177072479323
166_99,0.08905766803500609,0.09333964096006304,0.0865520350505002,0.0770422892903607
167_108,0.3969286890088597,0.3583559001089094,0.41157704800427347,0.28012634694230865
167_132,0.22367912942321252,0.21504976924018204,0.2211184888433783,0.20065575597907195
167_167,0.12209514821776471,0.11449859446955787,0.09070429097612724,0.07482018014769097
167_192,0.26501338050428414,0.2795662707253962,0.2518698015371957,0.20320039380843924
167_200,0.5435992120854883,0.5335704880641984,0.5371946256124333,0.5037795037077565
167_377,0.22885005847511375,0.23335452996900047,0.24716708671176976,0.18521761293064254
167_415,0.4830351419087234,0.5577143917043895,0.48742137231810084,0.3871012150868168
167_433,0.12318234237659681,0.12114828322115094,0.12073081929777531,0.10591310517539189
167_470,0.5759268605161751,0.5724747641700241,0.5754212523645648,0.48508509787234794
167_513,0.23505580439645796,0.22757439723669082,0.23473375784651263,0.20636240816474383
167_554,0.308093599726514,0.2897296627594086,0.30804475058628966,0.28162794632749166
167_59,0.8480231151543774,0.8250469698263733,0.830805162009503,0.8097503228856526
167_99,0.12410838671055283,0.12371645066742404,0.12843890986045625,0.11715024195258879
168_192,0.3350512481411834,0.31615818489715747,0.3048202078399136,0.28696876256924825
168_247,0.1260797817405067,0.1220024248619862,0.12149567359327275,0.11096226865619992
168_295,0.30353840725167625,0.29369194771238327,0.29344998775064496,0.24641415895646604
168_470,0.9029077652079857,0.9751485371898079,0.9422675435178355,0.6851068586894503
168_501,0.15472243281479595,0.11723015317301425,0.09748411807707422,0.08333050569028783
168_59,0.5477192085875113,0.5597250296121576,0.6186315849022382,0.4991622615032308
169_102,0.7999522069493445,0.8618298129010745,0.8343271280281876,0.7630836818849555
169_395,0.9749139669445229,0.6677241787604278,0.6279373289151357,0.6048083113019938
169_415,0.5709568439456748,0.603792967536318,0.582539677880851,0.4340168819323163
169_432,0.15286661133968846,0.14347635200383368,0.14652818403877832,0.1330963043191068
169_99,0.17130671585442284,0.17112053974569552,0.17608887484115726,0.15426496486547395
16_102,0.36967629938815294,0.3654922340982256,0.36682951441614425,0.32596421324947467
16_104,0.3627037824974821,0.32309219993293703,0.4037341572674486,0.2806382445144563
16_132,0.2837057897307808,0.2834850312245372,0.2696989718305961,0.25164853641882023
16_156,0.5243463711403992,0.5347789624564165,0.5168812822619137,0.4368537810470047
16_184,0.39852277472034686,0.4092919538154389,0.4144585684087325,0.3510886676284301
16_200,0.7335251939511981,0.7968473306374178,0.7212261147015752,0.4113179851144755
16_242,0.3963959995878467,0.4637474177987235,0.39178884756844967,0.31463018699396206
16_310,0.1341295923787626,0.13397884537844387,0.13450735565517252,0.12401523698331822
16_313,0.1810896974553512,0.18086264663754653,0.174825373844921,0.15627747704406644
16_315,0.6983614179896255,0.6414557025038038,0.5686676135848995,0.537736446023022
16_359,0.31243697141159765,0.4176447018717022,0.3392727398011304,0.2567849977358549
16_413,0.16385489490156047,0.1577007770611575,0.163292455010329,0.14181837798950098
16_415,0.6408418573825378,0.7154481304501885,0.6718566494073395,0.551485592235347
16_433,0.23320621566194039,0.23472560271083212,0.2416594427405598,0.2230599856202118
16_434,0.143323852865547,0.15220867281591813,0.15227844113023922,0.13171221807411299
16_435,0.1568553372801473,0.14219737448249645,0.13754733671155278,0.12710590939573763
16_439,0.17255893404320483,0.18483579878711065,0.18538666158629713,0.15995170680258014
16_448,0.3307832117346188,0.35563431323821254,0.324800035992645,0.2725590898341186
16_470,0.3502044661119281,0.33850079859086385,0.32917426583406734,0.2638923118269761
16_501,0.6599982991721859,0.69217025708196,0.6518180831298378,0.6111074416838708
16_506,0.352547574886642,0.36598346251910757,0.4246248891223037,0.3083878365721941
16_510,0.2063277870204,0.19602842809502788,0.18914392077472686,0.18250142825849774
16_85,0.1946053489684681,0.19895443422934322,0.18923920560560192,0.16454774034088143
170_104,0.2753989948867807,0.2659525396462259,0.26164059052785654,0.24298601481759277
170_108,0.34425102926298706,0.35487901633314234,0.3626579457165593,0.33024802267373804
170_132,0.24674688843423262,0.246955115958158,0.24487128039316744,0.21519501125093676
170_184,0.6285435627510076,0.7215421993507218,0.6983605337507474,0.5334845932459287
170_266,0.12398173555457352,0.10088335089300274,0.11150169533403782,0.08082420541484103
170_277,0.8837527106407301,0.8051963903969569,0.7606889635910662,0.6142901245975256
170_295,0.23056176799581746,0.24597995552088436,0.25459025712313843,0.21119982065859452
170_354,0.07634306593800967,0.04979794813684982,0.020227022331776152,0.0
170_376,0.16386876616617715,0.16303695865239629,0.1739649319737181,0.1194093591524941
170_415,0.36331307224533294,0.4911739478367607,0.4071242015482228,0.27244475051303785
170_463,0.15627163359740512,0.1345926540456125,0.13324546539714677,0.10078427779342872
170_470,1.1259825077031798,1.327247299167311,1.2519750096175464,0.8623353362421955
170_501,0.14510439022134883,0.1169755272554936,0.11810128315221591,0.09459393995640804
170_99,0.18486243803713565,0.17710269852130625,0.1810889014862146,0.1496739006382133
171_108,0.20784994052291855,0.19368024523234606,0.19347914241645536,0.17117219019714314
171_132,0.24319856573691132,0.24538939224809925,0.23128709123635532,0.22392745656347332
171_184,0.23711824071628584,0.2591627559502851,0.26387942799213376,0.19152739243921862
171_277,0.4182908615957294,0.3706177263829942,0.3487863243117931,0.30457188022272885
171_377,0.12857576838995677,0.117625237375289,0.10326642771192501,0.07088823495481626
171_432,0.11390750148903292,0.11131521495220231,0.11387997113846371,0.1037949577710827
171_470,0.36840309158254636,0.40465006613097276,0.38768212771130484,0.2865991946308545
171_506,0.10892061807883929,0.10573394803226527,0.1115236983541614,0.09686676978546603
171_554,0.355628507148338,0.3423942752347204,0.34428161215534536,0.32704211256670934
171_99,0.1589750355702503,0.1463078347478701,0.14477356901285474,0.129688082871287
172_190,0.5776191687629635,0.5501209059296132,0.5314529789071082,0.49918851917926976
172_277,0.5759021412515765,0.49448855865247576,0.4884051483980726,0.40205587427495515
172_415,0.49107638946386856,0.5564186231784695,0.4637412777260292,0.3690133678813344
172_554,0.35439884867174637,0.32425957220019624,0.33217530413990026,0.3072361125266019
172_59,0.8260334285539116,0.7993327081061541,0.8340687957989107,0.7681919446984137
172_99,0.15340931324202697,0.14203395994488288,0.14693933945584128,0.13185422920050158
173_229,0.2261582085115885,0.25352835195117174,0.24927637689234672,0.19949036593822744
173_242,0.3641247897261607,0.30021883677104433,0.3083656345015731,0.25506624007197304
173_261,0.08724824020097,0.09318186731104991,0.08569454644212172,0.0651340822171472
173_370,0.139526661545336,0.14066353079417093,0.14100635356857985,0.12228143085714449
173_432,0.1528541079694836,0.13811303620331652,0.14170626751479296,0.13048585591266296
173_505,1.0950310961719123,1.0108955132925874,1.0529881726819925,0.8810697309272423
173_99,0.09121351109412378,0.08858255810729562,0.07536859375974735,0.05690584445837735
174_154,0.37385604014280216,0.37273508230355934,0.35839732568012894,0.31389599510707217
174_247,0.11158263209018969,0.10624861119456468,0.09908891216392991,0.09618021925140352
174_277,0.3427089878088132,0.32886836932412655,0.3707825688830481,0.2500207780449828
174_415,0.6407188771581578,0.5620813123197624,0.5330319299987778,0.43148762208028846
174_59,0.37648982101303763,0.40131054097099883,0.44670249895529246,0.340310875383316
174_99,0.1477217230199797,0.1598339833989872,0.15317480935608296,0.12745373390720516
175_192,0.14997145196934672,0.16503274594359996,0.1623584244727185,0.09379967454970589
175_277,0.30896863344932046,0.3178897962780241,0.3060529808614078,0.244004503804303
175_379,0.15247785097837604,0.12500988708291527,0.1225923559346673,0.09957314023333501
175_415,0.5404942210066204,0.5975956506107418,0.5517123639637691,0.43913748074857545
175_59,0.4044781234176346,0.3793957149467638,0.37035102467408826,0.3382948902784735
175_99,0.19945488809784953,0.18378976393222585,0.1832828036299755,0.16768041230832914
176_104,0.1662741102326801,0.18548889133791072,0.1699343944611437,0.15449108513824195
176_200,0.6597800341275916,0.7545251333631249,0.8010055375460057,0.5594033588286994
176_277,0.8662551034989291,0.7474031870370299,0.767804254784326,0.6034101953145
176_295,0.18150440888738462,0.1812191880354646,0.1713321862092315,0.1458243419672406
176_379,0.3029729157740702,0.31221869850596773,0.26410263506789244,0.21374964826380186
176_415,0.5264727194161786,0.44740738838024174,0.45499048532467473,0.3427368477265705
176_463,0.1262165316856587,0.10333564109381735,0.091312460268695,0.04564804470436919
176_470,0.6436890854994437,0.7423559351513748,0.7012872933472067,0.48978605191056523
176_506,0.17317221381601158,0.1765508324626629,0.18858520283720762,0.154474008060658
176_554,0.43152819532026226,0.4249274131014004,0.42433815042106676,0.3940492594876197
176_59,1.1636651244120595,1.1300119410338216,1.1384517136360077,1.0973662726352984
176_99,0.44897437108499194,0.4045173747262997,0.4856740519882028,0.382140132555169
177_108,0.7403404719130247,0.682398635750483,0.6787097138194342,0.6388636460382218
177_132,0.17369074791632025,0.18077911872645197,0.1823153329915398,0.16699458171648546
177_148,0.14812757621907666,0.15280002004607854,0.1582920271206085,0.12620240012326706
177_202,0.12587745142235815,0.18024244538476106,0.18422276172958185,0.04861745009893956
177_332,0.436673017646996,0.4156906247285532,0.43056820590560796,0.331826491726555
177_370,0.14124728632593275,0.14759087213835542,0.13518476363374154,0.1275958548514435
177_376,0.12948803392574174,0.11041503786013324,0.11182847118940889,0.09883568965489477
177_377,0.14183399166368102,0.121259849953833,0.1251021136725213,0.10564803685512802
177_415,0.5112185448542708,0.5782809014892644,0.5922158026758522,0.35825572143205364
177_433,0.13803624322633434,0.14297834687241723,0.14311903271698853,0.12610987539033913
177_506,0.12249774453369594,0.12733383072821938,0.12308460048476283,0.11127121989458837
177_513,0.3261694120311188,0.31890158461833706,0.32801686218662884,0.3010148425364825
177_59,0.5856063155426403,0.5650283728274074,0.5505529272688315,0.4703497241288037
177_99,0.11833113902507078,0.11347655765604234,0.11683881048866546,0.10804680667733572
178_167,0.13488983654971806,0.1340400526303877,0.11959469592077007,0.09026060869153062
178_192,0.22266130548838525,0.22677946929841322,0.24095047944506665,0.20538033558016128
178_277,0.6954376182352244,0.6260790695150027,0.6081328702719614,0.48428268366178995
178_415,0.4207142209121249,0.47008235759256833,0.4320909011369406,0.2877944788178367
178_463,0.12503492665477645,0.11487678096772777,0.10077349081043435,0.054037104889714804
178_59,0.6869090054318248,0.762465985733924,0.8049144969165579,0.6199538400100243
178_99,0.21111379370330857,0.19829252874243758,0.20200671359294098,0.18342025505750045
179_415,0.6239151329934111,0.5422884389324741,0.48512237949539305,0.39906431377408536
179_503,0.41260770929519397,0.3914635850573788,0.3849562822271589,0.3639868607899337
179_99,0.14366677798697153,0.1456432490613565,0.14373556331309742,0.12676572609081366
17_104,0.3309640103294885,0.3083850001419081,0.33492919298757956,0.27247795829413407
17_155,0.17823328284258977,0.18262150987218967,0.18402631160135882,0.1708529644719422
17_187,0.3526289500560557,0.32527792080494766,0.3421163182465487,0.2977334653583108
17_413,0.11896153815565327,0.12344187480490215,0.12742804632409832,0.09754427230777818
17_432,0.3697385551961099,0.37078139227004364,0.3786858509865823,0.3391421726872634
17_503,0.5513215899561271,0.5556614063953705,0.5082692568625735,0.38960756910094996
17_506,0.4379801244278305,0.4457215259277064,0.47219024590183406,0.41588762015748754
17_530,0.22110169917032685,0.2302852119420694,0.24332432326024137,0.20581990892299845
17_99,0.25865621087609714,0.26930853333187454,0.26434164604629024,0.2477212242483936
180_156,0.4750572131161593,0.4052462447184847,0.3961015148081083,0.37635972440339177
180_277,0.1785536443883937,0.18086589511572973,0.18007684396842558,0.15275442823713126
180_300,0.2741696614068316,0.26499414342174554,0.26514443188381775,0.23525313801741887
180_415,0.328732925573962,0.3681450136856832,0.3058119415926301,0.2560877301633757
180_432,0.2770026508084792,0.28001835484787585,0.2684389949853003,0.24922686642231875
181_108,0.3279667343169075,0.3311931817498877,0.3438613621269658,0.2689056661598089
181_132,0.27483911951887874,0.26287302164760606,0.2661722433928304,0.24703267175688332
181_184,0.2912458594225519,0.32828875205311625,0.3058270531292686,0.2600540195972002
181_192,0.3090624697742155,0.2972964157343226,0.2982639838292696,0.2758405216897507
181_200,0.7401822063277775,0.8877846423149598,0.8321919640793386,0.6727682093885189
181_277,0.3881335687656817,0.3727165812619542,0.3777613233734502,0.31851518795936656
181_313,0.16220389949242386,0.1708662284377895,0.1674082425307758,0.1323417777224489
181_377,0.17087331547675533,0.16031360336104042,0.14776471124561297,0.10767195716852711
181_415,0.7027319357549906,0.7137900389083376,0.6582401008513242,0.49626385873012424
181_463,0.10822566987975889,0.09211803023025525,0.06801473354317883,0.040888185774605415
181_470,0.6068756613443506,0.6237067641559916,0.6259601799869244,0.5171029467829016
181_506,0.1420241189943926,0.13724879509577248,0.13328664866545578,0.12619435531269743
181_554,0.4366375505020685,0.4084559708106791,0.4003585193873004,0.36183857848637935
181_560,0.05980889495852556,0.06575174045052622,0.054005505631079,0.04156791143886332
181_59,0.9252628100163932,0.9225182189999271,0.911539913472413,0.8435031035509515
181_99,0.18733258147875953,0.18274296365682774,0.1852532961808524,0.17253957704555495
182_108,0.3170875335636166,0.3295909678819059,0.32099243323345017,0.27085139009537057
182_132,0.2599280457116651,0.25137433077349075,0.26875959523538706,0.24119778944705836
182_377,0.18101611773765355,0.18493757661004578,0.19168764731073326,0.12971301660883355
182_463,0.16672414477398315,0.137155719250916,0.14243763708624632,0.1218464841337758
182_554,0.38359691779383187,0.3549333129906252,0.3461912347748279,0.3392226477319889
182_59,0.7606556997573839,0.756092805041352,0.7752783988911509,0.7000436029248611
182_79,0.12437974564534364,0.10369328193240185,0.09658456458216201,0.08209522438933216
182_99,0.2038987462761249,0.17792566810859434,0.18311591463581395,0.1667381187224684
183_102,0.6972627609842816,0.7097346079111327,0.6602608827740367,0.5480811310666815
183_104,0.2539852124140649,0.22998318524831823,0.23248279872584166,0.21630984802804035
183_108,0.2708345287193976,0.2722306354551733,0.2728692706040017,0.2601551236782511
183_132,0.2943570178956501,0.32379737687890764,0.29598414993780264,0.2646754696915134
183_156,0.2922554362860694,0.3021788864357695,0.2904341706355209,0.27935343152083747
183_167,0.18635358840752098,0.16866186269556863,0.15357156016441936,0.1516808020870779
183_184,0.5356257653227501,0.6770746393762517,0.6844921675205129,0.43484931845703395
183_266,0.09264576617088285,0.08721545319128701,0.08391121080001092,0.06801587958781047
183_300,0.4357124787473387,0.428450911449593,0.42765716305815,0.39978593037519744
183_377,0.21640914492733343,0.19077682725029188,0.18948760305048173,0.16966279925633249
183_415,0.4884959375823533,0.5381346021204417,0.5644840646593146,0.38712930743326857
183_433,0.1838679129296134,0.17992977115988418,0.17479699026403533,0.15401279625314135
183_470,0.9645017345943346,1.1553836927233248,1.077792602358504,0.7186190889863201
183_506,0.30748104521086145,0.2820694098287515,0.31312385893822786,0.23948992836425376
183_99,0.2633966991898118,0.24199443195321202,0.25368897009815,0.20475425307495587
185_154,0.24008587358389555,0.25276216693994186,0.24708457223970262,0.2064345602226845
185_192,0.19754734569727875,0.2034057876500011,0.1958321315804486,0.157737174666226
185_244,0.1319353800950333,0.14700090771721627,0.14664124354574992,0.11974528253832133
185_370,0.11625386308072555,0.12323569133372445,0.11425048263900948,0.10413423112421592
185_415,0.41110694574046963,0.3928112142409031,0.38315057590651597,0.31899795853065394
185_463,0.1389344212930416,0.1239983565569858,0.11491143841834105,0.08374282985339082
185_59,0.6351079032683113,0.5959141500083303,0.5737950148321685,0.5607292566044286
185_62,0.1933011295452839,0.2015928554131519,0.1925019452334265,0.1685802967037378
185_99,0.10483461556703966,0.10563469600583328,0.1026155984362272,0.09022438335102471
186_190,0.35615247742920497,0.3682073735387826,0.3507670894817952,0.3042766002953108
186_192,0.1869495224302687,0.18706237109085538,0.193913220670143,0.170874768055859
186_370,0.14710587496403346,0.1455782544587419,0.13999879455842393,0.1310051271549187
186_415,0.06082767181741416,0.03648946148490679,0.06077015808691235,0.014470380572309085
186_59,0.3236494987122163,0.3069165713188941,0.30772291730324636,0.27637692298607125
186_99,0.11872712555731274,0.13303296391001143,0.12314404285759495,0.09644100472091824
187_104,0.19932174142804068,0.19937810348820945,0.20039696765858128,0.172538273086148
187_108,0.2118414591025348,0.21189758184392052,0.20017170941830775,0.17578362156724492
187_154,0.13766077997661613,0.14254390167965825,0.1392071384557252,0.1292215653839251
187_156,0.20368794185219075,0.18454979691848666,0.1826347855010913,0.17483724550717236
187_167,0.09158910648223906,0.07776940191721723,0.05845294558557038,0.04815019062662318
187_244,0.15329269488489336,0.15884511665493933,0.16943814458521778,0.12429706725379612
187_266,0.11440950982651318,0.08926030800573653,0.09525986224172918,0.07494734013445076
187_277,0.7886626884919105,0.671305148788854,0.652771354115207,0.6267645893677581
187_415,0.36146530636609325,0.3630328279561462,0.35391563795819,0.2810267933530353
187_453,0.21538702470049628,0.22167345277544367,0.22652057819692228,0.17576286593996404
187_463,0.11572686695618963,0.0915866499462683,0.07805526810052207,0.05810736730273025
187_470,0.5268692081113141,0.5548134998354516,0.574846233341885,0.44150717860435457
187_99,0.12196626626042247,0.1200275631442285,0.12235520798622274,0.10114591460273122
188_192,0.14820944818875284,0.15986199419417874,0.1482492931660415,0.10038017840855779
188_244,0.23062403996812567,0.22806352216329762,0.22887948429626295,0.22056065895495056
188_379,0.3242742211148817,0.3575867827140255,0.33963625139777864,0.22616498707883637
188_470,0.5277955843127785,0.7176119089021515,0.6772624550861754,0.41597565036639783
188_59,0.3320157233092136,0.3158319291204303,0.2821941691055259,0.2715255246540654
188_60,0.2766529785007918,0.2822284305283086,0.31261042141733714,0.2554610542079039
189_277,0.6143165486475511,0.575657063347766,0.5807170490757712,0.494688159985319
189_379,0.20350156126530825,0.17467714291386457,0.17689899094788278,0.15221569545311336
189_415,0.7395584384358673,0.7035811796034562,0.6598904113921685,0.4882849675486325
189_463,0.12455548971888603,0.10073975493953553,0.09539020958910438,0.054781034011675576
189_470,0.4633400041517818,0.5448058270256849,0.5611712018338725,0.35265329299617115
189_506,0.1344079895775038,0.1328916403163872,0.13020211713957838,0.11982503830204894
189_59,0.454344141306695,0.47112915382778575,0.4530564385257625,0.4121644148174174
189_99,0.16615212814679797,0.16859702732638016,0.1682690207322325,0.145896832065848
18_102,0.7765037303969847,0.8027380796095803,0.7601292288551961,0.6371460690749466
18_104,0.25898795372723515,0.23393873003847548,0.21919051728491912,0.2065666522218044
18_108,0.4094383630997108,0.38157690770724867,0.3964346721169675,0.35599382227758547
18_124,0.3589446099135038,0.3645847124365595,0.35697791516191457,0.33403259962310416
18_132,0.3085296429193829,0.3077913909438871,0.32704845603164623,0.2886679454092764
18_148,0.27693297484303986,0.2789649738092686,0.27344503414271143,0.2312460499101977
18_150,0.32355157046372157,0.3106897144147949,0.3021451647474074,0.2584216815708649
18_152,0.2862351330350543,0.3364019190293186,0.3175356113552612,0.2537727327284823
18_159,0.14638850728797026,0.14252378619009531,0.14733334713958995,0.10153834882339863
18_167,0.22551794656301238,0.2033087507285061,0.19651967224409453,0.17926459504650882
18_184,0.5736104883118539,0.6030766628041966,0.5547723971730733,0.47896283476942536
18_202,0.17267020564765057,0.2500134391670332,0.24481964213368024,0.06599857134268665
18_209,0.16154345408082285,0.1408802747136943,0.16044852381925695,0.11188805437817245
18_277,0.9621097216705787,0.9992068638343663,0.9732093914658834,0.7868005791335799
18_295,0.1662199769121252,0.1719616682966398,0.17091545086114981,0.1548537020303101
18_342,0.20694523223269043,0.20688180457622318,0.21207805106236768,0.18089874152764532
18_377,0.2576957782910923,0.23227979362997989,0.2521225497085533,0.20686751245092505
18_413,0.18377491371877427,0.18317313058156875,0.1844931302392786,0.1588256774180431
18_415,0.5171119274239715,0.4938595541924207,0.4813452865014398,0.35535762152339523
18_433,0.244148667590286,0.25564452904081697,0.2555425503968743,0.23557985934008943
18_463,0.19568533452887726,0.19834637075860045,0.1891625719073695,0.1283573935607267
18_470,1.2398716233727187,1.3731021453298229,1.2880963713740958,0.956054498479319
18_506,0.45724047152039926,0.41708528630790015,0.40114447587780416,0.36006267087915567
18_510,0.4768480673930079,0.47516054316551926,0.5422375338244529,0.4343833199217381
18_554,1.1266449334448876,1.137627133951986,1.0342560278606483,0.8893461184100098
18_59,0.6831475531012605,0.6975714525708134,0.7232769765613172,0.622555273229419
190_189,1.1770174311889483,1.2238435998303943,1.1696432042023515,1.016918223659928
190_415,0.618085916485318,0.6596394218186349,0.6079465271533357,0.4536922315435594
190_463,0.1101762698524739,0.09047262459942154,0.07058386455790126,0.04307093932739471
190_85,0.1948986155944434,0.19320642706483138,0.18629445604896733,0.1612797079773937
190_99,0.31307880198993443,0.28094442390035,0.30162229355624437,0.26869309091211624
191_104,0.11605268633150094,0.1276621708185045,0.11896061035882119,0.10212298517785148
191_132,0.24491188851689255,0.22680230374171165,0.23040057879883719,0.2023902069302418
191_154,0.2509818940983717,0.26883778151541154,0.24963315285105875,0.2243949707066724
191_277,0.31351765565500833,0.2783352593787216,0.28579718895018835,0.23882294459218809
191_376,0.09714597912408451,0.07840791602840501,0.07341367537520495,0.051370752543685186
191_415,0.5136528772866834,0.443783866528503,0.41175737437245363,0.3454433647074827
191_554,0.22840770951815295,0.22128039373831504,0.21646831290178728,0.2046114892748709
192_102,0.613235865592249,0.6609183746994094,0.6436654718491881,0.43316960838902674
192_104,0.17503903677877153,0.1622031350107752,0.15515487731569155,0.14697849508933694
192_108,0.22411559667300743,0.25683608818157794,0.26829097175369054,0.19129021954506986
192_132,0.25011763283406685,0.2437179049576007,0.24244026764210524,0.21633805431692707
192_148,0.18838142717920928,0.19204751456608088,0.18443802979445373,0.1555952064830046
192_150,0.24189687255283132,0.24440264022548927,0.23600289101906982,0.17265387632492263
192_152,0.16562115511107459,0.1962391928447366,0.18113952701439295,0.1217811957983155
192_167,0.13927415397573772,0.12533001946000022,0.11227945520148475,0.10158716987122673
192_184,0.4258488306085277,0.48592201466274987,0.4577990659983508,0.3974025657841429
192_190,0.5066698611091526,0.4973374721854012,0.47820988482214627,0.41797008821151943
192_192,0.2614692590907072,0.238875226362851,0.22239043905874478,0.2023210120825361
192_208,0.13934693650272006,0.15717757331675458,0.13859172724617996,0.10979576504825665
192_244,0.19604397089618303,0.200076242320543,0.2008144676927306,0.175535031318811
192_377,0.1984510216389546,0.17396285807119258,0.1703915068626115,0.14625340306310558
192_379,0.3317902560387909,0.3308124368235366,0.3243815903502427,0.26577663890571146
192_415,0.1724901530815057,0.15665684599939725,0.15521706943576288,0.1335786706028621
192_433,0.16148962607715528,0.1650112393887412,0.16463355470396582,0.14970778237476356
192_470,0.5929953251165769,0.6751912498805994,0.643220217449628,0.5006366744989224
192_506,0.17949408804637967,0.19045969671273302,0.19043287752803886,0.14474999421499113
192_554,0.4030843700841722,0.37462486536090595,0.4048503311008474,0.2934786299469464
192_59,0.4422480742583797,0.4261423238409101,0.4175215799106982,0.3976427037895886
193_104,0.4021749154352873,0.36183477857969054,0.3880125099313893,0.33682977774516726
193_108,0.40181872252963236,0.4395433396072018,0.46152899040852524,0.35810732551951885
193_117,0.3283663892672773,0.3186042160305723,0.32099520435795803,0.2732613998749684
193_132,0.2261857554832243,0.2338797831546057,0.21883692623051473,0.1922178088836939
193_150,0.22002711553806065,0.21782844455406344,0.2160401311892524,0.18816857306192739
193_184,0.8075710636013578,0.8647797574195615,0.8817718370663822,0.6179016578661619
193_190,0.6094579084985164,0.5792227020084674,0.569934325517938,0.4421168731666574
193_209,0.08490868000252975,0.06912863353001002,0.06750498083044931,0.0391393070183855
193_247,0.17748096916652983,0.1723802194448355,0.1636909694783127,0.1522649843247847
193_266,0.1633885002786146,0.16123238561162898,0.1534838337636554,0.12809725872352778
193_277,0.8356360643643904,0.7467195631705721,0.69667151560003,0.652235509957432
193_303,0.1778973452742533,0.18448013855879042,0.1840663707366465,0.1659520319677701
193_313,0.12809570381579774,0.11944382346057643,0.12534833883834015,0.09921152840652184
193_376,0.15607224027267413,0.17223556041947766,0.15606746499438204,0.11391161393116264
193_377,0.3421255242041649,0.42805750183255764,0.4197000078586995,0.2560727275187142
193_415,0.5530590195106543,0.4933751816653561,0.4632681450903099,0.391869030792637
193_433,0.32446271156987117,0.31556364266260517,0.33192931615249777,0.277391637840055
193_456,0.12329520879486885,0.11662787356149924,0.12127315578576775,0.09273774818485284
193_463,0.13226578620641727,0.11695884781439737,0.11155272554670555,0.07408583982325287
193_470,1.0149212841739894,1.2127963788070792,1.134036505304609,0.7895259724754178
193_544,0.14756088011593405,0.15948239163995734,0.1533222732663642,0.12625452979984594
193_548,0.17265893721172407,0.17506377444373789,0.18518749885051175,0.13275466324435445
193_59,0.7361229145182139,0.7328116125203694,0.7480660133722747,0.6854512106791666
193_85,0.3734245458460185,0.3879858454201267,0.3780885070737209,0.32561318127022
193_99,0.1886320258455076,0.18658583626165898,0.19096550619347774,0.15690097746388554
194_10,7.251416130251365,5.77918930067321,9.596585386213489,5.4790562734297765
194_104,0.2770309062111627,0.2590923146327169,0.2665502353185529,0.2433782396634362
194_132,0.25858066169653965,0.24699059243502383,0.24131864430868935,0.22432925884477845
194_148,0.2796999475116462,0.29832977018254997,0.27517530109232163,0.23824654482318833
194_167,0.18121501537758924,0.1621412747361905,0.16665100011383926,0.14371128047262066
194_189,2.4831405509237316,2.722813984325575,2.645353965608806,2.127481171793063
194_209,0.08743229893485728,0.06137911043288851,0.06101714095458868,0.040947607225355905
194_23,0.5621160246275554,0.5605886492424952,0.5703326669924611,0.4989591734955618
194_244,0.16886019852811313,0.1788523618289939,0.15746898079629104,0.14483326234594696
194_247,0.22753063315746477,0.22710167850854474,0.22302315638674733,0.20797949412127562
194_266,0.19334318221722627,0.1753945469797683,0.17747861593811812,0.14710334425436938
194_275,0.11709067399320844,0.11441506101823268,0.11166294483827371,0.10449613513875258
194_382,0.19458842117230596,0.2030044832296437,0.2096906962530318,0.17510882455493004
194_415,0.437375207281862,0.5109582429375594,0.4285605464437394,0.2932167899038746
194_433,0.15235425135075456,0.14786050500587966,0.14711742733349642,0.131250975278984
194_463,0.11751380895754002,0.10405205602307342,0.08235230578118438,0.04629980014165196
194_470,0.9939368180908887,1.136974748729961,1.0409405611529645,0.8911855763033921
194_503,0.6344544194212536,0.5687252358352581,0.5692699357232481,0.49534654732301575
194_548,0.15858531854306945,0.16149212881907066,0.150155856270507,0.12954145658488858
194_59,1.1814674152832383,1.2399293888463352,1.2330791434961708,1.0002368708539229
195_108,0.4743241322455818,0.47388196736565674,0.45475918845993696,0.3733819161417341
195_132,0.5364261186465603,0.5213762898025869,0.5056520743555996,0.4723777598393714
195_148,0.16346024374358398,0.17479781406079312,0.17873306473097078,0.13920342328563137
195_154,0.2498829730578852,0.2923748700903517,0.2754068264372326,0.2269395941136509
195_167,0.14107867380094777,0.12954263100709992,0.11016704375671822,0.10432443346821173
195_184,0.5170515372903521,0.5120616702903614,0.48866953380214767,0.3952716548002282
195_209,0.10996441676058759,0.0878064839213902,0.09293525769175189,0.06007640242307556
195_266,0.10195119285170458,0.08683409747234519,0.0899361414621114,0.07015904305020529
195_376,0.09939702803913752,0.08041026328396209,0.11677711299285698,0.06260616280054997
195_377,0.2660850239502884,0.29437353327316196,0.3884477499254428,0.19516244969576166
195_470,1.3201446670697115,1.3275483660549146,1.5082970716718311,1.0541021517667262
195_59,1.3930162454374104,1.3317803816135028,1.3282341678676648,1.297008507699673
196_102,0.4990978621621573,0.5156420141938423,0.4811877938386484,0.38496531149204605
196_167,0.09017639450334909,0.07994259716737963,0.059226327333642845,0.040575396993048476
196_247,0.13817930003629017,0.13129628032196067,0.12684680817205207,0.10774215508673585
196_415,0.49230448757141126,0.5042896380947661,0.47191799325461453,0.3746925920602185
196_506,0.09522484134120449,0.10329497430156108,0.10230997266524716,0.08735156302509221
196_512,0.12308216995883112,0.1261285338926225,0.13167704987678233,0.10711799928132877
196_99,0.1802508577877387,0.1701602406342587,0.16802853960052203,0.1456906851202307
197_200,0.6877938702386026,0.7362539143657167,0.7148802123585657,0.6235079684883627
197_277,0.29191105387619815,0.2878798239057639,0.28045660445116566,0.2557599667276887
197_415,0.379492527485475,0.3477452479715126,0.3490631909667633,0.27561843211069337
197_99,0.11336456776468201,0.11468105701942603,0.1145214160905155,0.10682813624133196
198_104,0.21161496882148043,0.20534655610188277,0.1858523092180927,0.17306290527411905
198_108,0.6110966258668455,0.5414099782699143,0.5349140733065868,0.5131255734290048
198_167,0.14812007080057588,0.13894857974184344,0.12901340040549023,0.12247074008504212
198_184,0.7392072999155217,0.7894071504544744,0.8796790222672484,0.5971557350900337
198_204,0.11302050741340472,0.1186379234552038,0.11890237560284805,0.10326667576913745
198_244,0.149131805522323,0.1661414338705557,0.15729253152434877,0.13385766803333277
198_247,0.12623619305375444,0.12175231142235345,0.11776191538177466,0.1139654868841163
198_295,0.16038464423908155,0.1647073798267047,0.1740919938682185,0.14083770789569613
198_300,0.15645974175593785,0.15067133162389915,0.15018879044134886,0.14131514294014813
198_303,0.21713927033536415,0.21517504435352888,0.2183680087025519,0.20243213689719303
198_415,0.6638641098925712,0.7147542525439442,0.690099437382712,0.5829887413669221
198_433,0.1305273119169001,0.12758861084130796,0.12507865417850556,0.10983924811582098
198_453,0.14159840421598507,0.13273429905762496,0.14009743746613842,0.11164139415392249
198_470,1.0376088153341476,1.1703816063021921,1.1349608293181703,0.8388663980895935
198_506,0.22612536113722534,0.23676387471985524,0.23501864578001896,0.20279938205915374
198_549,0.835108474607149,0.7318974146209155,0.8012134708755805,0.6867644563874677
199_104,0.2857055054178707,0.2662004275126631,0.25512911703089636,0.23848152393769664
199_108,0.2731746482486961,0.28618741232594763,0.28680054323064985,0.24475834197149635
199_132,0.2139081786456184,0.21595587404303482,0.20351239186565928,0.193987127397944
199_167,0.22595468161600657,0.20754134620479503,0.17814735258818445,0.17063480822795768
199_184,0.6226383846449323,0.6853622445364194,0.612135063341618,0.5207230197578411
199_247,0.21755794341692003,0.20137198048146024,0.2107519441691068,0.18720320975768037
199_277,0.46799773560734653,0.4264864113937014,0.4108867003508663,0.3252131607415498
199_295,0.18197428085500517,0.19476030806982092,0.19631355743526108,0.16812095697142002
199_377,0.25873235023129654,0.27760169389001177,0.28275011655341575,0.20220038513180413
199_415,0.3397548166062574,0.3344945162426395,0.31796818648830805,0.2608349368767673
199_470,1.3897539649211679,1.4022073809124997,1.3884662144077613,1.3090590618493545
199_501,0.15018739844528486,0.11758718587973867,0.10849670130827807,0.08257216171578369
199_510,0.3270763989515124,0.3126298043357925,0.34421177222475247,0.3016645423189795
199_513,0.4594023034990746,0.5297862783624425,0.48188076553304815,0.4261062473261815
199_59,0.7116574560266617,0.7006622239611237,0.6939304563855367,0.6513396223649205
199_60,0.39483456041470244,0.40922994844481964,0.39411252155063264,0.3196835021612979
19_102,0.6654821322439534,0.7321791057887564,0.7223519496838094,0.5339108666370047
19_104,0.12493718127218992,0.12883059468498076,0.12189786002862527,0.10573337458697221
19_108,0.32219204795531237,0.2973638834223706,0.2980918308601534,0.2792273712630445
19_132,0.2791187701584489,0.2797774892047473,0.275039234284329,0.242855656422384
19_167,0.13732775919178736,0.11842595771051274,0.12944427763802085,0.10404943826477063
19_189,1.1459682450108508,1.490593558433868,1.346553076373403,0.8533008118440396
19_200,0.4056161246204517,0.4827281996684001,0.4663979429297733,0.36013452879257374
19_415,0.501036732166518,0.48569605379925385,0.48470519367642634,0.4200373535609589
19_463,0.11894034763132716,0.0975271056889793,0.07809000203716782,0.06275316913048287
19_470,0.4297909307147267,0.4861841826977342,0.48461269298281007,0.35526179348762077
19_59,0.5784317160937489,0.5348137431346925,0.5383221245767296,0.5276651606387938
19_99,0.11570468650748252,0.11952455408109475,0.11099194115021617,0.10376420670684482
1_102,1.0135105872894938,1.1114585510872983,1.0984296429136924,0.902317382697245
1_108,0.45565455450793124,0.4299531682275322,0.4452993683749459,0.40346421802410265
1_132,0.22943277782386642,0.2272532786699223,0.23646622505775017,0.20018398324989006
1_184,0.8199795352044313,0.9247914027804316,0.9581917184026827,0.6781635937043595
1_200,0.6630626339453501,0.7483017297278421,0.7572376799326072,0.5713048741227134
1_415,0.6583243181911785,0.6179830748717171,0.5873877172775591,0.4338471777984164
1_470,1.223427543705089,1.2975529552815797,1.3831411824977666,0.878549246589987
1_501,0.1997077017085181,0.15570981517926935,0.15662779504924343,0.14811022288284154
1_99,0.12685140357696503,0.13002339410217567,0.12561268217313548,0.11711201241097648
200_108,0.3231295772959141,0.39068415478529916,0.3461708970816273,0.2749051825613731
200_167,0.1001469195855658,0.08444654012945428,0.07729174200895976,0.07042205570239637
200_184,0.3999683597851946,0.48182020154469174,0.48671166663788384,0.3623803884110512
200_244,0.20927716551741019,0.217553216699327,0.19853650947296872,0.1892457501533929
200_415,0.564301210142154,0.5733233817632519,0.52326215317712,0.38545143237028406
200_470,0.7008010492112133,0.7293368625922864,0.6923572528420557,0.6130341936306845
200_59,0.5812830167907741,0.5737637179412586,0.573907426254795,0.5492312076050868
201_132,0.16046754196041177,0.15692539165730784,0.17008520203740007,0.14442605048491233
201_167,0.17080080103357229,0.14919732286397758,0.16603639591431646,0.14480075934133904
201_200,0.5496603477642679,0.6635771629623609,0.5321276310382743,0.4553644273006748
201_277,0.46079169185582747,0.41371619988472713,0.4949691373232279,0.3631292718155719
201_415,0.38806644373038923,0.4294146850939895,0.40585766033758397,0.3017214095653971
201_506,0.15307233100268858,0.15552153903522753,0.15016637987428333,0.14198302815216973
201_59,0.4319256976384008,0.4518919848989434,0.4458405235148058,0.4068145017426353
202_132,0.30041697321365246,0.2952333333495459,0.2936733084356369,0.262595648384771
202_210,0.12433605550341305,0.12806683085834245,0.12650646508136354,0.10984589325726919
202_277,0.7095255449870046,0.6140952751058345,0.6214080176975693,0.5274066732477091
202_415,0.43392202745168046,0.47067102940906064,0.39699533531452297,0.3291458584092585
202_463,0.08819528956085508,0.07422802226386621,0.07182885952945221,0.03441699039097139
202_506,0.12254319254959535,0.13079389840878047,0.11678424382074366,0.11088543138157837
202_59,0.8932242600065414,0.9042275456610877,0.9305925352341929,0.8287744627732103
202_99,0.22209283407496366,0.21669334424882053,0.22527093100009,0.197055674624898
203_104,0.1170181277452771,0.10827830827736758,0.10188307757490553,0.09710502985989104
203_108,0.1954503270445802,0.19551379400557636,0.20978966352370543,0.17470078080113097
203_277,0.4491141819096324,0.4368767773427856,0.4429266971217988,0.37089478481375415
203_415,0.6793551479114381,0.6008089763862894,0.5904332892150363,0.4656570788155481
203_463,0.10486187067263254,0.07931051769178375,0.06893567417829513,0.053906311253834535
203_470,0.503531098058477,0.5988619050421475,0.6277831082383086,0.3666007855075737
203_513,0.16929577065836116,0.1631823104576101,0.19023576201643708,0.15112196629261654
203_59,0.6434028206961465,0.5497866647301867,0.5232913494472854,0.5022458749462404
204_132,0.1723980034282233,0.18121385733892112,0.18020718656047904,0.1561842846412351
204_244,0.15640957722837054,0.16146830834387427,0.16072220500701026,0.14009219943343065
204_266,0.12390914789938459,0.11496299866074113,0.11527892719521314,0.0918631578649812
204_415,0.7840134473698499,0.6633964981720831,0.6901302158654182,0.5179810948934294
204_470,0.9412894178361076,0.9376621005988469,0.9369328056171129,0.8025606276510605
204_59,0.8954519537585834,0.9146798536944949,0.8834861553645849,0.8215322140354706
205_102,0.7373554078641846,0.7417936478663658,0.7396099875714803,0.6230550551872727
205_104,0.2075665957027989,0.2009040463962969,0.1978249517598693,0.18931986914534468
205_108,0.3713450759572673,0.38459723388492784,0.3855959100653475,0.3339801802763219
205_132,0.32462591994712,0.304892029921251,0.3121687217706758,0.28525417241082685
205_150,0.2532686305839087,0.2617755487243993,0.24373802305611245,0.20095470359991968
205_152,0.16103362735858667,0.18164973623189995,0.1847504515216516,0.134254726992487
205_154,0.20572797012889846,0.22125801392730782,0.23352129586762402,0.18350024180318736
205_167,0.1479168210358277,0.1311854191353939,0.11995447162508488,0.11009005623235336
205_189,2.3616631753468553,3.3534665909223875,2.694850889877348,1.6552550104485697
205_266,0.12150767644203982,0.10037487988458672,0.10301050534319388,0.08072267682600452
205_377,0.22685112750694694,0.2266865004097296,0.24031427157736823,0.17417914322811356
205_415,0.8071603484653906,0.722545020652683,0.6697216324660256,0.5484085747738165
205_463,0.13281980689570008,0.12000779617169603,0.1252201862482237,0.07638680968706625
205_470,1.3816129400229624,1.4765387902651375,1.5619618432930555,1.006473395567199
205_506,0.22542769676106061,0.21876267087425974,0.22081534937169403,0.19945723759608103
205_59,1.1960120005042771,1.1223550478925273,1.129602915630227,1.108379022841915
205_99,0.33646735454804233,0.3003919548961291,0.2990301468372636,0.27419594722215596
206_104,0.16446269320359527,0.1645010156078497,0.15768698308569543,0.14583986916637687
206_117,0.14377763831810475,0.14365398135976173,0.14378150841884638,0.13068800380295859
206_277,0.6865035287777863,0.581977002901708,0.5658094919742118,0.46905135164378353
206_415,0.5838016266796863,0.6003997006541112,0.5289600171126501,0.40562047541150337
206_463,0.1195539233611941,0.10440521410716426,0.0766621528816173,0.044039052928508196
206_506,0.1676756639459121,0.16139859186064054,0.1619365014011636,0.13694337857356417
206_59,0.8755322871699218,0.8385903949540231,0.8627739274437991,0.7974641334511635
206_99,0.21773420555700146,0.2013077108276439,0.20592724834399706,0.1894069531653877
207_10,7.885178959437038,5.564773605565385,11.925981065916757,5.010274124424608
207_104,0.29370513995221975,0.2868770376995042,0.2897378683702506,0.22705815012059427
207_108,0.6924623429325103,0.7298362477464823,0.7198444831722258,0.43849570898302015
207_132,0.2492744641099351,0.24610423489399263,0.23807052703688988,0.22564904403609004
207_167,0.1484912864486436,0.139925513515105,0.11674050585968765,0.1116296450645061
207_187,0.5045857779097884,0.5233878474278775,0.5021432506855632,0.46441227238458826
207_189,3.037557147029917,3.647742631547274,3.5810669213897524,2.351930646944178
207_19,0.19380837190751193,0.17985243394007935,0.1597651380635584,0.14356639962874818
207_209,0.09218820610306198,0.06966438775850341,0.07366759158535154,0.05016904495108329
207_244,0.18127042061949433,0.18610928022035342,0.1806071723152444,0.15976441457330226
207_266,0.2898117518634541,0.3045514236449017,0.28381264726787214,0.24588943489582663
207_277,0.6945322524967652,0.7758245384058761,0.7753023362217398,0.5702171363184629
207_334,0.09107926469649073,0.09078916522318033,0.09182802695388487,0.07414421504819205
207_377,0.19391019687105818,0.19457471028124618,0.20249161640149516,0.14421350837173025
207_415,0.43510150892371624,0.48542583953961604,0.4608462937923464,0.3145949904998794
207_433,0.1614260655028355,0.16859378849604786,0.16432943292423796,0.14656416899353736
207_453,0.3068891107340707,0.3065019482022397,0.28848116875894353,0.2412588256219482
207_463,0.14174628969918224,0.11721392130137397,0.1035702588349266,0.08938031640829708
207_470,1.059143810170424,1.2704954949283345,1.1665924027918024,0.8514956150188453
207_548,0.19780195647093504,0.20365242217934298,0.20306885225441873,0.15521551797152117
207_564,0.1019397307220642,0.10038445199168783,0.09656458226912681,0.07770445787472681
207_59,1.1293411902307473,1.2192460933893854,1.2451578065781104,1.0631013359262154
208_108,0.3806505233154588,0.4259422789907597,0.41577274300761125,0.2957085032498512
208_167,0.18507913541879897,0.16464977733667213,0.15918491109022587,0.15208983671159268
208_184,0.6050135063533499,0.5348630642038942,0.6662234443312101,0.47728864978058994
208_277,0.6439880066957695,0.6074062477731708,0.6347852827368637,0.45396447751955293
208_295,0.17734689234318357,0.17940802567533587,0.171658944414521,0.1392676915466456
208_415,0.8232366822118551,0.7198674420016671,0.73871330623713,0.576184904153155
208_470,1.2244636405898792,1.2830906566861233,1.4616553982623504,0.9597311012711189
208_59,1.249619427221248,1.2463311424378491,1.2721170322743443,1.1627820551192656
209_104,0.16748873430299296,0.16560989026394313,0.1690386657848206,0.15815837030590282
209_108,0.275563252977135,0.2649093460602757,0.2860264000532417,0.2508296131649976
209_132,0.21717061640495336,0.2165279676636549,0.22404790486479953,0.20089978200448722
209_148,0.19676506724403436,0.21260021473177623,0.24098912799558875,0.16630983015914652
209_150,0.26384775110424036,0.2784605943730392,0.2875691173544877,0.1938632679094735
209_154,0.3046355512926086,0.2817921533207189,0.2776944872723066,0.26505461688056103
209_159,0.13720486360736797,0.11549794907883482,0.11705604500894332,0.09070287304284669
209_160,0.13762017709602117,0.13248802525484937,0.14992155934332602,0.11127471750279698
209_167,0.20225447971832225,0.17963372606945396,0.17963018087852073,0.16935040640190963
209_184,0.36222218981970095,0.4431211714825344,0.4607148404124461,0.3176232777066999
209_190,0.5567708756591367,0.6417875077114465,0.5851904755816071,0.36298016323432175
209_200,0.5793826082887068,0.7862438231974135,0.691775178488751,0.4853182982479769
209_209,0.0978136100367509,0.08212049859793767,0.0882754081026152,0.05624796262754227
209_277,0.5389542114587323,0.5029748460826209,0.496631029988153,0.4502863187315719
209_376,0.15669448334808497,0.1884878903813674,0.22344596812852313,0.12158912822595358
209_415,0.32861763030935354,0.42034122315762845,0.35220464206792,0.26395924375927154
209_470,0.5055704693623541,0.6198008946779958,0.5785647009214776,0.36422776771881366
209_59,0.48131039710167134,0.4702078346810862,0.45814157305357966,0.3967097433714447
209_60,0.28462343033711746,0.29034917368818636,0.2871968132582216,0.2560946254024387
209_99,0.10207226162795792,0.10087065888374244,0.09445729600092741,0.08610371037664372
20_156,0.3337180840830518,0.3283455410518742,0.3252600047793376,0.3012808532907786
20_229,0.13494319294600307,0.16134168331072019,0.14313236782251285,0.10266587261025296
20_244,0.09370178833261884,0.08774591344278923,0.07917839102214382,0.07401164175226013
20_261,0.08030733785684559,0.09256929228147676,0.07732243892931909,0.059091807826087014
20_277,0.20294108814551445,0.19117513351605397,0.18726315189109596,0.1811449133804486
20_307,0.07784836279394558,0.08200234723932151,0.0768028600099257,0.06478442846910032
20_415,0.20160377061410958,0.21222106173700114,0.2098042524719343,0.172747982429872
20_432,0.18840437981331115,0.1924334662244119,0.18715508787233273,0.1716114712354703
20_503,0.3180614018012026,0.3031438627133305,0.30496074782479243,0.2613883627128805
20_506,0.10294613954984748,0.10811778613116244,0.10873914385657449,0.09630731121668484
20_530,0.1017306633024056,0.10262707746744576,0.0928246884689667,0.07843075077196425
20_99,0.10875549401223401,0.10965730736634652,0.10082499243610626,0.09264547868510085
210_59,0.42779342341514603,0.43808662986917624,0.438554941133258,0.3809974227034673
210_99,0.24131381757115344,0.19977008692516598,0.20628192626899564,0.19537378006501738
211_102,0.6475391476124689,0.6480400960428798,0.6685699602886774,0.5334599330415785
211_132,0.2627500618139269,0.2749709758818753,0.27342107095667445,0.22602266641237875
211_184,0.9813537412239892,1.0639811070268301,1.0847561760994457,0.7522451012377104
211_192,0.1892489995081651,0.18151502757531274,0.17314369983536942,0.1456679066964671
211_200,0.6107034920623778,0.7627095635909767,0.7474299489512378,0.5488312768328791
211_242,0.3103674361858794,0.28062211510586976,0.284646193719372,0.24861676377833422
211_244,0.16833519493794935,0.16758413788750348,0.15314595293543956,0.14005339174085746
211_247,0.14872770459001305,0.15363158618502656,0.13728967850937315,0.12941510877659268
211_250,0.21480786045204048,0.22205757830368497,0.21100440394721004,0.1922484476926024
211_261,0.09779757346454103,0.10401935366420122,0.10489780044860367,0.08553764442890527
211_266,0.22489629086308266,0.220379609200317,0.20423798116402125,0.19029790606646155
211_295,0.2379138171502204,0.23822529384259467,0.23171344497894253,0.20420424749647204
211_300,0.3480042555419237,0.34411379296883493,0.34380654176791947,0.31864937561355816
211_334,0.0895397155201747,0.09437805880472873,0.09690681392978187,0.07895739054920248
211_415,0.48553387041616436,0.5694357053892108,0.538863564781022,0.3792205735818382
211_470,1.1248637580649568,1.2552280884781342,1.3692617662012323,0.7971094429951118
211_513,0.5127870498398677,0.47038161062367956,0.49445716771443465,0.4278502715468611
211_549,1.4298135895595314,1.3317340258572445,1.2943818146735953,1.2294697478114944
211_59,0.6996566991646836,0.689398189661957,0.6630299258608733,0.5288341093242374
211_99,0.1308281939764624,0.13228447842839733,0.12965598751010735,0.12348599717623604
212_102,0.6658654315783173,0.7116768274506966,0.647595313026466,0.5405473371388341
212_108,0.1714809396044599,0.1708746317271156,0.17499805396747822,0.14920031165618733
212_132,0.25978394387071746,0.25224702954102834,0.2554193623083432,0.2252076458656808
212_184,0.441850499615033,0.4912420807095372,0.4227222801521029,0.3730008515939296
212_189,1.254977527018964,1.5528754008020478,1.6089375224623288,0.9699950149382688
212_190,0.5273037457878258,0.4510502084151598,0.43440219067863634,0.4057083147935602
212_277,0.8225570138100076,0.7673779699943664,0.7381409693917786,0.6395330147242654
212_354,0.07634306593800967,0.05667785960523978,0.05899399481394463,0.0
212_376,0.1554751039771542,0.1433894526133589,0.14370921119652805,0.11936268406665307
212_377,0.192041862545732,0.1668357834269206,0.16096945928151873,0.14214701289925977
212_433,0.1440258429373794,0.1458411002285937,0.14268638154703694,0.12900688597282012
212_463,0.12005662289584766,0.09972461124210656,0.09309347129724058,0.07295996328360849
212_470,0.9050681760828662,1.0042014490029425,1.107910829903713,0.6942553838548963
212_560,0.0857527241829849,0.08849842266413128,0.09212219164639286,0.07797849795886692
212_59,0.5784408683500472,0.5596298075881557,0.5912991281517771,0.5340915157881551
212_99,0.17127694266307703,0.1959077733870575,0.15939172339074423,0.13504249033662125
213_104,0.18963712611192637,0.18083199987427365,0.17919546248914103,0.1679661366483686
213_108,0.25638386519813994,0.23666305141867816,0.22598447143515304,0.20542974211206513
213_132,0.26555676076643725,0.2799189885046871,0.2680381710713769,0.2442511604344385
213_167,0.14346905151366926,0.12564106036795855,0.1174640730132295,0.10941451089239476
213_184,0.6888988990613198,0.7074490548259171,0.7436096345441174,0.5380726898415229
213_189,1.8047768806554447,2.2864332751477807,2.1247010771862858,1.435100373407389
213_190,0.6175010813454943,0.6654175202995152,0.6448877918089059,0.47448313004623965
213_23,0.49905698896059114,0.46287853410767116,0.47496410064487304,0.4004313140062604
213_244,0.15346852251180398,0.17617433004376556,0.16031979548527345,0.13404906321270474
213_266,0.11060492633945165,0.10344572827116022,0.09549727325779711,0.07337380720612355
213_415,0.581803834956419,0.539601995987509,0.5285378092254169,0.3822344180078716
213_453,0.15695675840239212,0.16067519362689311,0.16252136603027764,0.12029063314661809
213_470,1.2960163996227558,1.42618418716868,1.5413201599255588,1.0168158039260016
214_277,0.46460747644590383,0.38228824166704384,0.3765203603105462,0.34086376093237664
214_415,0.5377631517373803,0.6863130321130532,0.6173854366037519,0.40518807420553826
214_59,0.43566785322933665,0.44210999758036434,0.45425554031965415,0.40414803177079717
214_99,0.20328611203446761,0.21004462721218028,0.2070036939436734,0.1736697788016679
215_104,0.22470393243272713,0.21638680133931448,0.2160267816815316,0.2078139306572143
215_108,0.2463115825734925,0.2770095622304688,0.2483420501195918,0.20513790339811663
215_132,0.28968392119597786,0.27433410702245625,0.28227530035158765,0.2553759986659914
215_156,0.6000726556346274,0.5989275666695567,0.5762118407516791,0.5154620146327812
215_159,0.0965459162977164,0.07433239307741829,0.08143198495140486,0.054197919565753705
215_167,0.14496794961237955,0.12358232615217427,0.11994041002790509,0.11752254624823934
215_184,0.5936330231487175,0.5169247364198992,0.7355156932357381,0.4628889789337191
215_204,0.15106240217241151,0.15386193133197296,0.14672994401335826,0.13712906605077935
215_244,0.16432580762845328,0.18770976933204517,0.17350259659829448,0.14403272134344744
215_247,0.1530016754041086,0.1423932046626535,0.15203686076318831,0.1291339053161104
215_266,0.09096166566995875,0.07371893492507771,0.07636609164385465,0.04729108659242005
215_277,0.5194285421463564,0.5193547550654318,0.5115089957079176,0.4742523446113872
215_295,0.12333768542230045,0.12240930699126817,0.11669688967907371,0.10547270243734455
215_329,0.16035875061129604,0.15565417423740094,0.1582186087952903,0.1360243970534595
215_377,0.19541982399253624,0.19228928852050192,0.21729547494277388,0.14151192902052923
215_415,0.4883122184140226,0.49696118023646363,0.43007732411241284,0.33760200447659033
215_433,0.10076896705292367,0.09405674605495178,0.0970470129530531,0.08735795588795058
215_463,0.1166953394438601,0.0932638558126896,0.09956952239092492,0.06649815700092052
215_470,0.9973747399471207,0.9931338870573835,1.162026819577714,0.7944195052058525
215_501,0.12053765614146109,0.08863798901740459,0.08433073387035615,0.05235668861873718
215_530,0.09061446242094179,0.09146457938225634,0.07146091563221896,0.06237563836662533
215_59,0.7536246224451659,0.7660374621353787,0.804370066310873,0.6257496914878159
215_60,0.35242564784359903,0.3743743487481103,0.34197489648136165,0.3176885359676861
216_132,0.18536392805054414,0.18736126648593032,0.18624367207812453,0.17146465957524815
216_155,0.09719741429518032,0.10012699241999232,0.09167781864171919,0.0820127305001767
216_261,0.07137658194605355,0.06418488217311297,0.06371695911293791,0.053460204837371454
216_470,0.7954524489250548,0.9143181891370453,0.9522059899783487,0.6350428822683113
216_503,0.463982233197847,0.47540567227399794,0.4808089672292481,0.39332330841903573
216_99,0.16162193739689534,0.17586516422442194,0.15865622016898684,0.1478661604483512
217_132,0.17236417616730518,0.16262482461149952,0.16121293987022556,0.15395934673257416
217_154,0.15699219262796205,0.16807051211063231,0.16232934675268662,0.1505028279444771
217_155,0.09719116133745248,0.10217660339321663,0.09617687159805728,0.0853414704237636
217_244,0.08427269569924994,0.08537001230637212,0.08884163859514942,0.0789727034563334
217_261,0.07188174961634262,0.07037703476262662,0.06266137040905109,0.055944261613359636
217_503,0.4157311818542667,0.453330127256101,0.40154162852108405,0.35555749509211576
217_99,0.1314946557807914,0.12776485711770938,0.11488036779795127,0.1048209748991433
218_132,0.2070992340511223,0.20636981000335355,0.21457343163328388,0.17796705495067344
218_154,0.1782954840324792,0.17686996443468694,0.1747289983030376,0.1514573378034821
218_242,0.2105841682881109,0.22088295764851942,0.2057143267970606,0.17686615003575587
218_246,0.10837575627102952,0.11184604449543817,0.10730309075134133,0.09573109218003206
218_261,0.07076790830176789,0.06507219921261859,0.05713891883742392,0.048107637578923
218_315,0.15028193097382064,0.16275439659124252,0.1485817012191415,0.11367518412859824
218_432,0.1858291201308367,0.16434786565972553,0.17080727840930232,0.1430762536984037
219_200,0.3815122998042173,0.42876910949728625,0.4728597598729286,0.3086321572946609
219_244,0.08319580523258223,0.08532100971088674,0.08675282653443148,0.07036876771653795
219_458,0.10101744946278521,0.10104159018943523,0.09267051959708823,0.07517568287093336
219_99,0.10592304645003503,0.10390056185969737,0.09674278708450006,0.06973017668509124
21_155,0.12683506693149993,0.11943760397404642,0.11424099113390823,0.1067735914891258
21_156,0.32439734209340865,0.32931248124396095,0.3316370956973684,0.2519027280712042
21_229,0.1459192532311016,0.15412434176764167,0.1284812313256636,0.10669839042526712
21_242,0.20865845103550967,0.19150433729478955,0.19583102880287434,0.1785402898491104
21_244,0.16493217337182092,0.1512624460518883,0.1551781630088028,0.140917982584368
21_246,0.356280758252917,0.373805150987154,0.3776574300338693,0.30985221295622845
21_261,0.1472360398568747,0.13714124467904168,0.12966778903559614,0.11129453191679232
21_413,0.19631090961025616,0.19129171304869746,0.18335402130251985,0.17570262667071637
21_415,0.4820116370578968,0.49501821060005036,0.5219536801283143,0.4221381485015518
21_432,0.12609408298640126,0.13747839738387618,0.13045351436872477,0.11121488936746039
21_503,1.0063585103956578,1.157614618289657,1.0501306747889272,0.6099189681422835
21_506,0.26489021506823957,0.23958723619414002,0.2468640461102082,0.2183629396184883
21_530,0.08669408443265986,0.1056630709171387,0.08987586268428088,0.052105964920804576
21_536,0.32196283141466214,0.3077373432110537,0.300643924138558,0.2586340642462351
220_102,0.6431669970280439,0.7007011422875119,0.6557109006586015,0.5579012593139848
220_154,0.2066443744044101,0.20777946309405795,0.18708778913166524,0.15566950858304227
220_167,0.1341282410256209,0.1053880274302038,0.10356449149964801,0.09018423071530854
220_184,0.7986166719770385,0.7077939090295304,0.7933399051781579,0.6276561364622204
220_266,0.11217546278223264,0.08048542809102761,0.09609957958708158,0.05663698942572989
220_277,0.48519892947306725,0.5094385614963965,0.49148294313788327,0.4108101271761339
220_295,0.24576839713163856,0.2165988052633269,0.2295300201514196,0.19292376912094678
220_415,0.5595362253597245,0.5197321420220462,0.5048443886750352,0.3873706485554159
220_470,1.0155546856265945,1.067072586163803,1.0556085536675481,0.8715811369420557
220_59,0.7389355300711107,0.7564246231305871,0.7573272724545325,0.6838376435293192
221_102,0.36769120585376347,0.38442849817756475,0.39696587241492043,0.32831150636901496
221_156,0.26801657817956204,0.25612174203400206,0.25802660843668207,0.2429622014335373
221_244,0.20944042068969373,0.21843266259710295,0.21778759193069236,0.1903762897839477
221_247,0.19843720396142966,0.17772436377242287,0.1684956193139219,0.1648152433419023
221_261,0.11999532343056216,0.11819888621946692,0.1222087398397671,0.10215774945067126
221_300,0.4881756654598053,0.4710775548773634,0.47695721139319985,0.4235030674025804
221_415,0.4484310689330071,0.41347500065125337,0.42382958326394155,0.3438265311507142
221_506,0.10761744806233585,0.10838788020020806,0.10476559335632103,0.09860151945644348
221_59,0.25682982745260224,0.2698699238151648,0.25778901522298703,0.22906242397264565
221_99,0.16021647897541672,0.16074837147324597,0.1619707299243485,0.15348440412793896
223_108,0.2655100244152692,0.2384967958898513,0.2304274993354944,0.21387236666330497
223_124,0.2855161460100815,0.3123658038467182,0.3023339054822705,0.2650922051195223
223_128,0.2717845096899764,0.2516728119032164,0.23761648311654904,0.2162239699615098
223_132,0.21271138961631988,0.22391050207163798,0.22734614800762934,0.19597002145571232
223_148,0.22882475479968908,0.24231800615080878,0.2313154423753178,0.19992164038806484
223_150,0.3313656019631013,0.3158096884703158,0.3046994633332861,0.24846529063627878
223_152,0.16535010545333148,0.18053351997584322,0.15844011476608152,0.10883323272089496
223_156,0.33142211256047627,0.3208196559058362,0.2971114856872832,0.27693169302926796
223_159,0.13838833551408167,0.10478706476252682,0.10383930584953038,0.08526458673682284
223_160,0.11745335126775308,0.11739487566450875,0.12241559425599736,0.09649459471909243
223_167,0.2947152125181664,0.2716933063146644,0.2814441020952482,0.25938197584418515
223_184,0.5426853047242016,0.7018904235731366,0.5579386691497805,0.4174701357959141
223_189,1.752021910960966,1.7609088732389164,1.7376709148573466,1.5736471072277096
223_202,0.11259447109704326,0.14088874601336931,0.14930796430705404,0.055989703960582116
223_209,0.12235941705568752,0.11025003647850672,0.11263462542710527,0.07777420326946188
223_214,0.18662830774254127,0.16486593933613958,0.173364653560671,0.11942178041288626
223_242,0.12884094229737889,0.11355056344583521,0.11789233861332181,0.10747293777925179
223_244,0.20000913717292582,0.19014646989301237,0.19329601997184173,0.17997479562509863
223_266,0.15145375503169836,0.13853415392332924,0.14651573453309585,0.10444628351538714
223_277,0.5402251028265562,0.5249948720537503,0.5313243504676662,0.4052688622604892
223_295,0.1400207849770746,0.1479467416099181,0.14472792685702376,0.1129427884263467
223_342,0.14510658783372066,0.13865196525358228,0.1373254209105339,0.12919966877895628
223_415,0.22238001228661952,0.24421817178679442,0.23676867926246004,0.16533636791971637
223_433,0.35497748287806846,0.34389677421907444,0.3492623273921523,0.3180183497329898
223_463,0.11202822655785567,0.09681553251377774,0.07662670866621848,0.052456321509943706
223_470,1.2444584157408864,1.3623350800453127,1.3397652801451247,1.081133040698609
223_510,0.45517087302384396,0.4635581670731711,0.471186957510892,0.420049764475147
223_513,0.5020485134525388,0.5410575834032832,0.5391727593163002,0.4563066146549559
223_554,0.7435206615618393,0.6687801020820096,0.6989096884825494,0.5650994989701151
224_167,0.09957406378121718,0.08266036070950455,0.07524111281452531,0.06522933931810053
224_277,0.38571306751995493,0.3916003115481266,0.38390666712195,0.32628955329757714
224_415,0.49820120516886884,0.5274833062852096,0.49390054536148553,0.35700624914527584
224_470,0.6160705685701491,0.6245746903692567,0.590781666949554,0.44064900664304035
224_59,0.5349348598175714,0.5415365832049671,0.5535252974909841,0.502518963062232
224_99,0.14466763761682777,0.13890770924268336,0.13717112653410568,0.12102739641986217
225_102,0.7723923389250507,0.803227243714122,0.8180981718457899,0.7218476343819237
225_167,0.1866288191422098,0.16789423141543577,0.15982364432312962,0.155254418678361
225_184,0.8879795456667525,0.9199242211971299,0.9744663110675577,0.672526071118266
225_200,0.5728483415712994,0.6833423981801061,0.6492709886023067,0.4775916871287842
225_266,0.18462588698585228,0.16694211832531092,0.1807294740183832,0.12680494656190458
225_277,0.9509006690949082,0.8314158348249435,0.8313684380382081,0.7646873940057628
225_300,0.19277948359947675,0.1898631821203154,0.18934182938303412,0.1789087266918278
225_415,0.40116176633962153,0.4355634200072577,0.4162733575797462,0.31333422321151105
225_463,0.16052982070638122,0.1389843204170509,0.12192767568926917,0.08517885797936454
225_470,1.061474597585577,1.1699575751834368,1.1528212543427434,0.85078904750308
225_59,0.704214858381437,0.6165013077742333,0.6048142439823654,0.5778689292283771
225_99,0.14770794833030992,0.14726979131389234,0.14368176804174596,0.12768326706091454
226_192,0.24407866657780916,0.2752548086084241,0.25710030233587555,0.200891130682528
226_277,0.7058166005026968,0.6656294689722819,0.6721166969395129,0.6374422566607312
226_379,0.3000587496821511,0.2922854900593593,0.28094069186316045,0.2091011060900623
226_415,1.4070073844148034,1.3309615253914144,1.3161979915833488,0.9330756075424824
226_470,0.7264583392508177,0.7462564425214824,0.7854351141203672,0.5163145093825457
226_59,0.9900490734652289,0.9481555864276419,0.9365172624377919,0.7452934991812366
226_99,0.266411531161695,0.2688820615828923,0.2834421090801851,0.21980837156532604
227_102,0.5687368211979952,0.5602761509110693,0.5077666807130847,0.4416790060490511
227_104,0.25345196817155047,0.2503138608233677,0.2481411189566051,0.22190479762123377
227_122,0.5737853208801756,0.45362231104622897,0.42875237753892737,0.39779192978812933
227_132,0.20203435122100555,0.20107600902740927,0.199002788078107,0.1807662035760309
227_190,0.8224284093794414,0.7469381280252212,0.7319965226726691,0.6878143730405228
227_266,0.1082673734001998,0.09919145864015895,0.10674868472032475,0.06774173713808501
227_277,0.8058094761768448,0.736279951482424,0.7660040508328971,0.5859022430535629
227_295,0.17091188837102103,0.1620020656193725,0.17339458973348112,0.141336995593757
227_377,0.2292635839526482,0.21518216525392508,0.21576395091014297,0.17794187854111368
227_415,0.4655940648900784,0.4986876209797029,0.47863045044035146,0.36029596784542145
227_463,0.09928418869850064,0.08575677212877815,0.0610998516599767,0.04265177045774531
227_506,0.19442078553528927,0.2166448436537942,0.21721417924006003,0.17929948993554776
227_513,0.2568987320783285,0.2632292226230458,0.24787051489516326,0.2262522390062207
227_59,0.7385867725113829,0.6683801667482332,0.6982018123107978,0.6605400894135199
227_99,0.2528222389906053,0.2302842771203385,0.23569657954542722,0.2160464003834529
228_132,0.14707418916549753,0.1411295072305942,0.13237936292819902,0.1216588021722535
228_277,0.4209289389002715,0.3830885718168259,0.36578112415328806,0.33882983244174636
228_415,0.8541886559748098,0.759833903563033,0.7523791596025666,0.5549397718448176
228_59,0.9422754659984458,0.9734507959363708,0.9838022480356277,0.7535171127976605
229_132,0.18049803454831514,0.1756798680587094,0.1886423781543979,0.1687255914181071
229_242,0.20756109471150655,0.20783351027468702,0.20083000567946768,0.1910827260785486
229_244,0.11887488901868945,0.12216558689391784,0.12227246545033431,0.10779910561768245
229_261,0.05609858930875774,0.05509712899983091,0.05178438126861071,0.048424271734981025
229_315,0.11126106871302037,0.1121675377877864,0.12281551442041831,0.07571589876622288
229_432,0.174647527673208,0.16137540862918764,0.15210819067656456,0.14416452269752045
229_470,0.9019120934956563,0.9843452802832606,0.9525500904593586,0.7301762155306151
229_503,0.489074752114404,0.5793408168837042,0.48819300216389766,0.4223370631780973
229_534,0.20132944206289502,0.20717552512584092,0.202873258778323,0.18912805655969406
229_99,0.1148231696774955,0.1076514702402617,0.1055460610370284,0.09929676414382903
22_154,0.25182059811699303,0.2707925897598946,0.2541917060579666,0.22489501720499083
22_155,0.10043836830809282,0.101662439848929,0.10153522582737312,0.09361074471441583
22_156,0.24982176534256478,0.25786411994294167,0.2504021803968278,0.2369231873023542
22_229,0.12129978025454559,0.13142190606880122,0.11448768618701582,0.0795702750782415
22_244,0.2596112366034119,0.23506285459239606,0.22568662568165287,0.19994271880928677
22_246,0.18340253273170712,0.1872551963359495,0.1819361140992256,0.14958146096731928
22_261,0.15344516794714613,0.1375987469075001,0.12625700559462677,0.11599190803187394
22_277,0.25158511713949594,0.27984859522176536,0.34559591538415957,0.20922024291347777
22_334,0.07524731019599905,0.07835573195439707,0.08293869271122485,0.06442413247550065
22_415,0.4837230182344308,0.5391706499741101,0.5335428100667402,0.42464411875859653
22_432,0.1282213626142714,0.11876958380982039,0.11126313891877047,0.10523294900167512
22_470,0.29743329645222016,0.30929486880121176,0.33267366678270055,0.2133845674323187
22_503,0.7127174994062626,0.8046710913153428,0.7279810995977838,0.5304622870906164
22_506,0.18855719046076538,0.19787253502035876,0.19121723555548692,0.17922028582562446
22_530,0.07984146170921289,0.08521426359761194,0.0767845456535792,0.05659316683087528
230_132,0.1427948250583223,0.14521966083436194,0.15636516742975087,0.13472051624331438
230_155,0.09113484648011237,0.09224017276560173,0.09107184159305208,0.08411846390280807
230_156,0.24056049742735242,0.2437976539169568,0.23148719617985197,0.20942043600069912
230_243,0.11527388366507324,0.11544319989211489,0.10970241023117176,0.09765302132536136
230_315,0.16691489385832212,0.17379554655708873,0.15470336187717879,0.13885123455098347
230_433,0.07690989573667986,0.06638345055446888,0.06417978999750905,0.05799051552161916
230_470,1.3810604383815202,1.3861223975185433,1.4098868144223675,1.1759449661249226
230_501,0.9733645452135554,1.0393250580007811,0.9685435743832979,0.8853077505340137
230_503,0.43390836753829476,0.4611034024248118,0.43357143312962004,0.3571265047109097
230_530,0.11514342570612768,0.12663063773910524,0.10681346831278948,0.08942478270547244
230_534,0.33443955627490546,0.33073854259083585,0.31187690336572044,0.2945821974794831
230_99,0.15390962298712582,0.15077119017542165,0.15957973966181446,0.1329454004691067
231_132,0.1256938750861497,0.1274111808978242,0.1324287116947601,0.10931437680463715
231_154,0.15333365353459869,0.15266533929501594,0.15310514734921185,0.12845520827492807
231_155,0.10419360469030889,0.10233470094042646,0.10411716970406605,0.09082145639753092
231_470,0.5204930062486345,0.49131641943623117,0.4924826864814416,0.40157204708650546
231_503,0.40194024550367274,0.4029687278331691,0.3940617713155175,0.29796794480130484
231_99,0.1142259135299583,0.12112343854069982,0.1143396844873221,0.0930118720384992
232_102,0.7557150924814183,0.7822681576678436,0.7526750336791209,0.6436178643575077
232_132,0.38828587369083833,0.3961883767424729,0.3946428433219349,0.3430449158126163
232_184,0.5078763578294443,0.4766628938357369,0.4607640934035324,0.39802188975154346
232_192,0.2281849979107452,0.2184908605785202,0.21828814904318775,0.19261517405039622
232_200,0.5863147374525586,0.7183285185914292,0.670009790975079,0.47118714401746725
232_266,0.07748683397979053,0.07052975170315563,0.07495268241007003,0.03787142981923501
232_313,0.19923901529819718,0.18717366699227908,0.18127588064679473,0.16592107487928964
232_470,0.8039014305869397,0.8728246506008002,0.8270074038591575,0.6711363222309364
232_506,0.29636767297192423,0.27222095019136827,0.27796840128346545,0.24210096511943055
232_59,0.5544518235109632,0.5713705398489093,0.5531603259093573,0.4468427164996357
232_79,0.11367895715124843,0.09272196171228489,0.08530172655390951,0.07694569112649458
232_99,0.12565873136780792,0.13317840644401993,0.11748813588129374,0.10841342129960052
233_132,0.18479447117230388,0.18298647133139168,0.1873720002408165,0.171571577347633
233_154,0.19264803949483422,0.19427502050938644,0.19267514990385942,0.18258674549342285
233_155,0.1438562163848454,0.13841900490360065,0.13491634156663623,0.11955254318130765
233_156,0.4856222892620503,0.4810461421079866,0.48290283909132686,0.4272410239645667
233_242,0.24673305153981742,0.2476806550270187,0.24975286738762076,0.22483227932431527
233_244,0.10050243027245356,0.0971004295475526,0.09662043079912193,0.08978829848697821
233_261,0.06922723358664847,0.07130954889031799,0.0637989036117654,0.060435096839652896
233_295,0.22559205874891194,0.23431542632785174,0.22130347027370156,0.18391090791176343
233_315,0.17117227760034165,0.15863957939261397,0.1698826078870165,0.11755431339995323
233_413,0.08315466299536763,0.08993424854361406,0.07209438306851286,0.0551253728050832
233_432,0.32437114629746716,0.3182343572958154,0.2971107684781913,0.25519020456230035
233_435,0.1453519808303975,0.15297923976620312,0.15180699545709275,0.13350976946806728
233_501,0.6794077965999327,0.6917473761907903,0.660122953970471,0.6352852882744237
233_530,0.08797792548117989,0.0861151981946522,0.08007330854335627,0.06906952949738249
233_99,0.1760900747706303,0.15926643400671286,0.1423222119883378,0.13366677678695527
234_154,0.25584297643820114,0.2713181281162126,0.272489611664108,0.22672458843677645
234_155,0.13804134801781248,0.12642704273435934,0.12419332710612986,0.11829828030595807
234_156,0.39238270898235483,0.35937335156346095,0.3525834716555077,0.3204785050770408
234_242,0.2486741684937241,0.2632030813743796,0.2514862991919196,0.20262994554067412
234_244,0.15168553974548404,0.14351524690736384,0.14766174761578485,0.13095970071828614
234_246,0.19990551070101292,0.20071992309762984,0.21476212401495678,0.16583332360752195
235_154,0.14275310076737893,0.13965826251155405,0.13378232913124838,0.11548111521956707
235_155,0.09490688233542371,0.09323280777278639,0.08634882939695532,0.07845804519421
235_156,0.31237546312793657,0.3166175090652973,0.34116144286501654,0.21874326048258802
235_244,0.0958425692869649,0.0861555180261572,0.08520805816054379,0.07380422341554739
235_246,0.10435517753736427,0.11135784714901689,0.1062236358077244,0.08836859566054298
235_315,0.14556410644179016,0.1474870416888537,0.15640820850965984,0.0983792230704593
235_432,0.1762399432011392,0.15473203900766336,0.14231182006514775,0.131817992030203
235_433,0.09514025391784947,0.09934503577048612,0.09757895925607277,0.08598195702677894
235_530,0.07945228352982625,0.07503039028323458,0.06841252252524396,0.06259001083137465
236_132,0.1501991464105946,0.1460161808203671,0.1490424359890092,0.1363767403501649
236_156,0.4530814883330501,0.42939798513512095,0.4267501276783139,0.4097400212939044
236_157,0.10211378521937842,0.09777962637882297,0.10127172428628393,0.08478366520326157
236_184,0.3796986440045861,0.49526182614590053,0.45528541533717715,0.3145021887724204
236_189,1.047028268768739,1.2302300427920358,1.2581498630581054,0.821245647470426
236_207,0.3996054896890561,0.40940220628095836,0.37985274785598633,0.30866855654236947
236_242,0.1734273391170867,0.1638155463553345,0.15268793768977085,0.1383568564384778
236_243,0.15753493960681947,0.14512984778292481,0.14072542084196368,0.13820605405187197
236_244,0.1148219489834798,0.12266112775528246,0.11991725254923678,0.10857773446137307
236_246,0.09610783564458382,0.0957488231285273,0.09570091416152245,0.09063008632077212
236_315,0.2654168579708564,0.2742771232391611,0.3340487789337027,0.21254815146281877
236_433,0.11481210491004082,0.1327229372051365,0.1145883589944327,0.10347836166019798
236_435,0.16837036440970637,0.1555706399523279,0.15834613198490763,0.14248793354053646
236_501,0.735522520888858,0.8074319024108944,0.7158306682749632,0.5148354481640515
236_503,0.5604480145059251,0.5466727433299934,0.5301226278077755,0.44154345282913243
236_506,0.18680415921451604,0.18683837119251068,0.18288608879697246,0.1643952818301484
236_530,0.1403364840988552,0.16005784176671986,0.14606222323406845,0.1105213429205693
236_99,0.19255894929108916,0.21016918583641694,0.20098655276011212,0.17737561784296185
237_132,0.22631536209446493,0.21626170275483622,0.20980779378185493,0.1812487956025358
237_154,0.12780612218779466,0.13224145611464821,0.12497239435573634,0.12032958117425124
237_155,0.12013244101908747,0.12441830281863199,0.11356049095038603,0.09915190055520014
237_156,0.2838243668191767,0.28668092545845475,0.2603384546720969,0.22875005879452118
237_184,0.281076628056181,0.31204283148652856,0.3861857375597417,0.2449715062950857
237_242,0.24087687598394172,0.23624183669710364,0.2255923205208983,0.20722748448019307
237_243,0.2026525827087392,0.19729689901153843,0.1924103923273398,0.1820757112319919
237_246,0.0888437291865544,0.08378724394165601,0.0804220100378669,0.07525278941178781
237_315,0.17278574555022394,0.1739491982996688,0.17710459078118249,0.11497671206499684
237_432,0.19084506379313468,0.17657761377141837,0.16787915940131726,0.15467528955278154
237_99,0.18579752570019592,0.18173392260035637,0.1811454604448878,0.16764121330739692
238_135,0.3653624515763585,0.3761167551395994,0.36381076132773726,0.31373501340622556
238_154,0.19822607802436523,0.19794829518162008,0.20458585443983907,0.18836716094683406
238_470,0.7965241448486629,0.8249725165548774,0.8278283974628398,0.6725530582544851
238_99,0.15904780735127294,0.15944600517597307,0.157460312493731,0.1303589515439568
239_154,0.20137643453512608,0.21268363935067167,0.19826028184624767,0.1648870682648677
239_155,0.15614823319154175,0.159403260278675,0.1629534341510329,0.14233687525621044
239_200,0.9662292419920444,0.9385549440096662,0.9829723818323551,0.7321642639520716
239_315,0.22359459342817076,0.26250676492514,0.2814940256959187,0.15578723399805683
239_432,0.21309132140596176,0.2121986405280883,0.19928530129153402,0.17706698043674055
239_470,0.8797994580147189,1.086453102850268,0.8550176899022693,0.6128676406757968
239_99,0.20633336208380243,0.19909130200776215,0.1841311990246593,0.17447948829520663
23_155,0.09446540048340582,0.0964753946745495,0.09712169176277509,0.08859862988263384
23_156,0.3498442671290164,0.3473924529342061,0.33317479111774667,0.32564513120797256
23_244,0.18640884216754697,0.2074477608893584,0.18237134032666788,0.15409555396238944
23_246,0.36662388666950346,0.35512015468071945,0.3405637843852662,0.295246376378522
23_261,0.09488818261530302,0.09198182079330848,0.0885423361742986,0.0848206737709052
23_334,0.10594273466031343,0.10784830327761355,0.09998642546905073,0.08921711532172466
23_409,0.3987259768967985,0.4247388980244406,0.39792480893389,0.3511194929384134
23_413,0.28181886655120425,0.22371084598912672,0.23259878504238474,0.1933927135387853
23_415,0.8527221004088807,0.9155799810149728,0.8932388954114169,0.6764087001490052
23_432,0.20656280131978177,0.18792373908321994,0.17391155919618345,0.16707739564235716
23_458,0.18615403656543708,0.1938969358821847,0.17740599514460012,0.16953509488462887
23_503,1.0404777937412892,0.9846928673137979,0.9376916403460211,0.8464865402593394
23_505,0.3326701352947159,0.38116370361049295,0.33546501089387293,0.29065567909347045
23_506,0.2968565675189315,0.30788670129240703,0.3118212045867695,0.28235600143112505
23_530,0.08978005367354876,0.09868811771844992,0.0982481713865428,0.07348475244351393
240_108,0.31816331126903025,0.3226013204526546,0.32622012436870595,0.28864329702208985
240_124,0.17682555766899521,0.1753578811152446,0.17112549473388144,0.14639433573901717
240_132,0.20503095257824222,0.19418297669261414,0.19451152187733436,0.18185075418395186
240_150,0.2781540575107012,0.28933086355454396,0.2813455062602157,0.22951533696472387
240_167,0.16223501155208425,0.1539481768333351,0.1357863527715109,0.12275875820427049
240_184,0.6573321917152632,0.6054311646563613,0.6991335932725298,0.5070586430914128
240_190,0.6201811746908832,0.5188051810438945,0.519810389172051,0.478078062081434
240_277,0.663337815557172,0.6556856773968369,0.6231352554538567,0.4927725345347904
240_354,0.07634306593800967,0.023035234861899685,0.018227434307598347,0.0
240_376,0.13168501358032533,0.12403010011619692,0.11163986910196794,0.0914592452870834
240_415,0.3915363583447096,0.39583166962694133,0.3876561136419312,0.2944113695218422
240_463,0.14652918859589334,0.14120962376949678,0.12608660628734947,0.0716606436000134
240_470,1.058907566386183,1.2262066031642604,1.2892666316481705,0.6635691431904136
240_554,0.793652626484688,0.7450131506488866,0.7073673859456507,0.675749530667775
240_59,0.6956171920550078,0.6984150817052547,0.7374086407602822,0.6545471012478462
240_99,0.1686155559584949,0.1568716671029433,0.1591396162570579,0.1480568569666055
241_155,0.17719152000969499,0.17704431770451828,0.16310618585146058,0.15349255665339012
241_156,0.35678591656274833,0.4158068856266673,0.427054192752856,0.25795592995455174
241_242,0.2698464353339317,0.24072740708365833,0.24547392497092005,0.18845573673354157
241_244,0.13575970365255524,0.12164888868943863,0.12228451322505417,0.11090332179619274
241_258,0.3187185916977407,0.3178056232296187,0.30339208789224714,0.26372405600096355
241_315,0.20200491535060003,0.23356862832198036,0.2623613339613182,0.1338669976145672
241_470,0.9724380793679431,1.064657038490242,1.0131640088365623,0.7812908785361942
241_99,0.17821542578690497,0.17506513141688457,0.1733363945097895,0.15593438854039685
242_117,0.13725398904882116,0.13617584671327324,0.1310579630602525,0.1206719947257861
242_132,0.2469524073165982,0.24366143409118862,0.24061543372655547,0.22755348878783416
242_295,0.1098926048844403,0.10584779281445597,0.10519688418875801,0.08524392675090381
242_415,0.3122653297090093,0.34957067392439495,0.2995541721896497,0.24915263043795355
242_463,0.10715609217345623,0.08718199262192755,0.07452853802854727,0.054122431903451645
242_470,0.5511693502733304,0.6645164987112279,0.6238936493332178,0.4107508938074884
242_506,0.1890494315903652,0.177845898142711,0.18016119720887336,0.16615314014234323
242_513,0.2534926320943151,0.25678319999457055,0.26750543465249577,0.23470591662708035
242_554,0.44369984192633805,0.418146936939804,0.4016815309924132,0.3904342442900004
242_59,0.9072343348319337,0.8601063741197007,0.8737611601938463,0.8512442680493957
242_99,0.22914710829882023,0.2106549356431143,0.22882869953579876,0.20014894180183346
243_156,0.36338557616410533,0.35042394182591097,0.34970897603233,0.31183265881842176
243_167,0.07225791106491274,0.07289759389820695,0.052852925734811804,0.036530822951392886
243_184,0.45974814731624863,0.49360166035446906,0.5828056702821184,0.35129662583386995
243_242,0.37185862548363785,0.3759511826058914,0.37020092868462046,0.29406092100069825
243_277,0.4575911788135735,0.4099094171348657,0.361262809535896,0.33975216366506694
243_415,0.5692529691906426,0.5658852764201219,0.5222044463617493,0.41095861571588105
243_470,0.4891312267089833,0.6606248714082352,0.5967319638562114,0.31114424081779374
243_501,0.11270580899912454,0.09344590998709197,0.08094749952492743,0.05175274642662206
243_59,0.496220991883099,0.48734922949957143,0.4914264856106565,0.4650207255886592
244_132,0.26289181598456307,0.25644746496775983,0.24978668589943792,0.22236505422232022
244_184,0.37782816681095477,0.48368641995790995,0.42340089365491285,0.3203670510228843
244_242,0.3223085809237381,0.3471798024252425,0.3104993609172851,0.27629782575679407
244_244,0.1955463000840719,0.19457967892884298,0.18834855441243514,0.17180911885436076
244_261,0.09972206018579853,0.09311461718997364,0.09048688725309736,0.06987158847580016
244_470,0.7700643417372429,0.8523158938963635,0.8677299000586924,0.6429536649504314
244_59,0.7216895524559067,0.7770147142964446,0.8652512673644208,0.6473951626050233
245_102,0.5819035500060559,0.5712796078373813,0.5818937884272685,0.47826397923666725
245_132,0.18441376326432404,0.17403738594320992,0.174113482777346,0.15629057499058197
245_156,0.3737529569428297,0.3819957888774071,0.35762512759762427,0.3040806930924695
245_184,0.5516569608563029,0.5967981807895089,0.6197496585195021,0.4149499757557502
245_200,0.4242681197488741,0.4985330917090293,0.49620598367080543,0.3394004308684164
245_244,0.11633668980165718,0.12246650435635924,0.1204596168368666,0.10811656460922603
245_247,0.1430483683452763,0.1468166792025866,0.1369928276117365,0.1292522315474833
245_266,0.14577245513315196,0.1410527247517199,0.14621997430090275,0.10375161978416174
245_415,0.8647531198068935,0.7540902574000582,0.8141383830264357,0.5914220506307049
245_470,0.6794739681541393,0.7957271540363877,0.7248307621318628,0.43875032862946267
245_99,0.1092679032020726,0.11538460916075932,0.0974607706381327,0.08635194000530036
246_10,5.367370590717288,4.760203031096722,6.377261661609206,4.256668154412793
246_108,0.2413233516140641,0.2861659463672527,0.25551863416633697,0.17382687833151156
246_128,0.21309067621685063,0.21126296385156995,0.22176356079847198,0.1923615815727348
246_15,0.32130127400647157,0.31810790890865953,0.2875730918634353,0.2688150162049194
246_150,0.25762859684887623,0.2670212872823154,0.2598412748647606,0.20370770670123853
246_159,0.11470990922402129,0.10239119998845148,0.0880003204338165,0.0637631991839383
246_160,0.10663717039534482,0.11826523697044197,0.11647562172240916,0.09345434520594581
246_167,0.28188959030221955,0.25293747259540866,0.2534668474621509,0.24482983080540396
246_184,0.6778793967406046,0.5630300284606735,0.7582450626796645,0.4809328306860096
246_189,4.2907904351910755,4.795483058749307,4.555010627541716,3.4434739369762797
246_190,0.6228974338643193,0.6770904774750668,0.6591522690420855,0.4329322343016081
246_202,0.11217537857847876,0.1550729987130464,0.14135686877140075,0.0332764330784238
246_209,0.10290455812803737,0.08442963886458227,0.08621654522631478,0.058273886170789685
246_244,0.13700460588896562,0.16078674638904872,0.14996581275618687,0.11382239969682065
246_247,0.12688422456145101,0.1271493368926913,0.10993367036427824,0.10209924002884627
246_266,0.1992167735407326,0.15954602843456428,0.15982393829626335,0.1498379097145665
246_277,0.5361113503624515,0.47905025117654976,0.45922247320093074,0.40163144369069775
246_304,8.427250925909265,8.151545137854221,7.948625274473778,7.119117049309447
246_376,0.17348760776125988,0.2383757922869771,0.21636842320545271,0.11403870365241195
246_433,0.26264325349647133,0.2459318428525954,0.23440924845122313,0.2234591455189116
246_439,0.7623160512560869,0.6441706758400944,0.6846085384878307,0.5477777238102284
246_470,0.9025036790664129,0.9583844356397733,0.9754905415961836,0.7941644990943808
246_501,0.14877050852554968,0.12198173668550999,0.12992062887290823,0.08956211836202983
246_548,0.17784794685232844,0.15954430262586417,0.16704577926006745,0.13118083224559932
246_554,0.47159253838683163,0.40482084804155094,0.48219960837584414,0.3840453079452621
246_564,0.11815163387647293,0.12315736702945035,0.12072555063328247,0.10426629892305322
246_59,0.5426520218334723,0.5517368666220568,0.5775253356255493,0.47793584823690116
247_102,0.7913369340191507,0.8106262868973997,0.7899714168801458,0.650559918060865
247_108,0.38763864533907816,0.37802584614519735,0.4001154524315209,0.3299638108126744
247_132,0.3685074570643636,0.37188272369131836,0.369530635325966,0.3445546640950003
247_184,0.6575184443001711,0.6364259106284295,0.6457388181278166,0.5311996058222773
247_200,0.4507123964092466,0.5647783180752377,0.5075979148229726,0.38137714728601535
247_208,0.26588436621418987,0.1963941790824897,0.24620744118862112,0.17779561871487512
247_242,0.14629048975786663,0.14178891725853504,0.14059764523499352,0.12247923298283792
247_246,0.2910484412374647,0.30287129721187084,0.303815450643396,0.2554734018960294
247_415,0.6131679462603222,0.5013125585928592,0.5108786586071028,0.392229633570194
247_470,0.5518453459442977,0.6525102264935451,0.63437258851755,0.4634518280700461
247_59,0.5477892627462014,0.5465036172803801,0.5205836680849053,0.4430974955752969
247_99,0.1311937736288731,0.1363121952551128,0.1325317575268144,0.11934467611020017
248_102,0.9093759468863963,1.0470543167026833,0.9570109183251042,0.8141638078991105
248_108,0.6347633522568132,0.5760823972600942,0.59713806054815,0.5510765256370385
248_132,0.39957386050484106,0.39100419881619836,0.3883463419381339,0.3025166807861519
248_150,0.22483264372535272,0.23858228681288932,0.23453543764325924,0.17923431685977528
248_167,0.31193025144929454,0.281691109912039,0.27588193841716585,0.258407666743481
248_184,0.7182362860455701,0.7814693960669941,0.7869633242135641,0.6491218460952984
248_200,0.5142104895472133,0.6036345415749566,0.5242392370938206,0.4229219306219432
248_247,0.20643180895413465,0.2031789542763497,0.20145877367397771,0.18411733501153715
248_377,0.18034215891775435,0.1586701246055133,0.1506182729245219,0.13356510203551267
248_415,0.684995880170261,0.6983229087715694,0.6373949883421419,0.5053314132101727
248_470,0.9421479882080673,1.0606249451699492,1.051715868932577,0.7104528599683164
248_501,0.11346543419046738,0.0888311797219273,0.09012756867579412,0.05790795169880711
248_506,0.24873350067177155,0.2896644550570273,0.24826437938089688,0.2203897518761531
248_59,0.7293386346974461,0.7367321607350639,0.7186849720685857,0.619989723503233
248_99,0.15751199911480365,0.16726504138769138,0.1644365419532473,0.14323016742464334
249_104,0.16307101971859445,0.16605768800744172,0.16432385749858364,0.15271199142587408
249_189,1.3177652693254938,1.7981242025130457,1.7240566427414925,0.9479358027255371
249_277,0.5708342833569406,0.57119639925569,0.591725431165115,0.4555619464214869
249_415,0.4397881735721543,0.5365709628220796,0.4780228574823783,0.3180213465414951
249_506,0.2038728007445435,0.1921305942801689,0.20778289784257667,0.16878043985963417
249_513,0.22634550864032826,0.24901905308068978,0.24105355151630692,0.19386313192843113
249_59,0.8728204380252798,0.8400268834519448,0.8588680587403045,0.8261853415740412
249_62,0.38889374949133204,0.36615779386323966,0.3535880968706555,0.2640530493288217
249_99,0.24182046736407387,0.22828798946100914,0.23488420929485165,0.21562292644298417
24_190,0.39935837493545673,0.45578727421600046,0.4136839457389227,0.32947350071020953
24_277,0.23406513152456387,0.24799995719271603,0.24078662158142347,0.1935804025273576
24_463,0.09589528455105177,0.07093682028715124,0.05210959606137895,0.031635725703410944
24_554,0.20777076347978773,0.20849155109232134,0.2163207986564367,0.20087260105142343
24_59,0.3468114848722593,0.3363351892584917,0.3166630274600396,0.2827343302147646
24_99,0.09371531923484958,0.10006954893203175,0.09554447350770767,0.08126713093203129
250_192,0.15877201104119315,0.14801260955400963,0.14646835401641556,0.13507832056921343
250_200,0.37052788336496145,0.40613653429974067,0.43115907864458614,0.33703357808689105
250_377,0.18508332384220408,0.16319173964297476,0.1563503515951401,0.1270356416375385
250_415,0.29264634164232484,0.34579689424514415,0.31276393780766154,0.2334047860281744
250_470,0.4415450822560234,0.5166007165063908,0.4828699320191542,0.3530285395064111
250_488,0.20931657089994077,0.20606502428372042,0.20843827550336672,0.18389431245473128
250_59,0.403104378524594,0.39540439476223055,0.38386641179951586,0.36414555975086876
250_99,0.10615540742675951,0.11746367831636981,0.10976188905864438,0.09765865704184479
251_117,0.1360006601123688,0.13829891807910177,0.14159719747724134,0.12716121765373226
251_415,0.6227018233895738,0.6420771921986463,0.6014572188825855,0.4519775633678105
251_59,0.6073790038037995,0.5558611753496434,0.5731217791358854,0.5440940294582537
251_99,0.22530771361745985,0.2202896285123213,0.22968982517977554,0.20980180232033405
252_102,0.6570989978196995,0.6823948832232171,0.6779475754377472,0.6207396143511986
252_104,0.2025696523744757,0.1765508991546871,0.17674357433855314,0.16232984438031084
252_132,0.25115957135822026,0.2602978461076264,0.25779000352583153,0.22509412396982567
252_167,0.12500231327220548,0.10343172043411751,0.08919612556940018,0.0834098749032237
252_184,0.5549425736567258,0.5401543034952176,0.8010061944750256,0.40940302435390946
252_192,0.28185252377269776,0.2928217668323674,0.2884179256835633,0.25651337034185395
252_266,0.09845584100941043,0.09159292319690969,0.09266533596482007,0.06361084599336533
252_295,0.1601818144372049,0.1580314184873811,0.15236140173754198,0.12572270242394512
252_379,0.28324891979004524,0.2827788869020573,0.27988712812760924,0.2213296178069599
252_415,0.4451741994894276,0.4246623517156393,0.4125162441017608,0.32016908562347757
252_470,0.7480627702870769,0.8814126689506626,0.8520472376370032,0.6137320667572088
252_59,0.5353233989841204,0.5333026564070246,0.5379949217446967,0.42463504069056757
252_99,0.16452748138161455,0.1590359659577482,0.1483543376453552,0.13268070081440436
253_108,0.5650905823292249,0.5605788792628515,0.5784108999282116,0.4967754732148384
253_132,0.3092174381322257,0.30663259913091157,0.31521828581274924,0.2810890866744013
253_155,0.2235456140950834,0.24573101298888883,0.2559346498515232,0.19630345868621357
253_190,1.0902957942738052,1.1535350151212909,1.0029097877455129,0.8018604468424907
253_199,0.3295416104405179,0.33021555741320896,0.3494497051599693,0.29021553165439135
253_200,0.8117514853776805,1.031950682739815,0.9929919339050107,0.6989725655082323
253_277,0.613384162872213,0.5715519466153308,0.5830479867915466,0.48501772325235887
253_313,0.20595496964850613,0.2271978089645259,0.20487353030059433,0.18066526089930338
253_329,0.2404913991925636,0.24043033404714567,0.2945824716532834,0.21894752859330538
253_377,0.15369807341860786,0.14542996793292906,0.1554213190192717,0.1088510478302524
253_415,1.3403783478159201,1.2628091383086415,1.7044639400831816,0.8233503925013371
253_463,0.20996207835105696,0.2128689083636165,0.23272091161450023,0.14100572639418912
253_470,0.46200603601074364,0.5640132258397386,0.5073212095828896,0.3274924128438548
253_506,0.19428226054303038,0.19209435088836654,0.19626554166143698,0.17519201368025628
253_554,0.6509195916756514,0.6579505513392659,0.6154965727044078,0.5325846887221221
253_59,0.99714984723211,0.9729362584855905,0.9273282810231892,0.8011544394488009
253_99,0.7401819511462918,0.6568544573852823,0.7547067853788202,0.5635953707011659
254_102,0.7483379855069983,0.8211653520500781,0.8247694110828632,0.6671177191802998
254_132,0.4640683850762461,0.47068198628557856,0.507071698296327,0.4221292693262559
254_184,0.35165059945896116,0.41865162278381207,0.4287735481414574,0.31523365500059103
254_200,0.3772364107334391,0.4390685616777049,0.39423105642981177,0.3267136968727711
254_208,0.11238653865373041,0.11139040074597364,0.11091844740523647,0.10657073307221422
254_244,0.2543441928497416,0.2331773709969379,0.23374739919042029,0.21620792410764084
254_261,0.137984386213956,0.1330712626209064,0.14042980071121278,0.11434258375934858
254_277,0.4459071451736579,0.4334578231848088,0.46341732579424444,0.3713676650718726
254_99,0.12631243715999985,0.13264756491614813,0.13012059001567666,0.11725573854296376
255_155,0.11854932906482331,0.1148333485530138,0.11961972449317194,0.1013553720377498
255_99,0.12041178678189753,0.11491878085002763,0.11753175136433956,0.10403786047100744
256_154,0.19301454807686172,0.20631883168816348,0.17821688411385883,0.14461747539300435
256_155,0.14754428770738082,0.15399059010902377,0.15329518088578878,0.12906642748006514
256_244,0.12655616349836551,0.12909606211683866,0.12123675603227538,0.1113631549451462
256_246,0.13125345890225945,0.1358664677251441,0.14064342620636328,0.11887048060366959
256_261,0.06624112795490779,0.06535841615772713,0.057888568021440885,0.04838647369852286
256_470,1.1271150586553593,1.6380993606467482,1.580474098007886,0.8170453031455374
256_530,0.10454828588375,0.10052267055756463,0.09312220081289163,0.08541892030287451
256_99,0.18062055344312716,0.18211353049465187,0.17998133531270238,0.15043633874862564
257_154,0.287877973624856,0.29776998282742106,0.3016393363630306,0.25112076975163344
257_167,0.1103104640293757,0.10876929869682937,0.08451128899454892,0.07469720994280911
257_189,1.4058409540084043,1.8011261681460224,1.5871017784045844,1.1308472624683406
257_192,0.3345847551838047,0.2896836431045708,0.30795531056179903,0.26923835985241173
257_415,0.5615095099095213,0.5556528542807851,0.5240013200193834,0.4115020965606595
257_470,0.5923073494615837,0.6273996933669284,0.6023492382010646,0.4374503405551305
257_59,0.7425169410401565,0.7501543426661034,0.7648156750398774,0.6942201267665924
257_99,0.14684973019502934,0.13694922237592347,0.13399259930360624,0.1190369918363183
258_155,0.1898354000690009,0.1806116104268802,0.17206305503090105,0.14570859227195532
258_246,0.1702158029020214,0.16642382346436072,0.17204639697743823,0.14945164742193032
258_530,0.09559328558681449,0.10136612341483597,0.099015285850329,0.07568659038761033
259_132,0.16627814952997422,0.16314625610726727,0.17745973057568806,0.1554643935769537
259_154,0.18909895891143808,0.18448131147072164,0.1760716928662871,0.15840860046183897
259_156,0.5847421908878787,0.5917093897744992,0.5976710388428474,0.41148810547537323
259_242,0.24795421710316579,0.24970039751127932,0.2370001322769,0.2160186828933227
259_244,0.12683912840120032,0.11667447049332494,0.11227307066077577,0.10941153398424451
259_246,0.17608877507916254,0.16688011641190317,0.16901824578237085,0.14244152125563495
259_258,0.3014310651213825,0.3345827903438631,0.3250876901723411,0.2648878880878629
259_295,0.17216544116976704,0.18761402347553136,0.17491106831821612,0.15369394997317762
259_432,0.15212905779243788,0.1506149189065974,0.1443976633252692,0.13430728052425528
259_470,0.514883894151963,0.6872992750324628,0.561797150017717,0.370525894198953
259_99,0.1800214417624407,0.18698473116245748,0.17715998016049445,0.14893434133760175
260_117,0.20089512098322213,0.18876955082918437,0.18396918472927937,0.17662213087618597
260_155,0.15643570554930822,0.15980967117202718,0.15097061220298647,0.14647816537631858
260_156,0.2832754915950775,0.3029737665363906,0.29546216025772765,0.2616298952662251
260_184,0.25818646150108254,0.2956766428795453,0.30999235054547936,0.22326108903233452
260_207,0.4162619627777467,0.44373302532821735,0.4192537982003712,0.2930261505995218
260_242,0.31336754655374827,0.32479974844963544,0.29008806005395565,0.22991043881704032
260_295,0.251206317619507,0.24335052703596272,0.2511075908673699,0.2161282306065553
260_357,0.1375270357051855,0.14357212014200077,0.11699179438581478,0.09012591244934309
260_435,0.19126956309469845,0.18013142518214273,0.18357433744553625,0.16396068563490812
260_470,0.7641117357964391,0.9841772536296026,0.9993061740910864,0.5134528802460552
260_510,0.25671121812624687,0.2611460332297495,0.2422691255888748,0.22163776043687586
260_534,0.5907499091504439,0.6029308857191524,0.5983520418564399,0.5594073865393164
260_99,0.1604948135175399,0.1652455690263404,0.1608047185625715,0.13774198424848416
261_175,0.1675942175451605,0.16237198664111993,0.1492351954987311,0.12994844785992737
261_184,0.45416296045209265,0.5723831151631654,0.5705948199969402,0.41518740668668497
261_189,1.2313402404338665,1.4741222270650416,1.4343595681838854,0.9782373797135023
261_248,0.13566479672565024,0.13274586804135458,0.11932078533444973,0.10955210077778327
261_357,0.08944267517030499,0.07949759684100169,0.06740378703914647,0.0181966363099509
261_433,0.11714381417368025,0.11448594302721354,0.10962666955183886,0.10162091236317668
261_501,0.7589039223990884,0.6657087838033333,0.6594429415318519,0.5714321188473784
261_504,0.20270462439047032,0.21532182588111806,0.2055437005036892,0.1546835574656799
261_506,0.21363699405769523,0.22949439830956564,0.234409671210848,0.17048993715757468
262_155,0.18077764716369282,0.17252262860027667,0.1743276065953326,0.15231083890324387
262_156,0.35202277421425227,0.3353735223325073,0.3287671018640461,0.2926624919615822
262_207,0.25903929501679435,0.2351054634784656,0.21990562365227448,0.20053464017126224
262_246,0.18071573574944183,0.19344917382117371,0.1900983390768992,0.15974683679828994
262_270,0.185442624417308,0.21252863802185842,0.18215287170194158,0.16341802968136548
262_315,0.19609579477368508,0.25165738950882544,0.2791038148252152,0.1438575374706756
262_433,0.10880754019857367,0.09547991784340733,0.09454081230634202,0.08651778787249595
262_435,0.1440418626224023,0.13308184717837138,0.1336933829087736,0.11150283131004032
262_506,0.205560142606466,0.20179637890120794,0.22636018491153656,0.18519160437259416
262_530,0.11080504585439274,0.12184721418447414,0.12296775015681671,0.10368824620428767
263_132,0.15122113859656888,0.16278233989050261,0.17269381669809147,0.13536785523885075
263_154,0.1533252358059289,0.15208934377436428,0.14522193070071576,0.1292308106161927
263_156,0.2042152737243661,0.20944581640993562,0.19494514322064802,0.16876574256615456
263_244,0.11224279863757908,0.10792972883767307,0.10877902665624656,0.09494730250676005
263_258,0.178729067797105,0.18987759197439885,0.19075374870067818,0.15632792252733196
263_261,0.06448324619855487,0.06174536842315174,0.05592112576518,0.0424067407915571
263_289,0.22969419916967496,0.21885313289523345,0.21619811449178755,0.20376764165042294
263_413,0.09803342779888718,0.0989939249749984,0.09870079835814773,0.07363692714474017
263_432,0.12842733858403454,0.12461708156756639,0.12641619268946686,0.10573952815434402
263_458,0.11288707990145647,0.11414633932950317,0.1101717227628955,0.10547236853879544
263_503,0.3425981012492765,0.3599805062288252,0.3358642022818439,0.2775678828240223
263_534,0.1994103321324566,0.19687686732659976,0.22089587971945768,0.17727389535128388
263_99,0.08247624420845492,0.08762350868979923,0.08650268911687911,0.07508968455356652
264_102,0.750088845712161,0.8092070545889345,0.7409744242312805,0.5842959676221992
264_156,0.38037345019590696,0.3665099906136815,0.3780659338828247,0.33475725403093715
264_266,0.11701575664174839,0.0965930182259153,0.11406813661663372,0.0741168317848893
264_277,0.7442351537231923,0.7066413828860223,0.6787172334151736,0.6305244454408186
264_463,0.09969849733841786,0.08345909539230928,0.06911180670226857,0.04139323534238374
264_470,0.8487619851662289,0.964447402372563,0.8447001054823887,0.5983245145861101
264_506,0.2104094356716456,0.20962398357573697,0.19568982589639528,0.16924970521408203
264_60,0.39416139564412345,0.3719219697695365,0.35714393518729143,0.3488760618710659
264_99,0.2646107045665459,0.23976822757384963,0.2519387044487784,0.21954691261994982
265_132,0.13265636561130037,0.1288498403327677,0.12660501507216082,0.10673190082849661
265_154,0.17733478844930373,0.18323147540414114,0.17251619638901378,0.155338683872146
265_167,0.07674697350731566,0.0688625447553609,0.042027540437289554,0.03184617321425486
265_190,0.5089431958935933,0.5078552078180828,0.5042699934048719,0.45899925394788205
265_277,0.280608696692614,0.2980823964012885,0.28827416428949754,0.24162416238541493
265_379,0.23911260673654905,0.20012300892136228,0.1873088171768224,0.16856036671684438
265_415,0.37021576844656995,0.2807676531741637,0.2639556736503698,0.23526965798291377
265_463,0.11807846446331013,0.09632871685779083,0.08912929459532053,0.0679745048703049
265_470,0.4017609608449293,0.4071560958604904,0.3993406500415675,0.3511060276525221
265_506,0.11476374767374556,0.11669923667191469,0.12264363610187942,0.10632346340801851
265_554,0.25047967677063815,0.23072265430412908,0.22412732156199144,0.2123877526984442
265_59,0.44568623283728465,0.4905915730472085,0.5209470183417324,0.39157336863925185
266_10,4.147652969977064,3.895400407321221,5.8319684612654505,3.2126240962349653
266_102,0.8237381276339013,0.8378125280828606,0.8203152355582846,0.6607273832840947
266_108,0.6440391628637229,0.8256925067476432,0.7016310069009221,0.37711518128573396
266_132,0.20998469138440012,0.20274404808706664,0.2041129774960401,0.1856251951613305
266_154,0.2305054741564606,0.2209907359140053,0.22966239194366367,0.1911268636090948
266_167,0.18089766679462344,0.15696419335386785,0.1434180934953832,0.1333121297912369
266_187,0.35757041167628767,0.40138485559398135,0.41046079805342756,0.32205408434455446
266_189,2.4203589697789645,3.4699373675361715,2.64329292591767,1.6923067424405756
266_245,0.1255597940660581,0.12354914007078951,0.12930488342852284,0.11575203387411245
266_247,0.284008179941954,0.28845225066075647,0.2746358570611697,0.26307605522470107
266_266,0.2679370731872741,0.2803854343053976,0.2773875146514969,0.23513251551781844
266_277,1.0492815955433963,0.9176261080182767,0.8912424749076242,0.8210994368317925
266_295,0.2968857153049956,0.2838862613464617,0.2849104436195906,0.25056686308342546
266_313,0.2563193105938472,0.22430606949019805,0.22717141154838177,0.19601021602361257
266_334,0.10307893032897109,0.1041390718532662,0.09811625686434641,0.09073866847048921
266_342,0.19886713084543248,0.2007298229580533,0.19644768545995467,0.18133588726557034
266_397,0.5484769936839906,0.5464752508671842,0.5715521249275302,0.4823708460076067
266_433,0.13456528715280933,0.14883577294909087,0.1250681181696238,0.11490950036121274
266_453,0.31657992343688535,0.3100333713792047,0.27582889681662587,0.2535229722985192
266_463,0.13776735076262575,0.128801914206306,0.11509021956246047,0.07942700440616607
266_470,0.7371521020629735,0.8256739747235904,0.8195013383222426,0.6281395647072449
266_564,0.0881100285567355,0.09052569276428349,0.0802669751703697,0.05904977222013124
266_59,1.1311405199556972,1.1212658935085256,1.1342440414831536,1.051414388179673
266_99,0.15287478803179316,0.14752204365348448,0.14402353608446936,0.13597940945276377
267_277,0.8334689822278081,0.7599711588514703,0.7603212682312956,0.607055733723508
267_59,0.8020749687019478,0.8113077460296488,0.852616444551227,0.7512069807544518
267_79,0.16110416611485068,0.1560442203566911,0.1468820125062101,0.11414455821358269
267_99,0.2155573905949669,0.22408519497892174,0.2177567344367845,0.19309049663096478
268_102,0.7593250687731451,0.7745293572358682,0.7495526537725734,0.6662367001726687
268_132,0.35381591764249287,0.3513956215253447,0.35631133628519324,0.2913809831668541
268_242,0.2856326823626316,0.2858073318443705,0.2846480385013707,0.24492362461034586
268_247,0.19369279355089716,0.20772823653688793,0.20225023208824167,0.17242327127912171
268_261,0.1064822266170739,0.1133038416465888,0.11087356948259632,0.08613605468322355
268_277,0.8500134693948151,0.7260599657617742,0.6857350242341426,0.584148054772387
268_415,0.3297135825707353,0.386094193598107,0.3685451776500118,0.26999496471832946
268_530,0.10895753646003804,0.1123526842083997,0.10242461620375855,0.08397084756611682
268_99,0.1563946109716023,0.14345813070898478,0.1557445952299597,0.13108618798371396
269_102,0.6053762353164116,0.6372721434702968,0.630701991256704,0.5259934685932528
269_108,0.17654617754703603,0.1818113478052961,0.17655652093900012,0.1495609628037571
269_154,0.17004670268405683,0.171312055093613,0.167729343175542,0.15804513573823928
269_415,0.23436657048351467,0.2879750115410584,0.26691404494629495,0.17059768733092298
269_470,0.5374146060911733,0.5696767617819123,0.5418480696324851,0.4320924528598447
269_59,0.37232146853493764,0.3292598957662193,0.31227976002765767,0.26761343500267687
26_103,1.0522594756553223,0.9998473781114874,0.9326612716638122,0.8451575935603173
26_116,0.5452292341696487,0.5732937295298364,0.577959529872466,0.4814353091828801
26_257,1.3514249869908943,1.1930480784655297,1.2125874084778454,1.040625139992291
26_299,0.13834416440946207,0.1490746373296884,0.12818659289078704,0.11784025794687339
26_363,0.15274741820673898,0.157998795443183,0.1478755818950462,0.1425613970113741
26_394,0.5198504571713122,0.4676217691311398,0.47689723408922446,0.4070159674389966
26_416,0.4106614296706765,0.381664814136921,0.3752058601038663,0.35978939107482805
270_154,0.2508806660230676,0.25986718308042644,0.24467566152100317,0.2196950700252751
270_415,0.619684388930992,0.5879977211666784,0.5319949414421095,0.43286678071254103
270_470,0.467727448892648,0.5120710009175474,0.48626444040625505,0.41809747838031136
270_503,0.629897689830457,0.5539749176188462,0.4782103715866953,0.4201904217812146
270_59,0.7531412953785988,0.7452563019088334,0.7613226377993959,0.7057190981161713
271_156,0.21803656026180251,0.23047093370571414,0.21954221936270935,0.1679907060262782
271_277,0.25591360618689163,0.2469126254931412,0.2275346411237158,0.2166151378196712
271_415,0.6061795362274179,0.6427919748002703,0.5542064700521024,0.46593481471497533
271_59,0.30605789320031423,0.3316835060135339,0.37481051276202965,0.2665593892074764
272_155,0.085451859352172,0.08972393710714563,0.08030319434295273,0.06260086706905545
272_200,0.5672166111686656,0.5660528931143081,0.7072596908372966,0.44465715203054834
272_261,0.09028010772215482,0.10022815832129198,0.06961211043055787,0.05460724387871948
272_458,0.0913511809972061,0.09064557960695639,0.08824592053896535,0.05852053616512016
272_99,0.08229497398662819,0.07778508491117338,0.06292849620763623,0.04159848031369338
273_132,0.18653973553240571,0.18671033515000673,0.1887994944213479,0.17021568210148366
273_154,0.20540802845151068,0.19516826359967243,0.20345542154195217,0.18336426056123178
273_155,0.10125084211155752,0.10033703947137124,0.09639606651290572,0.08928974120837602
273_242,0.20752269043730406,0.21391575418157308,0.2002519161019039,0.18867065250662535
273_244,0.18147048166461938,0.1901242561894684,0.1780244808085708,0.15836041171607357
273_315,0.170793037681506,0.16278371765742558,0.13949748884413113,0.10816132779384421
273_470,0.761586025887228,0.8372943214701404,0.8142109787818479,0.651137766855355
273_99,0.11839655270558988,0.1118980484060561,0.11052960229422933,0.09860143751300449
274_102,0.6112267214101902,0.6354467791341423,0.6256329425928526,0.46984204113895905
274_104,0.32685211934553987,0.31204910470094155,0.3029802020641373,0.282728318310471
274_108,0.2654184918152897,0.2619065114284605,0.27537336950678687,0.23323827160379518
274_128,0.20975810370561054,0.21442930978666755,0.22846454194266488,0.19045052590083011
274_132,0.1866075030603564,0.18026800820973357,0.17082172029285642,0.16586260313203344
274_148,0.2281511294530989,0.2267547072263194,0.22581389803779991,0.18757705215233397
274_15,0.45564364415343267,0.49438860687787617,0.4543102208218237,0.40219572352075245
274_150,0.37052705961136573,0.39571361294292134,0.4049734501440617,0.3222141843682751
274_152,0.2632664491053963,0.3198922964870275,0.3390162975011186,0.2134912537019079
274_159,0.18148639013391973,0.17188641036271854,0.17006243984963235,0.12211674946074697
274_160,0.15463891406434221,0.1559340342314738,0.16622436282260242,0.13690361205885804
274_167,0.2966856725515351,0.2727806134037454,0.26787807591986545,0.26040716787670715
274_184,0.6967932028124008,0.7695308039468577,0.7399978129477922,0.6083207653267616
274_189,2.223618950440867,2.6410005624668234,2.525616163339536,1.5423785825013696
274_190,0.4941458855920851,0.51024035545935,0.4989260394286313,0.43584635169066754
274_192,0.12344148809905889,0.11969491782824246,0.11564055541198733,0.10018398456070157
274_199,0.1922164879714547,0.1852207803673197,0.18060720747614029,0.1673374000907385
274_202,0.14260620111845526,0.20356583229565672,0.20732803379991693,0.06628533081363606
274_204,0.09731482320930619,0.09794541213011967,0.09507205530134986,0.08174592264054621
274_209,0.14821342367560048,0.12180021651104145,0.13051456241152756,0.09189884576992408
274_214,0.18344106218799858,0.16598079652792036,0.14101171524703385,0.12855731255191985
274_244,0.15952964073333628,0.16447027783134605,0.1603697639585903,0.14436633595373038
274_266,0.10330783184841622,0.088246257452708,0.09142106866825744,0.06930060259103005
274_277,0.5795900179624299,0.559764074851665,0.5384417487116939,0.46018358469036147
274_292,0.2271200774657093,0.26311380782772326,0.25976803067328846,0.19818054895960632
274_295,0.1506411690856065,0.14113596994601418,0.13476604913524534,0.11610409086242338
274_312,0.41750623703362516,0.4343691854377714,0.42222493103400516,0.38801704426593153
274_377,0.3357540717272325,0.4099198604874805,0.44860719822347,0.24377048000586368
274_379,0.8250809885527458,0.9574926762778055,1.0001401435554644,0.6265206672507782
274_380,0.1997930522912018,0.17696512442966908,0.18479747862755497,0.14691734024388448
274_415,0.35421515310362145,0.4494371677845979,0.3730546488597202,0.23899654267348114
274_434,0.23606509855629249,0.24136852568769618,0.2643859540736091,0.2150664237529377
274_453,0.22426005743926503,0.22844082610419467,0.22634663011849515,0.18503698143244166
274_463,0.2686628850179906,0.26248099458222446,0.24796941714290888,0.19149422148600134
274_464,0.28244497478230496,0.2798844946748631,0.3236055270929739,0.248475383169079
274_470,0.7834231960954168,0.919323614991478,0.9311742137128722,0.5547772051992208
274_501,0.24638616199177849,0.23143403005473542,0.23126583679648632,0.17096600235844056
274_503,0.6364085346413196,0.4976209131154602,0.5379122933781761,0.4602900357601008
274_506,0.34858910260160164,0.3213349898312059,0.34231469683137883,0.26122152330214005
274_510,0.2861280435889978,0.32993822692751235,0.36366132433070186,0.2510379844663735
274_554,1.183269592373074,1.0706458811982011,1.0844097044577732,0.9298396148829591
274_59,0.4338241277603182,0.41396024152044325,0.4082073037721725,0.3917358991642086
274_99,0.12646769662399276,0.12820716748309496,0.13197951556079945,0.12018862220387597
275_261,0.06798521665526838,0.06862141168243582,0.05173859756109964,0.03750720416510747
276_132,0.48525443716774863,0.46286011596834187,0.4477024209754155,0.39703045836073836
276_155,0.22454188624996155,0.23112315012828866,0.21254242524730563,0.17275746179825763
276_156,0.4389605273275428,0.4305645013646696,0.41254230293990135,0.3431475898168386
276_200,2.747691701196345,2.8898309109211158,2.856884132807137,2.464539952491182
276_242,0.38134798007857085,0.3514412592264212,0.35864150827220004,0.2881273720075939
276_244,0.19121397897701675,0.1832810118492621,0.17019207870477393,0.16700681265759867
276_246,0.24431121085713847,0.2533214802327751,0.257560492775682,0.20608692075468024
276_261,0.09527488881953622,0.09504589965155631,0.08957739298047826,0.08066169154353432
276_99,0.28016950335722535,0.27657554629911535,0.25164669730985995,0.2231859080413261
277_154,0.20300551875886166,0.18644116939676322,0.17758750682766092,0.1708147859568514
277_155,0.12483516734510129,0.11868642980634363,0.1161567440841913,0.10845885983875517
277_156,0.22717538230424475,0.23126559964125962,0.23027680599344105,0.17891979630106458
277_184,0.37994970062816935,0.4469987574423429,0.4421560640063237,0.3431623534450902
277_227,1.3348598127068008,1.2627213468704819,1.2585044889045014,1.1661103390526373
277_242,0.18377100359893828,0.18960352934219804,0.1709778781059834,0.16211054168655742
277_246,0.13866946085518825,0.1454756639292519,0.13283051192521805,0.11814103432079322
277_295,0.19441440007986815,0.20102399011922853,0.200675578936441,0.17695232740555092
277_315,0.19738970255045285,0.1957862536365519,0.2059062783891984,0.14896632598476897
277_501,0.5221580882891526,0.544408372684851,0.5314561196989593,0.5006975988966658
277_506,0.1799326574422001,0.18172333263986906,0.19925673487552542,0.16601110086074167
277_510,0.25654964683377207,0.27452177553249024,0.2943891349237867,0.2228792611821881
277_530,0.11552870200011542,0.11984878261039524,0.11158492150250031,0.10470882476239401
278_116,0.12827726389985902,0.11501330443043245,0.11439649376232411,0.10619173007092064
278_134,0.16141621685408197,0.1527966618800147,0.1476249791407873,0.14166179745884683
278_299,0.13732761571170438,0.1339189646357827,0.14942534287155884,0.11584823963345878
278_405,0.430670371097446,0.4088348870763191,0.39713663769745705,0.36913191784803767
279_104,0.20929829362884292,0.19700388507917485,0.23426101518057207,0.1788978252751709
279_154,0.2383825109992104,0.235589624368832,0.2333334929400396,0.20880556274345163
279_244,0.09539860917275117,0.08955371270388116,0.08853157492832302,0.07928641759140943
279_277,0.16443465986601102,0.15234485609571402,0.1504205745896608,0.1297113563067471
279_503,0.36552566748000004,0.41437283374130024,0.4383912842888809,0.3182479885725573
279_530,0.07634658128316361,0.08124204704964923,0.08300047189244042,0.06223445132697598
27_103,0.6739605944549636,0.6692002349025388,0.635769919135981,0.5253767619733085
27_116,0.47628134238956527,0.555615241038702,0.47989119083912585,0.41618923471392527
27_257,1.0477105925469528,1.011092891172945,0.8959319383484079,0.8013685249855151
27_416,0.5190074983495315,0.4878957993397513,0.4999375947589815,0.4565558605846771
280_132,0.16262191548465013,0.15786029029813406,0.15942246053334208,0.14102816972461873
280_154,0.15401573212355468,0.15029713518748414,0.13987325776775789,0.12998218524256291
280_155,0.14139268200597024,0.13674602162105137,0.13027058129140762,0.12155101488333091
280_156,0.2285869086213071,0.23613897029045314,0.2312975457643498,0.16881265185556435
280_261,0.09414087867249173,0.103351647447889,0.08802136453343881,0.07125309028557743
280_435,0.15017128901876475,0.14097484898746096,0.14376102868900664,0.12802396358211438
280_99,0.20022311558221145,0.21139225431426864,0.1950262376939255,0.16998749679388003
281_103,1.4167160670857195,1.243537338508669,1.2485629070673243,1.140898820212737
281_257,1.1228065404222116,1.1252760778060091,1.023952423134408,0.9700712275216499
281_363,0.17208903471162576,0.17833309790640026,0.17911658673395708,0.15675911702745682
281_394,0.5426675289127927,0.496155339179943,0.4991308658446932,0.4488038332932259
282_108,0.36496517343170937,0.39480326293016543,0.36645230213552293,0.28419047478303344
282_132,0.2032251873280206,0.2028687424364179,0.21144969218888937,0.1948478448241254
282_415,0.4153387746137793,0.43280893955687433,0.41332756187583136,0.32077692845650946
282_470,0.6077179815364868,0.6141249603219828,0.634565818848539,0.5523632931141578
282_488,0.16501091406922802,0.16962301259889562,0.16743214868578907,0.13975771886113622
282_506,0.12943137002666155,0.13316232032525355,0.13188002290692105,0.1274685193399752
282_59,0.8359678342310096,0.809451559990571,0.8181074793436433,0.7771908545017805
283_135,0.554541602869944,0.5475767205453308,0.5688460242473542,0.4608117428712483
283_155,0.2632290562594858,0.25389711787443425,0.25759432885524847,0.2430111359996303
283_200,0.7890452358520654,0.7752468034272095,0.7912286382485367,0.6154401029120264
283_415,0.8516257580216003,1.0319059331364722,0.8530505705194893,0.7010627193235631
283_444,0.4415079879302804,0.45253077522040797,0.44918375159961715,0.4126841673539822
283_458,0.29677816989446565,0.2896608885078729,0.3052271103540227,0.2705136356972882
283_506,0.2513100647997597,0.26981882936901785,0.33987234806829325,0.2291468346760179
283_530,0.128919162985745,0.12487706681677396,0.11173073963490439,0.10046266127922113
283_534,0.3655581547793475,0.36801172554147915,0.36032133274346556,0.32786132661510325
283_99,0.2856157139305727,0.29120083228178506,0.28177212992482115,0.26933378651802825
284_108,0.28196509264845404,0.2596792799482323,0.2604896123601642,0.24426305978444862
284_200,0.5233158053815914,0.5266769476061619,0.5385177442053074,0.47530251068570034
284_377,0.11738647110191976,0.09990199470572456,0.09349129879114888,0.07021698433183483
284_415,0.2899051540806314,0.3240645838977984,0.2990786000201533,0.23254594482009722
284_470,0.3526943965225359,0.42503184649923126,0.4061054026488308,0.2612350550746869
284_506,0.1421236238976112,0.12226384891892123,0.12648712113242155,0.11176753250117517
284_59,0.429734573219939,0.42928587660606876,0.41112631287683254,0.38253461647272097
284_62,0.20161746296718014,0.19734465954741426,0.18018813167374062,0.16968927079672555
284_99,0.08649642208055336,0.09031845279354914,0.08779170215341836,0.07173113063979843
285_102,0.6471254602900197,0.6569407879003282,0.6387433470610976,0.53265431719938
285_247,0.22589472532763832,0.23548392558124906,0.23337711858954557,0.2079953126942061
285_261,0.10897205405182743,0.10950762444768425,0.10817026481310467,0.09245063153257616
285_266,0.0972600037957705,0.08886275644835129,0.08659510048281377,0.05042510695326557
285_277,0.4953841390826106,0.4851710697790894,0.5059451852122291,0.3660264598047793
285_300,0.3317765702989603,0.3164598829014427,0.3097807243422558,0.2860178921175278
285_470,0.5902482598603691,0.6929824330550377,0.6669627201682791,0.4364464993534533
285_59,0.6153243789747721,0.49524260804443476,0.4749931603813394,0.46361573234505066
285_99,0.11561980440809735,0.1129424428427986,0.11203478606884595,0.0982111933593529
286_132,0.20249790305702525,0.2072808741800338,0.21525581101266822,0.18370842560554015
286_154,0.2627294748811895,0.2620548080280979,0.25853131989840455,0.22838039537616467
286_155,0.14199247231665174,0.15223445603729713,0.14249116796362116,0.13013910933586648
286_156,0.4406459342340144,0.40925345837309984,0.4013307828945356,0.3428351797537762
286_246,0.1501880301745381,0.14064552349469042,0.14440221921781748,0.12592290275601045
286_432,0.2651505199221267,0.23677809089358176,0.23261405405498906,0.2151607835513534
286_470,0.8938246523200734,0.9210893084171529,0.9317262745161633,0.7954171275908207
286_501,0.2954245569114606,0.38939334206955595,0.3110666078440122,0.16252656668060902
286_530,0.07095594458631942,0.070612717518345,0.05139694011579796,0.047234174665384876
286_534,0.2821634233885189,0.27716284648247314,0.27863506427091383,0.2550857201844248
287_135,0.5535516878623228,0.5967614868486822,0.6382259270235422,0.41508981825012264
287_244,0.08673789072106614,0.08503805171102431,0.07950061558634225,0.06598570634880023
287_503,0.35319115549306684,0.3380159737595898,0.3506853541685045,0.30005081300969283
287_99,0.07327755410117989,0.07126637877232342,0.07028162245719954,0.06146427832146021
288_229,0.22475182287022108,0.2533245717003593,0.21282790251320674,0.1818644366676339
288_99,0.12232282117448331,0.11968372660590654,0.11709853451836312,0.11016500266094756
289_156,0.18207047766514808,0.18874446321956573,0.17381424001228016,0.14918717673564363
289_246,0.12363634003581889,0.12030883161060574,0.12312041169597683,0.10937623892887977
289_261,0.06869788289923054,0.0704376110631261,0.06009124329486294,0.05063985877318136
289_277,0.12321780405465249,0.1168024369283425,0.11819821727310058,0.09840095173373069
289_415,0.594212966599584,0.6512994337974782,0.5619658411990563,0.49778904770069754
289_99,0.0937819344430704,0.091080751136125,0.08436856318686989,0.08227056977196973
28_116,0.25766586695479626,0.27695110227237163,0.2896728602385626,0.22744537944665705
28_174,0.34373729182154383,0.3424088018784868,0.34037547119553385,0.31765814217128197
28_257,0.3693866280502635,0.350477562707322,0.3110953107491978,0.29387541651715704
28_327,0.33649447728790965,0.31532050459004335,0.3107098020233636,0.29838857240038974
28_416,0.7989157807035266,0.7733859470933903,0.7813295157466685,0.7622512237639438
290_156,0.47460698233775794,0.4884222181976052,0.4578032592589728,0.3616736440773001
290_242,0.20579694281585828,0.21162590273100546,0.22170645460772162,0.18053233987728953
290_244,0.16133847205421928,0.16397675893403035,0.15191552788677465,0.12737210291841058
290_261,0.09122641742262465,0.09680854543024633,0.09499125586324479,0.07511769929460825
290_277,0.2729375639454796,0.2529891539568926,0.24796305450887962,0.2092122925521646
290_415,0.5151846779579281,0.6442374352242274,0.5093626013188446,0.39124195584704236
290_503,0.693190350588108,0.6847002516396714,0.7067905712358269,0.5695531654301118
291_229,0.16733327804618428,0.1679915028305392,0.13651469386820173,0.12608680773351225
291_244,0.15081142138455206,0.1636602319045813,0.16210023131592644,0.13279870806271504
291_458,0.11969071508930422,0.12029543172915662,0.1160774403056916,0.10444041591494257
291_99,0.08165507061261244,0.07880337751151349,0.07611317144640367,0.06847262508269963
292_200,0.5327345975349372,0.6395845694601041,0.5996394082228113,0.4675888010316571
292_277,0.3569551192569013,0.36516848066218716,0.36152173097299006,0.32876189748707463
292_415,0.4014049132314324,0.40071528459723027,0.3805484652243832,0.3199665827026595
292_59,0.770188948941646,0.764692111653319,0.809460860744644,0.6566864801069452
292_99,0.14531337536634062,0.15364790686512905,0.14863072799404445,0.13625493847895542
293_102,0.7192293681141376,0.8006625172337719,0.7468570259364253,0.5991813097008988
293_108,0.23451743314075435,0.2407902719408307,0.24211691825353954,0.20177699127843296
293_132,0.24858020623867183,0.2418099794792279,0.23570412550161426,0.2114679298139033
293_154,0.2297182142296316,0.23734905345024954,0.22832510142931137,0.2109752421392044
293_156,0.20810218612249795,0.2121632525615154,0.20774467719106543,0.19100151977106844
293_167,0.1735687125999274,0.1599072877235202,0.16023741564118316,0.14134901774584321
293_200,0.5319749877021271,0.6090792950348913,0.5828991591173506,0.47950482130568134
293_23,0.3111068240803081,0.3032100409214266,0.32468733834822466,0.2666410968272046
293_244,0.18308370876977623,0.19064643587091523,0.18237361038675234,0.16962171868047124
293_277,0.6342948907641232,0.5147754299607307,0.5066956353492966,0.44729939235889193
293_377,0.22757666861510412,0.21582510164944166,0.22907422463508173,0.18287150142319014
293_415,0.4053705382539089,0.48119182194652116,0.4421312880047342,0.28607698643997875
293_463,0.10781441214144402,0.08651051900119633,0.06548477620679974,0.051237552832662826
293_470,0.7003170306257048,0.7637276700161553,0.7408570722305625,0.5991447414532906
293_501,0.08565638884503174,0.059937411731411636,0.06585611882494508,0.03957699559012129
293_59,0.6307151567575251,0.6518325518472172,0.6857426035767815,0.5686986376959403
295_244,0.137677712002213,0.14083163810629143,0.1336422565621354,0.12169505916165921
295_277,0.3283704619628985,0.3364841162343903,0.36989996850895873,0.24852608787396324
295_357,0.16544173528468042,0.17445028249357897,0.16101056058243293,0.14330818152134295
295_433,0.18457486246913726,0.18098717853053012,0.18258540252159147,0.1640031832453629
295_470,0.530073356136164,0.6070428138255548,0.5554537092732337,0.4087972006346358
295_506,0.25981916924092047,0.28107942631463556,0.24882267214926687,0.23399267315967817
295_530,0.15402685374973163,0.16957606694806915,0.15969678228422785,0.13743846381056485
295_542,0.2610379328476864,0.2377226057480391,0.24364646675641768,0.20930507263971937
295_560,0.08240178862817449,0.08981203342797099,0.09077769275034114,0.07410445976963047
295_79,0.08059658688824003,0.059460987888020206,0.050129062648455985,0.036243953761338765
296_132,0.27605281177464164,0.25114826563991055,0.24841299425871238,0.2330622255978389
296_184,1.0945681499312085,1.0178274994399015,1.1655797236734544,0.8203024467511771
296_247,0.21066266449923102,0.21209692016740256,0.19960068163650266,0.18710647389411122
296_277,0.9060340626630298,0.7714321898161765,0.740555316371217,0.6174050428640762
296_295,0.2244897153577983,0.2158805930726837,0.20744269447076225,0.20322657221512222
296_415,0.3380538721763666,0.3803284004142482,0.35011671365593955,0.24740637268389745
296_470,1.617356968435153,1.7462692628169765,1.7445462094745445,1.4080106044681524
296_506,0.2636240968621388,0.2801591798473085,0.2892526647182375,0.23818001525543708
296_59,0.9794227193289434,0.9686435973697066,0.9934731059332365,0.9060252853696507
297_244,0.19976783748045135,0.19010612888734912,0.1740322511876259,0.15666345939994594
297_261,0.10475355113397612,0.1013664740309017,0.09818636326264613,0.0884682532995118
297_277,0.16562288645486484,0.13904064275567907,0.12538770233281452,0.12069686251473627
297_415,0.6673915890500761,0.669256888058032,0.6477220176358293,0.45584091154508194
297_432,0.1570492609767915,0.1562092522778683,0.16636285029367698,0.1426627432753641
297_470,0.4174511930983639,0.5835040837102455,0.42193059407922684,0.2543864037547101
297_506,0.09214227628932742,0.09392430105027674,0.09750342220878713,0.08458001540837051
297_560,0.06534865660034012,0.07057123381275092,0.05870873568293782,0.049039894584389655
298_104,0.20143276892402454,0.18934097021642357,0.2124650227225296,0.17013379140677473
298_156,0.18520718467945987,0.18003001973705712,0.171671376207392,0.14811092621964936
298_189,0.8145409048764238,0.8337069975977399,0.8813160697224002,0.6276474740402339
298_190,0.35139943851799665,0.4014706587846914,0.41736730308503095,0.2926567029194424
298_244,0.11192271559180614,0.1076497570102757,0.10819643938892942,0.09921159720710973
298_432,0.15820608338384112,0.15880423321140907,0.15331440966723364,0.1382934691958874
298_433,0.07418398983876107,0.08263942565162959,0.0813592417327685,0.06402947466061837
298_441,0.06933729405848876,0.08328203118736836,0.07064513883568362,0.047137993897669005
298_503,0.6915288193455839,0.6771103505868942,0.6774510176503747,0.5766398930426572
298_530,0.1150316685625794,0.1241907972257088,0.14051866386872833,0.09172209938477627
298_99,2.584278625627677,3.006653203171201,2.137174171331873,1.7963339477479923
299_238,0.33248630513623206,0.3004910480286888,0.2991930993124248,0.2806597485486546
29_116,0.36555256180458967,0.40347860004614167,0.4049888854577075,0.3207454080902049
29_257,0.9669003968313016,0.9343552109136297,0.9223053382496887,0.8401956502338547
29_394,0.24542827398025124,0.25032198951271584,0.24653599489254388,0.22628374218563443
29_416,0.3932452236666796,0.3401848823188886,0.3457681367144383,0.3003379413948937
2_108,0.21720013572119168,0.22359071310088843,0.20866609883812803,0.16412759355888454
2_167,0.13041428954693526,0.11372542348612956,0.09838953898256898,0.09327656659266238
2_184,0.34202994025318323,0.4127904496495477,0.39284287292854203,0.2959219574748284
2_189,0.6470028450828202,0.6887183503937675,0.68138988966338,0.5327541945620138
2_266,0.11010811814358218,0.08938515835455237,0.09045726886336292,0.06016819424929744
2_277,0.4447069537865548,0.42426469865212396,0.44682560411601613,0.3352392986566515
2_303,0.15973380364167222,0.1579522958631932,0.15836951680619185,0.14075656212194476
2_376,0.09390464567213856,0.07077532198338554,0.07940880779202643,0.057714716822186686
2_377,0.17329832459236524,0.15800834056320667,0.1754674593970926,0.126778643067734
2_470,0.7037008946840242,0.6590330374509231,0.6875112864695592,0.6064821390636311
2_506,0.14940421846406868,0.17376693512041066,0.16950024489220702,0.13643978016845065
2_513,0.39750175469525084,0.4072615008464327,0.39793939717924454,0.34335948952245793
2_59,0.8799460888553617,0.8747421621177341,0.8794573582202377,0.8234023776303997
300_167,0.11575403292498906,0.10735217597491745,0.09242219559667272,0.07144810324447938
300_189,1.1430545924738091,1.4254994559396466,1.236660144914651,0.8826193552654229
300_190,0.4992000845773787,0.4477929690047143,0.45148112704288695,0.41990092329229056
300_415,0.47053675113894833,0.5900094279022755,0.4683578840144816,0.3783001064602888
300_99,0.246286121177632,0.22156310325617076,0.20709063880060846,0.19663229931433557
301_415,0.5620238601611451,0.5684068876247249,0.5234402945586262,0.43716786032459837
301_99,0.22532677179763938,0.21192085622757476,0.22995689345301162,0.20135870444226936
302_155,0.12711543418434176,0.12402759190534941,0.11310513831367142,0.10199992074748819
302_503,0.5775785842976682,0.6623570795093805,0.6336644062293996,0.4017858739380859
303_277,0.34374755287130787,0.33611918266591656,0.31610617542808533,0.3018979298219896
303_415,0.6256498678003372,0.6533838834629626,0.6145575043701331,0.4968916235411014
303_59,0.6515917667750694,0.6398772780590508,0.6677038136915148,0.6074238770311858
304_155,0.14345810443745174,0.14410983720415085,0.1436854036005538,0.13795419061934633
304_229,0.1986412089722173,0.22766969128745604,0.2078903282728053,0.16182416446461392
304_244,0.1769586076266705,0.17484664716187537,0.17165348426855453,0.14229415020776648
304_458,0.19454796254163267,0.18607445010151966,0.18011806004640593,0.16593930611953475
304_505,0.8800912862834989,1.0493127338658257,0.9527456663847294,0.7034469706106372
304_99,0.10289076236331995,0.10125051671514082,0.09380499180281145,0.09008816190163946
305_155,0.15504030280491693,0.14833709003567686,0.14718366643353029,0.1352607232174127
305_244,0.16837174649046055,0.1596608947734436,0.15817121792822247,0.1551840620372768
305_246,0.3800610387446106,0.385767128046196,0.39629327655819174,0.3247932248640051
305_503,0.9465003564034505,0.7421420313087743,0.8275193167977929,0.6544136903540293
305_530,0.10340734820996274,0.11160050407234529,0.10150693442968486,0.09104003218416329
305_99,0.21867203141874164,0.21387120907748555,0.20741947420124193,0.19811527760318268
306_108,0.3057467213123109,0.3365235393781066,0.32579730882456703,0.27991379581534725
306_132,0.3626953102454023,0.34475033840296243,0.34620486818188934,0.32083836540251054
306_167,0.11449329385582559,0.09307353307798101,0.07358621658594564,0.06086355693862806
306_184,0.40661840449659503,0.48055846254495194,0.47699690407003204,0.32818827649411375
306_190,0.4028052630781621,0.4487998376567463,0.4192861060320352,0.29894094679767924
306_192,0.22782309157937292,0.2388407001952528,0.24125607771330004,0.19998033071026053
306_242,0.2141856168553016,0.20335830156145246,0.20981388386498606,0.17741070319868107
306_295,0.159901214168006,0.14789835763226145,0.13776056779687365,0.12355016315415285
306_470,0.7250265937575823,0.8316002116974539,0.7710798866165368,0.6277256143938144
306_503,0.5798900796965953,0.538368946974632,0.5158368508806821,0.48749107339106434
306_59,0.5709606510708071,0.5592559411230097,0.5686463214953277,0.5228681013174747
308_229,0.20220490483789577,0.21614278442170676,0.1973370497346701,0.16298918766640152
308_244,0.1072057956976453,0.10461729679633848,0.10413164385391378,0.09262792084221225
308_261,0.10532173161672212,0.10276565133005841,0.09791246314087133,0.07281488686659682
308_99,0.14191309939415198,0.13890541546172072,0.13972964627353368,0.12733798888597825
309_154,0.3594520168365471,0.3198393583518625,0.34921322531189625,0.26996547503180607
309_156,0.5983741915185045,0.5699841511311476,0.609296236248795,0.4335373573495465
309_242,0.2991207778140181,0.26806031064760544,0.2884365663636156,0.2434321884799416
309_244,0.26483851922956547,0.2652034365527747,0.2673793690159056,0.19289333565932715
309_246,0.199202183742304,0.1993565973924412,0.198589558433964,0.17842414615034527
309_470,0.7054583307441583,0.7564340987777005,0.7449229490668807,0.5917584852367591
30_102,0.6361619438671154,0.6300083064079296,0.5857082909177836,0.5230062079805832
30_108,0.27953007299043775,0.28223127345720195,0.29768136183829036,0.24802781138492394
30_132,0.2535014785524269,0.2538009669115995,0.2553988260363107,0.22653938761059564
30_167,0.18360252130124133,0.16431898268298165,0.1418194475915882,0.12416110444173134
30_184,0.5110716848890262,0.6081070875530884,0.5203250051420887,0.4593241367809391
30_192,0.2346061979254946,0.2506648388957808,0.24710229545649648,0.20513657683040523
30_200,0.7501268225867173,0.7597512799797217,0.7901090151583046,0.6164480281566262
30_244,0.1729349563304162,0.169162024332432,0.17814513001789584,0.1554947444023194
30_277,0.36100763810471376,0.34964943499070755,0.32931296323782094,0.29183882203986017
30_377,0.15874960812520206,0.14614945157499037,0.13986558334103172,0.11141252188704204
30_415,0.2720061552444706,0.32128066678124406,0.31012250876732944,0.1943922924335543
30_433,0.15992169496559638,0.14442496029994104,0.14102859554556144,0.1328174243072472
30_470,0.7418102985835809,0.7963953799992978,0.8165544017229275,0.5520763829339757
30_506,0.14653171292876357,0.1406446677745962,0.14412415206844353,0.12766530771448942
30_513,0.31743547366090274,0.36439002391289343,0.3612631080995692,0.2750741043769214
30_537,0.07137040920654017,0.08260501994212006,0.05671034309932669,0.029221448493084105
30_59,0.3699374875184194,0.37277935560978914,0.3753608314636839,0.33210553382899183
30_99,0.15495315084291908,0.15500113102976898,0.15117887777390107,0.1361472474045054
310_132,0.28773092556270286,0.26980004747909286,0.2942860937039484,0.2635074053763727
310_155,0.11374904572073942,0.11760659780141339,0.10659671280038943,0.09821996668058927
310_156,0.3568441216492748,0.3399411322425438,0.33269031664946735,0.2993483051564947
310_167,0.1795589540835035,0.13328443813572802,0.13711585833303655,0.1132984690670161
310_204,0.09835803538576304,0.09668259270550207,0.09229819934667127,0.08756098526115161
310_244,0.17954258197038273,0.16945713420617275,0.17032888531602358,0.15409333108461318
310_246,0.25235214742981205,0.26687533709095784,0.2638164027977799,0.21647319536343523
310_261,0.11655005093995648,0.10994887634830865,0.1071753735823754,0.09772714105232685
310_277,0.39460922992457437,0.37691684108950124,0.3948812662195872,0.28290438655492345
310_334,0.13984311158107576,0.15222581392288947,0.13413882067361882,0.11732605351733413
310_415,0.6237872527161964,0.5818034084336107,0.5974301334187707,0.4721445656059131
310_432,0.23917828063438573,0.2288674900733557,0.2150366744929496,0.20333628919713648
310_458,0.2293514168379297,0.23545461315517432,0.22285046721392943,0.20541905611326428
310_470,0.3534232586924009,0.5189237694560315,0.45541483510958014,0.25971373167739825
310_501,0.21471640945158532,0.1733665001506374,0.16743613722181405,0.1451784407500503
310_503,0.9504010282011843,1.0639681534788168,0.9988129728671219,0.6577276511148479
310_506,0.1626736760512229,0.17001130458820246,0.17440646661013426,0.1447262284077938
310_530,0.07354453809422062,0.07931049224059346,0.07622100088938992,0.05107541707338707
310_542,0.1466606433968358,0.1334805757348372,0.11331762690124375,0.07016753159890918
310_548,0.07414075072772346,0.07734893434538351,0.07317777067116804,0.06593313886464663
310_560,0.06590537370427013,0.06632433447022514,0.058097887331597646,0.03311588777861701
311_379,0.24765162521048267,0.21522430876627055,0.216597786418747,0.1715621413569511
311_415,0.5357961146925388,0.4892650629947722,0.4741195789847628,0.37035424080233326
311_59,0.5295411620775096,0.5023879452673142,0.47905951375377076,0.4663729649791152
311_99,0.14809217226954818,0.14871847841415,0.15091592481654897,0.12802944935394348
312_139,0.16411443391734246,0.1661718622236055,0.13912616723463966,0.06989226928102232
312_200,0.490140471456568,0.5494849978315696,0.5869846681250709,0.37373803587251386
312_261,0.08918928510994971,0.1019225538832921,0.08414977680815444,0.06839529183648925
312_458,0.16468176524501685,0.17328023374383417,0.1786252519781243,0.15500236702506018
312_470,0.5083638771783461,0.5343592115953766,0.5328830203894298,0.35408772156947127
312_503,0.5261263871403505,0.5232855559273104,0.48309136538727654,0.39816085422675784
312_99,0.1733068130709441,0.19269755381265916,0.19271083245240175,0.15909685962809
313_102,0.5942695454130832,0.5655340219420745,0.526127441777242,0.4511335232935207
313_108,0.31449867487745425,0.3058584949560616,0.3008600005528706,0.28605462086826317
313_117,0.3630305064501021,0.35581548398732615,0.35817099104086725,0.292418423101502
313_132,0.24316447968662924,0.23773883529845843,0.25721938025913293,0.227217978481907
313_150,0.38235059645236313,0.3736054218457165,0.3356682681630738,0.29739156008300477
313_152,0.19735906995351182,0.2297401031363411,0.2191855880589601,0.15644537532037758
313_160,0.12773910474034858,0.12559381300706526,0.12756173818596064,0.11019771501095593
313_184,0.45606544445218083,0.5489664082988976,0.5389859458262856,0.39568144731342997
313_190,0.48371996224972136,0.4417711095816734,0.4201979623884047,0.3957334904019192
313_192,0.19380406842212294,0.18573850916855494,0.19727185814937107,0.1544994210606623
313_277,0.8056460714164989,0.738290506178681,0.6951078558657406,0.605110079409441
313_295,0.2084411934323248,0.20582349290141497,0.2053985324780572,0.1800127037342122
313_354,0.07634306593800967,0.032878673478602974,0.029823990455054777,0.0
313_377,0.23335642119850497,0.22381625161280208,0.2476607702690782,0.18454352258726564
313_415,0.3727625257158189,0.34928400787665304,0.34448457329656346,0.24208378881542048
313_463,0.17459201762559845,0.15988030113928164,0.1752829925402417,0.11565293554580815
313_470,0.801823828743455,0.9989660705492585,0.862468442230128,0.5830326222587614
313_513,0.28892460534198794,0.30234247263908015,0.3321371154450462,0.23680533021925732
313_554,0.7374766902502518,0.7308487540986776,0.7207766950357373,0.619946851801392
313_59,0.7114993403074817,0.7227674088504092,0.7798954941676464,0.6763192727166452
313_60,0.6606745879086101,0.706333225894057,0.6801993350070712,0.5937020106011945
313_99,0.24537684422815748,0.2288568772346953,0.23073835132525178,0.20825965077634728
314_104,0.14015684382957525,0.14825674887630733,0.13414812973209939,0.11516015961699322
314_108,0.26309766851251276,0.3082807375067384,0.26350055277294193,0.21451543674075715
314_132,0.22404167394878602,0.2357580773183932,0.22982595110720982,0.18685239071940207
314_167,0.13874053385552357,0.1159396913451729,0.1228129537297733,0.09634790312888467
314_184,0.690489724871173,0.7584415141218709,0.7252265509337723,0.526962135379393
314_266,0.07423996903091615,0.06016450880619363,0.06662538183374693,0.037702330121857065
314_277,0.7237383425546986,0.627773682014192,0.6167060061212424,0.4891795802696996
314_295,0.2795119395431917,0.2528160991315357,0.26098536991098253,0.21794262859265012
314_300,0.34389327834074607,0.3162000588620212,0.36016735832136093,0.29975388397895764
314_313,0.1856051363051579,0.17196373393544373,0.17637086677171612,0.1587663648573534
314_415,0.577775561771047,0.49199894081087575,0.44980399887822575,0.3975719259299375
314_470,1.0808316528773505,1.2347370501667332,1.1962967265647138,0.9025179832132877
314_488,0.1575240910513299,0.1836550058177755,0.170896232422586,0.13898104428166289
314_501,0.11916673577746294,0.08891521416510603,0.08586344038463883,0.06470303262025023
314_59,1.1589516870683854,1.1632128353952764,1.1804705172344687,1.0124889840744675
314_62,0.3100558413979589,0.3043532651034673,0.2932940586141659,0.22479218710342266
316_104,0.1897310095854433,0.18229679457843995,0.18186145076226296,0.17325637335243788
316_210,0.08330793765293655,0.0824080375527611,0.08306899975591356,0.07567221388753492
316_415,0.3869926743805089,0.3664878167701899,0.3588898475916668,0.28685332531547547
316_470,0.8062504915832284,0.8525467390040463,0.8149469130830647,0.6050549276000328
316_513,0.21167213080463834,0.21066834842810503,0.23975693556936,0.19262572267509537
317_155,0.14181318395241513,0.14198113841097246,0.13798515126907065,0.12251153602971224
317_246,0.16757646101124793,0.1564358480694037,0.1580787451773275,0.1337456602558093
317_261,0.10900591924678224,0.10884900394966884,0.10744323749970919,0.09678420547518336
317_470,1.2218972847609268,1.2399214278556885,1.2408291995234129,1.119658319369105
317_99,0.15914793317253623,0.1656019921444745,0.15223434509568526,0.13550919424759786
318_154,0.2918182204416393,0.2854014212174097,0.2849297467408509,0.22949121069536987
318_155,0.21298910865595794,0.21192723910049208,0.21112346677317367,0.19176744351946406
318_156,0.3270623734149688,0.35650882259574096,0.351995858530164,0.3089463797373027
318_175,0.10817720888362994,0.11108015075705763,0.11162249678964081,0.09327977094930834
318_244,0.23030925316851508,0.23381765283987926,0.22988011159667987,0.19960049599461607
318_246,0.4079651603298302,0.4007817689683816,0.38077135589064715,0.3409093941028834
318_261,0.1622423185230539,0.16385205156499447,0.166378493401658,0.1448009979491863
318_277,0.19161928005029083,0.18791361308177076,0.17918203061041202,0.1641390328064879
318_413,0.2913344213682764,0.27137261891872066,0.24932065869668518,0.23581486639386975
318_432,0.19059827336157398,0.1849822714905765,0.18483388362746667,0.1785836978518732
318_433,0.11469163377686156,0.12102341112854205,0.11527748004730004,0.10401798467175996
318_503,1.0330732933361912,0.9930255938850112,0.9889823213114107,0.736233900990304
318_506,0.15597792775685732,0.17045524232592152,0.1691272217403551,0.14488547531131743
318_530,0.06528967730643011,0.07753090503615581,0.054940876143726475,0.03524888450190669
318_536,0.408860686870307,0.403247241055648,0.4085050619377944,0.3325413240752823
318_548,0.0815017224101873,0.08244941768690181,0.0819945394970504,0.06094040642291674
318_560,0.08654804885293584,0.10650454149279165,0.10422614198153553,0.06722310661432897
319_104,0.254496556528355,0.2626920038033144,0.25884735036241574,0.2283608778330463
319_108,0.46596812085197137,0.46551264172141404,0.5058707378170075,0.3682423295994738
319_132,0.3839932971610123,0.3789978387319386,0.37962518309130167,0.3391709549329216
319_150,0.2262226561458095,0.23389739839107104,0.23773744108916006,0.19203067007333866
319_152,0.1997175333746427,0.24045246044237795,0.24428235512236554,0.15874923813942363
319_167,0.12126301031018608,0.09814380504345811,0.08892884512951585,0.0781528619143576
319_184,0.36463722789132086,0.4158187258063344,0.42827081637338527,0.30491182040958964
319_200,0.9083503944663599,0.9488420199388163,0.9470833221798151,0.8063458228705123
319_277,0.5723384987554552,0.5503133223454889,0.5398619609459254,0.5080742051598736
319_313,0.23668464703002837,0.2039255605727443,0.2052237694924034,0.18980447109071066
319_342,0.1523955637878174,0.15418191356444833,0.15273647833780452,0.1404828778163028
319_376,0.1679729570056927,0.14685412736014505,0.1708346819270972,0.11210954812916303
319_377,0.20181569594372262,0.18788220174302311,0.1922490492260677,0.15027730059593453
319_415,0.46637403951407286,0.4724991276632784,0.46430189729955285,0.34207130193092444
319_432,0.2621546168591775,0.24607328348764312,0.24632868559615048,0.22673058470040472
319_433,0.16138832503723863,0.15984405954777123,0.16872651313303558,0.1484163078022048
319_463,0.1855890877664964,0.1898902518513791,0.18177873909055559,0.11070279125974386
319_470,1.143408731733534,1.0701021148006116,1.0814468059572748,1.005270866909723
319_513,0.31099570192220377,0.3831038521386957,0.37247297650766026,0.26625680155765574
319_554,0.6911109001105076,0.6597130625534503,0.7076071789667707,0.5467451250718537
319_59,1.0443079876939403,1.0355233100611294,1.0248213671258564,0.9555011346694086
319_60,0.3165403267573045,0.3223087442242467,0.35365364303901164,0.2747695382377105
319_99,0.1232141911998416,0.12695716022601444,0.12604927204174932,0.11638175087723986
31_103,0.6204383008041469,0.5517372547022789,0.5267766640569043,0.4715089102407268
31_257,0.8232398610696791,0.8236064573224727,0.7287408946874061,0.6952664041177959
31_394,0.3792136706144562,0.35560225207800145,0.35555756532835625,0.31505200290147617
320_154,0.25439574105977997,0.2735183788084947,0.2556059871637458,0.22627136970335782
320_155,0.16350090091911068,0.14407023375277161,0.14024959373703275,0.13803146998353966
320_503,0.5554915921014576,0.6363263142186928,0.6089488944457305,0.5252432644298085
321_108,0.3291693149050437,0.324378061321806,0.3163600300651995,0.29969757721994256
321_167,0.14923768179876304,0.12526437314133307,0.12783427425582708,0.11632002776496093
321_415,0.35710394099367465,0.5020833368634269,0.40999580866969393,0.27979888823801174
321_470,0.5878921440922198,0.6801340063336355,0.6895874465260236,0.4578592523336802
321_59,0.7026890748307936,0.6645887753794254,0.6605551060213334,0.6266578071541177
321_99,0.13085504213378138,0.13286017689275764,0.12620339309677012,0.11079173454803336
322_102,0.6926422732828404,0.7156583833247809,0.7069749505027377,0.6200985764645441
322_132,0.36917022289270723,0.37901911141030875,0.3890220460031588,0.3492266165230402
322_184,0.723506847557402,0.7385462015045029,0.7164861095894559,0.5764822351353738
322_200,0.4658458590365177,0.5488554295828798,0.5204394245224238,0.4027701315466903
322_244,0.2172553782203292,0.23708279072110658,0.22626373506459765,0.17748767318956435
322_261,0.12600280745069775,0.12381174801639754,0.1387715897956425,0.1073407657954392
322_470,0.6999178821180698,0.8291857781518702,0.7828242628944626,0.5378752670279405
322_59,0.5707884960375051,0.49437724719468473,0.5190299441016576,0.46847659380666545
322_99,0.13112754647154853,0.12926753697982823,0.1263999595009062,0.11503155332777992
323_108,0.23364946087931976,0.23782442171858686,0.23270548001780306,0.20957708214381182
323_132,0.2251230103796871,0.21956141947404956,0.23146107178288344,0.20151128388264267
323_244,0.1371672217454953,0.1393167997819682,0.13821319431222095,0.11405238860798567
323_377,0.1870000711836167,0.17742645047640807,0.19924192952150332,0.12559170620126667
323_415,0.4005753867903436,0.36167362594301894,0.3559167506128978,0.2864258197276637
323_470,0.586440506566971,0.6121020763472198,0.6032208636009913,0.5111158690873118
323_506,0.17597962187341437,0.15433895131303127,0.15818242362153395,0.14690363112673543
324_103,0.5840062243596102,0.5482041288329191,0.5440542225816157,0.49874911982993303
324_299,0.30036273287943416,0.31921295822187756,0.2945429550283622,0.269420297250292
324_327,0.2634102443920857,0.2607377374818841,0.2538159741113974,0.23881069494376414
324_394,0.6102152119800587,0.5717469937495978,0.5767858457724828,0.5507415160974415
325_132,0.2987697754452556,0.3018774711915644,0.2933518016434421,0.26189697707991005
325_167,0.16889290728202508,0.13823310495154353,0.1434732332696828,0.12777410125178465
325_200,0.6789163396351472,0.7797771764033523,0.7343848101418204,0.6065333621323661
325_242,0.27543628890956123,0.2685522273403276,0.27234988843747965,0.2418984056757525
325_266,0.13871931941129445,0.1307341561094435,0.1287056901071986,0.09527991981016086
325_277,0.7014263301048138,0.6320532313521232,0.608356704521941,0.5475602846629823
325_295,0.38007011697858917,0.372591327567733,0.34250824518096873,0.310055757556229
325_377,0.2664916069901269,0.2680882768746529,0.31084389957106784,0.21481179907299133
325_470,1.6130224611033008,1.6344298436744262,1.7780186926827877,1.437687528792267
325_506,0.23842071585248853,0.23243230625562783,0.22548586839572593,0.19235903037461827
325_59,1.337296473048863,1.4126875548999511,1.3754715623101137,1.2374473132755806
326_102,0.6900254242420955,0.7259306737411971,0.687503149726219,0.5672497607135011
326_415,0.3668864847616289,0.41358714802772517,0.3856383341365227,0.28663151107252527
326_470,1.2637939615476026,1.1769821716870776,1.1629783095104587,0.9658693331538909
326_99,0.19443712686265438,0.1881022414355651,0.18676365312486856,0.16735735108141672
327_458,0.15882624961429126,0.15409990205314034,0.15040805563059778,0.14080496392360617
327_503,0.41092255903572233,0.5174179210781513,0.3882168493036825,0.3222337938922809
327_99,0.1475268162935616,0.1593987998535205,0.15093484809080604,0.13388010066796918
328_108,0.3913672105140567,0.36630019702205135,0.35394581265928715,0.2865782629854964
328_132,0.2687423028168723,0.26942814125015857,0.2707861850504398,0.23873436539737394
328_167,0.10847510834698092,0.09194605433455183,0.10553698458618144,0.08695564332255444
328_192,0.3866212243388746,0.3474096259986742,0.3438460054871681,0.30646358770333715
328_277,0.594119965942534,0.5594272597270318,0.5957406820828558,0.4024179738923117
328_379,0.32821057445580853,0.3143870676395863,0.3003090008403459,0.2490682464981927
328_415,0.3778674932449946,0.3762679528072613,0.36772466018368033,0.2681775929039085
328_463,0.11764282612218617,0.10048161725018691,0.07427182026609774,0.053370176960450405
328_470,0.7869131970491262,0.83666383091891,0.8428409925643474,0.7025920829187516
328_554,0.3919552543363977,0.3797126929057241,0.39516380627097475,0.33460508791900107
328_59,1.0183928666309467,1.0229758029221008,1.028054249002829,0.960427028565177
328_99,0.1632846984244027,0.17270493351924532,0.15508406049720327,0.1441235109210416
329_155,0.11343764949329234,0.11360237978330143,0.1052898337063361,0.09869329475975265
329_156,0.21734766484694173,0.21616167867112138,0.20382681203884923,0.18171908741538212
329_242,0.19826891456499476,0.20583117437777204,0.20229081799022014,0.16482225214053273
329_244,0.23608342097705304,0.2391220195455448,0.217983260077884,0.198311399735699
329_261,0.08399339610345327,0.09028567107132705,0.09467554348651978,0.07421685423275408
329_277,0.12325705743717459,0.1262422540570105,0.11084633034698002,0.09739676981184832
329_470,0.3208243037103053,0.29163946390829315,0.2696855752168627,0.23956142580363446
329_506,0.11621731222742465,0.11559624200771829,0.13770907931449608,0.09960164085615904
329_530,0.08238662925581221,0.08624277062937312,0.0648538285803862,0.05724889139914007
32_103,0.7767487496227873,0.6859560297264028,0.6309591182946545,0.6060500176391183
32_257,0.933320864639146,1.0758178088622636,0.9374643150893708,0.8023895716504779
330_155,0.18875617667406866,0.19633695374750362,0.18791399204072717,0.15883372613190894
330_244,0.1326205023980174,0.13298277333944825,0.11821017221216046,0.1086168872873415
330_99,0.14697774804985309,0.14562092301898877,0.14285492119919638,0.12591223170436505
331_193,0.19288290878302827,0.20595186672283278,0.1930876753834205,0.17330533457995345
331_262,0.3908202603959908,0.38608908781505674,0.44368790510049616,0.365808105841195
331_331,0.40281631918935773,0.3875758394791902,0.3870009422475561,0.3693416667932072
332_103,0.955550574298235,0.82985438463289,0.8592660881444981,0.7391805753869903
332_257,1.3623572696622732,1.379778993616509,1.2696397906419183,1.1213784130357447
332_394,0.39208060182396776,0.36494410895680324,0.36840503225093657,0.34539046805699025
333_99,0.15163293725916716,0.14486628113706004,0.14096428320718413,0.12213741730278868
334_132,0.1779753408488001,0.1773237657377983,0.19124120085162633,0.17026811881999293
334_207,0.634098282671524,0.6018511378011955,0.5250486894199731,0.46451188993574355
334_244,0.10046258080009339,0.09786345282624864,0.09333566034339152,0.0809622950563006
334_297,0.5593282351373063,0.5475569717285276,0.542173976249975,0.5237838450307976
334_313,0.18339989615190247,0.16593294974752548,0.17951067760443737,0.1459972722350682
334_315,0.3511406168111838,0.34312996306461635,0.35462064364329066,0.30126340628867415
334_357,0.1423765271943712,0.14797211246371028,0.1287708934022484,0.10098886794153164
334_415,0.3540545561762396,0.324455928931606,0.31457330667945027,0.26837935533330737
334_433,0.09393562529243789,0.09225853031449406,0.09039263246111032,0.08262102284391648
334_434,0.12325110022819358,0.1156800048118795,0.12063646402916,0.10338114128873467
334_435,0.15139468576599735,0.15566132009240494,0.15550478701957846,0.13502513826487883
334_506,0.1487896246671793,0.1545745075966823,0.15661080659570323,0.13907723633719718
334_530,0.10745808925608996,0.11745842255152333,0.10926611046823224,0.08680062426057861
334_99,0.16788560402104963,0.1765934408585476,0.1598535676423575,0.14113586322859503
335_154,0.4518240745568687,0.45542637025817684,0.4471266925673427,0.3810767098177868
335_155,0.1281788344586081,0.13170489276392722,0.1303485039749387,0.1194322859095177
335_244,0.12153942705571591,0.13057028526237688,0.12334701879139977,0.09640066230395891
335_246,0.20303781967762136,0.19945614731215613,0.19281387437897232,0.18231815944215848
335_261,0.12586191436617755,0.13165587247907468,0.12995585470157933,0.11568033441920031
335_505,0.7951425705353541,0.7886650987018047,0.7877837395833089,0.6249858890054125
336_154,0.2679712005346942,0.27166959177584915,0.27763116965200063,0.24869094361890623
336_155,0.16328981332897594,0.16007058472525393,0.16013937889574262,0.15269567118648994
336_200,0.8148404788079152,0.7434544500675553,0.7604368003506282,0.7232660318246951
336_244,0.10568213701057831,0.10676252615435541,0.1142517269672334,0.09535461918817681
336_246,0.23530088543969901,0.23506324626904995,0.2285372170361244,0.1950804741074134
336_261,0.08947394876828284,0.08743942534978841,0.08336872957606334,0.07486896352784936
336_458,0.1839059688486052,0.1791944536105445,0.1857963379315111,0.15656824711767495
336_99,0.21258780502263755,0.2149043600585839,0.20269434201823236,0.18588671436421478
338_156,0.3858551137790873,0.40019213288081645,0.41515381369633536,0.3315825645028409
338_244,0.13971247216793453,0.14354540992452167,0.13524101087212642,0.11154174165734153
338_261,0.11319521458155728,0.10850745770061532,0.11654392822216078,0.08658135592397702
338_277,0.2618721824936364,0.23505577121007207,0.20280792944942405,0.1787096204185462
338_415,0.3714282189167262,0.4429546328353615,0.3885148731737499,0.29468317633623575
338_449,0.18839936827756631,0.15366352199168468,0.1499896631597299,0.12657629033251963
338_506,0.13455201552704202,0.1464422018993594,0.13906380484469152,0.12338880721779362
338_530,0.06933878221118465,0.06914442592287344,0.03881636647534698,0.0289465531895516
338_560,0.09585785886852001,0.1154257057663229,0.11219293841752391,0.08517719986696469
338_79,0.09049437296201747,0.07797561074650931,0.059717866651121124,0.04092353510501496
338_99,0.09202425765560003,0.09889958499667678,0.09568082781487908,0.08787001707123841
339_229,0.38186996696414127,0.46572114646027796,0.39344831584579887,0.3378274483940176
339_242,0.15686977110843048,0.1644291699821707,0.16479461864346837,0.14874482119795734
339_244,0.1573772209305836,0.1623359292287076,0.16137390424664663,0.13320287842303202
339_261,0.11219973023258221,0.10800573044029865,0.10463312848488861,0.08615000490196953
339_432,0.12319437463640291,0.1265160547534341,0.1271495123094305,0.11732361798768842
339_470,0.6078503584171826,0.7161812667527603,0.6417967186240722,0.4336658119099422
339_530,0.09292785783483432,0.0895847307024075,0.07682824492064408,0.06674112412557118
339_99,0.11199362127223209,0.10311299138080442,0.10100361056297356,0.0908057107934061
33_299,0.14909626469434656,0.16146755429908652,0.15342260853809858,0.1363175545496894
340_132,0.2700238817540963,0.2842077889171357,0.2953156869857873,0.2411979888875715
340_155,0.16456954354266087,0.15559380020545588,0.14939772986142855,0.1392418958817692
340_156,0.4114230996834476,0.4862481447439462,0.48398829254941766,0.33479297199714886
340_200,1.930300110362661,2.016946131628978,2.0241837570176533,1.626653138925902
340_242,0.2327770416916194,0.26060061298735177,0.22397068218740804,0.1901297135722385
340_244,0.13653397749642138,0.14746797102145398,0.14395478413836027,0.12439786934755054
340_246,0.17359137754594825,0.16400961500083555,0.1662618276335946,0.14410271573515507
340_315,0.3311525845278262,0.3140505499278665,0.3487539002260047,0.2644893991709902
340_432,0.2188437804507993,0.19959515743818315,0.2139935777673612,0.192386165002246
340_501,0.8184956260996439,0.7370826415593413,0.7273693661251031,0.6950815153148446
340_99,0.2333906592956495,0.22743016012891293,0.22849789745732657,0.22030140708077647
341_229,0.12193129011639241,0.1454810461916712,0.11178167050915433,0.0834107364944002
341_99,0.1769441423866366,0.18326498160381086,0.18461238720490622,0.1711522024258886
342_132,0.19918630248251087,0.1807258432675982,0.20218855553811435,0.1703064812086966
342_156,0.28301961588497576,0.28012112668912015,0.2670540571108759,0.2451534130748868
342_200,0.9821944363764477,0.9549379472114256,0.9851660260190618,0.8419297399397272
342_242,0.1793096964075081,0.18695355835707503,0.1734556355349326,0.1471865384432726
342_244,0.15668890974181193,0.1313348850379557,0.13469214058492274,0.12272762375842783
342_246,0.11243209385894598,0.11191856191883204,0.11231482245806595,0.10516195130766699
342_261,0.06023323325865896,0.06413910565315357,0.058562887413166,0.04487898922093293
342_458,0.19411916245739427,0.19140863952800194,0.18882658596582141,0.17367822803883967
342_503,0.44801639029136414,0.4919807580345933,0.42855867317525087,0.3816108719148434
342_99,0.1492671941407305,0.14503148481257483,0.14418891431619166,0.13445513844975854
343_155,0.2062116075914244,0.20584377856058303,0.19612451170961595,0.18505695078749165
343_243,0.10590610903361695,0.10540753602010773,0.11455913793111508,0.09884869880092756
343_246,0.26434880322925136,0.262959281613272,0.26192644438423324,0.24347980139762093
343_253,0.300874321781589,0.306377420954521,0.29435868958257017,0.2400532575592812
343_415,0.4605803225646765,0.46182936495201254,0.4621252577104168,0.3642942511265054
343_432,0.13477287969792562,0.1155663527796133,0.1157310168978179,0.10839903691597734
343_503,0.5633347892478383,0.6095471063824385,0.55102235579635,0.40046518685990384
344_155,0.11738029085980053,0.11592073525814503,0.11474805901865959,0.1103980577003025
344_200,0.8342187305731008,0.8762164224561589,0.846133206775947,0.635600273956197
344_458,0.17362632662374033,0.17058270044966586,0.17146400430794756,0.1516174869508671
344_99,0.17724827184391043,0.185769738751547,0.16555817481479462,0.14938596402638743
345_122,0.2595383310584896,0.28474208588270433,0.2574860334966308,0.20313075701161842
345_229,0.20603124981250426,0.22181848859361863,0.15946633339757935,0.1455118641530752
345_244,0.2697131550705582,0.26120851812092344,0.24165484303238863,0.21922904535556542
345_246,0.20876652654643982,0.2032851737086289,0.18918366707687012,0.1838277079876621
345_261,0.11849271418547597,0.12241384896052354,0.11295290838061642,0.0964903496578979
345_99,0.09180239196882416,0.08607478633295572,0.0839051337187776,0.0775181840510219
346_135,0.5813698263493251,0.6003496605414251,0.5258889310170898,0.4800452176830617
346_157,0.06345678568279436,0.06922225519124897,0.06851865903241167,0.04976282896781465
346_242,0.23001983645805874,0.22666551417739023,0.23447950519888158,0.21203947596912434
346_244,0.2441115077682777,0.24566596432897972,0.24205765670721982,0.14867715862068748
346_246,0.14468954564879016,0.14908203809920165,0.1496028577370234,0.1378159134667652
346_277,0.11425753025161083,0.11314100079726187,0.11577728361903294,0.09306891210442164
346_413,0.14925589087637825,0.137125244121899,0.1436318872803757,0.11424769672617531
346_432,0.13350900599602195,0.12137205012412908,0.11561756746891344,0.11384418579084775
346_470,0.5675742341482706,0.5844188958394634,0.610600836878497,0.485095150357285
346_530,0.06536253803801549,0.0670318602671879,0.04520843408235885,0.034553754590894575
346_560,0.0784765643507699,0.10451508405516702,0.08472999738577248,0.0482079788129229
346_99,0.1492000760185633,0.15365074995002678,0.1654430838576632,0.14118593659185166
348_132,0.25533491468653896,0.2504365160060747,0.2552830042338038,0.22340363828240883
348_155,0.08120140336947536,0.08145311204916146,0.08247244191816601,0.07173376901105999
348_167,0.14496689346845623,0.12177856232139646,0.1446039347600174,0.1141563323314458
348_229,0.26890081912831976,0.24985512533012855,0.2572759234817121,0.20779958026548478
348_242,0.2058384063076345,0.2148138866809117,0.21941526519032153,0.1889627376896972
348_244,0.14983804066922515,0.1545158909087373,0.14501221562203323,0.10719657525684435
348_261,0.07121782155806845,0.07442125329787595,0.06672334514079149,0.052089033928177125
348_277,0.25508038207235656,0.2104683466037615,0.2121612565383314,0.18471224402393294
348_379,0.19543471721967356,0.1728135195546755,0.17342438962753864,0.14181041640823874
348_413,0.11627761363862765,0.11355276704509198,0.10983078477585151,0.09519532026999677
348_433,0.09318296050005657,0.09268470078428766,0.09117887599564946,0.08279565432585846
348_449,0.1997960173480728,0.17577878938875208,0.18152327367226329,0.1484271298425047
348_470,1.0068069197623013,0.9163945175828716,0.9521228011382818,0.7956358026576646
348_530,0.07920038664135927,0.08222312811855466,0.07727068715797086,0.06342228541385078
348_542,0.20568895211393276,0.196782611268626,0.1939866806187139,0.13341691225978736
348_99,0.08075679411563369,0.08151838811317796,0.07562238977431021,0.0690890544895905
349_132,0.17423324006596475,0.1692339053919273,0.17898254882687836,0.1597252683361076
349_155,0.20402422112639698,0.21343588475168712,0.19734878104828707,0.17818619695267518
349_156,0.2723369587948845,0.2904863658624624,0.29520465454111217,0.25596520222461794
349_200,1.340629413437878,1.4217458405175072,1.2707766675047052,1.1960560296740181
349_244,0.17536326768575336,0.18041823566902696,0.17418387582641456,0.16360237876762387
349_246,0.2426891694226635,0.2645853571710406,0.26687842062975187,0.22009981669404088
349_261,0.109213161541936,0.10443305455759098,0.10463067293170118,0.09223237079983412
349_432,0.1441669396321607,0.1811815970984722,0.18860300655047083,0.11892581593545616
349_458,0.2257425293651207,0.2169668550791277,0.20483086045772952,0.1816636644986775
349_503,0.6410954461886943,0.70153579785375,0.6151391113304577,0.4880718022004928
349_99,0.29901334974077576,0.33655966946388266,0.303449724651406,0.2282283010141447
34_103,0.9197817241009528,0.8095924487566953,0.8503641941331302,0.7610346978769731
34_257,1.0343467188288473,1.0596514888787465,1.0207313631166364,0.8617100913441577
34_299,0.14337494938170964,0.14888419806819814,0.13144320969201434,0.11972561874279412
34_416,0.2711569348710747,0.2654204333828438,0.2956727001696089,0.2271574327743452
350_102,0.6690220241433392,0.6941292263844231,0.6881987705680668,0.5715136975533056
350_104,0.1492889062403133,0.15201357380159464,0.14497330293092017,0.12743749073791374
350_108,0.4850738962827936,0.47678614598072083,0.5064498415356864,0.39486427020527826
350_132,0.39772235883945517,0.4442024817254044,0.3916587394082276,0.34782291976229435
350_167,0.1334232774026842,0.12009627720566365,0.11975162320594461,0.10707757587771173
350_184,0.485236201013104,0.569512672271411,0.5650232251985061,0.4578650171130339
350_190,1.061990802408372,1.0285322060815,1.0105908343313437,0.9131321565464078
350_200,0.47493018974254475,0.5422539431686885,0.5048604229076631,0.3865535211455296
350_244,0.25002313415929867,0.2309054593028646,0.2239953767034843,0.20948813915788353
350_377,0.20888972699475872,0.20137615427237834,0.23189389725918186,0.16254722019904522
350_415,0.6556757752194978,0.631682402581656,0.555743876283461,0.43644681796783513
350_470,0.663393862131884,0.8185094330153156,0.7335148658758395,0.4558233980599103
350_488,0.19429693922697,0.2015457446091845,0.18311938908873343,0.16240234100998405
350_506,0.18443054663907046,0.18490230143183778,0.18802954171681321,0.17115523738213934
350_59,0.7990421267832958,0.7363557516600207,0.7256612484590416,0.7002939290128969
350_99,0.1445349615913157,0.1560752957458303,0.1495372294765227,0.12250704890163015
351_132,0.20056042945931096,0.2163167116838564,0.21754629493819996,0.18915908133797038
351_155,0.16533428492295899,0.16380926515810307,0.15668123650926613,0.14900849935110047
351_200,0.5517118672380401,0.5788298092237174,0.5920303041028807,0.4807421738521934
351_261,0.10693901776723098,0.1159360630651441,0.10535328767887052,0.08751535233068394
351_277,0.16629604657433358,0.16543981061920837,0.16758557539893654,0.14459166795983572
351_315,0.17779493217648953,0.18033152747855857,0.18750781916173967,0.13555236845691276
351_432,0.13559929576688534,0.13289135887687054,0.12540219111251832,0.11920391720516539
351_470,0.693844409504758,0.8420515884812704,0.7890261096741282,0.574389133383819
351_530,0.06484372808560344,0.07061843003901998,0.04104674240389603,0.0322752118938799
351_99,0.14921753875546928,0.14383636429836302,0.14237730446481212,0.12558439617282463
352_154,0.28093753958723083,0.2614686580343569,0.25976237006647274,0.25161895973646786
352_229,0.26366483244571315,0.20763439795993366,0.19249240009482413,0.17477378362095494
352_503,0.5634093401503145,0.5725999052889844,0.5626099729550915,0.4207223477080339
354_200,0.5342016864755348,0.5474541916993247,0.6192431565151956,0.44267493734834945
354_458,0.2302121594064481,0.2198810746720472,0.21630446522050287,0.20380257536147306
354_503,0.59624902854763,0.6067229552579996,0.5998742176982428,0.5501436278006513
354_99,1.7329102178658682,1.8923243344618181,1.6871294331258264,1.3469752168781732
355_242,0.2771064590712597,0.2721740572296305,0.2753402765262687,0.21806020325508124
355_244,0.1874991620899104,0.20045280197235993,0.19203009096093737,0.1401703324203161
355_246,0.1627122387298412,0.16119533829450558,0.17177582980389158,0.1500868553526701
355_261,0.0936005435298893,0.10819280650701314,0.08417491867295027,0.07632914389888211
355_530,0.06875998043531945,0.08310426220450573,0.05973479430670641,0.04567843344648755
355_99,0.11306379760924064,0.1194549616680164,0.11730546108901743,0.10759659514460163
356_154,0.23142381795553302,0.21651420183348555,0.22342453847452848,0.19585424632404871
356_155,0.20997756751580662,0.21339581646996014,0.21204424798368965,0.1834337162781437
356_156,0.3088038469305293,0.30570707552798587,0.2897168280425986,0.2737908182683155
356_242,0.24153778515466026,0.24747315800310934,0.24372120797968122,0.22550111278417118
356_244,0.17455505406959926,0.18227141920626952,0.1798351489217049,0.1618420674124548
356_246,0.19383558293156902,0.20179992084143175,0.20519386919208804,0.17231500195530078
356_258,0.3026905395130687,0.3050291077813052,0.2616958083900996,0.23358672026681043
356_261,0.0845445817976104,0.08905285686290992,0.08373147724889629,0.07759292467606058
356_432,0.10747460606001846,0.1049851660288973,0.10615022390385996,0.09438514761898034
357_154,0.2244637547511017,0.21013431738215385,0.21129401044010077,0.19229131298893387
357_155,0.15063397516189175,0.14769503033012998,0.14538041867209384,0.12802376245016664
357_200,0.7229383265552598,0.7145242077428909,0.7129408183294679,0.5096938615018591
357_244,0.12012842737387595,0.10514302879895272,0.10311553050089839,0.09652415718962741
357_99,0.13652542459213685,0.12589663535408502,0.11930373586809735,0.11009933370595829
358_108,0.3564830807736272,0.4429264108020105,0.45188797673067593,0.2852884652053771
358_128,0.17369081116732932,0.17605942349363277,0.17000546664536131,0.14278730757784547
358_132,0.337617570408072,0.3155061485509234,0.34720887421043956,0.2990358876027116
358_150,0.2970446055670364,0.30270713262230137,0.2865466127552852,0.23150018655479432
358_152,0.2214644977359443,0.2596407529259494,0.2539033411621262,0.18504032532201586
358_159,0.18265820295094493,0.1455253079915503,0.1343587465036494,0.1101362699411576
358_167,0.20579528353806373,0.18248917234100204,0.19195381900092615,0.1754688788416842
358_184,0.5373346095733563,0.5765022254866666,0.5759409844958069,0.4431163650097157
358_192,0.22428237326703243,0.24021793210348166,0.23812039767246151,0.1954488169387945
358_277,0.6315445070032618,0.6374121621640824,0.5952669353522588,0.5112740783574808
358_295,0.20307572147487016,0.19441745273881067,0.20345325419636104,0.1811700184078195
358_304,20.64793775836138,19.645171937205433,19.686576904949575,19.566139574238374
358_310,0.13545825541128784,0.12767673623972564,0.12220938639980933,0.11765400502520477
358_329,0.244033253624799,0.23373498237539797,0.2336241697444714,0.22054606552988967
358_369,0.5352422608808726,0.5753225549283544,0.5292089974152449,0.46489887974405014
358_376,0.2711285367449212,0.23813915964543414,0.23590233314418027,0.19186240872153684
358_377,0.2263116888665889,0.2571658566690287,0.3251462576044499,0.16471116451169232
358_413,0.09184200578462996,0.08789466505832313,0.07942771841530757,0.07731717646049628
358_433,0.25865701026175036,0.23799680713802399,0.23540987572054758,0.21858510654215044
358_470,2.0281868620825745,2.0739115657612612,2.0454740706710575,1.7940700491355617
358_501,0.245451378190755,0.20984358422297864,0.21110432225516196,0.1792663555963749
358_554,0.9572529649829675,0.9265464295918604,0.9014012387615375,0.7666100529655488
358_59,0.9337307476568733,0.9630168705052728,0.9927712291034874,0.8360835380609105
358_60,0.5052438831398383,0.4960180227269745,0.48781573637738845,0.42861974736087055
35_104,0.16760969174929422,0.15816608938241955,0.15380340012469493,0.14277663771099822
35_108,0.2950056696106584,0.31154146772017494,0.2935714907791145,0.22892727568633375
35_132,0.4285313914515659,0.43912147520269473,0.441226133826047,0.3608276390114392
35_190,0.7360930998405955,0.746205713179833,0.7106537101817787,0.610461960891096
35_192,0.31265583737719366,0.2786815467635455,0.266195764171336,0.24114685350073137
35_200,0.5318494622766132,0.5947278661746292,0.582664826928966,0.4967987056400048
35_277,0.6620561643434528,0.6576789457628238,0.6640515251722273,0.49597645464907253
35_379,0.37828029362413956,0.31536995998598055,0.3311974567031013,0.2862337765356739
35_415,0.5535548465920299,0.5522573456910855,0.5142700360108688,0.3862013314528207
35_463,0.16179309715415469,0.14030663910966606,0.1327935223308655,0.1052195430113175
35_470,0.5951802863986404,0.7189263402643947,0.6914713531784491,0.43896717638244964
35_513,0.2622034273042446,0.26671633411940243,0.2682521298482523,0.2398497170603377
35_554,0.5355926940804643,0.5282096031820179,0.5345533186627272,0.42394841583762705
35_59,0.8980863790090781,0.8112007379968614,0.814792314855668,0.7901238555418963
35_99,0.15150196423453255,0.15578634134368252,0.14943770943155957,0.13796710702970716
360_132,0.16020755745116674,0.16628033256678193,0.17256661563765946,0.14487195789298313
360_99,0.11370305705027636,0.11332917755906391,0.10765460062935865,0.09382211885369468
362_103,1.8392856668398794,1.7284633648125451,1.8569612564412727,1.4554537519728348
362_284,0.2949478878035845,0.2966620248655093,0.26683744334466963,0.2539410949616806
362_360,0.07634306593800967,0.016716324655009832,0.007980380689675637,0.0
362_386,0.216826739387383,0.238494009672902,0.22540271575466386,0.1873860586433621
362_394,0.5836696668293428,0.585223900999973,0.5880202055284528,0.5528595742363097
362_452,0.3059692249147903,0.3256255876307881,0.2768318742381586,0.2639306300575594
362_575,0.7058206193755076,0.6654151762019576,0.6587642777472964,0.6310590685227268
363_155,0.12932559644170316,0.1374216050803259,0.13226137576301653,0.11305560344209414
363_244,0.19671678220187194,0.21827519937941198,0.17644274353378242,0.15829244308034862
363_503,0.6076924864427595,0.4909871362401067,0.5361550445359136,0.44927204438912366
363_530,0.07757723233318847,0.0976086140758155,0.10485531427160034,0.05494670067200307
364_192,0.4251287356658332,0.3833953414301254,0.39445346671186343,0.3532122643209657
364_200,0.26228419326366825,0.2831486427387741,0.2959185368014782,0.212843386105933
364_277,0.7189677947980585,0.5993959393507432,0.6110291353989044,0.5549003202583314
364_377,0.1547532259910647,0.132623008566482,0.13296997739529204,0.11657093707891672
364_415,0.9997131197803676,0.825200893268218,0.8464460173628923,0.6306784434243845
364_463,0.11622653540514544,0.09666634079998809,0.07583489552553921,0.050911610208811464
364_554,0.4283668313999814,0.4255153174651829,0.41958589997541107,0.39170834822915884
364_59,0.7199642872287476,0.7285325228352518,0.7562075457236832,0.6707261336485129
365_154,0.20152242941418277,0.2302663174468906,0.20815434316254788,0.17712702635371647
365_155,0.12282017033888949,0.12500807552808657,0.1201307520374914,0.10167348232791679
365_156,0.2297188895775257,0.25922330075147,0.2577784791027887,0.21897292380807853
365_175,0.12752251643604642,0.12180357385248215,0.11890764073243254,0.09425813715293901
365_184,0.151960075422046,0.17990362775355134,0.19620923263318932,0.134113578999713
365_242,0.1814995563979598,0.19016972399240092,0.17378953716590795,0.15463739885239774
365_244,0.1470944595056699,0.15087770187635052,0.1502644049593767,0.12172829961727821
365_246,0.19333828748304024,0.20721072354042522,0.21401116705820541,0.16524289822123964
365_258,0.23184775339659744,0.23120852824015564,0.23920443662255345,0.19405562616539312
365_315,0.11113229587681972,0.11090129416666147,0.0986630924387048,0.06763147813501034
365_432,0.1084527872057815,0.10515499289739667,0.10185995648112223,0.09857594774581327
365_470,0.5044697540964421,0.6337711458096704,0.6333846776797447,0.37933180124369464
365_504,0.11102352107689373,0.10852742987299967,0.11336064826499416,0.09671027252470665
366_155,0.13960548177318408,0.15013831737129618,0.1305597192664527,0.10555187614465435
366_156,0.3250618555518608,0.31151132747453125,0.28770020082494674,0.25727600650106547
366_246,0.16657382018496045,0.15896221814574807,0.1581125602913223,0.13284561092342692
366_470,0.660414370170225,0.6256395603326637,0.6342730457442376,0.552200410490146
366_99,0.23679254455276974,0.2381481643340222,0.2403856663895805,0.22028597120716314
367_155,0.15989450288757642,0.1559271812485544,0.15368970505132004,0.14313293296742427
367_503,0.48340054686652106,0.5136727693190154,0.48394763456478695,0.3729866815258226
368_238,0.26664270980421356,0.27081048582470507,0.27204877388694715,0.25829516312310613
369_102,0.7855756190920694,0.8916630869563983,0.8017896885081304,0.6821198053642079
369_415,0.7096901052591754,0.6284762648107969,0.5956822003954272,0.5147844079046452
369_432,0.2105372341987772,0.2043193715417323,0.2148557063415639,0.1758522557009021
369_59,0.47292148095795306,0.4813083950562376,0.485795118714502,0.4397532422540377
36_415,0.31249898998358416,0.3201276542161347,0.2779732525407919,0.2377615790606777
36_99,0.20722291498730339,0.19079719607239695,0.20843266454122686,0.16504785273023195
370_103,0.9858546023704258,0.9035321088163489,0.9001957832400826,0.7845948682505148
370_257,1.5780043389970844,1.5596350708772257,1.4850851066527067,1.2335689413636506
370_327,0.7097313508973992,0.6919430042240562,0.770178141770577,0.6576270016246303
370_89,0.30942385904630537,0.30350032987288844,0.2861719996588472,0.25591790547892174
371_154,0.1786425571157286,0.18386112064552854,0.18539493191977616,0.15515338930439115
371_156,0.4492792053020634,0.4994407500447595,0.47517421411719585,0.35844357376219954
371_157,0.06509670636384123,0.06629532151085091,0.06136885481946594,0.048706380545148024
371_244,0.1049237799507412,0.10513028054727107,0.10508899523098857,0.08830879495031257
371_246,0.11945433895109311,0.11924590466007506,0.1082016101069588,0.10298343118525594
371_261,0.06844790178256815,0.07119410015262168,0.06634510757760397,0.05966423644125672
371_415,0.6835491333020118,0.8927929155218666,0.8679844290901725,0.5225981980379453
371_530,0.106446929955731,0.10643913153803271,0.08766295014698545,0.07682576057405402
372_132,0.3218841687808771,0.3351281825502059,0.34836551532134424,0.30200721922257556
372_155,0.10370775192744947,0.10248547456853789,0.10098008557622044,0.09296859122610698
372_156,0.39322848772114,0.3644205546747052,0.35593113727482023,0.29719992062153094
372_244,0.17764876185062736,0.1690396091721791,0.16525937547295055,0.15085930745539622
372_246,0.20171037187452712,0.1990532933300049,0.2020549365782455,0.18155131244582334
372_261,0.10527558455025178,0.10129289267022323,0.102446140488132,0.07739397281415122
372_413,0.24836328686136128,0.23192129288523736,0.21868068729927476,0.2071886506089036
372_432,0.11084596528414,0.11005423611365987,0.11129852088049016,0.10009338024295403
372_470,0.31343296117693237,0.3888647180367119,0.37642266103484257,0.22631558063794183
372_503,0.6636517250112263,0.727630661856727,0.692017907132019,0.593296741341171
372_505,0.27698704449446915,0.328206572073131,0.28174755389265205,0.24119410873009559
373_132,0.15372422327125745,0.15998418480171273,0.1603955956258839,0.1321791427085283
373_155,0.1006783111444687,0.09459822982537923,0.09184773479857285,0.08069389896514174
373_156,0.23902845347276902,0.1959738381320824,0.2051483299763075,0.13879321067586547
373_200,0.8670303624214946,0.881333327851593,0.9547481011404844,0.7523993828315656
373_242,0.18030749167481253,0.16232671642554203,0.15494402161330414,0.1427661646578903
373_246,0.12863471714742397,0.13866856084707732,0.1394185481054678,0.11361237005648811
373_315,0.2991987032019654,0.3023376183146652,0.30362307484702405,0.23637592315921518
373_435,0.14330706988871514,0.142868268731398,0.14267190791646342,0.12592767731779897
373_458,0.15876627363884352,0.15741291633750415,0.1626376471159999,0.13514848359367804
373_503,0.39267655075591124,0.38181939627506895,0.36450894973858006,0.3237107996630353
373_530,0.10971853626978617,0.1168225701160836,0.10410433884478838,0.08685302151166963
373_99,0.2545355464403027,0.2576768726595593,0.23958230193907537,0.2120452467186774
374_229,0.3965583491470801,0.3809182121060655,0.3631859652882367,0.30751762351504197
374_244,0.11928062348982565,0.1212051243715865,0.1121294436318594,0.10042740200511452
374_415,0.803923796571145,0.8746446951864358,0.8507484727523122,0.6303626540114186
374_503,1.0472455545702037,1.038283947402486,1.2170085144535379,0.6753021499972891
375_102,0.5728282506974938,0.5948129054836068,0.5971275359126076,0.4233574101190375
375_154,0.27058329227698175,0.2602147738761799,0.2604565610414621,0.21426922772100299
375_200,0.5234258059302712,0.5678393907454993,0.5922498142351951,0.44619347186240027
375_247,0.2115108332579303,0.23748903556122938,0.1974124160580463,0.1826729285890916
375_266,0.12442933928661988,0.1050470456800139,0.11240413027262444,0.07579892070032662
375_415,0.30471282065625,0.337915945181676,0.32329222545546427,0.22582664285245935
375_470,0.3609736822792306,0.41152851924320505,0.40266628861887865,0.28731749729775097
375_59,0.32737077635044565,0.3260345987323756,0.3181356396426411,0.2880761821365942
375_99,0.1357254191127439,0.15142014980506782,0.13263044948959976,0.12118272996624328
376_155,0.12057431046647661,0.1154594557950803,0.11584884431066889,0.10646084465409206
376_156,0.2925832478387808,0.28544159498490784,0.2851391747489635,0.23961508340564958
376_157,0.09904298938760328,0.10121303109826373,0.10422461007243757,0.09036534494872538
376_242,0.24939602840372796,0.24548880601147444,0.25229676373248444,0.23120667249442756
376_244,0.22244381144644987,0.2332230626456821,0.23906767953438854,0.13719323992952168
376_246,0.13139483883231,0.1264947687753917,0.12955772143375852,0.12044355364065254
376_295,0.1518350440621133,0.15628658027840298,0.16489392394261082,0.134566370219109
376_415,0.6181935124603559,0.7373395094056872,0.6593724959712701,0.45551314481156235
376_470,0.7874325713856366,0.808347902282367,0.7522260835739312,0.6139770064306055
376_506,0.11837381181948535,0.12306026145827838,0.126122350348177,0.10717604121757815
376_530,0.09633279382839942,0.10053495203945705,0.09283715057415926,0.07848165778575002
376_560,0.07905670942056396,0.0922038582430556,0.08590197432527175,0.04899816464149206
377_229,0.21174913196356568,0.27492329968633966,0.2352135867449746,0.17279097805705879
377_244,0.1031734204441826,0.09880146740612694,0.09824636801635336,0.09234376234150651
377_246,0.23384529465387205,0.23730339472625417,0.22758581784149667,0.20889336824714
377_415,0.4102492635848674,0.4296377671830587,0.42228688211375226,0.3702212702077993
377_432,0.22913659741121206,0.20370019876249468,0.20239662776560888,0.19123571749574889
377_503,0.7645709837732579,0.5983722704092495,0.7343880551454642,0.5093976406835441
377_530,0.06082839030676273,0.06922960004810173,0.04597981833050081,0.03531833249281292
377_542,0.2545541164178836,0.21778014023553424,0.20833651104430323,0.1868241955777138
377_99,0.15071250967954838,0.14653386960584042,0.14755591037079105,0.14148353668174174
378_458,0.1732976016746633,0.17101852546428165,0.17346497612738881,0.15534219832824825
378_503,0.4232359716628663,0.37553324145007533,0.3508537469606388,0.29478254108165386
378_530,0.07543321556708465,0.08301885730491364,0.08549665221447247,0.06318022952858891
379_122,0.40890982593131836,0.392265367132547,0.363540469198794,0.3072533152541823
379_139,0.1235729134255868,0.1061859685336812,0.07922420289267246,0.057606607484399955
379_192,0.18707816809883773,0.1847002529039462,0.17235806759642192,0.1554271716808169
379_277,0.29340698646200414,0.275749211610562,0.27305674006479325,0.22084814819506451
379_99,0.15385586948581642,0.14874369172722077,0.15547550825372192,0.13344788497519686
380_155,0.10157342890255704,0.10780924357314739,0.10639799904935861,0.09392196099679481
380_156,0.16361623298069025,0.1559030307422104,0.15392421684607693,0.14338863838094268
380_207,0.30493910642091604,0.31221490202979285,0.28345251065379407,0.22447689906342883
380_242,0.1396335845265884,0.13496569671652092,0.13531511042680786,0.11522224182429507
380_244,0.10090444116459654,0.09099153660973841,0.08525870331003128,0.0810496609002303
380_315,0.19531273201793967,0.18595656572721556,0.17762396865271113,0.15708080120517662
380_432,0.2856612432633256,0.28240964472169827,0.2519148476767292,0.2304149957679439
380_530,0.09024414504286304,0.09118313679639062,0.0821559938268032,0.06965345366500239
382_154,0.13387604334615688,0.1287951734374722,0.1351398976016457,0.1186449141072367
382_155,0.10905831778503464,0.10984440491382627,0.10376098797031667,0.09399825019248181
382_156,0.4200951696712488,0.4226047850227555,0.41014238913106316,0.3130015362753486
382_184,0.2719659750336239,0.3373601951050565,0.35480144914951295,0.20384214276043475
382_244,0.20180162139942007,0.21281874057554345,0.20535741402529742,0.19039435499104615
382_246,0.14502016430943165,0.12775792518230572,0.1296255693020373,0.11071724299382174
382_258,0.33670758135576917,0.36825562584295995,0.34722565092243257,0.2810694559655655
382_432,0.3001043682534202,0.2839185461155653,0.27525661483481995,0.2514536528628294
382_530,0.10993830008016713,0.11409694318765608,0.11252880016236658,0.10251698651493339
383_157,0.10085765838108378,0.08967321463971566,0.0837011375409262,0.08035838156339148
383_242,0.27641339260169157,0.26168454005883757,0.27893808761556377,0.21661569658903213
383_246,0.12191065111158252,0.11752475598342509,0.11516916297758881,0.10398380618882014
383_261,0.08848813755541111,0.08996669565004617,0.07924514959157436,0.060459594903788244
383_277,0.24902301945619895,0.22992987676493065,0.20567664280691197,0.18845059320723465
383_415,0.2483260693324273,0.27840310648840033,0.2583710559836789,0.2225333855025299
383_432,0.2658870081753579,0.27440459474360845,0.27010884830266746,0.24149950109227086
383_470,0.5956862460564765,0.9394411386378558,0.6439175449348777,0.38405115589434075
383_530,0.06795581140695453,0.08536349941720639,0.056178910695453874,0.042189195759322534
383_560,0.0659432810027047,0.06914130834468525,0.05872206551631687,0.033682905015762356
384_108,0.32218487485646574,0.34357435809968745,0.36154153965551583,0.2881541569037366
384_379,0.22469278208588905,0.20418925332669313,0.19468051980866125,0.1525331541526034
384_415,0.7698782760000168,0.7196972695943217,0.6735052958585146,0.5604464542263403
384_470,0.4680559936163448,0.5088580460343151,0.4581121639458023,0.3449800985474457
384_59,0.6163023637336378,0.5958535754224273,0.5993166279603894,0.5785023837531513
385_122,0.15040350898907034,0.14733075871163015,0.14619900034361605,0.1193627401912752
385_126,0.19211255101323638,0.20727120822423395,0.21501525051168047,0.15385337678981525
385_154,0.2139414575070199,0.19270169859211295,0.18916171373359045,0.1701682320156204
385_167,0.09652544048396908,0.07591701901978808,0.059524760725862116,0.04581595424633828
385_200,0.8236732320476574,0.7496274729674511,0.6902526363918317,0.6329591099614335
385_244,0.11132443907777063,0.11183401229799832,0.11057288291042187,0.09888000264530562
385_458,0.12417101760566052,0.1175592944156752,0.11723562792923056,0.1130025435807563
385_503,0.448921147501222,0.398171717925586,0.38043494681965845,0.34752126434659714
385_562,86.78737588621941,84.71757048361972,88.14295327991927,82.76339157728181
385_99,1.564259765330838,1.7435998541516673,1.4539554324364594,1.1873141189386685
386_154,0.2238463758245129,0.22723273153796708,0.2324279890563881,0.21830892053631967
386_192,0.17685110421915462,0.17402887521508775,0.18400153394294078,0.1435511696718214
386_23,0.3775271058893028,0.3657325063262465,0.35995612573604574,0.3023570303139646
386_277,0.6569196581449863,0.5493077920284305,0.5311770643804294,0.510318292270023
386_415,0.5627693383938506,0.4592481609296063,0.4557772749085332,0.384294600272424
386_506,0.15364401411367756,0.15607305189225645,0.14800606111800668,0.1425426795591027
386_59,0.5872625134540579,0.5122209611836401,0.49185216796205733,0.4824867455629259
386_99,0.1181616953001223,0.12041411339366137,0.11782515200880457,0.10486604534608904
387_167,0.10599914357164637,0.10182171998892409,0.08933647782911333,0.07986724694055951
387_200,0.7500299355854855,0.8047571592647587,0.8500808936126911,0.6469319880675388
387_244,0.2277033870405559,0.2319682426926641,0.20580572016993862,0.19081371686001317
387_277,0.6627745092930651,0.6272981984412543,0.6556216710488267,0.4751543059691964
387_415,0.3743303012215747,0.3783953977000211,0.3743375411955017,0.27982255017425306
387_470,0.7103750327001861,0.786557817363474,0.7872180288830084,0.5851799021487996
387_59,0.440198005367457,0.42448248875330075,0.40981328753725954,0.38298201325590575
387_99,0.11003237501886139,0.11202229969628458,0.10745616929402302,0.09560237300992544
388_154,0.18436016631008745,0.1809670786700723,0.18264485107326783,0.16648396611277216
388_155,0.16812000164348687,0.16803104958004858,0.16347790553005595,0.1527151804598103
388_200,0.534493267883071,0.538492183534626,0.5232965915674985,0.365349962379038
388_244,0.13563456059099088,0.1286247053504902,0.12334892527168141,0.12076387848909219
388_99,0.17312176239719598,0.17173889444727788,0.1701744180363717,0.15394688266840129
389_200,0.5955057815464047,0.6209127869642682,0.7129427734925208,0.49727224002828496
389_277,0.17505321661705722,0.1818610559008782,0.19204369386953976,0.161461102472439
389_370,0.1658011782492054,0.1657797312022575,0.16617832459425047,0.15227976005511434
389_59,0.2951134744241133,0.34457551212455934,0.3546593011125868,0.24283497371584709
389_99,0.15654274083725808,0.15673518542701104,0.15908444321670154,0.1390759126211431
38_116,0.5107578655732469,0.6096794973893692,0.5724605252783511,0.4566873200674803
38_134,0.11740982079226588,0.12006258066790045,0.10934355162914079,0.10076882590423339
38_257,1.1760762446400828,1.1435433878818562,1.1587507805853539,1.0729346511163573
38_268,0.29133185626556735,0.27492670757379056,0.26404563616539867,0.24897590056404426
38_299,0.22828833822449152,0.23273119977002388,0.2314449420107432,0.21229074751541688
38_368,0.21760319756372393,0.22460876038337935,0.22135136425509572,0.1919830658272904
38_407,0.205228451925521,0.2123176513318457,0.19485427518258625,0.16082864612303224
38_416,0.2473546951169791,0.23218521689848848,0.23808163847100644,0.21815059646886478
390_261,0.07757896063758835,0.07790399126521458,0.07215435088452744,0.060675281748334996
390_99,0.06613896285116727,0.0621083293923229,0.05590775367642969,0.04899476095607002
391_154,0.11584850401031825,0.10792450998544185,0.10328927459829045,0.09777980369013589
391_155,0.11732258747995974,0.123542938800205,0.11350584293700633,0.10340506376400366
391_156,0.20370157856013027,0.19090503826867997,0.17963937568393668,0.17609919666667226
391_200,0.3096937035372724,0.3513273381883013,0.34366430191302133,0.22772694873315824
391_458,0.1393831973770319,0.1449017191604797,0.14489225396031968,0.12921794307763626
391_99,0.09114471608340141,0.09263743031671552,0.08682041834700165,0.079616232191316
392_207,0.3373829497371364,0.3616267357978744,0.33726182391507487,0.25595185028410666
392_370,0.26097159044659396,0.24498859089339403,0.22901441646523976,0.22428088744924038
392_470,0.7110528779560171,1.0232041128261606,0.8544930210670967,0.5061400538380748
392_565,0.12124059073257719,0.10976004814361522,0.09957695714348994,0.09673106524400846
392_99,0.1514639411018862,0.16031177004825892,0.14627226503143442,0.1326857580881276
393_132,0.1383062111433216,0.13479030946311554,0.13730798672047387,0.12257407089309573
393_155,0.10559915421139797,0.10796566570131641,0.1000225785485753,0.08577968528964551
393_244,0.11138658788587572,0.112798772210453,0.1071729212579135,0.09081060200824581
393_261,0.06613798684086575,0.0590195378203984,0.05121961549552007,0.04810987060454465
393_315,0.15485825455746893,0.15186079822222806,0.1618510714667628,0.10411076194121917
393_470,0.42409395051577303,0.3863515131006404,0.3922383744900346,0.3329818001996819
393_99,0.18410116374621918,0.1779041677154287,0.18112043942162123,0.16137452875144945
394_132,0.31755656430447426,0.33589893506264146,0.34123840962291524,0.2962923449070483
394_184,0.58257786506884,0.5543691432623695,0.6178205092080195,0.45274922498547443
394_244,0.2594442788726617,0.22081297128797905,0.2290258565652481,0.21020704251031824
394_247,0.18741249386184441,0.17777388862579654,0.1623864773454183,0.1515661532067416
394_277,0.6024065448154642,0.6158885937341325,0.6180021468994751,0.46902140697664385
394_295,0.19574205891117696,0.18287733522770225,0.18925841736721546,0.15973498796180294
394_470,1.1707841860483923,1.337318611488615,1.289790573900306,1.006242145416769
394_506,0.1781794753975336,0.19917707336695173,0.17555688190525356,0.15560362983049186
395_154,0.12956156248189635,0.12428126916155563,0.12281445265806,0.11939840535385139
395_155,0.12389364764922361,0.1163038051615198,0.10952883386217442,0.09969016625948032
395_200,0.40424819746286533,0.4530448068683858,0.47876310387853876,0.3486389701168085
395_261,0.07383895654136151,0.07520055851808646,0.06889121881346895,0.05794581180955765
395_315,0.21034547565696338,0.20069515137137905,0.18640083519571146,0.15352364828596649
395_432,0.1252423669590045,0.1246485024219534,0.11913252211346495,0.10760495909121118
396_257,0.6020577673617096,0.46578651942447824,0.5294746100174725,0.44583823578920545
396_299,0.173674562291799,0.18244189763693125,0.1728786654915967,0.15431636572546809
396_394,0.325416997524204,0.29229763001864284,0.3102413811378537,0.28357716750900164
397_103,0.9222929001743542,0.8861918859859097,0.9243573299002984,0.7568036466707666
397_257,1.3166829457160243,1.2596268281154592,1.1528550396825326,1.0572248101063038
397_268,0.21281084276500592,0.2527402120541459,0.2643833515649128,0.17445969553908802
397_299,0.18044485460465629,0.17018474823046925,0.15155405528751242,0.14990256865818422
398_104,0.1798090062970925,0.1870942837161561,0.1861675972643297,0.16434232277965932
398_108,0.2927096963125653,0.29005253900626976,0.2988257772410255,0.22051850438375262
398_132,0.2492521118036983,0.24844743675406158,0.252860009431893,0.2285366292399379
398_154,0.2950205659238377,0.30108564896277906,0.2872585711738578,0.2595900345692273
398_190,0.4998136893913387,0.4841762779656728,0.4505261303816332,0.40446536010488426
398_192,0.1891397292759117,0.19542072465315904,0.1963570179657507,0.17873152092487113
398_200,0.5068773027488993,0.5978361627121056,0.5880163404062179,0.43569319756019725
398_277,0.7692587494849337,0.6849689759016204,0.6818200179046063,0.5197260396865445
398_313,0.13985059902458963,0.1344707842671128,0.13967885454731743,0.1265439617174263
398_377,0.1859603457395122,0.1704893917525338,0.17674617763943654,0.14236958588641924
398_379,0.4535812704104949,0.4420187548705467,0.4579921420606984,0.3453839500875838
398_415,0.45302179761077593,0.4987445519808788,0.4601255197067959,0.33940722939427626
398_470,0.6303303161761852,0.770080329981317,0.6803916734246295,0.42427288999230167
398_554,0.519524658710913,0.4875555760689038,0.48260679852376387,0.43997621147105687
398_59,0.5212175067669903,0.5365371805162342,0.5103318764908618,0.48686691443629115
398_62,0.20280956676578762,0.19645842449026518,0.17762169380884332,0.17121038539545919
398_99,0.13607818891825746,0.14012886649809989,0.13312915350175847,0.11944970688633655
399_132,0.17818174057890435,0.16477891184975121,0.16828776823701005,0.15076619275201777
399_154,0.12470571285216714,0.13127205443654055,0.12205443361308024,0.10612069143007852
399_155,0.1035372762009336,0.10559844110589524,0.09758958790703331,0.08813261292858161
399_207,0.461123124396675,0.5285206640535054,0.44661095955112384,0.3538167505240478
399_246,0.1052289318584279,0.10787894492071153,0.1050571782855284,0.09039451369322386
399_315,0.2596717941847495,0.2571478970281136,0.29383434917643525,0.21783295533482352
399_501,0.5514535127659301,0.559133985436877,0.5775246275739304,0.5024203447416129
399_503,0.575936120578645,0.5601681615316116,0.4735254088087355,0.42764321875141603
399_506,0.14813301266735987,0.15944864949100732,0.15967301001454046,0.13538505465586226
399_530,0.07903950177218286,0.07732842438883876,0.0727782907233873,0.055300718026021614
399_99,0.1814160403589831,0.19765537343188702,0.18952080472136273,0.16018240105407888
39_103,1.3184004388635286,1.1902013639634306,1.209893928727881,1.0871593708790308
39_257,0.7703688765084311,0.7251254367352945,0.8261325131952074,0.6115912129102635
39_558,0.24051594164331688,0.27168834473462333,0.25826821736516786,0.2136110316675052
39_82,0.2922104969099862,0.24555820473182846,0.2520050322040542,0.22906379883822758
3_154,0.2313562054575307,0.24554762152524695,0.23339251812541273,0.2084577184041154
3_155,0.08396051904508582,0.08475075542127822,0.08078214214579953,0.07231994540154353
3_156,0.3603240811048748,0.3908522330589018,0.3558057980401674,0.30063387380753986
3_244,0.16581244379269325,0.15607868645446907,0.14741691934596549,0.14342960474546762
3_246,0.21603673163903897,0.21604746541654832,0.20512334533878404,0.1743770225735729
3_261,0.0958795507296116,0.09547099852714785,0.08415959958483261,0.07431766873447747
3_334,0.09182164154067265,0.08449108044046622,0.08060774935287293,0.07768497658696492
3_432,0.16001015139791222,0.15041629774832269,0.14513484086979944,0.125428078549246
3_503,0.9595620816987476,1.0308745740383078,1.0284125378340947,0.6693097262308807
3_530,0.1015306962937981,0.10481015204160726,0.10762447246100706,0.07719398733633685
401_155,0.1199074409478263,0.11811694786966445,0.11036258252673922,0.0979188668417113
401_200,0.3566231206993835,0.41053376098134,0.38589119072697337,0.2842194197776488
401_458,0.16969732446680863,0.16836991348778674,0.17186693121078156,0.14109538072791708
401_503,0.34433825851008676,0.44003729997839236,0.3520301417111598,0.2525860229804075
401_99,0.1285638759663456,0.11906712864993738,0.11992138537819683,0.09882725354630968
402_154,0.23377206336552847,0.23196221071322493,0.22565851252982216,0.2142209496247302
402_155,0.17301739034188957,0.1706581829323287,0.15655708814620872,0.14775019835560804
402_156,0.2722963835446225,0.2701255539010375,0.2630974093221626,0.24596633061431555
402_244,0.13332656259874007,0.13161260840144562,0.13295951073378032,0.12256415991064211
402_315,0.11186220053454428,0.11335387903923833,0.09201422098781366,0.06869344427692582
402_470,0.464138116777736,0.5339866029379191,0.5292669835045017,0.35675756532284036
402_503,0.5301376609182739,0.5523200919340553,0.5241405833797435,0.4200902014891096
402_99,0.15148770088954458,0.14389108184109362,0.14594301580487667,0.13789325367618932
403_108,0.3371003329351536,0.2902326132167572,0.31136972847726496,0.27581776284302245
403_167,0.1296737704970395,0.109395650643458,0.10179803356071396,0.10007882268730654
403_190,0.5972305248328248,0.5667157527925314,0.5743742135588035,0.5354427759538394
403_192,0.3013502688753648,0.3087218740623447,0.3083670955337709,0.24546846116336773
403_277,0.47872985650079386,0.4509443860297338,0.40635271639576664,0.37808180471406766
403_370,0.11010860430573606,0.11152013897489936,0.10551197707704976,0.09451058037722747
403_376,0.09929082731406537,0.08081012724759097,0.0726898784682804,0.05508804364740005
403_379,0.2522008395723964,0.243970368719072,0.21129316933635472,0.1732324489197285
403_415,0.33883121079472645,0.36006669457438,0.36135500583220986,0.2827365947611635
403_488,0.1411768411755548,0.14306888395210682,0.13999975829632746,0.12666353693659896
403_503,0.5453879754516449,0.4978039952000506,0.5438390327006623,0.4706229400618822
403_59,0.7433172409377281,0.7286282306177987,0.7148720731474603,0.5758699472311969
403_79,0.15687744825150154,0.1339662456869241,0.11709595778107149,0.1094365278277177
403_99,0.14285510095921297,0.1337836893438019,0.1256739101922952,0.11962939813741492
404_244,0.09059048081331054,0.08923816199399882,0.08741131461999127,0.08450920072570553
404_503,0.32752326435688733,0.3159150619506,0.3037003296216654,0.2764226556924628
404_99,0.13108028490478874,0.13305472250624703,0.1289263979096671,0.11483956196541444
405_132,0.1640734794150704,0.16759452301064248,0.17397021208806113,0.1557572537687465
405_154,0.1523468405197127,0.17208486133755393,0.154662129715506,0.13717044815469637
405_155,0.12207302550908035,0.11885257790245642,0.11133835634244808,0.10759008176878325
405_470,0.596216325222089,0.746488530103205,0.765567674934213,0.4361704690021189
406_154,0.1734996242322712,0.1912922416643663,0.17294310163019933,0.15635240363743902
406_155,0.0909039382734366,0.08657599492405745,0.07905172440326076,0.07531551031553375
406_244,0.20858785098272856,0.18635120205915423,0.18282186090320066,0.16220873189969204
406_246,0.20213750424474625,0.2090938040770624,0.20406756311373397,0.17864021034777
406_261,0.10760424999917956,0.1038274870601985,0.09989022043539375,0.09035218339819992
406_432,0.18731780695105313,0.17619697388854674,0.17055036425702264,0.1650113369574617
408_122,0.18453272734059684,0.19913726049645597,0.2043413118993882,0.13948817474717692
408_154,0.15067082499203266,0.15280688611169074,0.14314006882601482,0.12340246053418369
408_155,0.16027196816915942,0.1612831445850847,0.14812677093460713,0.1383003354990653
408_156,0.30848575612113693,0.3141214768638705,0.29532661762126045,0.23385156129323695
408_244,0.169218039006115,0.19472976713256274,0.1813732530018591,0.15188128947741236
408_261,0.07514678488173047,0.07664080006326912,0.07362353179430516,0.0624271748595789
408_99,0.15282148163337633,0.1500755518350184,0.14270888971142032,0.1288661701884375
409_154,0.34323151899275933,0.3684909537671943,0.34977968937412257,0.3051884825488581
409_155,0.223208957270314,0.21434719032057076,0.2034334446555712,0.18711435864660858
409_156,0.19193551038152062,0.18849754589583967,0.1887065923859931,0.172841550728329
409_200,0.798543900514349,0.7701549230555673,0.7457903233736146,0.7135090486757361
409_242,0.22898346604297318,0.2376322324717293,0.22655654926766144,0.20590222439460562
409_244,0.14957204519638048,0.1554738988044705,0.1527306860441095,0.14038371426165105
409_246,0.21635700145822184,0.20515524534872429,0.20110688622559209,0.1812022249578592
409_261,0.10691620050587167,0.09922279533754162,0.09423307155514796,0.0836311796102003
409_315,0.20148361730218067,0.20842536673338366,0.20811217310603847,0.1432550715120232
409_458,0.18548603982888454,0.1860340539973079,0.18781368995163478,0.16845491534217952
409_503,0.5250322138405548,0.5902950756895151,0.5234699439646452,0.40430312637900623
409_505,1.39077458744858,1.300892260873304,1.3431382241921261,1.1130363825401497
409_99,0.32713063988928526,0.34469303381788174,0.3208825420601105,0.22923646223615238
40_103,0.8697025028641306,0.8954993286936479,0.8837691589986583,0.7522357957143013
40_116,0.16210726276818913,0.1547813107121399,0.1556262094606069,0.14951537673343474
40_257,0.6091652120731236,0.5826840254162166,0.5798751131315112,0.5324897968094142
40_299,0.208043350544396,0.20713218613097836,0.1768843388340889,0.16228142948717403
40_394,0.4831266027567049,0.5003217763179844,0.4970502079053578,0.43772351014803457
40_558,0.30111129377778423,0.4238368296467772,0.34629308732877956,0.26917652269318076
410_238,0.12216896839537382,0.126227139448475,0.1260320560024497,0.11406219626697808
411_257,1.0570418960608718,1.2020572148682744,1.2604513852626507,0.8591684682398467
412_132,0.3150274846889815,0.32340816659991795,0.32398747748021095,0.2962989588260624
412_184,0.5389840586890342,0.5623332511016842,0.5668781312091277,0.4476061977990607
412_247,0.11962359554040426,0.12371439952685076,0.1128703791140129,0.10953654214366665
412_277,0.3931543853893409,0.3779354555288664,0.4332581593519113,0.30907830353746785
412_415,0.4710168624626043,0.4876663733315297,0.43100613292730094,0.38923885556778104
412_470,0.9015173867823084,0.9199586595812684,0.9479480448071524,0.7994836179384246
412_549,0.535771756474676,0.5035722612868545,0.4990368888746317,0.47052787392212736
412_59,0.40340232615169797,0.40485455070184345,0.40649840116729324,0.3828745160626544
413_102,0.38350184931408965,0.3775586545674174,0.3799018112301827,0.3420958738802977
413_132,0.19461304866586313,0.18854283159736174,0.20600507072431062,0.17147456005324785
413_156,0.3101102918283102,0.301763908054028,0.31096832036350036,0.2681767844304338
413_167,0.19025391840916592,0.2044197915946222,0.18819221832369215,0.14089424454716287
413_200,0.5152529573632225,0.49695498368826296,0.4686898296446675,0.3750391005133414
413_242,0.3110520787712223,0.29416980352130795,0.32197102174384346,0.2581557832410091
413_244,0.1531470874521274,0.1695242686129914,0.1578965055325935,0.1257858578071689
413_246,0.17100066170753972,0.16709225966797447,0.16004192010437013,0.14681364689285367
413_261,0.11219173540248967,0.10982624153186116,0.11307640490356907,0.09671937333299449
413_277,0.30284951246432673,0.29608732096674006,0.2826902130733242,0.2288295195998493
413_300,0.20772286274321505,0.2052726469581523,0.20644116582953487,0.19415856388268088
413_357,0.15725433067343475,0.16383852985113476,0.14960770146730276,0.12643313225587532
413_415,0.2805235445626792,0.32919955404975043,0.2648451470710866,0.22772798408803366
413_432,0.21895466530299393,0.22663601135847675,0.22634235921394305,0.20329981578131837
413_433,0.12327937564471611,0.12897576203468464,0.1214343794793,0.10714287260917763
413_470,0.7085956794572579,0.7508855167425595,0.7271877385002239,0.6229421224774323
413_503,0.4234548530964888,0.4088342917078096,0.4045184541068364,0.3134578786971607
413_506,0.15998747191619964,0.17803960921681064,0.1881653356203548,0.15356312896413962
413_510,0.1734578432479713,0.18939552832822845,0.18460649237087945,0.1634031408622429
413_530,0.07893885047047816,0.08654494293811583,0.07585322256499123,0.05967939197041852
413_542,0.36696316889893665,0.33751201744169324,0.3436327695262591,0.2761380397771056
413_560,0.08837764524299456,0.09369060206991049,0.09378951066551716,0.08291564776948482
413_79,0.08939789263053508,0.0880011769941377,0.06337158166899996,0.04282250754554896
413_99,0.09398804483894205,0.08632810079544406,0.08615120405072851,0.0803221586894573
414_327,0.21736633511278589,0.21597502477058353,0.20938618552751398,0.2030033645940022
415_415,0.49369541864214495,0.5180215426408066,0.48876835809315655,0.3705151138268377
415_59,0.3664807666537248,0.3496720537793447,0.3347151964886652,0.3260109320962994
415_99,0.1601868873532697,0.1655806344598984,0.1664482458424444,0.1440714506498107
416_10,6.735421120701528,4.755031620170116,9.63207568697165,4.575223718042232
416_104,0.32116385911620215,0.32745579469801334,0.3472706820799807,0.2926447768815049
416_122,0.27135741620174936,0.30705856120193054,0.27873889028980975,0.22482985936355224
416_156,0.1739853039460442,0.17660427705465787,0.1762933484925048,0.15589019172668891
416_167,0.11643414389212325,0.08550632985401106,0.0750443897291759,0.05626198935160317
416_189,1.6640764746841465,2.0502147721826893,2.024453819925749,1.3817265495923639
416_204,0.12972407088060026,0.1352992677250536,0.13260025770402023,0.12199852870267508
416_246,0.1530490316182726,0.15167423930920584,0.1471986701685415,0.12714832982957816
416_315,0.26255206497173433,0.29330322658798824,0.3326766382532643,0.21024211259427708
416_432,0.20328475563890822,0.20923228027878535,0.22368261353344326,0.1792322963231413
416_470,0.3692647197063825,0.3626002767668272,0.37101353124366976,0.27572740919350125
416_501,0.4728024826409824,0.3858562055843592,0.3916867712775661,0.33913659738176133
416_503,0.6560531310256545,0.6130611230433619,0.5868748611508189,0.5026780598393367
416_506,0.21509370009724832,0.21289074639953695,0.2202301506323301,0.19802463637290482
416_564,0.12503837376632293,0.1268687216623103,0.11038256074187053,0.0884186256562992
417_154,0.2816896198826987,0.19461497392017582,0.22431776772874543,0.17505797660183253
417_155,0.15393693581758497,0.16125966562631597,0.15613708230506607,0.13481675389962655
417_156,0.4955974275745319,0.42576711045200577,0.41133127404434766,0.36137364030864183
417_242,0.22309580393515482,0.23358122895195002,0.21712260960439345,0.1857621163479962
417_246,0.1394123757299609,0.1448575412672102,0.15187976248913124,0.12562427142469226
417_432,0.151705990742867,0.15570029557209977,0.15353921479102495,0.14591828488006503
417_470,0.5961846111826332,0.8188008434168819,0.6694655401041036,0.40798280147928095
417_99,0.1833185762613528,0.17769869613341854,0.17304774550314306,0.14470113032713425
418_103,0.40125100549766346,0.37554973692775007,0.4111343489414494,0.32796199053292185
418_116,0.3937273680884661,0.39304832687366087,0.36917701781358275,0.3034580256099806
418_257,0.6044399693773828,0.5965940817691424,0.5935033368384707,0.4749292368571122
419_394,0.869498100881279,0.7392772038539692,0.7554300103190796,0.7293879181847872
41_103,0.8754822176265499,0.8429142943673048,0.8155607405836336,0.7557610422732126
41_116,0.20178743555260326,0.19965443779564052,0.21289567399136647,0.16915075979598523
41_257,0.44544647647539626,0.44799601741916195,0.42216861924814664,0.3833170582571474
41_299,0.2214266177303568,0.2188705585572165,0.21339063966385383,0.18964470747776965
41_358,0.2550950537498606,0.35308456154803014,0.3940473545914679,0.2191810739868403
41_394,0.39758414323114,0.39186559643180424,0.43201235566942353,0.3549710452030166
420_102,0.5603978046107305,0.5614270681506378,0.5490274053832683,0.48357203731302345
420_132,0.23415088211103166,0.233860688184638,0.24417407891745904,0.22439943744720095
420_167,0.10663519816747158,0.0994385042293103,0.0838815186308193,0.08068678774829297
420_184,0.3613585937437704,0.3985318391956716,0.3822610403687085,0.2924781597502603
420_266,0.07725489633435326,0.079666020833143,0.07698615573512704,0.041236400846654836
420_415,0.355293930596856,0.39896551322057233,0.36501197899795634,0.3012478500611014
420_463,0.11264239561049376,0.10153148855350252,0.08404138804004725,0.041157398519138244
420_470,0.8760707288350594,1.0747157763118944,1.0898653004022758,0.6334840329250336
420_506,0.16911601064663792,0.17607071906474595,0.1758226241818342,0.15749203585532043
420_513,0.23275215089173143,0.24782411927153053,0.25027525172371445,0.22883239798907612
420_99,0.22290635656064156,0.20446998092101534,0.20593159030818528,0.18676718209217766
421_103,0.4170141117405463,0.3858534079836104,0.3637259629824285,0.35129990061019734
421_174,0.2560191464825902,0.253490498404722,0.25119810784653784,0.22525137821958838
421_299,0.16455116535683703,0.17903939205429178,0.166691020105641,0.150849241040105
421_327,0.18779020917756525,0.1719611855385857,0.1675814025772645,0.15143080359295483
422_155,0.0842220661932496,0.0900339707826535,0.09069950947045537,0.07696360661495484
422_229,0.25033683805962675,0.23831194261529026,0.2295664088506865,0.20070732372549027
422_244,0.2648048655513238,0.19370825736344677,0.1957273472686947,0.16441354436298578
422_246,0.15830275928255666,0.16685799414415448,0.164736511091447,0.1454282883258452
422_261,0.09800772564031163,0.09133622678637725,0.09131721032399938,0.0816960711966913
422_432,0.18908828970918587,0.18406661783223335,0.18641172192968422,0.174242471811901
422_470,0.6887539131683212,0.9318322480033502,0.8148462494562343,0.43793355321996896
423_102,0.9257859085224415,0.9851893300769183,0.954735602274781,0.8025122391295845
423_108,0.3616157506680633,0.36599954076834523,0.3839978888136759,0.3202872773439506
423_132,0.3756084003128924,0.3881263006763143,0.3861035154339844,0.34152818140555374
423_184,0.668957310775938,0.5629387458447952,0.7657289390406555,0.4921344193781294
423_189,1.1016121713282394,1.3897634335335445,1.4385205331789743,0.8013455467682783
423_192,0.29267067855221635,0.27599736947333026,0.27820435565943463,0.245791484346764
423_200,0.7273022449435874,0.8982762458848185,0.8630826586764149,0.6055971514494884
423_277,0.5935466720863252,0.5620810049966289,0.5359441248895349,0.46458597998666357
423_415,0.40924073604943767,0.47505336572697743,0.42472057862297014,0.2902712600081289
423_470,0.7612136143105099,0.8747815287641365,0.8884497102258201,0.5864894933956575
423_513,0.4236530881715811,0.39619390032760804,0.5673350692020227,0.3478730244741182
423_59,0.6181971468155396,0.5935502038720514,0.5350720668156304,0.47816570992438073
423_99,0.16373748014154954,0.16028964752013233,0.1592163626147457,0.14482891113636273
424_104,0.29338826701292536,0.2829346310340164,0.29543074426913546,0.27206639473470956
424_108,0.33907920554713583,0.3196792912417851,0.31569941154502557,0.2754615381085148
424_132,0.27107467228606036,0.2644283795644464,0.2635432330356908,0.24851164064519882
424_184,0.3985682841209565,0.3817635193818342,0.579669555877165,0.2930160519575054
424_189,0.8469068192591529,1.0152268303450114,0.9351519885642757,0.6785949673985064
424_190,0.6261564661305523,0.5267231616397926,0.5520599717623591,0.44081051256521303
424_266,0.10663598333515101,0.08993832775283148,0.08821412270750718,0.06597634683126637
424_277,0.7172000611647205,0.6483608220944436,0.6110962951030314,0.5833021976365642
424_376,0.11068771276588191,0.09847585107927866,0.11138687406145263,0.06903563827976525
424_377,0.2536459436249288,0.2734025967202247,0.32824054448413953,0.19594628116867518
424_415,0.32855970387041034,0.3751438220763395,0.35022613728173535,0.2508665107875149
424_463,0.13297660157564042,0.1154400062845947,0.11212507219745788,0.07590308974849289
424_470,0.6467183228405979,0.6833496415342937,0.693837988436099,0.4977176915662275
424_510,0.22141302221076012,0.2444632523481516,0.28814543645259405,0.1917728612675217
424_554,0.5212034228667456,0.5140436199130496,0.5030200788932154,0.48134828384815065
424_59,0.6184274333378355,0.5902258234829555,0.595374603783899,0.566776746111129
424_99,0.3422948000584087,0.3046800299566359,0.30865818392038036,0.29578733424355963
425_306,1.1037887108269608,1.2152793255908563,1.2242556893763272,0.9512986301016343
425_411,0.7487807627541772,0.764368783512889,0.9236255274430784,0.5319526828214225
426_155,0.11173040994075073,0.11873375254554808,0.1116308390534174,0.09998980105693817
426_156,0.23891466416153997,0.24062035040219865,0.22485104966258218,0.21194644515951824
426_246,0.13077932093533456,0.13112711784718847,0.1395703419517137,0.10849118413652116
426_99,0.12222012380512402,0.11247835928293336,0.11079115141470157,0.0942167733114348
427_200,0.7748176389895298,0.7478494429756765,0.7325519821141462,0.6708638843437646
427_99,0.12948470929549208,0.11818872031630076,0.10756944399455806,0.09683405628203053
428_277,0.12063557261049968,0.12780408557557954,0.12825900379978206,0.10122774453031295
428_415,0.5698163131528996,0.7123759709074644,0.5886979670799212,0.41119448627654764
428_503,0.521490600137771,0.5546743420163923,0.5729644228924682,0.4249171867494915
428_506,0.15561317322633755,0.18206337878028048,0.1735747506663815,0.139929731060355
428_530,0.10669127466360667,0.11268372172829706,0.10884834565054091,0.08579063749742837
428_542,0.14785007523936805,0.12405163553330266,0.13650525939816782,0.10072069902628367
428_99,0.1098262893800869,0.11937641875596904,0.1041516767621476,0.08770314759516626
429_108,0.30765771599202457,0.31454529454905833,0.3127445588039548,0.2601322298876476
429_132,0.2632616237336344,0.2707499045825809,0.2723579635208243,0.23826575234988104
429_150,0.19691411651008994,0.2029320599834013,0.1960484915339765,0.14889212420073866
429_167,0.14493669882736107,0.13041755586469395,0.1081211082395038,0.10195332343160421
429_184,0.42027104459499975,0.4634988035936238,0.44529279663713744,0.3779322074483933
429_19,0.30965900115040335,0.3512620645008575,0.28679569181914566,0.19380848670744408
429_190,0.61642611891149,0.6563456732353425,0.620255782702536,0.4899564231013577
429_295,0.20559675812000644,0.18855122636452185,0.19764898911042234,0.17811655141243782
429_313,0.1413778766907207,0.1359426329504031,0.13337167937358663,0.12586363087312563
429_376,0.1455958314208692,0.1306911157868312,0.1273884704885709,0.09406385723205153
429_433,0.1693091974689326,0.1562930621765033,0.15426222552135638,0.1457087415861053
429_463,0.13322445344880218,0.11475653912323835,0.10407374657718267,0.08587973092538663
429_470,0.5838826652334835,0.6422321898619925,0.5826965904989846,0.45747365142510266
429_554,0.3798261413549024,0.3781733120631799,0.35313942608846427,0.306657931337791
429_59,0.44531252952639466,0.4427650623462823,0.4511783772805394,0.3519177423191779
429_99,0.1355375441346681,0.13969737650702874,0.13605369169088127,0.1251682384698799
42_103,1.5506655109639647,1.488735412742554,1.5368075395291019,1.145367602226073
42_116,0.6092959891385935,0.6547500220066128,0.58723052452671,0.5083690410717595
42_173,0.8051238654125845,0.6571064396659154,0.6505504996049787,0.620761396973029
42_174,0.18390038938983172,0.16391379390988312,0.1644672762782951,0.13254581811430094
42_257,1.8005970993246203,1.6334207531946068,1.619888359454507,1.595998452736978
42_299,0.12588222722094777,0.12168290195339584,0.11642096596815726,0.10451946695015814
42_368,0.12506638186786673,0.12731513558284388,0.12235297867101108,0.11177641006752115
42_394,0.29204621138908937,0.29705429873211947,0.3075144108475056,0.26735929816414467
42_416,0.22912876098246407,0.2168158706218986,0.2261450051492465,0.18681091868943478
42_558,0.27537275337473666,0.2846994242884329,0.2955307179013946,0.23693036284439653
42_575,0.9955752798970382,1.032657815318814,0.9318806885207427,0.8933445459251792
430_133,0.2531628795577678,0.23562188173554294,0.222272938039535,0.19566555484224407
430_139,0.3182382442816425,0.2853011769321356,0.2828421659949025,0.23646310348735286
430_229,0.2614072865682886,0.2459927995374906,0.23434301256376758,0.20916527091919204
430_246,0.17988586401273507,0.17611281789924707,0.16372022831065164,0.1544174532582422
430_261,0.10190738576752303,0.09808973985991573,0.10479936398190598,0.09219875422638872
430_505,1.2310643280725972,1.2099710357771718,1.2123585403085544,0.9930134613542647
430_99,0.10084776486542069,0.1043904374997135,0.10562543437812183,0.09572120055218024
431_154,0.20104517089610782,0.19834156948109138,0.18423032427552333,0.17113203399495922
431_156,0.3114266431426056,0.3168639689150068,0.31767311620337124,0.2439946023125769
431_229,0.22678800579381864,0.22056896167164028,0.20641258191665043,0.18669197253145192
431_244,0.1611607837005359,0.17345424486023686,0.16613691900520675,0.13394045681549682
431_246,0.1538768742438619,0.1467603896550482,0.14519700955839088,0.1417631161305824
431_261,0.12581209621355247,0.11999590964777664,0.12321673972009754,0.1050118970232205
431_432,0.09539345905461705,0.09846240152074427,0.10517020740983056,0.08463563301740899
431_470,0.3266086331924096,0.39458174845471095,0.33896861269345213,0.24735536131590072
432_155,0.15381061606431873,0.16561421445680774,0.1611444937829304,0.14035788200371624
432_200,0.7181843297850645,0.7122430987794859,0.6990272157531741,0.604211329105575
432_470,0.38455550940613786,0.40994118487372777,0.45837707952263645,0.28536363376970375
432_99,0.8847059230503871,1.0626869435514608,0.9034258119547238,0.7623667955553196
433_244,0.1316970830665277,0.13838726344841143,0.13990394529611472,0.12157471427231645
433_432,0.11174623948657272,0.10408532032491355,0.11064168385329874,0.09479655505740589
434_181,0.2734365890899135,0.29223332164613774,0.29055423538409536,0.2417330890947705
434_238,0.1121372526900327,0.10120853719039129,0.09247825562923413,0.08637498315516517
435_102,1.031981272781506,1.0989314895619486,1.0122455492622076,0.8755706634901672
435_154,0.5544862260531696,0.9583141844699546,0.7475345401454412,0.4127466996258209
435_415,1.0904276346584014,1.3569424880070424,1.2438711014568051,0.7805938224848773
435_99,0.3944625715688605,0.4358020523859968,0.4221018574616983,0.3321840215839143
436_122,0.16275045894641227,0.2316284401927745,0.19482437354971585,0.14146323133904137
436_132,0.1445127710022721,0.1483474893247102,0.1569721207909021,0.13282438055312992
436_146,0.1151254939866319,0.11586362041994344,0.11195801630759394,0.1065952936438556
436_200,0.5769262061443738,0.62220415365094,0.6437456236505751,0.5067019978582646
436_207,0.5017765271005917,0.5601308873672166,0.4554487113369859,0.40576851013195575
436_315,0.26132141453079905,0.26807679622185004,0.3306209172484658,0.20172369394001907
436_433,0.10105565574733824,0.09635757094127245,0.09235625429273156,0.0861004312907409
436_501,0.6674596868351644,0.6711034628399077,0.6405657114583151,0.5671620205821665
436_99,0.276159347887459,0.2829838108632496,0.277519564112678,0.227954233600529
437_120,0.9980875754412372,0.8749335475828396,0.8891220473311334,0.8602294000614015
437_14,0.17365150475891852,0.17883787603084486,0.15865980077138567,0.14805519102324247
437_181,0.6865028136489838,0.7109949030398182,0.6583979760872667,0.5955097067821217
437_193,0.22182826341781794,0.22028827132534243,0.2134322307878454,0.19909514334953585
438_104,0.1565547354660371,0.14082350803154986,0.13866049606695963,0.12827096776661961
438_108,0.29461965196807643,0.2942417824911655,0.27472935151565014,0.20901144917898548
438_132,0.18278146289399588,0.19197257011420768,0.1911885774035888,0.15770424244460388
438_167,0.18306430323924336,0.15802851271728696,0.17688168719327027,0.14238280974189524
438_184,0.541291876275228,0.6075786667370543,0.6164014763834924,0.4062468704260784
438_200,0.6490011562618068,0.7690667509406701,0.7225543914687612,0.5547466376075291
438_204,0.16294839320481477,0.17178192736513476,0.14967808298872282,0.12891648242687873
438_244,0.20198368862416494,0.19128109833848028,0.17870859121387375,0.15710266192556277
438_277,0.6242880564020784,0.5467300425506413,0.5267261204014265,0.44836547630534945
438_310,0.11286266091171268,0.10911256277363608,0.11245618441331312,0.10329489749701838
438_342,0.20401822854183146,0.18213684786275977,0.17391317224250294,0.15724517789228934
438_376,0.1681217113893651,0.15135329425438113,0.1456539964981123,0.11121541681681577
438_377,0.1690978958225274,0.14477393860778215,0.15086841762597675,0.12599934494234744
438_415,0.35925108017401436,0.3614685652323816,0.3488736750573527,0.25527441934210243
438_433,0.13904852289352646,0.13560141162545974,0.13699335024957124,0.13007223944770502
438_463,0.13256011653879204,0.10899351007382432,0.10161368886641232,0.08106143560901646
438_470,0.8668643009407458,0.9114148993957194,0.9141226908110442,0.7577321184087806
438_503,0.6610025903805402,0.5375196218977364,0.5453345849729893,0.4861520807112385
438_513,0.34218998460000827,0.38337777914031973,0.3826772469001999,0.28576328827339276
438_530,0.09533270019863832,0.1049725761039758,0.09756162370248384,0.078049295373322
438_554,0.47574160255079917,0.4377263968977966,0.4483756416899143,0.4179602405687451
438_59,0.7233734050930816,0.7752433183250068,0.8223574938046025,0.632517972825216
439_155,0.13443102535657608,0.13821329426033804,0.13416232592377753,0.11813699134566452
439_200,1.639851165137272,1.6593859213701954,1.6484310999014373,1.3742978488858693
439_458,0.16232796977369712,0.15362627065036896,0.1545782441445232,0.13435180797734778
439_503,0.49270638667121486,0.5554527478158051,0.505830351726359,0.3336134274310056
439_99,0.23439540035522619,0.226861459726308,0.22724018847162852,0.1958071819515281
441_154,0.16916563526923337,0.1682557913886872,0.16379825946608648,0.15924354493860143
441_155,0.14852373597965507,0.1645631366294811,0.1543458680337424,0.13320751853871018
441_156,0.44086922757814695,0.42222236193570517,0.4252876504579738,0.3449414442776265
441_200,0.7886624697152322,0.9338348366129835,0.9049741477014808,0.7068595145878059
441_458,0.22327546408917934,0.23249498487200235,0.2367612740519775,0.21312255937228464
441_99,0.21829922946500038,0.21288447883548586,0.22410292603649035,0.19492706913903807
442_192,0.18070951003257651,0.18745448871336676,0.1854550184277006,0.15509274468832282
442_200,0.3683208437272011,0.33450617688012163,0.37030712291329987,0.3055985878890257
442_235,3.398554680876042,3.77258806469471,3.7615469663683307,3.0358784934367384
442_379,0.12258100868626344,0.09880902124596401,0.08613741135550548,0.06976752939381232
442_415,0.3302105735414338,0.3786701711394278,0.3642753522357191,0.2594194827781123
442_99,0.17579904941489788,0.18462888970812485,0.1716128869655338,0.15136239159216766
443_132,0.17357745464696328,0.16935755556190998,0.17566713773810216,0.14927411788180545
443_155,0.12707300781583672,0.1274932534598192,0.12758720766291964,0.11479789437565503
443_200,0.7112126360211326,0.7267534704051458,0.7893925635274631,0.5505526171027104
443_207,0.34341889431383205,0.32186566321489396,0.327004900933908,0.2662821201457956
443_244,0.08836699572065304,0.08697026913292256,0.08413703257759299,0.08187175271342424
443_261,0.054104337082356214,0.05115029450167817,0.048708168354186496,0.04344797414167125
443_315,0.24287252653000335,0.25017574178317514,0.25419638540654793,0.19266776221286724
443_433,0.1518519899029277,0.1575113607593789,0.15736763631128664,0.144539633408535
443_435,0.15745480416041918,0.14258220659904364,0.14298611933338762,0.12851258574869717
443_470,1.3435085846735852,1.3171702447371165,1.280349102374879,0.9836489530568525
443_506,0.21903029792933448,0.22756634358138303,0.2418492563961312,0.19496302013769087
443_530,0.11782777072492141,0.1178189388255701,0.1286749555904112,0.10459418892568882
443_534,0.43882735277042945,0.4271346642901509,0.4220799926837008,0.3827843539213458
444_132,0.1985860117589311,0.1945020285247405,0.19373925576387915,0.17337729611199384
444_155,0.17022575601789383,0.17794779989268997,0.17989124662449488,0.16045938283642017
444_156,0.2845164750038204,0.29190573111265977,0.29532031630826094,0.23392507664452772
444_157,0.11744379489661456,0.09968333908661971,0.09608098988114848,0.08099859400245182
444_184,0.18911810476432492,0.23031942216753365,0.22872285772411058,0.16893722983320686
444_242,0.27727191245608596,0.29681534603216364,0.23590283610098192,0.22712886921982445
444_246,0.18921538258924717,0.17634402819195605,0.17889108454860425,0.1662574550561202
444_315,0.17620361482701338,0.170587348170167,0.15417197835065766,0.09594738796472321
444_504,0.18540306494344236,0.19641180342105402,0.1924887373630522,0.16675030413892092
444_530,0.08132262397693515,0.093478896770328,0.08353240880254156,0.061369505208277914
444_534,0.22112235084369314,0.21682205961296358,0.22449708797851167,0.20531945002559288
444_99,0.14691063411738156,0.146300405175269,0.1537652937878537,0.13337440717543897
445_184,0.6709523673636398,0.685484768718093,0.644422195790379,0.4881089957237166
445_244,0.15878416589478989,0.17725991179916173,0.17645863082478153,0.13458523437687736
445_415,0.31086958674577286,0.36135589906910465,0.33885144340490386,0.27235671535035133
445_470,0.8557185002680104,1.085890414386393,1.0567359776565042,0.7012802812697198
445_59,0.5719885332637791,0.5372566656291627,0.5331460462738054,0.5067793017383305
446_104,0.2780316334813648,0.30818461420393956,0.2867465788719537,0.24153862801699694
446_155,0.2520606482816163,0.26714781799413045,0.27518342760905995,0.23544330652559686
446_175,0.12134480882919448,0.12286114357853256,0.1235437564531306,0.11242510065119633
446_184,0.4762857869042219,0.46366611325696966,0.47370658113918235,0.4436540283821657
446_187,0.40390518835790085,0.36549778156874707,0.37423326821070396,0.3388019622816722
446_244,0.16297504826066778,0.1587085178342947,0.16112401055569825,0.14550949333080487
446_313,0.2233338647261917,0.22158875598240219,0.2261053923280235,0.20933736435738842
446_315,0.6757409354742762,0.5056411605003078,0.5266308575458899,0.47449035935078815
446_413,0.13382640762338827,0.13407696317220363,0.134103338504161,0.11909651122410736
446_415,1.2884738389152317,1.2211565641570716,1.20714347282997,0.9449432062097256
446_433,0.26823029661084064,0.2542754235340435,0.26408758988767034,0.23333118326788707
446_434,0.19743428892484294,0.20261666062459024,0.20361442025551443,0.18777107696975748
446_435,0.21116069343323915,0.19981734352832767,0.20571670593166919,0.18260423437415732
446_448,0.29170616238071967,0.30329229205767866,0.3116237105749845,0.2580027433513349
446_501,0.605370074079906,0.6496760785090975,0.6440546604684356,0.5595270716046953
446_503,0.7910887533422043,0.7673992810253025,0.7339355366680832,0.507178555301882
446_506,0.6934264736812115,0.6464326015707935,0.7093003777555851,0.5946335919794633
446_510,0.3826511586258523,0.35799903956476986,0.35055397627505464,0.34200208701688983
446_530,0.2637648969423374,0.26814917339562827,0.2746710205454725,0.2537771107252216
446_90,0.22140936435788305,0.23441143852684634,0.22910770543958575,0.20941061494503013
446_99,0.28087108802371846,0.27574356090368213,0.2863741637782287,0.26141246913346694
447_155,0.20313702133865558,0.20443386518944842,0.20662883289801937,0.1976910717488733
447_156,0.22733565020884342,0.20548213427318698,0.21306304722188554,0.19096402758076392
447_244,0.19332847716918125,0.18780230868505685,0.18288228213980415,0.17371370418758061
447_246,0.2692041296586354,0.24914165830718307,0.2578927643897212,0.2339838477070536
447_261,0.1640551305539015,0.15630118509943852,0.15857092358332678,0.14491923108114943
447_432,0.10703082356451171,0.09929130135507795,0.1084004307792693,0.08954697347414337
447_503,0.5594389856505366,0.6305094654275849,0.6193673676541936,0.4532970848821419
447_505,0.37071977057428473,0.4070790261482411,0.37612675135796564,0.3198575983552028
448_108,0.23576598369624094,0.24212466987440628,0.23388491563451508,0.21730015315270013
448_120,2.239443139779485,2.515448256147151,1.9597194402180653,1.6794050490230659
448_14,0.25308539517563355,0.24422796465769825,0.24548560446265144,0.19172310748499904
448_181,0.6801959407269719,0.6386645595948202,0.6279955794216178,0.5909974758539891
448_185,0.25123981394211553,0.2513505981654337,0.2501720749497715,0.21974476947216692
448_262,0.6230898301538068,0.5751082714171315,0.5794003804292203,0.5349710632575779
448_331,0.5681537212670663,0.5817294138924454,0.5592777303374131,0.5209032722889105
448_546,0.2563980085170474,0.2622272976993846,0.24888423324101058,0.16136575147332644
449_132,0.2345463173027889,0.26153015555230036,0.2860574084859613,0.18434029144464262
449_154,0.1446373413504516,0.14270452611976642,0.1506051831985211,0.13217413457817337
449_155,0.07688567793544715,0.0723054845842856,0.06838231492377667,0.063263486010379
449_242,0.1704603596240788,0.1785611776140901,0.17382667144083266,0.15467740821300432
449_244,0.08701479333971351,0.08883903018484947,0.08082149766467703,0.0699690741152953
449_246,0.11627454289654265,0.12562840877315062,0.11540583238611789,0.09805162469488644
449_261,0.11324995108555812,0.10957006904235517,0.10013109463077356,0.08860739245815036
449_415,0.2326765883222419,0.23524780101367593,0.23548154099210786,0.19744049012627893
449_432,0.30950986455099194,0.29477054678289194,0.30065152819416824,0.2881089678545998
449_470,1.1365967612435546,1.1872601880727325,1.0955761603594019,0.8721026932666139
449_506,0.16437375933326898,0.16832537388530228,0.15037219635649984,0.14370410816754647
449_510,0.2009040766292409,0.18580023852022157,0.181227920680045,0.17703777283219424
449_560,0.07219961757208704,0.060444810508618836,0.0574535752657607,0.04404038898356718
449_99,0.08227817196195521,0.08332456418974782,0.07924158971800696,0.07525227718490916
451_108,0.2218499303701227,0.22009659413120708,0.2286767876909485,0.2038155452704294
451_132,0.1667428530937353,0.16306680985172664,0.1658650543927591,0.1603766292101946
451_167,0.18606030877941987,0.17366056531596014,0.15454875204863053,0.1384832942732677
451_190,0.5895476098781826,0.5602272205947512,0.5355295410575903,0.4795443892190121
451_200,0.5125845389273885,0.5188542576976961,0.52473684823079,0.4666867709814957
451_23,0.417118641962433,0.38732146249825283,0.4191845459870303,0.3228241210345613
451_266,0.12287779875194188,0.10506494909866244,0.11783868249957635,0.07262572430377995
451_277,0.8491068401056038,0.8147253782288582,0.8079561288828343,0.6211056089993938
451_295,0.19865802657006496,0.18664711823075045,0.17910440864932808,0.157482195438363
451_313,0.14160168545541485,0.1368942148824127,0.14139737233354865,0.13178039700120173
451_379,0.4637803486592396,0.47365110090347046,0.47802096584699644,0.3853379551350873
451_463,0.15452870508161093,0.14073621033638611,0.13983826147831266,0.09580031685887384
451_470,1.2956470819659116,1.3777500248079129,1.2649372009151358,0.9264882364871235
451_510,0.30504241384449426,0.3217993904280465,0.29732569740047254,0.27677215110085923
451_554,0.9044104540040007,0.8383920587674378,0.9534043732100403,0.6985808728436311
451_59,0.6166738367800839,0.5804448702816515,0.6200016949081634,0.5715910846135013
451_60,0.796318456272008,0.8167999901748646,0.7983681893817393,0.7307200332946252
451_62,0.25538305360126734,0.2626530194551096,0.25296002671880913,0.2069436686746503
451_99,0.2672906645113613,0.25167073521696387,0.25983275207190043,0.2370874200003356
452_154,0.3090627684559276,0.31276684386597275,0.3150502501672438,0.2834803179577372
452_155,0.1615146809408401,0.1671899197821384,0.15754896788181696,0.14117687037168905
452_200,1.0535211434366987,1.0629706733953401,1.0388314199571074,0.982137376601311
452_458,0.16300932877487626,0.1575566745331537,0.1457749782141476,0.1362532685550024
452_503,0.5663330927900512,0.5587767682426029,0.4781321344241707,0.37589397968280935
452_99,0.21343437341817068,0.2236919907184539,0.20347568578831654,0.17877960385595154
453_155,0.12606945258645078,0.12771784345022136,0.11634965916346977,0.10085801916207739
453_156,0.2918384537047552,0.328616781120292,0.2810380745291287,0.23784968686039454
453_200,0.4431789921940306,0.5258030200414044,0.5512636978545419,0.30445531694169414
453_242,0.26189088064943367,0.26449409283132247,0.24479791722271324,0.20689658236116437
453_246,0.12626660237725287,0.13002296036289593,0.12145960003152566,0.10879623085693546
453_458,0.17553590978330377,0.18390411297878992,0.1744758488790363,0.15582329098748154
453_99,0.11342729340983827,0.11528958658828453,0.1163025097158047,0.10517931710429973
454_104,0.21598112457571944,0.2016628237542135,0.19698572290713962,0.1851712042738104
454_132,0.22638415176934215,0.24657733028276788,0.21791432176690584,0.19318406312761244
454_167,0.11228408615346765,0.09972728241266464,0.06647023910505705,0.057928565538312785
454_192,0.27149949815149516,0.2793922178742437,0.2767605805279178,0.2539871479555544
454_200,0.5054445137128426,0.5846373908711356,0.5465192096740362,0.4537234660001934
454_277,0.5644545360926874,0.5232890839613177,0.4963066472127334,0.4394780760127301
454_415,0.5171770412669954,0.44769079008120855,0.40940148944941906,0.35308229180399997
454_463,0.13517559220974473,0.12452922591667792,0.12448391924116325,0.08169599086138414
454_470,0.8972165733429303,0.9678935915840303,0.9331866501324,0.8278219149562333
454_506,0.19722517577457677,0.19668787088478418,0.1858556907376674,0.16694577095402915
454_59,0.8195438542524275,0.8859821799982378,0.9147978718650434,0.760800647353553
455_102,0.8269746302448744,0.8715334039676594,0.7650822747703121,0.6390634789951489
455_108,0.3177254713269863,0.3244966518256466,0.33588469103424656,0.2797302834788535
455_167,0.10620362119076097,0.09483199066448225,0.08278922106684107,0.07140946168226212
455_189,1.0692053525872263,1.158187143861103,1.0635742158462471,0.8368717258015761
455_190,0.8510334353484841,0.7052417270680847,0.7330845701693249,0.6776739610240856
455_266,0.10374655380458492,0.0874650669965764,0.10041751961959297,0.053342469513089914
455_277,0.663409444967773,0.6247515168548329,0.6112985569014688,0.5334223089069563
455_336,0.08335008800472853,0.07553269913674598,0.09450330254794008,0.03044150678992119
455_413,0.1244830235152446,0.1378137924375144,0.12007863974966404,0.0941048757139845
455_415,0.4204462053777023,0.518350186011569,0.44944314319726114,0.34173703201869154
455_463,0.123886966032764,0.10458352472017325,0.08955460183453207,0.0613457631175183
455_470,0.8979307068488372,1.0020189781200886,1.1616901385982796,0.6223772073447047
455_506,0.18185573305898653,0.19928601442436428,0.2099519951009501,0.1554093244636772
455_99,0.2131721809372607,0.18872106588984644,0.18892105758733216,0.17569663360844437
456_108,0.2748019761407192,0.29531278286761853,0.3022779161221015,0.2581114572748122
456_154,0.3645466470421822,0.34580511836434313,0.3474489631952913,0.2761782093443284
456_415,0.5558283424677418,0.5934708822456511,0.5294834208008087,0.4164666711407453
457_155,0.19748967712202012,0.19220636200661734,0.190308431396342,0.16947479916803426
457_156,0.17730738663735013,0.1702978754020243,0.1659842707041661,0.16046979433675335
457_244,0.13452522325724506,0.136522892456222,0.12738679259725852,0.11966337389750202
457_246,0.1839754858051653,0.1894431650332533,0.18092837113870025,0.16174340423710187
457_261,0.08728680232274878,0.08388460192155753,0.07337240796033431,0.06444906646863079
457_315,0.6559143327873591,0.6053609912601341,0.652426566350239,0.5355463521964103
457_458,0.2062516767243891,0.21329644790971372,0.18586925813001853,0.16226306931291729
457_99,0.21673402787551754,0.2129701192609742,0.21284229037448354,0.20417225639080894
458_104,0.13646803044370717,0.11969677482142357,0.12238246315526034,0.11610005465746638
458_108,0.2912773488819011,0.3037782024675377,0.30194860795994966,0.24932462707977773
458_132,0.24230051207996292,0.2390798265449292,0.23714533257661474,0.22775523808664008
458_154,0.2688860460692203,0.2755703017421878,0.2840215065493285,0.25122884197192286
458_167,0.11377061450745009,0.10009336528844996,0.0837512732741432,0.07224315749785463
458_277,0.5191021445581163,0.5134813146496869,0.4990290799640056,0.4714408350387431
458_295,0.14394148225865208,0.15419582038718815,0.15468473311702255,0.11064211452150506
458_370,0.12401467263785625,0.12838666176682598,0.11842228786331038,0.11291086864350393
458_377,0.1691517569614465,0.1529746592550105,0.16442495665254142,0.11773937103545132
458_415,0.44201465281416236,0.4979867367961465,0.45583200115973255,0.3409635949918384
458_463,0.12307505367631943,0.10983222009678233,0.09884674100951346,0.06916557805131486
458_503,0.5242115609844794,0.4896311189242533,0.522251418581045,0.40478682928932136
458_506,0.14138470514876791,0.14477622943128612,0.1391844960835635,0.12801151606134417
458_554,0.5140343096561367,0.5051073217153413,0.4994598219975906,0.4804722243768762
458_59,0.7436603810288488,0.7449558684113557,0.77295997455959,0.7128460231709158
458_99,0.11863504127827215,0.11757399613762681,0.11798642678172053,0.1134553444739543
459_192,0.27955835543208574,0.2505998999597043,0.2500544219426062,0.22326551014294374
459_200,0.7744958358505503,0.846798195634292,0.9106304201611208,0.6662804552419828
459_274,1.249516434726684,1.4091414964973197,1.351719888904717,1.0287067024444603
459_277,0.5433375501843609,0.5187609149824026,0.5283576028343059,0.4361104848874492
459_415,0.583265686004921,0.6160784569523619,0.556969400333752,0.4306715921718596
459_463,0.13148717324576464,0.12210576377835472,0.10006196046376142,0.05907521096923296
459_59,0.9636148504160753,0.7889872816545695,0.7793927139709309,0.7762757358936985
459_99,0.18615838949614089,0.17764728942075178,0.1780669644426346,0.1576218456567908
460_154,0.24793415404371613,0.23941325966796517,0.24283963114816276,0.22296958651009527
460_155,0.16659198309591594,0.17697586076107824,0.17146742332589424,0.14527965009839425
460_156,0.24823050979933084,0.2731936211376275,0.256704259556945,0.22607952664742723
460_200,1.0400018520773948,1.074283578821159,0.9944380829202613,0.8991037433166221
460_242,0.21481774703088646,0.20886522986445114,0.201144039228535,0.1852193067470031
460_458,0.19972034206421985,0.19433278133509557,0.18930348048038795,0.18244855226219175
460_503,0.49413649951392213,0.46664392923912096,0.46540950899562833,0.3704844971570252
460_99,0.17260921517626088,0.1834551269836738,0.17087016706178387,0.14674431325376558
461_132,0.22346570897560655,0.22985479590084823,0.2373836612579568,0.19895040100306036
461_154,0.2174896856971416,0.23478082894036648,0.2212964715516697,0.16900036363144635
461_190,0.6247053960006397,0.6394647709738054,0.6375431530779787,0.5837748996217516
461_192,0.4026314226034319,0.3604293348906905,0.3663535748756656,0.31926063320750564
461_200,0.7830093392431862,0.9364125004574821,0.931499108098374,0.6887082813330383
461_277,0.649994158835169,0.61275479048588,0.5981080217343586,0.4603474357550898
461_379,0.43251988193498264,0.4337453853836876,0.4229087169103982,0.32804014643903745
461_415,0.5856067703546544,0.51348626103694,0.4993845107995367,0.3897041819066503
461_463,0.139134836232178,0.11697752149233881,0.10179308371686523,0.08073134052647556
461_470,0.57013296059658,0.6918508521462635,0.6514577504759979,0.4818385537361287
461_506,0.14455691770354495,0.150824715907984,0.14131030039237805,0.13690400880633322
461_59,0.6362620516303658,0.5824361908354427,0.5679108708433139,0.5664209178360595
461_99,0.16979392068211577,0.16684631070485492,0.1570612687557117,0.14250065689575436
462_102,0.8614134345887026,0.9394975445110644,0.9231760660167413,0.7486839795028539
462_104,0.3007487321672557,0.28850232215995564,0.2868099707172828,0.267274499753408
462_132,0.28250737902528505,0.29437873026215705,0.2999144115750167,0.2661595998727971
462_154,0.22562776129055173,0.2516728113300279,0.2276126519293252,0.20445074421441223
462_167,0.1196985206550811,0.10198666672711236,0.0794389376263691,0.07394465489149689
462_200,0.5480239346787416,0.6749401637493856,0.5975743579148315,0.4652985279910642
462_266,0.18002438930826714,0.1750013709028548,0.17834298955087638,0.1483478151866333
462_277,0.8850679960984894,0.8325736918840901,0.840029381493737,0.6684510538116961
462_415,0.4290234469818846,0.5173261137103978,0.4421280963119034,0.3227966194655563
462_470,0.8340917899995686,0.9725003187000438,0.9443827578744539,0.639028894408095
462_59,0.7518135775096979,0.6539681661202824,0.6430974123737475,0.6212060432092996
462_99,0.12833899243576372,0.1283789115472115,0.1260291765673071,0.105415533147752
464_181,0.5346444985541376,0.5536883699770745,0.5551282719736154,0.46211025425015895
465_154,0.11054057109115062,0.11346134529293526,0.11334560621289673,0.09919433232392244
465_155,0.11415134469798821,0.11229520125437273,0.10445959377531708,0.09494699803303769
465_244,0.09688729174271074,0.09584309183382161,0.095836361477529,0.08444228256831178
465_432,0.16414771595567504,0.163326993111231,0.1721258325463248,0.1544457690908087
465_470,0.6994572095318266,0.6701988957167956,0.6471465534893105,0.5848010622366034
465_99,0.14742204676217707,0.1416818792976454,0.1371822368506609,0.12230133842877021
466_135,0.41808277481404765,0.5006398947527217,0.501583933757627,0.31860313056133
466_229,0.1860999240434971,0.16493121412351466,0.1520338168070714,0.14096371869673296
466_244,0.16820043193908585,0.16418626152362997,0.16597912621541322,0.1391325657075722
466_503,0.4684330046844646,0.48024518183633486,0.4422421131255446,0.35317603769288985
466_99,0.08839235920134733,0.08100002582651428,0.07671451946535132,0.07439534172309188
467_104,0.19647532339791152,0.18711000818802168,0.19301641963709476,0.18160966315948965
467_108,0.38538769533192957,0.44126610564463314,0.40372781607814695,0.3031956295511035
467_132,0.3116334703280907,0.2998088277521174,0.3188283705935485,0.2973041011600643
467_167,0.17282824375175662,0.1568485387987571,0.15817636347576167,0.1354542188118489
467_192,0.31153037879258444,0.3245802338682793,0.3172234641228231,0.2528859182339827
467_250,0.28998277191448285,0.3338211251740636,0.2910790080921452,0.2363818637181561
467_376,0.10727328442102158,0.08613763312320227,0.08754496535980767,0.07454811637103537
467_377,0.16476946182093177,0.1439258655734535,0.16887980598668373,0.1180663302607248
467_415,0.27546847373604566,0.3343498465620149,0.29391940211383727,0.21898524874462866
467_463,0.1668910939386793,0.1551216766600204,0.13337051563885538,0.10645661876663343
467_470,0.48104675692669613,0.6406825194126111,0.5439680341139508,0.34321168610281777
467_530,0.0764041493115149,0.07394455839471317,0.06184774696949788,0.0588423214666938
467_554,0.8260201415666729,0.8307756144945082,0.8137692107069685,0.6401963857462881
467_59,0.4926300315976822,0.4409778476160289,0.442424402545847,0.4120651638158076
467_62,0.1932230106641162,0.19323063997261813,0.18599725713518184,0.17681869692038865
467_99,0.18471807300204468,0.1833832126471708,0.17549734997407776,0.1621177260637938
468_244,0.09864129256311577,0.10217428849881684,0.10390340989619182,0.0939494117286918
468_315,0.20062072775158113,0.25503197766498203,0.28413375532452867,0.13926297497004742
468_458,0.2004274358889525,0.19114175612349812,0.20215616177081297,0.1817194281426694
468_470,0.6670456572694982,0.8445285552612308,0.7937951380612894,0.4768636880693306
468_503,0.3975431236547737,0.4403879007319626,0.37824176566390766,0.333314507079574
468_506,0.3050659556912285,0.30973441368561827,0.3101323369330352,0.2785071550519007
468_99,0.18217971742738753,0.18025927924412602,0.17209543840195163,0.1551052757267284
469_154,0.126075647579715,0.1164984752303136,0.11976913393942584,0.1124950474452825
469_155,0.11998562832656783,0.12056815199414572,0.11088254409650015,0.10181250327629596
469_200,0.5704662214826878,0.539996746151203,0.5915705546865847,0.46855815993833766
469_244,0.11245977069975349,0.1103237373190265,0.1125400003554619,0.09735115310654925
469_315,0.17325974752796885,0.17904515862803574,0.17287680551557869,0.1262886369314612
469_458,0.1516180613381431,0.14732161204372682,0.1602401706134197,0.13622424093862204
469_99,0.11733211815651708,0.11764711996545502,0.11712571375587694,0.10353379270885375
46_102,0.7785413493828348,0.788884070911578,0.7478162759650914,0.6771891329889124
46_132,0.3205748868325298,0.3134059927334268,0.3153402277741828,0.28742843007635105
46_167,0.09120086782400895,0.07952742350043963,0.055186400319086726,0.04277738993901851
46_184,0.6448295068895278,0.7825094777049033,0.767381415845969,0.5578059542452083
46_200,0.6013327614376625,0.6380725374906416,0.6132206232691095,0.49847555851654207
46_247,0.2190271308173476,0.2264494149088538,0.2103203960229849,0.19485886749599768
46_261,0.10565682516802856,0.10543232469055382,0.10478613339258769,0.08676346523637962
46_300,0.4884791178122901,0.45611307417354596,0.47232316383640416,0.4219508004608047
46_303,0.2194621764001793,0.21241766581923388,0.2121189381178995,0.204916110083254
46_415,0.7025498432445257,0.6059850519652711,0.6119227884459777,0.4833211175957358
46_470,0.978273244184153,1.077050448202361,1.082198181031482,0.8926668883768022
46_501,0.09291515738600292,0.06934765818779252,0.0782235486081285,0.031132954740367605
46_99,0.13754529845997232,0.13709634868908555,0.1350412802970357,0.1224074656184325
470_277,0.5062488717761844,0.4596830877792202,0.44873621998301366,0.41687478745687034
470_370,0.12743389181575587,0.12320160536937516,0.11350634951886457,0.10429768989350532
470_415,0.8240062212002923,0.7203777074928193,0.6961037449284069,0.5862410388059334
470_463,0.14774252414882433,0.1336817446792686,0.12067324450121283,0.09000480082951111
470_503,0.7429886575794152,0.7237539376500253,0.7437738716400762,0.6906584217559737
470_59,0.8935356288266914,0.862520355127073,0.9287599675393212,0.8265548624194964
470_99,0.28974325030145076,0.29370606864030724,0.2961101493059781,0.2559513138153499
471_154,0.14098107649455166,0.14204228020928183,0.14880968770117942,0.13101084998363577
471_156,0.27537631671181084,0.2935190097458785,0.2839230642098489,0.23442773028512517
471_242,0.17196389769117826,0.1699065196701863,0.16525435150645695,0.14653412970439217
471_246,0.18984943694500464,0.19266010582884893,0.19764283763848717,0.17157503098638774
471_432,0.1795278746005703,0.17946585413373428,0.1696246386042065,0.14335952693022494
471_530,0.0916920494854761,0.09212594427223818,0.09108529385721367,0.07294315025886111
472_370,0.14703458738459166,0.15002136552664064,0.1470655178172986,0.1282080820905812
472_99,0.0861097348863942,0.0865327187542802,0.0809836864791747,0.06625238263733188
473_192,0.29555861500231706,0.28692920780115755,0.27708857350600313,0.2525792851133779
473_277,0.44373746778911877,0.4281719709324105,0.41516232868915687,0.3795119274825593
473_59,0.7109583533910515,0.7349244512802801,0.7296217056054316,0.65611727443207
473_99,0.1295621088259838,0.13032962878462465,0.12505056833835904,0.11796300451195044
474_200,0.8205992525850188,0.808664720142414,0.8383053154646964,0.6856276614524763
474_244,0.1774471328920556,0.17603969567934888,0.17486128060920397,0.15843857476670228
474_458,0.13768148810845546,0.13250692875408132,0.12608497994577167,0.11519891759504983
474_470,0.433254719999938,0.48920918764384375,0.47590227205764446,0.3245225144308807
474_99,0.1758745561197679,0.17105246311891065,0.1715781436075633,0.15616575783340594
475_155,0.13668800018261268,0.14084457728765823,0.12418932723613915,0.11130540067651842
475_315,0.18844520736563283,0.21409369396767772,0.24258809107119605,0.14083664933476683
475_415,0.5513635647635,0.5041452438043798,0.5026515315073979,0.4098401915624652
475_530,0.11748382714983924,0.12477385643997652,0.11986258382235644,0.11137729444848467
475_99,0.1529497037429482,0.15684559736284698,0.1612959460540463,0.14105377622694384
476_154,0.23542416121269508,0.25376878975920886,0.2207650251187916,0.19900401325574762
476_156,0.30063880027121276,0.27918274488263567,0.28592744303296425,0.24455174874191613
476_244,0.17222414179764847,0.1816227825600023,0.1804921562679741,0.15390657170777286
476_261,0.08190797587610582,0.08099535623461396,0.07485231266738851,0.0721083497654274
476_277,0.1579689729262508,0.1701241021906855,0.16027230761829106,0.1291114381026749
476_99,0.19212308651806306,0.17227806700854142,0.17405836254688728,0.16027497553056438
477_155,0.14096015574091555,0.14079053515788917,0.14577828500110823,0.13061489235502613
477_156,0.2705146132564543,0.27109486365031615,0.25660050658350053,0.2355123302618568
477_315,0.32743961735171817,0.3236219324891389,0.3306237729423137,0.2702002275470846
477_501,0.22062559365586287,0.22053425006473554,0.19016531108010537,0.17233025884282194
477_503,0.5302066715900635,0.48591938033598964,0.4658002628089933,0.3780582238612317
477_530,0.08740497370461427,0.09155014145019036,0.08479034392864061,0.06314940945188204
477_99,0.2108386632971205,0.2099804450120858,0.21558875993922377,0.1964468419592211
478_104,0.20129934456596504,0.18674023448052296,0.1941148175964709,0.16591368828169348
478_117,0.10815410468788318,0.1144333451988448,0.10967925976532264,0.10140327640803398
478_135,0.35396217294355103,0.35815952711987536,0.3665117577681775,0.31861247222910294
478_155,0.24628152215015206,0.24827603069426493,0.24427579174784686,0.20987941718557912
478_156,0.2719825954801172,0.2913665049786124,0.27517996527800576,0.2300147740947378
478_204,0.12996795551654503,0.1306112950894016,0.1376240134888552,0.11337434302099439
478_242,0.23264920270076653,0.26463524238053937,0.2351056741399859,0.18997026397436317
478_244,0.2417510657075839,0.2957082345215456,0.2517351467178708,0.2286626944697382
478_315,0.2405561787015401,0.23342121537461993,0.24426784770837198,0.2208223206924998
478_415,0.43989767810049496,0.5006345610144215,0.48646727906585874,0.3705789736875824
478_432,0.15890058423008574,0.14397982044024135,0.1426665228191398,0.13768925995033982
478_433,0.08577970442358691,0.08990438126029153,0.08330408331004481,0.06806748175385417
478_441,0.13151159685796696,0.16196203861116987,0.13944277192984197,0.12150068678407559
478_458,0.317859233221758,0.31623039658848895,0.2988295543717762,0.2715076398034184
478_503,0.7187425681477917,0.6504306659146019,0.7066550914049449,0.6140649436194151
478_506,0.1630434256842756,0.16583551048389328,0.17132257885895885,0.15473741805507632
478_530,0.07605955403163746,0.0830057028590673,0.0794287987586886,0.046900658418301294
478_568,0.29163355979317623,0.2868472135285901,0.2905673376002117,0.2681830146391711
479_155,0.19143042945334826,0.1887521351110516,0.17834044715174802,0.16837307266981122
479_156,0.4605996315329026,0.4326458136663064,0.4426367521460477,0.3901783838397285
479_244,0.18873098529455343,0.17908540401417697,0.17519103956418328,0.1579222159577718
479_315,0.1809343352353646,0.17319553621778627,0.1919676121727363,0.13145577893145374
479_470,0.6961103998649455,0.693675091931546,0.7058764316192349,0.6040086678317084
479_503,0.8845018284922647,1.0606263519113073,1.256288462331373,0.5884214180805526
479_530,0.08028954226250114,0.08233152545071984,0.0641576505789096,0.05035642702100553
479_99,0.2616492803377751,0.26493371426966755,0.25978087148261386,0.23370290846699499
47_103,1.0064041188364308,0.9839143892592807,1.0067303074356246,0.8247616406778094
47_257,1.0298687259031638,1.132228189868429,1.0587095201133134,0.9409719521383599
47_271,0.1359412355892354,0.13130858632944467,0.1354789421212439,0.12220242668261792
47_360,0.07634306593800967,0.004493530153498397,0.006083076053104441,0.0
47_394,0.3681017301662818,0.35482174947169876,0.37419910217186786,0.32786581067254505
47_460,0.10693985484322102,0.09846012632099538,0.10496206533450957,0.0850513980276021
47_575,0.858026973347537,0.8344243154139594,0.7785852024658432,0.6978371532500395
47_89,0.2348812052484281,0.2280033177733071,0.21256149030122223,0.19739042521448752
480_154,0.3295885666183036,0.32687925008817914,0.32346251718890806,0.2931686923369765
480_155,0.19516740786468936,0.1960881599131768,0.18685900628692034,0.16819490852763286
480_156,0.18611031681947207,0.22565456242824977,0.19075808636367686,0.1637184495301464
480_200,0.6239297223922383,0.5792886996753305,0.6201130121755579,0.5468382435333878
480_99,0.18794562425341932,0.18105631427291033,0.1729939687799817,0.169781801203521
481_132,0.28461309355471626,0.29167179249027714,0.27589033809481267,0.24830016629381202
481_155,0.13729993568214885,0.13564029243044862,0.12442258687582813,0.11515481315679005
481_156,0.3806282722639968,0.3578729825221417,0.36021484602725223,0.32008169334040615
481_184,0.23960296603332454,0.30867753769826467,0.30071502177092446,0.20117528748128136
481_207,0.6073883219416449,0.5926695500333052,0.5890096729888744,0.48598533792229837
481_227,1.0609566497429406,0.9896051848291127,0.9690211982359117,0.8542325526103318
481_242,0.23457463421453292,0.21968887965275533,0.22018129429925495,0.19603161358872603
481_246,0.1382880587179696,0.13324354128335647,0.13818295252965013,0.118061185895767
481_313,0.15558645877205837,0.15553854346119605,0.14932992712410031,0.13323956363394257
481_315,0.2018484003686358,0.1979774006517414,0.2540543840481861,0.13911685716404057
481_357,0.11636104677156697,0.0892710265783367,0.09957349664141987,0.04175885653885482
481_379,0.22270216049819563,0.2163580031915343,0.19415698247232255,0.1538341023771751
481_413,0.11816888051754407,0.14429439347897532,0.1275160978207681,0.09304704262930091
481_415,0.5224256840229847,0.5258805246888015,0.49302891505979723,0.40659895198756485
481_432,0.28154429604983844,0.30102725928551877,0.28371839828911244,0.23967684412802692
481_433,0.08255023485067967,0.08448087302150556,0.08200619258000318,0.07138084601937561
481_434,0.10276171988931052,0.10541703401256725,0.10230799293777268,0.08170215328595838
481_435,0.1271111005276092,0.13276171435094286,0.12817405436070803,0.1145029439500679
481_501,0.44830497326089236,0.4962519589151229,0.4436933445316797,0.3329486847482712
481_506,0.14063896919156524,0.1346199533483718,0.144363934050615,0.1290004128245766
481_530,0.09973364910620852,0.10926338666375374,0.0874497403966103,0.06087762080893016
481_99,0.1860094253735514,0.19316611736649078,0.17894013706605935,0.14658335009566514
482_132,0.290086862065597,0.2851542567660703,0.2910262826919732,0.25928864028530874
482_167,0.13081446764478294,0.118035790967813,0.10707031173906045,0.10403775731200841
482_244,0.23409591749934394,0.2408100244430763,0.24159400246788762,0.213914868576499
482_277,0.5531106883697887,0.5193207704270492,0.5091656087008839,0.42726101209805856
482_470,0.49598869540271295,0.6299977743310595,0.5407878693314982,0.3367242464290868
482_488,0.16376486432572215,0.17150613771799827,0.16947485276921442,0.1511841438779391
482_506,0.2000594096759709,0.1934881507236057,0.1853375124219662,0.16829707678083816
482_59,0.4775329658777512,0.48122193772789845,0.46906327032077527,0.3985035571743599
482_62,0.24074384763518028,0.24787392235533132,0.2446750158784815,0.19743104591344476
482_99,0.20490471279925343,0.1924778872728905,0.19030712037106745,0.17584388554814934
483_155,0.17373812377934003,0.1686572661271418,0.17079726746186272,0.14300408290284822
483_156,0.3688589220466636,0.33989189003815695,0.32392639640143706,0.2928991000032785
483_242,0.268463274920608,0.25725142179274374,0.25565874992069154,0.24611117002774396
483_246,0.1427848277987752,0.13859475530655652,0.15102262622674728,0.12384087401508642
483_432,0.3288009603586081,0.34998609364520755,0.29801315193215594,0.27116390596196144
484_229,0.22862841571316542,0.2227505674329397,0.23364175263504597,0.19143146820760001
484_244,0.16482212782109595,0.1648529998582798,0.1585115363264199,0.1468684727332039
484_277,0.1248100632313781,0.1277993312766324,0.12239923024253724,0.10504569572572225
484_415,0.38471955309743394,0.4113716732977019,0.41802022481890877,0.2872238462655528
484_449,0.17701318585976755,0.14979357813691543,0.15143829132471692,0.11722948887131183
484_458,0.1044863660851178,0.10064648409599546,0.09712263728745255,0.09133661600082192
484_542,0.1897770178878419,0.17915824048291032,0.17710315451887637,0.09498315626649571
484_99,0.08483036470345767,0.08725634195017173,0.08192115613996767,0.07733762630665511
485_200,0.2856586684299168,0.3669503326432308,0.3538889113414327,0.22254148673311158
485_228,0.2178064458381996,0.23062738878810018,0.22518922311939532,0.19129637637577493
485_229,0.22249450341860616,0.2039988522404024,0.19564787427129382,0.18313689973733355
485_244,0.19550832029017454,0.20409222048947243,0.20371377977915153,0.14843930693497587
485_246,0.21737519894464405,0.23366995769140717,0.2337563021542729,0.16878022971580042
485_277,0.1313719439499728,0.13256284882170172,0.14430755228156442,0.11692629829505763
485_530,0.0798905633935896,0.08851878134023908,0.06115880342008836,0.045001217980158464
485_542,0.20827596482753205,0.18972812371178746,0.19845251539320852,0.1517242400815539
485_99,0.0937001569030095,0.10491152984782227,0.093141034393803,0.08368822157377327
486_133,0.204284256426675,0.17579909721384543,0.16689860644128332,0.1516428661615284
486_229,0.24627405963792143,0.2498189616320331,0.24450651837398382,0.21104646745714692
486_244,0.17951647338856705,0.18790720822209395,0.188066490167218,0.1388410539005775
486_277,0.14187297559390438,0.13590537322584342,0.13310946291777942,0.11084431628620425
486_415,0.39016018449834383,0.43499558863993615,0.43712699494527374,0.355503228475208
486_432,0.12454449977103718,0.12302423776516774,0.12478694040130016,0.11690502369392175
486_458,0.11831813848781,0.12181745266563876,0.11692841160276357,0.10701021900703016
486_503,0.5633776700328051,0.553669888944848,0.5623388428474474,0.47801965314499395
486_99,0.1072576177864388,0.1131608625608416,0.1121968193752557,0.10017934861781691
487_154,0.2928381189637221,0.2596834035104657,0.2514047049486861,0.24114502270819813
487_155,0.10371408117960335,0.09982602563704555,0.09911250599175497,0.0918852046615033
487_229,0.2799544360465218,0.3072648764307431,0.24907904732951225,0.22173601549956337
487_244,0.13121522445776201,0.1365545974689367,0.13330886496085595,0.10858689400061043
487_99,0.14739745092216808,0.14509687394724072,0.14217474205113764,0.13750608845030576
488_104,0.14714903242417054,0.14672684834673258,0.14746354948328672,0.1277395068445229
488_132,0.34129611613626687,0.32584292593327135,0.3424603068486693,0.3070424930074427
488_190,0.6153984898079865,0.5796784609144024,0.5914735758534384,0.5363380687573778
488_192,0.2898153872394662,0.27972021083291765,0.2855968453740416,0.2601368060792615
488_200,0.9013857200102255,0.9974606680941623,1.0485954927617118,0.7977743667273626
488_250,0.23161850584388655,0.23495742354620466,0.21753570778787137,0.17290566815121747
488_277,0.5918730306567292,0.5614605008846337,0.5331682495005784,0.46348715131025586
488_377,0.12310515889476534,0.11624648586606767,0.09484652136541177,0.05781135827256375
488_379,0.2833424437892453,0.26922725613670623,0.23976673474832275,0.20351680017814935
488_415,0.4340426845601345,0.45279808115416276,0.4315348955230253,0.34729738177649205
488_470,0.4484278656377599,0.4847444244829126,0.5059594302321477,0.31469112973027474
488_554,0.31630358033148637,0.31262727092483505,0.2847941721146647,0.2597826827190788
488_59,0.5492600951265869,0.5239879276600253,0.5161485668475015,0.46598463475771
488_99,0.17226940023402154,0.1691608194143441,0.16977516596642975,0.13990169708157632
489_122,0.42500738114155356,0.36608706852074463,0.36072261865240607,0.2613460193291805
489_190,0.42392538198545465,0.45564422047480474,0.44979899028008713,0.38511206648688673
489_192,0.1837961751834455,0.18114158147932372,0.17832646614641887,0.1502936490917761
489_200,0.6371156758432852,0.8176317381734142,0.8827115732277018,0.5581330790044995
489_277,0.5098184240035714,0.4602509318867317,0.45849438656853203,0.3929636872263702
489_379,0.2366803584493191,0.233819034626228,0.20924262301960184,0.14146221155137514
489_415,0.3306767496096367,0.32359574474759767,0.30548474585929886,0.229115539685271
489_470,0.39789915641305335,0.491777208898311,0.43465717844787877,0.2961143455877694
489_506,0.13213549229088112,0.13271355042570032,0.11814546470611827,0.11443049529893767
489_59,0.7341124335139763,0.637489528184966,0.6558742623607163,0.6075732539491862
489_99,0.13434422037688462,0.1306690776787431,0.12661043084063295,0.12418352765419634
48_103,0.739284908004574,0.6825007572172068,0.6852295484255941,0.5965057046716304
48_257,0.8581322138111643,0.8686346021850303,0.96088893948708,0.6966200351144294
48_299,0.2162076812834465,0.27992269367145634,0.32273483033800665,0.19194790542408183
48_358,0.18669364642387076,0.19017822149485714,0.16013597247849204,0.1438546139038404
490_10,6.289879553551532,5.300185705310541,7.892713002778245,4.684213226339089
490_104,0.3709554490284582,0.36374007409021436,0.3494569357598824,0.32196110183252524
490_155,0.09610471729931348,0.0987368581176946,0.09469073028980353,0.08158962315720689
490_156,0.2771479968072088,0.2686813718875069,0.26856204964720753,0.2489519883979785
490_189,2.4501357443344065,2.9384415851013723,2.807373267415844,1.6482093962144662
490_204,0.27307238771120806,0.2639613219263149,0.2583340668518205,0.23874628077329976
490_244,0.1099897301455628,0.11180971566486082,0.10801801328283363,0.09099706420163191
490_246,0.14345549835704938,0.14676180772990496,0.13603589190352017,0.12480544801182375
490_315,0.4074231493230276,0.35858923062354525,0.47185355078620816,0.3224691730674447
490_432,0.2693271547670629,0.28453295601481465,0.27089006639860486,0.2374075772286083
490_503,0.7475499057863786,0.8093864329393151,0.743590013672637,0.5519298314960432
490_506,0.3204564368501707,0.3343798454506662,0.3325735709353965,0.30202946228701144
490_530,0.16761299978968974,0.18658877001621263,0.2062220414728026,0.14346752237478533
491_104,0.2542492296843467,0.26392867349803395,0.24980938470460093,0.22191233215723188
491_155,0.06940936001760507,0.0695489561610054,0.07114155915111742,0.06456452294937765
491_189,1.6340226083525962,2.0439995630385788,1.8583991239738853,1.263449634981359
491_204,0.10454729583505609,0.11085051202186148,0.11340215175734872,0.08859293351535696
491_261,0.08610722635933017,0.08647979260501856,0.08288044468561492,0.06726380417545114
491_432,0.19955381195028113,0.2021371984199162,0.19662772433649522,0.17649848823043524
491_458,0.16659681621194805,0.14810777851026025,0.14982236578987906,0.13476010647994047
491_501,0.2545203123038668,0.23573240578875174,0.2684439040751245,0.2026061031150537
491_503,0.7281343346464371,0.6980298003905528,0.7717938482890401,0.4820737221208405
492_102,0.5860665766168555,0.6958599877350126,0.5836786509751584,0.5136856732956557
492_108,0.25205491668938645,0.25545742778123404,0.2639614578118868,0.23393718007774755
492_132,0.20325067379973397,0.1975085893402414,0.20373957044978347,0.1816439459698345
492_167,0.146384984461189,0.12640425426799168,0.11990610136491424,0.10853265443390332
492_184,0.8194340659456903,0.8834863724122565,0.860364928046488,0.6716443201064823
492_190,0.490442419433849,0.4701470396396259,0.4478202295925726,0.36110232385462754
492_200,0.42169533764825756,0.4146574000422854,0.42981979308898827,0.3876369457815832
492_377,0.27168229890459333,0.31291034125187095,0.33857230709819497,0.2134391024879337
492_415,0.28860572066182183,0.3084663734763187,0.28838084716507423,0.22909730436234726
492_433,0.19251483959548313,0.18689035115354705,0.18926116547273455,0.17488414866590035
492_470,0.9072837721820639,1.1076906905812087,1.0452608102931882,0.6820686306186254
492_560,0.06682951971929453,0.0670207215431991,0.06442708831323407,0.04889175423460094
492_59,0.7757033133038372,0.7932148596029878,0.8274140962115173,0.7251329955518304
492_99,0.13800158156682255,0.14014750104540685,0.13201661804733794,0.11590174706537544
493_154,0.1890757967854355,0.1798148920030903,0.17014290175267968,0.15188472182597215
493_155,0.08152341151342801,0.08085266920349224,0.07915459538655421,0.0715776024628162
493_246,0.15223748698942471,0.14578617170788666,0.14449734965407937,0.12842122387565072
493_503,0.5047165913148467,0.47357074158596174,0.46996756533955036,0.3916097878302988
493_506,0.23079593509238208,0.21947717572883033,0.22823241421362564,0.21044861755149205
493_530,0.09916505959135419,0.09992319020377113,0.09699415152264095,0.07055317353923311
494_154,0.23112289783574275,0.22171178438924688,0.23023253016814904,0.1961506086472557
494_155,0.09450409336415169,0.09699096075241503,0.09704481182651298,0.08524045440291142
494_189,0.6368750502601156,0.7296779161174097,0.6973896713848003,0.482062887193257
494_246,0.13539413441877535,0.139748838346863,0.13055015642566836,0.11366320880252395
494_261,0.0554012810165822,0.057974550305191004,0.047149380650183786,0.038658150471480524
494_310,0.10684336619164032,0.1085434113135538,0.10846717466841752,0.09743043032454962
494_501,0.40714717843123815,0.42575015003568545,0.3967600536835874,0.3267631853222281
494_503,0.5329390578526793,0.47939561327299823,0.47028803159213317,0.42764069982886627
494_506,0.18748614099087083,0.17959495790737928,0.18453719344212224,0.16492218333780323
495_104,0.517423124984096,0.5355155588818857,0.52693622040666,0.40143344099271167
495_154,0.21858046717184265,0.20331139398517303,0.21578751073727387,0.19752747612469027
495_155,0.10629607036290259,0.1117181087154445,0.1101019861423373,0.09951428537575989
495_204,0.1555996471562506,0.15487386307755974,0.15126492161020547,0.1415345757598891
495_246,0.1576948958209642,0.152411547257107,0.1476198672367674,0.13312020945553094
495_415,1.1088761229772455,1.0414072730342911,1.0599739374138888,0.7933528620803143
495_432,0.33275172939474457,0.3509653111390436,0.3422644871889929,0.27502480457000344
495_458,0.19524459855020554,0.1798143401613858,0.1774838417498589,0.16947182708608705
495_470,0.7786949640567111,0.8129707730920153,0.8248775350484834,0.5736841837707582
495_501,0.44099385672380303,0.5266747435461192,0.43223266762227186,0.3535857838978233
495_503,0.657096410357803,0.5019842696044592,0.5477694011216865,0.4648809497428851
495_506,0.27622115979113904,0.27737418512790807,0.30411656032692214,0.2393164350071908
496_154,0.14350388086964416,0.1595026463655324,0.14151230655482902,0.13096038614400424
496_155,0.09252927678707541,0.09932196314022916,0.09355080036327566,0.08352329096919399
496_167,0.25047735402705595,0.1998562939622822,0.1895416281451358,0.17024462505871327
496_189,1.7333930516307459,2.12971745023675,1.9792376867262054,1.1425396046060188
496_315,0.30453380605070807,0.3293885251102204,0.3619895370755792,0.26594013453645415
496_415,0.8890909252867668,0.803729596231066,0.7548674664960127,0.5978279553465732
496_432,0.21450799395831366,0.21819121845791814,0.21385266252883037,0.20355471919148752
496_458,0.17715092351543113,0.1705919212891748,0.16673510934915406,0.15001762718243478
496_470,0.6337796733063707,0.5949198454463994,0.6013758389516343,0.5030069243795382
496_503,0.546680436188302,0.46691652961084923,0.5063478080156919,0.42553122757753076
496_506,0.23614335409143494,0.24558223631346537,0.2425601140130632,0.21605192912159885
497_104,0.22886846616190867,0.2299680956640684,0.25321932042859013,0.20638096371005796
497_154,0.24996561254111527,0.26668256261360856,0.2593417913481585,0.23500027588552572
497_155,0.08466678245129947,0.08323986559402702,0.07665608435008384,0.07100841951662414
497_156,0.2733007315461617,0.27919983410363786,0.26318499014313496,0.23839526188002333
497_244,0.11053304089259083,0.10396674048758231,0.09845391107858936,0.09686911497380704
497_501,0.3737311218411672,0.3766134367272591,0.3627301769995195,0.2858235821276943
497_503,0.6224909039691798,0.4941807251755008,0.5067052672578358,0.4239670176321221
497_506,0.20036029020657667,0.19163623475593294,0.19564693092075205,0.17667523946429392
498_246,0.0897215188161934,0.09533540914417023,0.0840187694794287,0.07272493511632455
498_470,0.6725934328132893,0.6658459206738905,0.6295168335478185,0.48359807673372274
498_503,0.5156311360119857,0.5201004235379908,0.49033355646565735,0.3607654255825293
498_99,2.662946113768983,3.2911745111661417,2.305339537886734,1.720836874063773
499_10,5.854625492715678,4.1792093552089415,8.523248803871105,3.528700054722
499_104,0.29497112964412775,0.29670627924661513,0.3264005764313514,0.25632547505215636
499_117,0.18131347019173058,0.1979360171409492,0.19094188486106076,0.17125482110486492
499_128,0.144169785705892,0.13908270811667134,0.13467822026986612,0.11860118006033361
499_155,0.10039924066450767,0.10491988599082269,0.103850068093466,0.09608210565141216
499_156,0.2563038848784123,0.2711401764506796,0.27583758269298164,0.22904013982062585
499_189,2.457893922026109,3.2527380307350153,3.0232136670164613,1.7091657567707694
499_204,0.1795139958796494,0.18263195452823905,0.18272622984145373,0.16767357373122438
499_246,0.20383076046330043,0.2043450947875709,0.2002723162607268,0.17572288991356114
499_261,0.08065107858548003,0.08824787865956546,0.08475668014157782,0.06323635529823272
499_315,0.2026668057328377,0.22613165904470817,0.3018497055054217,0.15596931739426503
499_415,1.3179181211938262,1.1614156446354755,1.1512909923860049,0.9322230332603443
499_432,0.24130961043002847,0.2624433947412401,0.24269618591241093,0.2115152159850836
499_433,0.1172776032894262,0.12194198342442492,0.11942940775518572,0.1017514925846899
499_458,0.16233321723737848,0.1581916518914959,0.15615516329993398,0.14437869794870578
499_470,0.546027538411729,0.5904352252434238,0.5936659433258485,0.4352018310489367
499_503,0.6937846862040229,0.606303329716956,0.6517275085400777,0.5723927414663968
499_506,0.2985732220684715,0.31888237190501756,0.3047450162900462,0.29309825403523404
499_513,0.43551113874952047,0.5150480543253566,0.5029438655173919,0.3648284536288981
499_530,0.142538351245474,0.15205725161609462,0.16226871558294684,0.12628921209321484
49_112,0.17093160984350936,0.17796930389258425,0.19112732039006283,0.14848721097291512
49_207,0.30475085183036904,0.24995347954941127,0.24304415863125328,0.19337619373655987
49_239,0.7031286451577514,0.7370849301423263,0.7016359570852464,0.45265039908324045
49_255,1.9146442262944312,1.8000104742720435,1.8135267979125973,1.6965008289402697
49_257,1.990757077795364,1.8125953903801306,1.9322682403872564,1.5487840617853745
49_271,0.285196147361837,0.2786228064578559,0.29471104037321805,0.23982755984076157
49_360,0.07634306593800967,0.021325212124491368,0.008206928084981037,0.0
49_394,0.7154572293975137,0.6901868782712589,0.6795420309453478,0.625915709935026
49_410,0.3864756512626511,0.37164470224984897,0.3617680032644813,0.31033069582512307
49_416,0.4767112315918582,0.47307005575758587,0.4692296620657495,0.4234700456517527
49_452,0.4893872833758938,0.46594807803421123,0.4742637283933279,0.4271550713701085
49_460,0.23979055387989723,0.25823321744525674,0.25548343297165194,0.2018003258741488
49_486,0.5644246600230397,0.42625510854624843,0.4117763028150859,0.39249819566109506
49_523,0.07578074375737029,0.059115835822212914,0.059095513382952256,0.031629989701427615
49_552,0.5811218803166612,0.5730477198287017,0.57223128644977,0.49278873169330967
49_558,1.0236834642026393,1.2314684650419179,1.1901012809774651,0.8289402379629145
49_575,2.8694025368310716,2.614667613483405,2.6782118422093473,2.408394500917544
49_89,0.5229375884665116,0.4673236760641686,0.47273418882344626,0.4371065661237314
4_155,0.1241220944444415,0.11305470007868425,0.12158732452469834,0.1080675547426529
4_156,0.32752222583449186,0.3330225930367063,0.3349192581946222,0.3085089465442492
4_204,0.08494600922322398,0.08850647645625226,0.08068634242854035,0.06767146856601874
4_229,0.19353351092147245,0.20334811852784443,0.18223473717212973,0.1459341652861281
4_244,0.15458083211999427,0.14133134346315168,0.1360225835369998,0.12453633241530092
4_246,0.2842888946108084,0.28136496771511105,0.3027182013513185,0.2521434435276401
4_261,0.08546546199353323,0.08226342072658631,0.0767285299464083,0.0700381068183775
4_334,0.08953171768779557,0.10754961580389694,0.09283993641119907,0.07774750814279963
4_413,0.1797306159118845,0.17114533493665246,0.15857201192741976,0.13289505802380017
4_415,0.5801757839091732,0.5775887559912155,0.694209234691326,0.47285434693334427
4_432,0.1841138012607697,0.1883646369248343,0.16975374135555962,0.15246737568904078
4_458,0.1978525933091809,0.20141269747324247,0.1893687247079482,0.16874406587868718
4_470,0.29358322977850776,0.327407085894148,0.3210099066866213,0.22082367927340416
4_503,0.9205586165025976,0.8831379938892999,0.9216424092801405,0.5616235459752809
4_530,0.05326052282035182,0.06079837293932496,0.039649884673286756,0.01901087555442869
500_104,0.21443937703208912,0.19736693389580418,0.19011589579573077,0.17734666014981915
500_154,0.17658054922463964,0.17425215480895634,0.1575718651807025,0.14466489054540851
500_155,0.07067400398090411,0.07257163343161327,0.07482866542716754,0.068678510360397
500_156,0.23671450262769625,0.23814777180279614,0.23053468675427669,0.22202646284520586
500_167,0.10883089721896798,0.0748524311439457,0.0746771400021204,0.046922281477405785
500_244,0.13109498449010695,0.1294198594944539,0.13655932957259312,0.11970212640631978
500_246,0.16824946523515535,0.16865284375501355,0.16153638051363742,0.1280332424414118
500_315,0.1692006017345647,0.18064489470603406,0.21756383890433398,0.12501244079307372
500_432,0.16397863559585482,0.16279308028504094,0.16690053214598802,0.1410165386294887
500_458,0.2196527245447665,0.20609965246154577,0.2116589089170301,0.19521812162381053
500_470,0.4307614993638107,0.41290509484934507,0.41635917740867007,0.29610949933786723
500_501,0.30261814247031155,0.28076062567103205,0.27731308459847565,0.26080330931612383
500_503,0.5906677676136675,0.4718615754092617,0.5152706625185043,0.4104734235602255
500_506,0.15350281370461477,0.15308354010627329,0.15341872823897354,0.1477447461003082
500_530,0.07800455431046441,0.09029594977281123,0.08094394195222827,0.05317904692218283
501_154,0.20589882152794858,0.19536178287343053,0.1932168204779975,0.18050237036947922
501_155,0.1722228331351624,0.17716068608616,0.16385708192338483,0.14335888137209407
501_242,0.2102636367698383,0.2359267110989218,0.19472577902337176,0.17387105422113566
501_244,0.14433424033507025,0.14106818761250237,0.14264370170872553,0.13472999918844347
501_315,0.16831259611996854,0.15869034900411771,0.1451364078939107,0.12133655971415237
501_432,0.1931383903271904,0.19903555930954542,0.20378832186628526,0.17726918090101373
501_470,1.1478860265705555,1.2721519901608198,1.2026246716519742,0.9353585721654901
501_530,0.09051013005624498,0.09000603516306331,0.08713720544772499,0.08187884793773767
501_99,0.14807838699872297,0.14408038597518721,0.12995882018288965,0.11527368841206988
502_108,0.14200053849827474,0.14698622932481914,0.14752790166226368,0.12391995030590335
502_132,0.15130678929471145,0.14135411884268945,0.13939222461419376,0.11615673712523056
502_184,0.3665666005628599,0.457956199061568,0.43053826010453816,0.3086359274995823
502_208,0.2566670953008732,0.23324837663931497,0.25661927953783686,0.21151147813663007
502_242,0.28950513868147354,0.313648988328519,0.2969582826296185,0.24448398547422676
502_261,0.06804582355649555,0.07211718145203827,0.06475170929437464,0.03475047648803636
502_470,0.8153533358425217,0.8440890247412778,0.8579366234762831,0.745814670146668
503_154,0.145709073564244,0.15377125987003326,0.15131840909137464,0.12572934955007922
503_155,0.11642778417426891,0.12492725209311864,0.1230586269511428,0.10320209618699579
503_246,0.1061053886078279,0.11023662474880386,0.10610207555723981,0.098711356072691
503_562,61.51609229810677,60.05024004350364,67.40357836432888,57.784947907252466
503_99,0.09884386609470802,0.09501964024048877,0.08980304723820906,0.07560961766049133
504_155,0.14888535172198347,0.1508312343155166,0.1506119375453883,0.13664980177213826
504_156,0.18982164620514094,0.18789268501123527,0.18893286421491173,0.16542696721865313
504_200,1.095822689358599,1.1389342490732943,1.0845688030669225,0.9490418423094228
504_261,0.11901056804684557,0.1285658390498865,0.11938590201438133,0.1004260858361034
504_315,0.24885646101777464,0.2809960621836371,0.2673214599885631,0.18808523454406448
504_99,0.1904585020517597,0.18735275427851628,0.17827351086543664,0.15619356403105802
505_155,0.10623286664599102,0.10562029476827492,0.10271269491044441,0.09770840173979722
505_156,0.3282498685602893,0.3993950739118262,0.3130591729493286,0.2952565026664137
505_242,0.2626187849287225,0.24532164787717786,0.22462209023355348,0.20311816394879476
505_244,0.13751313933875065,0.134916839925494,0.13129095310588093,0.12717363482529254
505_246,0.0953918762478365,0.09111122430788605,0.08590442787809864,0.0816602409595511
505_261,0.06764821479377733,0.06412469596657668,0.05853860224568344,0.051045422304788764
505_99,0.12502436476043274,0.11935898613748276,0.11757286175275701,0.11055697577388222
506_0,0.10732850779773015,0.11760372323336539,0.09390549827468335,0.04719915241361761
506_132,0.27553315418971547,0.2858885403358753,0.30256306168231517,0.2604597222458003
506_200,0.2361622079917725,0.2351743976342011,0.2258256661068637,0.16924715561778095
506_229,0.14791016734651843,0.17332267931953171,0.15735985978592185,0.12881871595378666
506_244,0.09109384951289394,0.10372447256311916,0.10127794325131635,0.06731971399592088
506_246,0.11103076796796871,0.10820007271644283,0.1033123800680104,0.09485330594955176
506_261,0.08121643253374648,0.08243064813108879,0.08122659363891933,0.0703720431056675
506_277,0.250557579640704,0.22400360415156362,0.24086720522528202,0.18535762845357578
506_303,0.14437371702040752,0.14913005587772113,0.15473349530444663,0.13824722334822168
506_433,0.1307707432619381,0.12988074185975654,0.1303820457363256,0.11698441039975521
506_470,0.40229025362315823,0.4416582969973822,0.4418445085642331,0.33599869855032627
506_503,0.3662142628604712,0.30603267523012795,0.3236118538018771,0.25548470352112007
506_505,0.9565311722802726,1.1093415429753002,1.0026437946758189,0.8499631389420953
506_530,0.08436566005962477,0.09054439325423029,0.07447330917241624,0.066971162132563
506_542,0.1571998706277428,0.1322802674140056,0.13177322484904308,0.10394124360281093
506_560,0.06609068045055165,0.06668760222021934,0.060332319238227135,0.05020076843304841
507_200,0.39495344261948184,0.4121644967974112,0.3703817462022706,0.3222602829774467
507_244,0.29743894898380074,0.31349308192033754,0.306983236126263,0.23451338798705834
507_246,0.2232749882827044,0.21046388368172356,0.20231686627547468,0.1693618841805123
507_261,0.11572364746961801,0.11797614566956767,0.11043353940227657,0.09517349054809182
507_505,1.3242010269528477,1.4082500200645605,1.4117494226661091,1.0283448207997372
508_277,0.392734411294436,0.40497576369733296,0.4205991443255067,0.36641642572961797
508_370,0.11818612621017281,0.11298392385922042,0.10611324622874768,0.10125244100619916
508_415,0.562802372456251,0.50851517296717,0.4784541405671775,0.4009136664471019
508_463,0.10159491643373654,0.08387434670093209,0.08084512367602645,0.0542588298122377
508_554,0.26775334456056504,0.2576112748547768,0.24961378372694856,0.24634570010933216
509_108,0.1998529649163883,0.2018336566197753,0.20532339988068765,0.18131323011271366
509_132,0.3661614368399229,0.3581128208245779,0.36856464402229544,0.31220288214752223
509_167,0.10914047904240164,0.09150618849611046,0.07943372116787688,0.07676432680837962
509_463,0.15456643869977527,0.13866732934054882,0.12579157136818173,0.08610295369156128
509_470,0.6149058922202395,0.6631689743605541,0.6881600787207224,0.5119938172188021
509_59,0.7543569611563443,0.7360429133503773,0.7675738960695354,0.670222176626459
50_102,0.5583830504215219,0.6064803743393712,0.641227087137034,0.5128609894164137
50_132,0.18354165050110585,0.17605386281328758,0.17264056597373514,0.14942369586539408
50_135,2.3582993290037284,2.567083590771224,2.498283140024961,1.844478528661735
50_155,0.07104799318380411,0.07487650780322379,0.0704858198493123,0.06433464156104841
50_167,0.11943901753492321,0.09691371271970405,0.07929033264012039,0.0705368449025784
50_184,0.513352719355095,0.44971942634641304,0.6026134325533202,0.3523840636869532
50_189,3.569343650618814,4.473638269746605,3.952388161866673,2.5895907094437565
50_192,0.13316151291267322,0.13560440628649836,0.1303582645232122,0.08733929452139982
50_204,0.20375119316352214,0.1668837644963239,0.17083478795499135,0.1388850576518854
50_266,0.16372734851720197,0.1408857946258884,0.1474625496917578,0.1359292495655766
50_277,0.48826798212011774,0.5033593068746365,0.4378129987024326,0.35098689797530325
50_313,0.12003796740267599,0.10894435653438911,0.10905683597911325,0.09771365211116927
50_415,0.8063523897316586,0.6207257397519356,0.6816719870202627,0.5560052545952201
50_432,0.3997346523646851,0.3573190158095425,0.37527742782288037,0.292530988343255
50_442,0.20425394367446226,0.1765897378160099,0.17511502048875066,0.16946749005661652
50_470,0.6887903601614138,0.7372074125847339,0.7194780221226765,0.5559795776176961
50_501,0.23562914112244526,0.2251241237348699,0.22565735934379821,0.17611068663919302
50_513,0.5878887543650853,0.6131183065959371,0.675531091730165,0.5285201578775599
50_549,0.9155383266002802,0.8396924970654501,0.8613890657280798,0.7761733858442813
50_59,0.5324610152567368,0.5914447479909358,0.6633349866220377,0.46740107959716753
510_200,0.6048753943232893,0.7317660673706192,0.6621568880898806,0.5144598985015454
510_59,0.4796256742406892,0.4652949854412115,0.46683297029473914,0.3725166722629858
510_99,0.1544638265750838,0.1439960609481522,0.13915459163982774,0.12464397991967179
511_156,0.3585822524116184,0.40838631529705494,0.37131935676436006,0.32331204358971577
511_157,0.0950341090312551,0.10227786849181805,0.09799961433253586,0.07697266384996476
511_184,0.3588372787002421,0.395465053301876,0.39728129829549147,0.3353027689853084
511_189,1.4580041627292437,1.8623116740936423,1.623404811438326,0.961476022726948
511_242,0.16920200281851505,0.17050693633180736,0.16793890209028636,0.14458865567443757
511_244,0.16793546826518738,0.17415535552988212,0.16778202512722618,0.1300470583419186
511_246,0.15302587865387954,0.15267165342464858,0.14806309104055304,0.1370141894235692
511_261,0.10812141955244539,0.11422255302065792,0.11237050480256294,0.09484943701334515
511_277,0.2981381322933283,0.2945741082466845,0.2919698520209126,0.2143314229024292
511_300,0.3041633093233184,0.3030654252954312,0.2960059845361307,0.2532928655562264
511_432,0.22403972140426076,0.20521696276636484,0.20455815048067044,0.1930028022596916
511_433,0.10307876653031145,0.09951893208247296,0.0942978366339359,0.08032031579135307
511_470,0.6196586205098267,0.73346259130553,0.7404819643527472,0.41751834708440844
511_530,0.1267226335680393,0.132347544668767,0.12777834378603534,0.10751821643444287
511_542,0.20178805363236696,0.18260807923261194,0.18871584334077793,0.15308566959426143
511_560,0.08141543101447385,0.08376697481961515,0.07720147004830526,0.06304871237548158
511_85,0.2984223495068462,0.3462992304081277,0.31151092885288373,0.24293897045182378
512_244,0.17189762182303567,0.18495403470063046,0.1827933530535772,0.15151235505133537
512_99,0.08810198657002778,0.09262361676504394,0.08635793051136016,0.07888768394423773
513_135,0.5257950164435565,0.505321156381266,0.5134903950237125,0.4333415141153786
513_154,0.3366545689668344,0.34207607546929775,0.3238898495599098,0.2886779279854766
513_155,0.1429451231715383,0.133888232030335,0.125296243703579,0.1230416598226184
513_200,1.1106408340325034,0.9692178225867067,0.9790068189274851,0.7914664364084557
513_229,0.11833443481959217,0.11424887184992058,0.10654484437842375,0.09351384023633773
513_244,0.16597321591929043,0.1666230715765695,0.16836130314195383,0.15116684646792022
513_246,0.2153749212850295,0.21418804578108633,0.20499287373288858,0.18323302959535856
513_277,0.2583291238478256,0.2583650345643992,0.2549699701005053,0.23996942308146008
513_377,0.12439704740703293,0.12410168845440411,0.12025304521921042,0.08205851849298101
513_415,0.2661548590927984,0.31075412725307694,0.29586249763649125,0.23423334085337974
513_432,0.1794014906939759,0.1835923358969632,0.1807899870026296,0.16864971721292224
513_503,0.5837954879364458,0.4307728826589838,0.4803205402735673,0.3731457020907663
513_530,0.05925841367848175,0.0664992214128089,0.03945215525104216,0.032043240074866704
514_10,5.707775690319427,4.515048142633566,8.784055120469668,3.794864117153155
514_104,0.23477513030396366,0.21843676524935512,0.20198814134756202,0.1917775068556339
514_154,0.24084759210679405,0.2392164655875692,0.2420942296885714,0.200255868541782
514_155,0.09272099040982239,0.0879059091299631,0.07854624687966145,0.06908927676376556
514_156,0.3097059154463542,0.2554082111043048,0.24882827170481303,0.22304481097579046
514_189,2.9665432339447566,3.2443562293064843,3.5697646547439144,1.9753560696810735
514_204,0.24081631901039546,0.2630374390756883,0.21643338766089648,0.1894926882259583
514_246,0.14769110790602827,0.13387183196796776,0.13428289920257003,0.1023857291001292
514_503,0.4857348916571278,0.36194633273487603,0.4374779449533357,0.31831152529801515
514_530,0.08784156712265737,0.1003439468513189,0.096510743156532,0.06162350719575901
515_117,0.13369558979830964,0.13472661978636447,0.1317711433566144,0.11798403150113172
515_192,0.2931765678004657,0.30814916194445097,0.30580087957958607,0.2664353397178458
515_200,0.6821098861656232,0.744737454753659,0.7791972381738737,0.5785015163239806
515_277,0.7812264420669199,0.6810112104295667,0.6713033891401783,0.6153732900796938
515_415,0.5116050450578846,0.6191315774363468,0.4929294490718212,0.4239557067960561
515_506,0.1584359467153581,0.16344176558612145,0.1672327544679257,0.1504931375641411
515_543,1.962607339577436,1.923992067491343,1.9453285029677225,1.8334491910859052
515_59,0.9020974846245259,0.8575658702506106,0.8734746042372737,0.8350098623924209
515_99,0.2528897190598864,0.24668877014093857,0.2632035701827504,0.2300690254126424
516_154,0.19087379727481132,0.19416782434116475,0.18133054643294855,0.13911908698108924
516_155,0.09189127518228989,0.09065666401147399,0.08353922696353748,0.08017254555487413
516_244,0.1521142544492279,0.14998028245287753,0.13866010604884577,0.1325249667441851
516_458,0.14532651054732498,0.13963637194223977,0.14370345988005317,0.13060339438456595
516_503,0.6720400333141086,0.6680781495545051,0.6177918597454417,0.5133382859391431
517_135,0.3779025139136514,0.364246807340062,0.36398527767909555,0.33248280818985876
517_154,0.26712244534853224,0.2941934594460355,0.2726682385789214,0.24380307361772313
517_155,0.12378016085833583,0.12550384581757804,0.1219383601300357,0.10555588203763233
517_156,0.18701411463887288,0.17872981971487334,0.1837326911708317,0.17178826010528342
517_204,0.09724662804971067,0.10213004133798931,0.1036646394505203,0.08146783314699826
517_246,0.19937399212338802,0.1886586879558213,0.17996541001328425,0.16434929018756494
517_261,0.07748630991332757,0.07268639348419223,0.07057649540759578,0.0644683542311484
517_277,0.17020771541852767,0.14953983669042634,0.14719828002878546,0.12480411709434408
517_432,0.15400140612282887,0.14843813735183353,0.14521183251096972,0.13992928540988034
517_458,0.29765301448829784,0.2717032263039035,0.2674383017075345,0.2505726598313322
517_501,0.27963479158716203,0.27576954401256976,0.2721590374837204,0.210701949779636
517_503,0.7187369809743,0.691615165321893,0.7138845520944958,0.5738119884997495
517_506,0.12067082529319466,0.12091874091139768,0.12170513297179324,0.11119615623954182
517_530,0.05578910842725266,0.07405368318833254,0.05999270785806757,0.031563825756131314
518_146,0.31352250204066334,0.28562119378540046,0.2681256104193059,0.2508716038657297
518_154,0.26184765738295473,0.2103203854670929,0.21649651397186123,0.19149126014496265
518_156,0.2938591557282808,0.28955499460199635,0.2831733855052298,0.2644836551511205
518_246,0.13960950974276923,0.1439282073068584,0.14341039246736365,0.12390826659303159
518_315,0.24065841972678229,0.24549878433132916,0.3219643869069635,0.18904665307948798
518_432,0.15858719537448562,0.15038704666582936,0.15096558625086753,0.13408853771368606
518_458,0.21543501683543403,0.20700429054413444,0.1971134604466882,0.18911995033327547
518_501,0.3720419038484027,0.3513438617865414,0.34435077162869354,0.29535053649799986
518_503,0.6864989914186317,0.5985312661077982,0.5761614471185219,0.47009833481439245
518_506,0.19579563894817828,0.20155642927737108,0.19947752401235025,0.17804990938422957
519_154,0.2892782855809486,0.3195456966892824,0.26554691480621007,0.23624932885038863
519_244,0.11743533876401628,0.11786270495513668,0.11147652774214209,0.10225978097368155
519_458,0.14527426535342614,0.13324153351869314,0.1282227484987667,0.11864656247453562
519_503,0.5401986939283387,0.5120778492239468,0.5175527783809337,0.35347559911631543
519_505,0.21516404166986347,0.2776857097736528,0.24851109884637312,0.16449731076790403
51_257,0.3809408061989287,0.34741885491352636,0.3536977778722798,0.3325645117745502
520_458,0.131665819935047,0.1267488334342047,0.11980245464993894,0.11288698273378991
520_503,0.44064884441915125,0.4335205818028691,0.3990563721793737,0.3528982659517925
521_277,0.9049377111707833,0.7332816060390194,0.6928515122903595,0.6146653203866326
521_99,0.28711851579664693,0.2597641507664703,0.26730475770595263,0.2350590840148455
522_244,0.16205618028305133,0.1631961619337004,0.1651518074872743,0.12765370107260832
522_246,0.14407014391780074,0.1380843647972062,0.13680731714463598,0.12234908228894938
522_261,0.11432846588092684,0.11327247424685716,0.1141039268577227,0.08998900206727205
522_277,0.1226197313495054,0.1191701991427842,0.10871342050684098,0.09738558334150056
523_102,0.5587835119170752,0.5360933958922486,0.5419413087106472,0.4802573088341442
523_108,0.15283022507975394,0.15485155687108784,0.15792295008674634,0.14319024984356352
523_154,0.2405303671340001,0.24506244272828884,0.24475605224083996,0.2164351145389178
523_167,0.14448778244598584,0.1269453390105341,0.11343680637257922,0.1089159448076867
523_415,0.4446593714198623,0.40980603801837984,0.3997215266033338,0.30558931642430653
523_470,0.42228699326936225,0.4237489123437707,0.4322204242455914,0.3790252786007336
523_506,0.1419020994842638,0.1443358607099564,0.13916910630671145,0.12977133017750225
523_59,0.6906259461656515,0.6786381050818396,0.7002456156429786,0.6341419994692552
523_99,0.11285277251571557,0.11579469530412959,0.10729200583768292,0.10001152398985833
524_244,0.10427575550576641,0.09541917901759117,0.0952206333733529,0.08419249588048695
524_99,0.09564286826879626,0.09589098894028505,0.09853859443528239,0.08556267651622528
525_154,0.26330592384637264,0.2579454515242228,0.27223821472310406,0.24127923224575845
525_261,0.10023263167004129,0.10348037939199893,0.09692288733889592,0.07688689194390076
526_135,0.5516262100361075,0.6370863748104122,0.5965293584271181,0.4536012909077221
526_229,0.10309983417492358,0.12191807639545063,0.08723132257727914,0.06443824919777091
526_244,0.098533646767728,0.09483360319318027,0.09132186612293956,0.07620800995206117
526_503,0.4427501766701034,0.32746538873811865,0.3336633007514942,0.31216662195907685
526_99,0.1296437910984656,0.12115677625983719,0.1204969305942843,0.11174596445838114
527_154,0.15803784218178576,0.15711497207580538,0.15833936677874091,0.13418886089307372
527_458,0.1399524237678875,0.13312325388889115,0.13800404977822756,0.11969577129078376
527_503,0.3089707348598792,0.30048035726800504,0.28754483605357156,0.2580078456779033
528_104,0.23676154174102226,0.23515349435484476,0.22609085795994605,0.20015796570034142
528_154,0.3088470312664213,0.31304877419180854,0.2946658344268593,0.2696993444132784
528_155,0.09606259084346186,0.09622621097261722,0.09247747991002056,0.08720760178907475
528_246,0.21509146086706823,0.21838893190449502,0.2148364034612813,0.17922069398946186
528_432,0.12627479667231378,0.12071573804575984,0.12526594065955676,0.11306050609033352
528_470,0.5523185852506238,0.5270127723518216,0.5459481852101888,0.47209885369581833
528_501,0.4556305666558862,0.492897454392472,0.43014606863106486,0.3699847104193703
528_503,0.6614197743625243,0.5825550308198781,0.6168538558553166,0.5258207356678423
528_506,0.20470548943733408,0.20144021611641316,0.20419780548947444,0.18816299355187552
528_530,0.09017965247715658,0.09701941875439095,0.0966276452896199,0.07920386648380792
529_503,0.48523376794231576,0.42860455720150614,0.44090037930419307,0.3927005081755426
52_103,0.6720413615158702,0.6421850142293493,0.6294826807504894,0.6113902568906188
530_155,0.13011871871198924,0.1321991730185413,0.1307658958643684,0.12124380063343265
530_458,0.4001842963329916,0.4114516933189573,0.3828746366594211,0.33072702926158154
530_99,0.4036922971363614,0.4382517432566403,0.41995841585758803,0.30655508689261746
531_155,0.13761164444777982,0.13106972149382703,0.13285754043697995,0.12226395011397716
531_156,0.23901935632354426,0.253608468922032,0.24688268328157426,0.20552547520369008
531_315,0.29869285551059793,0.3212219128677548,0.31744090404895897,0.24935845725484423
531_501,0.3697066555869153,0.3648150972243748,0.3810608041397582,0.2879214606965591
531_503,0.4527042790389545,0.45475743251100403,0.3870747678528159,0.32717169530301987
531_530,0.08888765597287987,0.09893873492178684,0.08579049517568477,0.0640180239139273
531_99,0.13222463538867968,0.11941883854815699,0.11817695779570071,0.11209239611511743
532_415,0.8737798590547899,0.8597396924017142,0.8029867915151873,0.6116492877234353
532_59,0.4752744366257867,0.5035514110148716,0.5694036792542277,0.43035165012367427
533_154,0.23234854515082468,0.2344011826934486,0.22812375552913297,0.20700184479405392
533_156,0.208079142211518,0.20587655410262823,0.20812853732185144,0.18848959065550974
533_244,0.10698890151447034,0.13037365068105913,0.1105213396434069,0.0859863706593214
533_246,0.16854183873220302,0.18384567733640667,0.17928352989855192,0.1386478437739146
533_277,0.2334204523229967,0.2340313386967551,0.21391411859277643,0.20581629574356242
533_432,0.1455687684714956,0.14066599949989628,0.14321212569089445,0.1219748222145408
533_470,0.23723298790023944,0.27822143332929083,0.2454844277450362,0.18029294750035485
533_503,0.2846893355835966,0.34201807002035445,0.30301548915490656,0.2227201298363635
533_530,0.08190903873049502,0.09830116701078968,0.07367555232572126,0.05576572700987064
533_534,0.22896434191011591,0.22972204449609704,0.23780975290761366,0.2063896684735824
533_99,0.08148363386636552,0.07568499389491845,0.07013583365631905,0.06550476166741961
534_117,0.12112747699620109,0.12145844416621393,0.12046105177931038,0.11351746341406788
534_189,0.8156137156482446,0.8987550052065578,0.8654645794486053,0.6385640068788112
534_432,0.2840691928712058,0.2810139262670288,0.3138887840910416,0.2606454458352576
534_458,0.132815516099633,0.13274747516958582,0.13528967632730382,0.1240001007123186
534_470,0.43673641268583,0.4502184177983315,0.4223478153385698,0.3503969890749318
534_503,0.3501504789158385,0.33814204152310673,0.3355483935915164,0.29823980362398633
534_506,0.1498925018490112,0.15230314185429553,0.15294507690434667,0.13932127643201384
535_155,0.0998243908148096,0.09952146356361825,0.10637711250006657,0.09293242553523234
535_458,0.13664389812486782,0.1291832552149936,0.13178661521908164,0.11018764922531082
535_503,0.4626097819201846,0.42457418261220936,0.4231523584965458,0.38911172804300914
536_154,0.13767909738431452,0.15532791031431267,0.13042217017163146,0.12374233816143722
536_155,0.07999435787717664,0.07729938659703593,0.0728129268077457,0.06856571941274633
536_189,0.8119243551094181,0.7381516343215385,0.7301079412189497,0.6552602971057925
536_246,0.13925612710095567,0.14517221591413362,0.1474152402856592,0.12862050000601105
536_458,0.12999274484612602,0.12730272051241634,0.1314119514169115,0.11804162335016688
536_503,0.5877946841214131,0.6101583827077562,0.6442240600244579,0.5302894272566039
536_505,0.20982868158930365,0.20630104239816813,0.21004211344866477,0.17172122458476402
537_154,0.3374990837154266,0.3160578053126336,0.31899742640270873,0.2837789455100127
537_155,0.25289944483017146,0.2556139772429667,0.24047856844498192,0.21993841621177268
537_156,0.37471362915677864,0.3778660603320908,0.35552088879159405,0.3290829051053169
537_200,0.8278088775069423,0.8516388429916276,0.8952040827675766,0.727757812888622
537_244,0.16920792644802518,0.17935311481934985,0.16416428252431145,0.15174364066676096
537_246,0.2561887436124075,0.2408061198524629,0.2412220710437286,0.21576288710495478
537_261,0.06656574148773262,0.06685650115122863,0.06533458310429358,0.06094299016150865
537_503,0.7497316979886453,0.8250618314755791,0.7392724423307162,0.5710828051005449
537_99,0.30102686700805065,0.3131673316631518,0.2899176620613701,0.23796311773503756
538_102,0.6191704993140776,0.6562912293293274,0.5555417850615489,0.5094531926692701
538_108,0.20658412097745943,0.20843947540349128,0.19491954432106137,0.15562993962965294
538_132,0.21949291384382552,0.21957710743744074,0.22080352589127172,0.19520451117414203
538_200,0.7167776747369485,0.8098662294192753,0.6488788255838701,0.6171142196695669
538_244,0.15519402327607354,0.1489267126749945,0.14108098266535507,0.13692177531205776
538_277,0.5045752175443456,0.46466230885194043,0.4449542877500778,0.396626757995173
538_295,0.19742613836781364,0.18858571335416574,0.190369100540744,0.16084822008617097
538_376,0.13657507620632725,0.11626318289908223,0.1374092989403609,0.08818523644126841
538_377,0.25118701964371704,0.24863123556034383,0.26541930205385644,0.1974449523238389
538_415,0.3725992238511777,0.45241525161743457,0.3939774962694331,0.25066566666096235
538_470,0.9280407415997816,0.9342186407605575,0.9594287282104784,0.86978600622674
538_59,0.6630749982128024,0.6505890629184213,0.6623812988333649,0.6029067508398425
538_60,0.40172214784907084,0.417526942771169,0.48091783072882166,0.3367901651875308
538_99,0.1291603373730224,0.1341801153132961,0.13135490874553735,0.11972394445012632
539_135,0.8429532124012457,0.8952632728418585,0.8689320072595944,0.6261013342568662
539_246,0.12315386748325222,0.12382345478507467,0.12134520710502132,0.10647906659634826
539_99,0.07654089057049612,0.07668428601326821,0.08239173647805159,0.071254087989687
53_156,0.44305062961822916,0.42529640960264387,0.4235398836397264,0.40307029590124
53_200,1.026432872542659,1.394131593414747,1.3202891959144107,0.8140451465940779
53_242,0.35691313276043357,0.3578443518855529,0.3608552864214085,0.3216037640978315
53_433,0.16515628001744914,0.16606502645415963,0.16181591452109517,0.15397513419082134
53_458,0.20446119307376517,0.19731699215494497,0.19486599204870936,0.18674048039192656
53_470,0.3451855263784649,0.2950621430908083,0.2943197127262093,0.24410634453361663
53_501,0.6080793038352774,0.6206159068182755,0.6143561256330694,0.5163771894613274
53_506,0.145505443639863,0.14554082877741367,0.1472226806046436,0.13799129043777594
53_530,0.0826950406637905,0.09104068764157329,0.07885490991937358,0.0639452167716742
53_99,0.26785913213741,0.2690399732310904,0.26617055117636806,0.24710368862703241
540_102,0.7311944900924519,0.688809244577117,0.6968378841535464,0.6600426217902206
540_122,0.3567483960247925,0.4024559880831427,0.3927509253849262,0.2918399831105476
540_155,0.1343311072017555,0.13467741133660902,0.13777572743915106,0.12127238205974139
540_156,0.31427200020562385,0.3286804741347076,0.3212069296060782,0.28011075518341344
540_242,0.2849007332546112,0.27318308322427776,0.2901104725798662,0.24895110337165713
540_244,0.2604694697591858,0.264160455144443,0.25909955109002375,0.19271547555255372
540_261,0.11928717113899051,0.12211634568116476,0.12757794325815958,0.10331417148523274
540_277,0.1284201657774177,0.12454461109563802,0.12400958355451376,0.11066017389591332
540_413,0.19271295838549307,0.18345176260347384,0.17523791464232247,0.16098929616699156
540_510,0.1431158667492195,0.14049118056109516,0.15359349553180807,0.13013931568579984
540_560,0.06217559206931136,0.07488308606681549,0.05770782279151032,0.01822895710783943
541_154,0.3050129882675715,0.3220048588242048,0.30892687240235467,0.2693537852246502
541_244,0.21014636014980856,0.18350879945970724,0.18481883995091572,0.14554661433633453
541_261,0.08634764936026201,0.08126832130220146,0.07701101951773114,0.07005822032892925
541_530,0.06519039132797294,0.07978498490223845,0.047447633414744846,0.018237773052323592
542_104,0.20562608063390325,0.17800865617109182,0.1805296541199257,0.17492939301442456
542_108,0.5182356594287163,0.4661878576252351,0.45483369490936926,0.4016498064291574
542_132,0.28722346764111273,0.2815886610839586,0.29309105189697804,0.2595998233070089
542_167,0.1440386354975826,0.14237064818908687,0.13070383352535905,0.11493554081379882
542_190,0.930938759377909,1.038596727150999,1.029499333653938,0.5931397438393379
542_192,0.42576450496991736,0.4690558438150665,0.43250942634494954,0.3613710046397731
542_200,0.7244811590531282,0.6567283073463998,0.6765717032265731,0.5678579170347023
542_277,0.687416629238478,0.6668727554587218,0.6753569588695163,0.5010015031456688
542_377,0.22780370005149367,0.22162405872918314,0.1918871029379621,0.15040168903204248
542_415,0.5817518566494629,0.5461718111909253,0.5394614211104791,0.3919661213458465
542_463,0.19666034897253748,0.18380681235216997,0.1799237276489515,0.13340458603220912
542_506,0.19350270481673365,0.20040363578034076,0.2091163307284974,0.1763471728310101
542_513,0.2100137940432029,0.2187347210990933,0.2182295461969237,0.1818309013257006
542_554,0.9819513231149666,0.9353791971220544,0.9297801773875118,0.8602947847363169
542_59,1.1559498297239041,1.1353716740968907,1.155129593829496,1.08806831608472
542_99,0.17205389114820643,0.1640885480255631,0.17089479991241632,0.15256285108517145
543_108,0.18733409832131848,0.19169344656799542,0.19180130268509385,0.15752900813696824
543_132,0.246590490275134,0.24043561259684376,0.23977300707356639,0.21311715872041143
543_154,0.6627311970239258,0.6220531598143498,0.6439471111601555,0.5668446696039757
543_167,0.12450974580003868,0.10667537975795603,0.1001996185821745,0.0899979817009284
543_184,0.4381682447799542,0.4832827014223848,0.5212702082370333,0.3279705851244851
543_200,0.48616016639287846,0.5181003867201383,0.5504235449602904,0.4352708671489892
543_277,0.485201599952305,0.4765776553074642,0.4615859289886277,0.4055464660980782
543_377,0.15196796366633517,0.1342434909466278,0.12186822734339896,0.10455131778448025
543_415,0.3365030687880389,0.36294426497668286,0.3479742130644447,0.24233406540093755
543_470,0.5907779395243217,0.666469318333133,0.6502634064745063,0.5308294205019904
543_59,0.6842875342989136,0.6607521496209998,0.685411286595654,0.6256021694431101
544_154,0.24814676162942886,0.25676584289750287,0.24924011628666223,0.19730243159349947
544_155,0.12210998666668146,0.11944075956047621,0.11152659550625064,0.10310270278419231
544_156,0.4727102623151246,0.48464973980229115,0.4890951291823322,0.3777924613435056
544_157,0.08929571277670695,0.08942723199166536,0.08438797207664192,0.0716636894004814
544_244,0.24326654652856236,0.26153259283620844,0.2601144408189784,0.16958685423483136
544_246,0.2119737357308152,0.2029057801538242,0.20466688913823872,0.19298888075328724
544_261,0.10493149280331487,0.11079496029225583,0.10113634927534668,0.09197534102566375
544_413,0.16937614197799294,0.1643097403347067,0.15284550351570259,0.12639724392112187
544_415,0.48481285935870605,0.6050754012031179,0.5447449162814105,0.36839191535274846
544_503,0.9605219708558841,0.9487553360382108,1.0298889691324078,0.6135132097877944
544_506,0.15722305916130533,0.14444238374014218,0.16435614803624146,0.13784046306246045
544_530,0.1061990445363671,0.10655727299837697,0.08903373586557715,0.07992167766623166
544_560,0.07449514676191547,0.07511676781170167,0.06756407393022462,0.05463349394421282
545_244,0.18561479150979046,0.21071566175087295,0.20467953109128492,0.14252412797068498
545_246,0.19791244540764547,0.20490053481572162,0.21120644728143714,0.17403099680817377
545_432,0.12132361649117326,0.11648617180112313,0.12310567835084332,0.10515042501827795
545_560,0.06980759528307809,0.08315898315077624,0.08795096754721181,0.055942752429529306
545_99,0.0931462287884067,0.0926530247287434,0.0906786588223211,0.08344451264794052
546_102,0.6797669144827861,0.6966031672992545,0.6840306719641321,0.5839566049815167
546_132,0.3055078774377253,0.3349128987994534,0.31777997245574663,0.25388293089371977
546_167,0.12017596673958064,0.11606291258565883,0.09255283777643593,0.08499525272428199
546_184,0.28976498677885654,0.33280615202223385,0.31539213675180683,0.25600542042035407
546_258,0.09722259248055308,0.10425673309459092,0.10970710086844743,0.08662369621952505
546_274,2.122661468791252,2.28292903261575,2.284247032112801,1.5068957736377655
546_277,0.3761595815737165,0.33942040677414487,0.3524124439015368,0.2762469651212116
546_377,0.14127409016891695,0.12074302335575718,0.11514514766621059,0.09849754853511075
546_415,0.4069320366453679,0.41857916971081555,0.34696242214228745,0.3017658892020962
546_470,0.4520002479749628,0.5209159200770267,0.4850923969902508,0.32209846455848734
546_501,0.12157864193940505,0.09506386412619501,0.08983007839721655,0.06426567109815128
546_503,0.8983605240285633,0.8655633783294725,0.7851113994659169,0.7226193524470479
546_59,0.6286694144358289,0.6376082901585343,0.6850627588535246,0.5771207614633777
546_60,0.3200817405646906,0.3220655760120657,0.3073699376579866,0.2486352279609093
546_99,0.2067427079398105,0.19098409378770162,0.2051215297371242,0.18080788075057985
548_135,0.9386139692199416,1.1665622055119753,1.1084961389201653,0.8084091667066272
548_156,0.27883268241680803,0.28016632606142333,0.27310933523868663,0.24701409503440283
548_242,0.1897141206438275,0.19442923764896283,0.19791592730123161,0.1762762781569408
548_244,0.12893852400802241,0.1397495015224054,0.14073463314462437,0.11071134606909379
548_261,0.08296936183410525,0.08182132771287541,0.07870418765562238,0.06470530786219593
548_470,0.4339303609287184,0.5922441991254553,0.5012855980092296,0.3235220099336071
548_506,0.1410493851238775,0.1374659436658105,0.14970157926747496,0.12633860620076318
548_530,0.07372238850179726,0.07697131922995708,0.057539837888986284,0.04299150890297121
548_560,0.0707311143398331,0.08887552885690397,0.0752683108455866,0.05065457316206425
549_135,0.39755768289208643,0.37065985676872476,0.3714885832162955,0.3489903814673851
549_154,0.4499239743590706,0.459198611494315,0.4379894819681648,0.39406279051943416
549_200,0.7958423409869537,0.6927237091451998,0.6658811541865386,0.5882943345304645
549_229,0.13198407037851745,0.19674653365020042,0.1279533746705069,0.08894450625265585
549_244,0.139547143098588,0.1665254762255316,0.1418486275248085,0.12421508537179331
549_246,0.1950829441794992,0.19145205029738277,0.19022530845462865,0.1692589826604167
549_261,0.13757822858610452,0.15297402564298734,0.14361946835760112,0.10569679581992833
549_300,0.41370236660650184,0.39417510787611854,0.4074977999991945,0.3694819907481303
549_432,0.1964715613530252,0.1794094957098454,0.2016288040736768,0.17473575934946856
549_99,0.1161231540953638,0.11141316663085774,0.10152467910255435,0.09985570769115173
54_154,0.3247303982255975,0.31635795070688993,0.33195513999318443,0.25589123388485735
54_184,0.20137263972367822,0.21350568930060682,0.2171566196182326,0.19143916504264105
54_187,0.19118716450693196,0.2143443456940588,0.18083653155381596,0.15159877152369272
54_200,1.016980617380333,1.1518121552363292,1.1209049141510752,0.8275978229783878
54_246,0.21928913098539032,0.21476291667175962,0.21803886326296407,0.18162632744303295
54_277,0.48276265545779423,0.490068732863987,0.5035253800855101,0.4376999723799974
54_295,0.1539310576020697,0.16081582044860646,0.15521705285311455,0.12970775507329924
54_415,0.5327734830380045,0.5379450133210426,0.5361887236835374,0.4712150419986003
54_458,0.16250528425462687,0.15714664314731738,0.14930649623531486,0.14045447815798226
54_506,0.2899652645113241,0.3362687986445577,0.3662267591579397,0.24972913017580028
54_510,0.17302757581148803,0.16973429584174576,0.16703794061984067,0.14927266241528125
54_534,0.35393419715775964,0.343258548201279,0.34216660770412277,0.3015820257916059
54_99,0.20636579500894245,0.21029310701971723,0.2012088880324888,0.189480931807677
550_155,0.08219577144261812,0.08821171329051453,0.085587456191529,0.0743224673564853
550_229,0.08534101757894998,0.099046854310974,0.07311329138436834,0.059217108005353764
550_244,0.10019012852712782,0.10718858297564143,0.1030641617000926,0.08453485884567533
550_246,0.150100635016264,0.15893492505218668,0.1523952258803821,0.1317666359559807
550_261,0.048960546398156286,0.04964936554171637,0.042077631172780766,0.03616681261634835
550_503,0.4697390427529436,0.4166707402132018,0.4365978929142502,0.3618402837813228
550_99,0.10811280592144676,0.10782634720061064,0.12298735966347113,0.0986283904061925
551_102,0.6483120267174138,0.7330002976155905,0.6830069842887961,0.5572937412617418
551_132,0.32937490828439897,0.31973552879506895,0.3115490378626803,0.28723820563878755
551_156,0.23704989125693343,0.24865122949094287,0.23503497350283398,0.20496029793908124
551_167,0.11015748107797897,0.09954589589148995,0.09490885719398186,0.07999871833199709
551_415,0.6180169708166913,0.6138344277701577,0.574506408517947,0.4724703177346353
551_463,0.138779726583207,0.12170197285000084,0.0984285971430959,0.051617827559243636
551_470,0.8047415641366773,0.8871470750739026,0.9163656762839637,0.5927423889825303
551_513,0.23333366225589225,0.2564328522105279,0.2965165097720179,0.21239231124015434
551_59,0.941362623649513,0.8881602998141477,0.9058597413692118,0.8806654929301666
551_99,0.30351440620873893,0.2858551389156778,0.29109432824477843,0.27344316980429206
552_132,0.12510130722400242,0.12593977987526261,0.1316980995043442,0.11307049605310378
552_154,0.11911957090674179,0.15244531380339874,0.13240442656934917,0.10678481468750937
552_244,0.0832286056853283,0.08724111827712291,0.0786641164945399,0.0709136691968153
552_246,0.13596118208174446,0.13522669418490907,0.14020004253110732,0.1256748325514276
552_261,0.08043088511781832,0.08024067429953695,0.07471377800209851,0.06279887539387329
552_415,0.207669011147983,0.20502755300153586,0.20832575690487581,0.1772391148112203
552_432,0.2652581375742902,0.2678316412248243,0.22402817401607095,0.21046974771744772
552_470,1.2903573556918309,1.3558056838958281,1.2864734376522615,0.9266902547917817
552_506,0.161206556444157,0.17233340472639824,0.18220456810773278,0.14850514405822307
552_530,0.11451672828190107,0.11143212856243322,0.10215828676305441,0.09696160803295441
552_560,0.05122796361323954,0.057220412594664115,0.04363277730909626,0.018330380525363812
552_99,0.1155975656118612,0.11724299417462684,0.11114598842727291,0.10812056627224746
553_244,0.10009732549569088,0.11536347047632062,0.10776780179148236,0.05733142884480786
553_99,0.1203733417948273,0.11000693876759796,0.11644114372944037,0.09456961261288371
554_187,0.11801298276472262,0.11746565370164919,0.12060774905686752,0.10832457076674838
554_244,0.08680739079356527,0.09246711355683537,0.08506393451891792,0.07003754602552796
554_246,0.16159432411590904,0.16563040739037924,0.16647388211810446,0.1409288904385151
554_261,0.09025349268360289,0.08508334544572553,0.07847622830005666,0.06487221904822961
554_432,0.18986551134544194,0.18082186515581897,0.18206555890790208,0.16404990955648388
555_156,0.2066511910754042,0.20123888418078134,0.19934666491027886,0.18631691859223815
555_246,0.14489696889685633,0.14880818077053898,0.1443642128857803,0.12122588134636304
555_503,0.40138269775848306,0.3962271351333723,0.3883922829386797,0.3438959926238556
555_530,0.06735943257139791,0.07104094072036536,0.06499033312747832,0.03872573015622611
556_104,0.15872557246250202,0.14987312316821208,0.15324145397029798,0.14556949508865297
556_117,0.18520973644866157,0.18218614906747024,0.18034441177419142,0.1650120952729358
556_122,0.774596415038766,0.6646738847486692,0.5859027539321916,0.5502106664913562
556_132,0.29988928821019284,0.2959476385829396,0.29728673077892553,0.2775691233116649
556_167,0.13424538848398118,0.12848545165174657,0.10530815494517654,0.09835969356370604
556_200,0.6387294535071711,0.6598944315836994,0.6918014502968306,0.5783250621017726
556_277,0.9762669973519249,0.8489835283717262,0.8337452612883722,0.7152751835527625
556_377,0.27064295705587205,0.3048494277771259,0.3539964420593416,0.2018865075099338
556_409,0.7084311611625711,0.7177869302866468,0.6977970605941426,0.5470224228307292
556_415,0.6034653628532947,0.6214432188960344,0.5674035684520878,0.4011503254232458
556_463,0.12248174367178583,0.1120099919655802,0.09549303737745311,0.051277251072438336
556_470,1.0086985575951983,1.166905387107279,1.1642010231902051,0.769961281117335
556_506,0.27671009981572686,0.2927472545626444,0.2633334284886317,0.24490725951027445
556_59,0.8543808650255021,0.9034372461132703,0.9469767942024533,0.7702643846824194
556_62,0.3194435844652142,0.30703117215992415,0.2897115252766569,0.25021093479014844
556_98,0.4370532873336887,0.3946649842697066,0.39781508424138196,0.3914328241521217
556_99,0.24568287455441315,0.22599585396834254,0.2284714848433093,0.21065782649058215
557_132,0.22188790518223084,0.21826858872835542,0.2202694269306799,0.1976172300301573
557_154,0.4229810392898551,0.41870312248317887,0.4358310832236991,0.37923470701930273
557_415,0.5366000502890551,0.5887607287630253,0.5079058786764395,0.4404312124170244
557_463,0.13993701400217795,0.12873121449337135,0.11283602898033902,0.08243508714268367
557_470,0.4237457908728313,0.43253316937555336,0.4322091473489731,0.3127080745308272
557_506,0.2532484757879876,0.246438834650284,0.2654831500392369,0.22269574543522333
557_59,0.8244152141121295,0.8650526364071522,0.9268244976259029,0.7958510034171826
558_10,5.430146195498418,6.4990375613058085,6.92217822927646,4.509843988834897
558_154,0.1763857261823646,0.1990268243579226,0.17759055533710422,0.14867993432462281
558_155,0.07938332928950904,0.08106833914511116,0.07614360968235794,0.06805228934217536
558_200,0.594524316332981,0.5542944531205163,0.5722701814896933,0.47545417980306925
558_204,0.1824232076758348,0.16012229299840777,0.16102190582896475,0.13305058126878622
558_244,0.13842945035884377,0.13292315613295558,0.12438761381048175,0.1097849423808986
558_246,0.13252323879140204,0.1237632134579627,0.12209348946041604,0.10471756484407053
558_261,0.09835747142385967,0.10666130064743158,0.09930679862494025,0.07075088266092888
558_432,0.13139082657595902,0.13815161282038316,0.13882525018032998,0.11923728820441498
558_458,0.16262075707639637,0.1510652765575674,0.14973733731292646,0.1401547974403832
558_470,0.5071990836628512,0.42859410814574284,0.42289210731568716,0.3737276069719862
558_503,0.3782815170944428,0.40784901266585016,0.39892281072332963,0.3141820454674236
558_506,0.1788322349915933,0.1765285344993115,0.1709236914594915,0.15780340878955576
558_530,0.10499205534596637,0.11691746304708156,0.13773045772844678,0.08919095853422503
559_155,0.12671460700934956,0.12341366789634563,0.12331140025833413,0.11543736519024285
559_458,0.23728321599732544,0.2305255330079975,0.2287492515565761,0.21148722664993969
559_503,0.39370722267243274,0.42139183833148425,0.40968698404368237,0.34133078560200075
55_155,0.11097186807433262,0.10899728162461846,0.10378006614266805,0.09827453278995445
55_156,0.1223432234790897,0.127816354874955,0.12901883050786905,0.11699779327905246
55_261,0.08175084886821007,0.08356924190751462,0.0731820514960318,0.06573984029283507
55_458,0.20090501735024993,0.20241438965297842,0.18061461422850178,0.1727908297489739
55_503,0.5915337317657033,0.52981230837189,0.683477005376752,0.38143837196834934
55_99,0.6500793799570197,0.6926025387766286,0.6532507234303181,0.48689140553508126
560_122,0.2671167329532325,0.27492460313135725,0.2612303870031964,0.2155583492838905
560_458,0.25503090470857187,0.22411116944597895,0.21061369600927776,0.20433484862925028
560_503,0.3594513618063926,0.36209755891312745,0.39282005946974013,0.32070888396185276
561_102,0.7313936763580458,0.7704447497824887,0.7517699378405456,0.6304188921018961
561_108,0.3346870586664428,0.33706181721893375,0.3543981468425435,0.29180597403469494
561_132,0.2843148423624761,0.28300257761497954,0.2911075979087893,0.25560112311352035
561_167,0.13722070283391277,0.12199457513789402,0.10346312729063324,0.09659836968032819
561_184,0.8040037654463958,0.8083306358692339,0.9079755119216119,0.5844084606396084
561_189,1.9717257800801267,2.247019711566753,2.0777627371851,1.675415149531005
561_190,0.627699182611084,0.6269788689631298,0.626722049698852,0.5445557568529498
561_192,0.27050640171794044,0.2706769056180801,0.2802931960246881,0.23436664301986843
561_200,0.5991537277803587,0.7448882061132921,0.6799880769420176,0.5031529209212011
561_266,0.1190017363523276,0.10668176405482706,0.10214440642874728,0.08281925670451885
561_377,0.16791742073823285,0.1647540250188136,0.19594236316648517,0.11261196325425539
561_415,0.5395496855556653,0.5128734235263354,0.5010165269649294,0.4003434583343503
561_470,0.8384068580830618,0.9729779197506231,0.9623107873787666,0.5906298994927472
561_59,0.4561264052117826,0.502686851809829,0.45231197638245646,0.376940359980536
561_98,0.36801407324655044,0.37827816177943935,0.3800487660056845,0.3270062433477031
561_99,0.14602051945473823,0.14642180845943378,0.1400220263112083,0.12386530218603152
562_154,0.24873400769039256,0.24160430123632684,0.24813960247519137,0.21894573857262964
562_155,0.08608427998239941,0.08519531377524794,0.08891454163480478,0.07357681906405032
562_244,0.09581891183307588,0.10009584427177227,0.09932021550649583,0.07995455773358363
562_458,0.15478496346273415,0.14039788489055444,0.13886300457078618,0.123257679963239
562_503,0.33660674093181137,0.30738189986221226,0.3274563289715654,0.2737910489065345
563_133,0.2589354793623426,0.2405591901620921,0.24291697642151538,0.2105450280499939
563_229,0.23303372816336967,0.22929146556472713,0.2265297639836065,0.2071282177452813
563_300,0.33111748072380076,0.3089751710534913,0.3335667367730984,0.28803297017231655
563_415,0.3673529529282706,0.3992130272355248,0.34895485565649903,0.2656190702787853
563_449,0.21058736891762636,0.1905114555333819,0.19099950026202187,0.14628931813373824
563_506,0.1082144952037322,0.1007035943745027,0.10422955582059534,0.09180899154711436
563_530,0.07978005422368678,0.08148448119785494,0.0595973018870484,0.0406020894795329
563_542,0.16553521564874524,0.14863988352417803,0.12737927037682686,0.08097502544963642
563_99,0.09419753259131391,0.09188775325473965,0.09019427425047663,0.07854308167673746
564_261,0.11053098489695178,0.11259849716958675,0.11158503031982359,0.09483262532835796
564_99,0.08216267915120848,0.07986682871544004,0.07661493924409796,0.0690689166127916
565_102,0.3807747218781229,0.3735525802518534,0.37571839954661684,0.3417333058809665
565_189,1.1359077530279995,1.4542108809845216,1.3680580901480939,0.8452735259281545
565_242,0.18832966410425073,0.17907427733587142,0.1799162167005287,0.15394332124951818
565_244,0.16602408783308087,0.16144195169724995,0.16636425506205982,0.12619561710829535
565_261,0.10534967155487905,0.10851974872092837,0.1115467013287147,0.0939295657760534
565_266,0.114944003547337,0.0993026120648947,0.09189766689671115,0.07269358300434196
565_277,0.24341614949669765,0.22912819786115288,0.2474296082647528,0.17276468827901004
565_415,0.4085874478381499,0.4692416196342142,0.40309466116807313,0.311387436437693
565_470,0.3850635759094315,0.42342993518265487,0.4274954797767492,0.27980425822663546
565_530,0.09368450498752838,0.09793712010202991,0.08083978257396549,0.06749906288345861
565_542,0.18908960681616654,0.1784015003800429,0.19200114031268228,0.13867950951412175
566_135,1.4793217083231083,1.6816030893941827,1.7360302866916695,1.2408636692972992
566_244,0.07988416233815004,0.08035966227852379,0.08477636370289963,0.07615837823057602
566_246,0.08076745573068131,0.08343406849165469,0.08335668913640151,0.0762367714818967
566_261,0.09173995130661285,0.08745211707060997,0.0873019001286419,0.06604034485282512
567_135,0.5783098447934917,0.6069236035181919,0.588156997472177,0.47731746684691256
567_503,0.8848324612361629,0.7885225615097123,0.8594925219804747,0.6606925421817187
567_99,0.08738528363650316,0.09062833868479522,0.09322351505763979,0.08288775586439746
568_132,0.23883847672576028,0.23054172676931328,0.23658263164924287,0.18555643556573972
568_154,0.30006318503902635,0.3078733892847489,0.31307533630725665,0.26316442011006064
568_244,0.18625237187430022,0.1895603617466513,0.19074088307033477,0.13577217847279147
568_246,0.1714462709939731,0.1740236477672229,0.17217296518957156,0.1613476274400728
568_261,0.07780443494057032,0.07978629068938334,0.07523732927537473,0.05697750005768026
568_300,0.45989534741335664,0.4409215341574106,0.4804206367665294,0.4168472722398339
568_449,0.12405767560192185,0.11411516498971214,0.10539232096027729,0.05519695109893511
569_102,0.5067667895610286,0.5083174820937555,0.4816038620849345,0.4072491936266019
569_154,0.3951494094379476,0.34656948439577806,0.36730791825641446,0.2929613043245813
569_277,0.46649735286723953,0.40929801837455765,0.4289066111795841,0.3347533315558621
569_415,0.7181590553264298,0.6827821807664042,0.6973476807121467,0.5140411216365417
569_99,0.22715998227049447,0.19826831890890395,0.21328642982443582,0.18829005461816037
56_10,3.984370118908568,3.4501171039668206,6.375341876639512,2.611895898360438
56_104,0.20487461053009803,0.21761777405587013,0.2378415120910587,0.18182068063858628
56_117,0.11961892760207722,0.1274968085378131,0.11646622976398399,0.11026735298318709
56_154,0.3047395576614742,0.3329961943688224,0.3103287925612686,0.2563450932350305
56_155,0.12094326864930258,0.12389759713215098,0.12293150110842295,0.11350798227092297
56_244,0.12220620907284149,0.12330195729218657,0.11734396745557343,0.10549148068901237
56_458,0.1802608810375723,0.1641837386702151,0.16893238729172086,0.1532267088865846
56_503,0.5132842251694728,0.45623431096289124,0.5296187499584569,0.3525357218415241
56_530,0.09988389083879007,0.10262140317023229,0.10537158246692846,0.07713941747094134
570_157,0.08562056959609982,0.08860817745808355,0.08581701517772716,0.0650826279333338
570_229,0.26419614898958454,0.2744064870905971,0.25864436739145125,0.21692858802816384
570_242,0.24116621553753279,0.23911056921762755,0.2571879977973854,0.2088156292281026
570_261,0.0747777821945012,0.07653717289192842,0.07570156944388627,0.060986055774205156
570_277,0.1955864559398024,0.16535675438032232,0.16075315422830794,0.14307072842475385
570_415,0.6255674392116068,0.5484969817457744,0.5304125811118967,0.49295040417305963
570_432,0.16064332036129828,0.16440701899691612,0.155617635947856,0.13944024595101676
570_470,0.536268537661509,0.5788593161054846,0.5557667556081541,0.3437083773171648
570_506,0.1161920072664451,0.1213143645093624,0.12004982535097186,0.10578625060929901
570_530,0.08182189429941333,0.09475434561989587,0.06923655865788235,0.062036636268030514
570_560,0.05838349621129247,0.0676494454141563,0.05999549962218812,0.04130469194225205
571_135,0.40221939195231365,0.3972338785368266,0.3606714354356882,0.34804851457236374
571_200,0.22380005347678397,0.23938419990150164,0.26593521914335344,0.18722118543574007
571_244,0.09154290659474637,0.09444161554949465,0.09056999416293145,0.08276795264916265
571_246,0.06308662882882302,0.06481834293126128,0.06533740457631138,0.05665648250146546
571_432,0.15424822669465546,0.13978127033082682,0.14751421351707178,0.13129772322035757
571_99,0.07718235160314908,0.07041942026462672,0.075648557046095,0.06494146127960568
572_104,0.2202196746164004,0.20257235981213312,0.19741339929053878,0.19267125935332838
572_132,0.351699891112512,0.34052526873221445,0.34828528370309697,0.312339528066063
572_154,0.26279105801916774,0.3351192941215127,0.2865740571631978,0.2031814393978725
572_156,0.2630221505184781,0.28852673753587893,0.27049129833526697,0.2363758392297816
572_167,0.18627559236570157,0.17751793176121494,0.1594459789148294,0.1260041977891272
572_189,1.1344360421137936,1.0797305619562225,1.2047001967645956,0.6390082046091979
572_247,0.14205210988889955,0.13403696744272747,0.13526240877359777,0.1274885869814617
572_415,0.34153814257330894,0.376739888223781,0.38968499241325044,0.2575246722901021
572_453,0.19060567667205475,0.18204580701988,0.18965752015766102,0.16385661869046342
573_108,0.3565737977372813,0.35685081306512084,0.36123087154480493,0.3180611370866761
573_200,0.6341228182666104,0.7475764225007395,0.7248434769696492,0.5452123185877233
573_277,0.3571846808701585,0.33311450010527577,0.3312916271677748,0.29174580032702546
573_377,0.13330173880308058,0.11708311883427822,0.11980365422414674,0.09507007217479292
573_415,0.2880295006012943,0.32733634748143553,0.3159418585069952,0.22513578779081378
573_506,0.18096704542375897,0.1763351500627128,0.15872928390148777,0.15541744169615043
573_59,0.5237058950886683,0.5161469359151494,0.5019899564622741,0.4853602354600638
573_99,0.14224811742656757,0.1474181314672538,0.13922328644583848,0.12559841059900143
574_104,0.19764630773352168,0.19137329736287204,0.18659157803736895,0.17519489208701114
574_108,0.21721131608154576,0.2243616910344419,0.21510217327598508,0.19532276576268073
574_132,0.15858838653112403,0.15057243084212646,0.1466996230335435,0.1344414288948914
574_150,0.21128287535448767,0.2143909112071213,0.2092285894809624,0.16113776983377137
574_152,0.1729011092560072,0.188188655619628,0.1753518994587787,0.13240681501449308
574_154,0.21293603439327224,0.22923055238857382,0.20501775740761002,0.19164128799828217
574_167,0.16210894954826344,0.13536164498305892,0.13206901765530926,0.12269250021918206
574_184,0.4378886405600373,0.5762053235374499,0.634836144549406,0.3295635937725541
574_190,0.3534451117039596,0.3585405308023127,0.35023374533246365,0.2631890781946705
574_202,0.11224978506991184,0.14690822102094347,0.13051273860110285,0.031667171121912016
574_209,0.09794989796744984,0.0816626282589455,0.07757414812869422,0.05625406751520344
574_277,0.471050386537018,0.4378146425830049,0.4148243041145032,0.34861637102191007
574_295,0.12937700905185323,0.12793511073231353,0.12460423198753781,0.10900124014603992
574_342,0.11731264819301972,0.11647251929048025,0.11079155526223743,0.10419584056955689
574_376,0.18240751675997482,0.18570552319617006,0.17075233857365602,0.12379627792171857
574_415,0.41723039697044473,0.42784120137564363,0.4095961337241289,0.3251682267398968
574_433,0.13336835048599044,0.14441187906857794,0.1420954242971932,0.1250755944492916
574_463,0.18225786035213665,0.16242431858096273,0.15215183694605242,0.13836373607510302
574_470,0.614924015561783,0.6945696695013858,0.6903330174006633,0.5343697807514531
574_506,0.15473493502869315,0.16397143685113502,0.15965775227506324,0.14428163237158478
574_554,0.7069194303205664,0.6472946584442695,0.6597493807977628,0.5727750993312406
574_59,0.5849437993237276,0.549856745247322,0.5673764734039859,0.5179378197669727
574_62,0.12582484897276772,0.1348540112455011,0.13167769039615632,0.10660822667046066
575_104,0.3583231819088678,0.3212986102012926,0.3237283669288099,0.3051585644974433
575_108,0.25553942629645116,0.31070547916870206,0.2942657574144948,0.21442353442795697
575_132,0.19437312641044024,0.18182203715209283,0.18086935050379438,0.16429951069645402
575_148,0.2043304874298795,0.2164653480000655,0.20222133426906092,0.17717659507595807
575_150,0.2767745502418544,0.27192378650969473,0.2852004755533324,0.22500764013405933
575_152,0.18192592862278503,0.19426953053479995,0.17047334823286925,0.12332461383216603
575_154,0.17398707275944697,0.1898727426266361,0.166631296899468,0.1452024362233287
575_159,0.14734408455906692,0.12317669560023828,0.11547783382907514,0.08389571363130582
575_167,0.24097069425888976,0.214751366544047,0.21868099322469778,0.19996084945905723
575_184,0.5535383687797851,0.7032569013946147,0.6308327317382861,0.45047135041279646
575_192,0.15725736506921312,0.15672614266923138,0.14961198602760295,0.12832121257587753
575_204,0.12430300827290039,0.1290189903513777,0.13164675600271458,0.11663542459613528
575_209,0.12765601269732965,0.1051691028267783,0.11773730814595867,0.08376700622383615
575_277,0.5414084029335832,0.5250957135722797,0.5334881429125002,0.3487128541213452
575_292,0.2236605152657694,0.24966949665163796,0.24157469884247793,0.17696265435548914
575_295,0.18518471091597308,0.18463633023544124,0.1889881635245729,0.16624158501161873
575_329,0.18612962364782235,0.21511206018533,0.19167840212379164,0.16362537824697784
575_342,0.10651625781822786,0.11362867852539038,0.11614071457414643,0.10055590953831549
575_376,0.19580675838722922,0.18529801906212634,0.1832249884564399,0.14171932820136235
575_377,0.25743539554678563,0.2637795680730775,0.2867394340341261,0.20390732092587147
575_415,0.3794120212101343,0.37960880478820047,0.34230782272542615,0.2673410969290683
575_433,0.23472340209113052,0.24041281476967283,0.23922351947979278,0.21701544210221693
575_463,0.2476847851011877,0.27807003110380424,0.24886673172332946,0.16437418923098307
575_470,0.8665278868822743,0.9466718619286938,0.9471999109575021,0.8012167491421345
575_501,0.14498508702896984,0.12674095588761194,0.11004343528969357,0.09114219866227043
575_506,0.2746205643485167,0.2576934461372428,0.28626135855612217,0.22491510869365205
575_510,0.36768215892160394,0.3333480482860735,0.3639156796895581,0.31483278927829633
575_513,0.3626700131641528,0.36359231375611134,0.4143188465159424,0.2978576722124507
575_554,1.1673253333150675,1.139293561188478,1.2200525002751237,1.0503807142419288
575_59,0.7048356894518278,0.724296767227766,0.7478209380038366,0.6308091660590295
576_104,0.2724651714534,0.25194057512626283,0.25048060866897953,0.24748496903530218
576_108,0.26429636974240084,0.23410052972334755,0.2329509964253911,0.21794490739942593
576_122,0.44417048945087717,0.3606366469089734,0.3473466832764472,0.2957522696832868
576_124,0.2414916849611085,0.23871656110279554,0.26022441397941254,0.2062368770082256
576_128,0.16235814846752902,0.15160836549975282,0.14663585567734405,0.12447835380049768
576_132,0.2888222685679206,0.2753972845490211,0.2806814241956725,0.2579201005716574
576_148,0.21755567414387206,0.19384651645365936,0.19908440944708258,0.16077389662644936
576_150,0.36787672110752995,0.34666493069747834,0.3198026595829692,0.27598281329702856
576_152,0.23193825212871902,0.283099277871513,0.26849602974106834,0.1860713870742349
576_154,0.21508604019805255,0.2169957640309936,0.216978512065638,0.19673491443538327
576_156,0.2517754265555298,0.3154281581771094,0.24721130607838798,0.22460170842539126
576_159,0.11056846516444277,0.08825236251920955,0.08367219022516396,0.06709029779157928
576_160,0.11184319687478478,0.11551907076195438,0.11518562033037275,0.08856370289499453
576_167,0.16126809860560673,0.13979076317102798,0.13554457889170013,0.1294522788265222
576_184,0.4484658842347567,0.4383652477546201,0.46220119675394616,0.3783751565491893
576_192,0.22380174581728488,0.23115024217249003,0.22587055838072345,0.19048784893104143
576_200,0.942729068198131,1.0940273411099373,0.9898857743061862,0.8546973621140599
576_204,0.15379374294084472,0.17128471221025698,0.1721051427932031,0.13800223518189106
576_209,0.13422546733678345,0.11693856327428846,0.12551514735902705,0.0878639854845911
576_277,0.553381660682784,0.6045949109000225,0.6126021281332696,0.4274856372529977
576_294,0.1063073149528242,0.11091421812514554,0.11578027459353048,0.09901363284951337
576_295,0.1658158328250636,0.16394682786070738,0.1694478939002385,0.13209733433530466
576_304,11.241036242832786,10.60698902388831,10.669757431059896,10.569913594087947
576_310,0.12255071591546957,0.1277270459257146,0.1209196720251099,0.10307694695014055
576_342,0.18053434334365812,0.18181571329308124,0.18717164781991844,0.16977628601620073
576_369,0.3873974041909413,0.39791034525143637,0.40000730778489646,0.33705537877737446
576_376,0.13781094971423014,0.11665278755685932,0.13959452515829812,0.10662949802036709
576_377,0.19013556475895543,0.17780234617080823,0.16563394871257278,0.13025229819434073
576_415,0.5244538892277588,0.5537239121139875,0.5165842885749513,0.35995487859103814
576_433,0.1804452587307369,0.17828119668586617,0.1799569761872505,0.17285979413451907
576_448,0.2585437266045496,0.2565792298500312,0.2517165447151156,0.21161965429530255
576_470,1.1928369823042702,1.3341003978394912,1.310374094486655,0.9960345507309933
576_501,0.2719599216652992,0.2454635092466925,0.2716755455999648,0.1962171137981786
576_510,0.3819067580281422,0.3888140774932224,0.40762360969246303,0.35475666676371787
576_554,1.0910004449758117,1.0637468291573235,1.058971732441282,0.749802191245269
576_570,0.19678122062987083,0.2014898363320087,0.20452862780465916,0.17014215013088954
576_59,0.7940473603811009,0.85352413469324,0.8764577171974316,0.721874847896269
576_98,1.3919672141541024,1.3657080042223892,1.3455273442722164,1.2796938644651743
576_99,0.200239255897309,0.21391804540129306,0.21028118996420808,0.18182639444450152
577_104,0.2275911493801201,0.2143072691350849,0.21356409123032208,0.18422398061017642
577_108,0.28752464720750764,0.29232325834760153,0.2937813293223114,0.252950449877151
577_117,0.31250914859824613,0.3003178341278818,0.3012162962111572,0.27152983155544413
577_184,0.9605231930537654,0.9257161763591643,0.9748151049128823,0.7506165241736056
577_277,1.0782845684971454,0.8440902210319803,0.840317930522827,0.6405492055226135
577_295,0.27405679601181704,0.27382787626326854,0.2757539282505995,0.23031224801413222
577_354,0.07634306593800967,0.02964268886430605,0.011841528955873811,0.0
577_376,0.18828600517266555,0.17114572893001603,0.17988433317260646,0.14137745412901095
577_377,0.23494675947405907,0.22810590598459213,0.2486174667905331,0.18313177292087035
577_415,0.48176168124721536,0.47394288857432787,0.4591558866335087,0.36612252450138655
577_433,0.2349878195064008,0.21605767005745669,0.218437867192795,0.20454279437834608
577_453,0.21984351465710703,0.2186277774319034,0.20785715296970275,0.1801800830284891
577_470,1.345379342319489,1.5202952017187108,1.432499752701631,1.0243983817081792
577_513,0.39162282216689026,0.435661373759089,0.43925590933862085,0.3187162014094006
577_59,0.8919713142365979,0.8795619696863052,0.8986195976816743,0.8357033927897303
578_155,0.14317168018967805,0.1559171507897032,0.1497223819039407,0.12993616049266132
578_99,0.16637616345896172,0.1893031529388949,0.16861211909472995,0.14696312281378432
579_156,0.4805082161658908,0.4784615794656635,0.47496252274502976,0.3473435957028215
579_157,0.0632283197910174,0.06732854872449333,0.06367170302341381,0.05181531826488773
579_203,0.13589956440764467,0.1446521024761028,0.14682990183624958,0.13051150588617288
579_242,0.3204547469350868,0.3138416241828998,0.30567780111142895,0.27645007769998164
579_261,0.11519168383898713,0.11885020691612808,0.11712500511510791,0.10578838139152313
579_277,0.14765832638134732,0.13379772395513248,0.1374405096371501,0.12208014906233543
579_413,0.2025642832641385,0.2007097272075022,0.19476973529552877,0.17437456615148053
579_432,0.16446185139188707,0.16080203340598412,0.1569595337450268,0.15113119407338374
579_470,1.0873280894650568,1.2498418034126457,1.1059843508599638,0.839798870044279
579_510,0.20157713584925252,0.1966280525602775,0.2317914614739438,0.18353046148088073
579_548,0.09774428582287303,0.10608592558787365,0.09432188928388195,0.07559157422504684
57_104,0.18764263246814888,0.17852518523244698,0.17191698589181978,0.17080445610795772
57_132,0.17994818851341454,0.1772049923207792,0.17892509960951763,0.16784006738206134
57_154,0.31265803491383265,0.315638862078445,0.3062722210992934,0.28972670810578205
57_190,0.6744294720205972,0.6475771750058767,0.6454788381874682,0.525863843547518
57_192,0.3539633343302329,0.3253952092245595,0.3189757748998226,0.2963289667398935
57_277,0.5245174860735575,0.5303069100414475,0.5661719721145885,0.41636560875769857
57_376,0.12104423830698065,0.10010402084442578,0.11489431309870743,0.0744144260146009
57_379,0.29571567764338397,0.275732286416508,0.26326361289435635,0.18216654268688653
57_470,0.4028754522031665,0.4424330510861899,0.3619803803435872,0.25141556754389366
57_59,1.0571375627834927,0.8413664670467381,0.830525312165545,0.8223535057269701
57_99,0.13632949416693324,0.13902298755670314,0.13595132784744554,0.12167356198417886
580_244,0.09435290251673598,0.09991144990134167,0.09909737213166112,0.0854865722203546
580_261,0.13687787708445806,0.1369945862405048,0.1304359346299501,0.110573664921856
580_99,0.10035121583983961,0.10208310252941584,0.1123249562640695,0.09318027842256328
581_154,0.12262609600936043,0.10310039209334976,0.11455740411098168,0.09439906172534579
581_242,0.247289098951677,0.20459855880288721,0.223758810181582,0.17588395927142725
581_244,0.11126071566638059,0.1212775875102977,0.1158313633624471,0.09151404542449418
581_246,0.10926385417460817,0.10631054337863174,0.10764545955310531,0.08761415112000111
581_261,0.12193765754326363,0.135754617453541,0.12007027744989705,0.09611839500293534
581_432,0.13828917657833042,0.13244127017174842,0.13760066291774187,0.11004322900583957
581_99,0.08204254651885036,0.07660305892964255,0.0683414624136301,0.061493078080007764
582_102,0.5506103794070774,0.6006870311399183,0.6131952815027981,0.4722169749650608
582_104,0.1570625450800434,0.17269519821756196,0.14651551371736674,0.13379501312984945
582_132,0.2615510045540568,0.26124127190846785,0.2606400685051557,0.2550502073410935
582_192,0.2695374551760702,0.26555075716413074,0.2497759978810812,0.22333918251504578
582_23,0.3265388995156041,0.3003298553532808,0.3075670175904056,0.24276669723243202
582_415,0.5859851183493455,0.545627986376644,0.5177134254281037,0.42644527778828817
582_463,0.12874914468508455,0.11277554267882911,0.10447324643075101,0.06618087925505038
582_470,0.40991080829043675,0.4957131360245197,0.4802685714413308,0.2693556489306877
582_554,0.38131381358426664,0.35467485994619746,0.3536436527888952,0.3387724636949171
582_59,0.5783581077094344,0.5459431171410873,0.5253138463531986,0.4584302462312494
582_99,0.17192637152929444,0.1584399111903772,0.16282751606904997,0.14710072636001212
583_132,0.39286728207679883,0.4148235854239919,0.4324678004877673,0.3559014676176157
583_150,0.10529792056786981,0.1165043840394156,0.11592814935818309,0.07810906382593195
583_156,0.4570981045560627,0.49094317208658605,0.4799195715739648,0.3258930802740483
583_157,0.15746233636668297,0.15246946968216704,0.14891923956620026,0.13933904983563267
583_200,0.5888042742575504,0.6175999090001947,0.6200474833090962,0.3979610742191386
583_242,0.2618416448994694,0.2715660613209662,0.27321804580302383,0.23339339664775427
583_244,0.2886543106211234,0.28463430202696904,0.2568774438861201,0.22782047962081992
583_277,0.13718846761735967,0.13621323619568604,0.1462245800959915,0.1243720918182099
583_413,0.1832230255865573,0.17625560341235508,0.17059394979885412,0.13869226587751274
583_415,0.5091234382377331,0.46775953252234864,0.44786723740402107,0.38829935495460943
583_470,0.6432223778420688,0.7543224221681503,0.7326089842805412,0.46000167897158395
583_510,0.20304070235776533,0.19526944936094856,0.21231804560847412,0.16247302219680312
583_530,0.07816025782215842,0.09235380792658518,0.05285655908470161,0.02755674446489551
583_548,0.08988803933834438,0.0879606007637878,0.08547595813335436,0.06945124170132512
583_560,0.050852330278840514,0.06369112864877559,0.047792898247890174,0.02663783282593922
583_99,0.19193492736953263,0.18571128556714356,0.18373917211359783,0.15582572000756578
584_200,0.28845776061446143,0.28623375153758823,0.28653120182648034,0.2505614852738056
584_229,0.21068228378031933,0.22121939342265273,0.17915446064221527,0.17698155488756726
584_244,0.10948035901188047,0.11856529476978131,0.11281677133914357,0.08270571945036888
584_261,0.08243860263124712,0.08114273968581315,0.06720569045738978,0.06017790355013535
584_415,0.47767892658841327,0.5375036243824358,0.5035878217356842,0.35671890301031856
584_432,0.14828724474948118,0.14641741847376258,0.14236747274882788,0.13603605269728888
584_530,0.07619122190638057,0.09358318749023109,0.0720488216377449,0.043925126194297594
584_99,0.09572969393994687,0.09313469193183717,0.08703218751613843,0.08395841976032287
585_167,0.1660466756272731,0.1506549597750064,0.14718432099931628,0.11318131437726511
585_189,1.356458416999235,1.429627979000713,1.410507265909706,1.178988420924572
585_192,0.35607834525505916,0.30698924296040425,0.31826509240642986,0.2746374566366592
585_229,0.2271606086425862,0.24861981425265892,0.2201921524033542,0.18814757499576806
585_244,0.21659577003983482,0.22748107577316196,0.21882769985106554,0.15081701940708345
585_246,0.17604579402569456,0.1786367482619956,0.1741010680815659,0.14191697083596266
585_277,0.2740058772890702,0.2660723243415056,0.2869595367907888,0.21596424931265393
585_352,0.4576276268272131,0.493700374925915,0.47553796553178856,0.419199425929509
585_415,0.373905187247653,0.37314701991361643,0.3526421050605911,0.2728150234972041
585_433,0.16610373382566523,0.1670908506174967,0.17178521992524445,0.15024657952187206
585_449,0.29603399419744664,0.2893801850490411,0.3197832384507672,0.21670819072232964
585_470,0.5238384421126511,0.5082434962408143,0.5177285892548624,0.46011294889653304
585_506,0.15083457460960087,0.1451975964196746,0.14237962788114167,0.13261167401353166
585_510,0.19961271055739183,0.23094244003197456,0.2277521661037895,0.15749074266188925
585_530,0.09506464054363813,0.10735108828400906,0.10713726597509346,0.08135936652774646
585_542,0.3192097156519502,0.2836040751639097,0.2855905341903838,0.2515050174208995
585_79,0.07853605670571072,0.07013006390039572,0.0575418599230993,0.038787094262674834
585_90,0.2257546655223092,0.22501082159922564,0.21291619030387762,0.18769739798220536
585_99,0.12167109962478873,0.12056283704861043,0.10482331582622983,0.10061109313575144
586_229,0.24651167460517856,0.2793377128759331,0.2526344917181384,0.20019229836287747
586_277,0.16478500339982624,0.16704477653545302,0.17865740429522856,0.15377881441110441
586_300,0.3116159041328628,0.29164555743499304,0.29409917089973664,0.2813578960035731
586_415,0.4659226219071194,0.4998076554970264,0.4449802101675876,0.3991166838177183
586_432,0.1652536979238157,0.16248717346208238,0.16377526385674532,0.14942546986199567
586_506,0.08229961492610843,0.08983383858408299,0.09457571372692815,0.0726282958960736
586_530,0.07510574074611658,0.07890448642352671,0.05657804333926938,0.04039418672336871
586_542,0.19955377573675187,0.17378926242418802,0.19053229018231038,0.14433523194069897
587_102,0.7948556401740485,0.8217343440696179,0.7870531737980327,0.6926028202184803
587_108,0.330240573619989,0.366427759121151,0.37009661388679926,0.2792135746481729
587_132,0.33998720184505304,0.33564538358646456,0.3429442447282774,0.31132227310153177
587_184,0.4363713812269705,0.4614809390555792,0.5282169076672832,0.3323607172025505
587_189,0.6829188881377525,0.7074769241699808,0.6334889425580384,0.5111204555489353
587_192,0.29022555823058155,0.28100222420140447,0.28264214424795475,0.2444611487122033
587_244,0.23102718945559164,0.2133463476373465,0.20757871941075406,0.19720577344032758
587_295,0.2213854326251857,0.2039617227695795,0.2150717738558258,0.16773993393452818
587_377,0.2842268050581605,0.29704366596927784,0.3277210461367499,0.2002904894000439
587_415,0.6434888768590695,0.6101477974286522,0.5821203760335603,0.4736897672506084
587_433,0.1191810052215285,0.11681769605582233,0.11367760501989663,0.10345645864708929
587_463,0.15393683081553697,0.13709000487929404,0.13021034814966473,0.08938337606243789
587_470,0.8232178508877985,0.9519654958428563,1.0276678833713604,0.632888483402195
587_506,0.21541412039847813,0.2161344973482821,0.22609740394709832,0.18165508802224167
587_513,0.32436933429995757,0.3251130402256243,0.3489375567831739,0.3018746690968121
587_59,0.563727451782336,0.5377195167178439,0.5146778108017184,0.4977959295227883
587_99,0.12507515659251645,0.1265351905617143,0.11958184334735275,0.10709361275161085
588_135,0.580142510653581,0.6570390877999697,0.6922420874805769,0.4401687793250255
588_229,0.3043443802786783,0.292939848200708,0.28426828046400693,0.24822081248044287
588_99,0.11465879485620271,0.11859872295628494,0.11572774449401166,0.10417603531603772
58_116,0.5384979462005943,0.49739083226966624,0.578762979358271,0.46441413049659147
58_257,1.0205492376218472,1.1082552465100028,0.9853149100241819,0.9306500077681089
58_268,0.32220025092836047,0.3003402386293362,0.318446093429327,0.28377396000352356
58_319,0.06879034995671117,0.06826089407960689,0.06375387268406545,0.05479579034031475
58_366,0.19570867349371934,0.20014199305062122,0.1936883213354888,0.15382889025922705
58_416,0.29829613889186835,0.29181309529230043,0.29950802780378794,0.2707999130360906
58_516,0.10636956528432893,0.10306188904659483,0.0955748055468237,0.08010765824866456
58_575,0.5274326616780908,0.5440395596392891,0.5332904874096713,0.5041622168337576
590_10,3.0712291004827685,3.501142144564438,3.677583239338361,2.2270718335133264
590_155,0.10287747783317962,0.10662355575331778,0.1008019006004395,0.09145019475621885
590_156,0.3608418846413306,0.3538535876778101,0.3487867587111598,0.299911932503378
590_204,0.11418988380400255,0.11581828825433374,0.1211016213892469,0.10220857406063795
590_246,0.22500255870650157,0.21834160738665698,0.21599486328077402,0.19112744513524504
590_315,0.18849016416325146,0.19956045229704697,0.22509861899408984,0.15903292780995035
590_432,0.12703097981818254,0.12086221697369542,0.12044340294749722,0.10870923741882496
590_458,0.25448875834601,0.2489723206597549,0.24943555414616972,0.24118396252878999
590_501,0.44718039533009,0.4676015965153484,0.41473236015194276,0.38430801304738743
590_503,0.7534605834544741,0.8217910840074902,0.7566541827740073,0.5627640932214437
590_506,0.2067743203098679,0.21170209380507565,0.20253227607330052,0.19271241222220759
590_530,0.07155283650282142,0.08508094496456559,0.08824909882981095,0.05644693904208894
591_261,0.08122330746011014,0.08280744565145974,0.07113483824527407,0.053394582643008746
592_261,0.12088264683566347,0.12967919130039596,0.12319209994420707,0.10475015518645742
592_415,0.3838777675176384,0.4615167169302798,0.41525586091666045,0.28542411720156596
593_132,0.19631772052908575,0.20005550594091792,0.20557999826628437,0.1762565839920914
593_133,0.25165593113375906,0.2157663928713592,0.2051466752891965,0.18401146479021277
593_154,0.16258004886223962,0.16609360654116767,0.16105172997404293,0.14419751197424951
593_229,0.3015946397102178,0.2728322805298317,0.2602804716778955,0.2583017184713623
593_246,0.14841735073577694,0.14320136452230617,0.1387779116319131,0.13794826308525365
593_277,0.33026640319354184,0.29689174092917864,0.2872877432265262,0.24889781642918363
593_300,0.20483908060221526,0.21502459883408653,0.20519464816667757,0.18234611268490075
593_415,0.38392150788165086,0.4138074972563336,0.3937949887698552,0.3050271047531871
593_458,0.09077070312194957,0.08958842273344231,0.08553063930808305,0.08107523295570619
593_506,0.1588597473998204,0.17348428166559368,0.1758075731213352,0.12499389359475252
593_542,0.3594260793370433,0.3495710168639235,0.341950472524469,0.2799322518442644
593_99,0.08316472705613892,0.08121230088396116,0.07946744386362051,0.07393830853817306
594_154,0.164171908656015,0.1727173532167411,0.16580460371964503,0.1504230567912973
594_244,0.10354738528192049,0.10533787932497758,0.10858979981317506,0.09378784015837198
594_300,0.1796960632973984,0.1707963856631984,0.17111253939934504,0.1638594747895702
594_432,0.15214999636400509,0.14837602064109306,0.1516347527314553,0.13273280660225759
594_503,0.4150070219924433,0.4642385273003567,0.5324761420449271,0.29974084722535743
594_99,0.12134460373938194,0.1346384829271922,0.11632605738091849,0.09647491659583868
595_154,0.22802155839677013,0.21918121415033784,0.2165850556462747,0.2098700787188204
595_244,0.14685920879485911,0.1493051096433065,0.15342275844572356,0.12178710177390403
595_300,0.257625245214133,0.2608397735913667,0.2529893747855676,0.23924008339171207
595_503,0.5167514672415867,0.4733127800079362,0.5145329064067853,0.38232000687899936
595_530,0.07577808321961693,0.0758256594442824,0.06296115726523138,0.048283314761771695
596_246,0.18656622759594801,0.17558743527915457,0.1688198294664099,0.1616051420819197
596_432,0.20261178906221408,0.1998787845900239,0.18827283411159207,0.17525485353441367
597_102,0.5882021055407883,0.6378729644766677,0.6884044486716298,0.43922323433816973
597_104,0.14627039685509421,0.14112212909788957,0.137482882301931,0.13485122554240073
597_108,0.227743387270239,0.24651691978765936,0.24054191313464146,0.1991069115081678
597_132,0.33857487019815585,0.3366385937227727,0.33576820664048596,0.30339620216266183
597_154,0.2471527604075896,0.2870457734014582,0.2551805560053317,0.22157625290829316
597_167,0.1831736925104757,0.16037481050037905,0.17137475380576514,0.15257237622794012
597_190,0.45133638889304184,0.45456029975577117,0.4334025074533898,0.3962492898370099
597_200,0.4374551186352173,0.4945691956040721,0.48254861803102134,0.38283888594753246
597_204,0.12525143448255202,0.12438829641234866,0.12649098407991907,0.11220099770501078
597_208,0.16975866318321692,0.18381949547048454,0.2048346893904713,0.14298867836501933
597_277,0.5135674057767825,0.5129896549281319,0.5061597886597181,0.462901216994489
597_300,0.250439838178109,0.24562760119683436,0.25257127106130955,0.23462150639397444
597_313,0.15604235758766735,0.1491326848887201,0.15664231651852678,0.13752157398966522
597_376,0.10274632758918241,0.07911901566327667,0.08545092298143468,0.06727479084255293
597_377,0.21469848974137193,0.20490358861022456,0.21888592974572088,0.15614805213617372
597_379,0.300527538258783,0.3067233191534796,0.2919714145597888,0.2425929395237073
597_415,0.39689504340188797,0.36765464272923015,0.367989232937093,0.2520151922401468
597_470,0.42513758008422314,0.5280105162055352,0.47807337698443636,0.30790519747709055
597_488,0.14457165328980048,0.14407974337921908,0.16345831056434332,0.13847783184222787
597_530,0.095497080109206,0.09406641158829028,0.09495440623502747,0.07575937503998004
597_554,0.2993160729282286,0.28640409239482933,0.2928962877250427,0.25966148308289333
597_59,0.43646996573894997,0.40564500746268345,0.4051716386123055,0.3617981836245552
597_99,0.13945638089862838,0.13994184322592718,0.13906303415174012,0.12342287319877837
598_132,0.2664495577637688,0.2651543528252564,0.25968173710891773,0.23757436888901934
598_192,0.2765357623111789,0.2829183935493628,0.2855893786075107,0.2287793970556496
598_59,0.6465526187388735,0.6434309094781201,0.6447679531036734,0.6164685601497504
599_156,0.22784514629935287,0.228301659342072,0.22187120170874305,0.20559509781216445
599_242,0.25584286626924646,0.2430527248740551,0.23407742719085275,0.20813584137457516
599_261,0.07138511909518841,0.07137339366216384,0.06687319720279929,0.05465629851138411
599_470,0.6459546669411746,0.6657369029019069,0.6293445927474624,0.4644594932196152
59_102,0.8008047827674356,0.889200450502286,0.8466991869103071,0.733902392036377
59_132,0.30510814200021474,0.3253951879484926,0.3176013310182916,0.2705003559345649
59_274,1.7359380676443155,1.8889368352375844,1.8974713556445613,1.4609252739714544
59_277,0.575347949706622,0.5481668071198815,0.511374800611609,0.4333256329678134
59_300,0.4124110876880499,0.37864041395427234,0.3809444918808971,0.3624290291945537
59_470,0.5217928701427579,0.5780013253023684,0.5801956733407195,0.45907968921667536
59_59,0.3454613393357331,0.3026515038606178,0.2915520351448236,0.25774055586505695
59_99,0.13556170856482214,0.13505465108917955,0.13200458603785695,0.11990571282453644
5_104,0.2761052330612158,0.2619522419355095,0.25947371794453933,0.22219814773815336
5_155,0.18801108131827315,0.19833715936608148,0.2036810407208775,0.18289043379505387
5_187,0.31516430083087665,0.27812888495367677,0.29202091729465973,0.25193545300630976
5_200,0.9028273362311889,0.9896910425243873,0.9996270927605724,0.8236317535371295
5_273,0.1557079735310718,0.15864167821320924,0.15358583753664778,0.134113397263178
5_315,0.6035302442248955,0.7575799541579101,0.6896248945780846,0.5144162036025636
5_415,0.9079764097905004,1.0392777249826173,0.9856253650261438,0.7632301772616865
5_458,0.24369295173725009,0.2420418366329135,0.23941833685859656,0.2112434875083273
5_470,0.4180757844896609,0.4206771917773325,0.4160949037490258,0.3087304847737215
5_506,0.22078378365819476,0.20651354646734457,0.21903465343418882,0.18498349110609247
5_530,0.10256482563499747,0.11048635414750094,0.09953080995456538,0.091999000144778
5_99,0.3382021482950228,0.34452719497976114,0.3482437053354703,0.3268746817029819
600_247,0.19425064788797672,0.19335740640317806,0.20922022775815494,0.1764286165436092
600_277,0.7081800910373165,0.6089108683472965,0.5564645420334235,0.5367290297263734
600_415,0.6198016018668556,0.643118774954538,0.6456854358285572,0.43398830831325735
600_59,0.4588235238267088,0.4772542797716769,0.5014183802690524,0.4021163124256422
601_10,8.01746436686449,6.347395318920333,10.659468519765898,5.449508181147802
601_102,0.7998336960871897,0.8658734527098249,0.818318254982475,0.6686905677834978
601_104,0.2606656226834241,0.26695798662875697,0.2614478152421939,0.22064382543638655
601_132,0.18939083483660205,0.18521357773981031,0.18334576339343267,0.16549959188793606
601_167,0.1482816483502282,0.12749517170789573,0.10896897999372199,0.10666418409881413
601_189,1.5819414206544404,1.9559407673564857,2.2146580676790046,1.1083323724344727
601_192,0.11915911002759477,0.12803024862524578,0.12085515505788595,0.10893102545971738
601_244,0.3628433212506959,0.39921840399294406,0.35378831463188887,0.28732749553230436
601_266,0.11283350557688565,0.10535419519017984,0.1101235802435378,0.08700852752389422
601_277,0.5265269528304479,0.5235461219227329,0.477619563758407,0.41290410381692644
601_415,1.0765017970805677,1.2176746902610076,1.1954854428097956,0.7567715580425483
601_453,0.15688781589726172,0.14486614412602317,0.152825466610284,0.12430218429452984
601_470,0.5257263940700558,0.5272149984865391,0.6463518038259435,0.4524075485099105
601_512,0.16745588039005857,0.1830421789082558,0.1909697380743157,0.12005387174331165
601_564,0.11025513425881515,0.1238221240065504,0.10466482310116734,0.08239264617231015
601_59,0.7320463082935892,0.7106213592454603,0.7313006982625859,0.65613134335361
602_229,0.2373383670622653,0.24321903320827973,0.2185866991036294,0.19677396552789256
602_244,0.18072273146959028,0.18526675389794806,0.19125988622568643,0.1326218698239171
602_246,0.14128158514068007,0.14470278717650273,0.14032941206612984,0.13273870507814806
602_261,0.06873512648169317,0.07103071157922945,0.07034355412281239,0.05455418239229137
602_432,0.09780682965879295,0.09703157761948349,0.1002421487098627,0.08914659524453243
602_506,0.15373391200898248,0.16677694154577363,0.1700015473550875,0.14680481206321938
602_530,0.09251241710107186,0.09695574457681852,0.07709706267471747,0.059907679474691715
602_536,0.29775409831675037,0.28404345057221697,0.24182698341474515,0.23210620438537477
603_102,0.5730193826827825,0.5727013639051917,0.5711980506609784,0.520489800780659
603_132,0.2885695145115119,0.2942978671768742,0.3176044164223883,0.2670606310129292
603_277,0.6201872080631838,0.5472156808859456,0.5194233493055853,0.48254727370972156
603_413,0.19616075031503985,0.19434533255736536,0.19765555971704363,0.15982225053577218
603_506,0.17709919047974598,0.16225747059118645,0.16100649964717303,0.14604978986007494
603_513,0.21302980768710125,0.21724375416779076,0.21611226261100688,0.18776058662973893
603_59,0.8138125589565053,0.8038059649055692,0.8162201040227614,0.7158238558336391
605_103,0.2979319794887993,0.2843021118603477,0.2738950858002554,0.2594769593597178
605_116,0.26608936907299136,0.28353819544545317,0.2953570505015745,0.2414783337421438
605_299,0.13174774115080104,0.13408576941186584,0.11726150395380526,0.10642757434660954
606_103,0.9449499527220458,0.9173692653214515,0.9496936639008404,0.7995260018979405
606_257,1.3778325696641514,1.4046285964802694,1.3853779858811315,0.7458296975728373
606_268,0.42517111591295664,0.4081222790438922,0.39801533370218933,0.3463449596645622
606_299,0.16809447503600086,0.16026072028434282,0.16539617929922099,0.13460155551499106
606_394,0.2878128488013165,0.28015949727989464,0.2826763777787327,0.2700821845513997
606_416,0.34433868792909483,0.3168377542029472,0.3164040987494775,0.2992580019640664
606_575,0.35370629423667416,0.3367540590831328,0.3407878853296077,0.31324843909110267
607_102,0.728465140475993,0.7776329103782272,0.7562855595827308,0.6171893243991821
607_132,0.21704830022625968,0.20586184348800143,0.2050477314711887,0.19157222618238143
607_154,0.18050309387279292,0.19030781807251518,0.19464413894510912,0.17007195781349033
607_184,0.6385531413984166,0.6710217462413932,0.7082143105717607,0.48129900054971775
607_190,0.4770461836636757,0.45913785470753077,0.4676956739906957,0.3878213454337569
607_277,0.6411870972647677,0.618833757304766,0.5945887126902142,0.5462641263333416
607_377,0.19944093392819667,0.20235979921208058,0.2214063934728668,0.1377188100291951
607_379,0.32959372382906166,0.2767785696260222,0.2597852214532924,0.21053459770480895
607_415,0.44917260923538493,0.4306655182287838,0.4217802642732326,0.3340685960909613
607_433,0.14974484107151154,0.14262655596340165,0.14460135540908706,0.13645883511189752
607_463,0.11535263685238978,0.09715981029469839,0.07400163159120438,0.05262449144788312
607_470,0.6297083944580089,0.7801007568401136,0.6779671955213975,0.387913373912051
607_59,0.574627363576449,0.5271065504457246,0.5162530431107338,0.4980037029140258
607_99,0.11866694911787196,0.1176346548930657,0.1148831494760879,0.10487064467268813
608_116,0.18664695205867704,0.1857109668089617,0.1900096522409971,0.1642406301384365
609_299,0.15747340836078053,0.163059810749481,0.16875070885763643,0.1466004293040568
60_1,0.5448147073493643,0.5237601768878888,0.4765087498668281,0.4670522419287456
60_415,0.8039157050882809,0.665947409565772,0.6249856981086093,0.49584711321736485
60_470,0.45133539666775924,0.4866870266165525,0.5181159789746738,0.3896034331248694
610_103,0.3148922461734866,0.28230126906862874,0.27041566731738864,0.25887480914409916
610_257,0.26493488481660976,0.2648396260926644,0.26978195141424466,0.24206433470982677
610_299,0.15762973397516056,0.15684720275861577,0.15465712764626166,0.1380865205515745
610_416,0.3833938179517994,0.3324477558134957,0.33042954104528305,0.3195317426859451
612_405,0.26920329809200705,0.26830427348166946,0.246728767397546,0.23897788818015708
613_104,0.1950177929640114,0.22228822856622124,0.20417066201215375,0.16128253198928866
613_108,0.7681840310385025,0.7040983105058424,0.6881992604516665,0.6617055899961884
613_184,0.8710008512899563,0.7874338505536599,0.8607143760896332,0.6565304798765271
613_19,0.24607914931273792,0.20700599962003322,0.22865040536406422,0.18541927264964717
613_190,1.126210896217308,1.0206584567719923,1.0333492128802437,0.9617704057687061
613_242,0.15403964452559524,0.1473478008413195,0.13777339847026146,0.12242906560712645
613_266,0.13174372312150523,0.11469943732790228,0.1056903795576223,0.10159390954854079
613_275,0.11089532601918586,0.12202817628301268,0.11898388819255465,0.09508042564518708
613_303,0.37219648619748,0.4039166075727309,0.37751882995473185,0.33613493644105297
613_376,0.14679290712595858,0.14157642549755883,0.1525512921051376,0.10047218930672785
613_377,0.21977827975425107,0.19859672711358647,0.21522665915922273,0.1684451517421334
613_415,2.7218126272428935,2.3890381441328423,2.6821957919265436,1.672377366922297
613_433,0.13877430293012885,0.13404076742993384,0.13415563713609654,0.12478333725530964
613_453,0.1489209479027735,0.16205282488078038,0.16961928209816643,0.12577288377579568
613_463,0.13883629498515698,0.12552092264851253,0.12149261484226809,0.06256759547290613
613_470,1.088614645203474,1.13908381451719,1.035550765651526,0.7730958758107394
615_108,0.35527797419620616,0.3731499891357393,0.3695815549448834,0.32322508532595245
615_132,0.23476008591757827,0.2245919351299975,0.22351879476055211,0.203937859843069
615_148,0.18344594302717887,0.22464632086850875,0.21472826348170515,0.1527481718959723
615_167,0.16666949740629525,0.1511622328393012,0.135129123373809,0.1282721274200071
615_184,0.3520959164205093,0.42218119727649495,0.4262899930846342,0.32194196021944305
615_376,0.10985917491205971,0.0863788969867723,0.08851439665418924,0.05802539015839788
615_377,0.12189465100241446,0.1204094600671477,0.10520662475946825,0.04808880359704733
615_415,0.5511757602464418,0.5924762692056984,0.6464948693878718,0.3949702276252874
615_470,0.6447498713726114,0.7048770616774837,0.724509322032622,0.4504938626173215
615_513,0.20553553703392521,0.21555167040318265,0.20316393842013641,0.1902178630426668
615_59,0.634620973246644,0.6715322505639824,0.7171805068774842,0.5940505173901439
616_102,0.9888449323240105,1.165431871226573,1.0549365435831293,0.8323720039752848
616_104,0.23637537004854375,0.2211569826729183,0.22256148068543324,0.21031420515234087
616_108,0.3209841479722029,0.3241178247317025,0.3833916548345275,0.25161154591895746
616_132,0.2360665537992443,0.2577393570977409,0.2541363746775455,0.2121809608296508
616_148,0.29471020871384535,0.2786352531329744,0.26772200575305244,0.23276832198938774
616_167,0.13633699866306667,0.11328513996983139,0.09426431459821183,0.0862483148650894
616_19,0.20318437260265243,0.18885209739397413,0.1889251688450041,0.11487924357207542
616_200,0.44412096758897446,0.5682542131141418,0.493029272690346,0.3670905295365006
616_218,0.622121477215311,0.5706914247912166,0.5972118769747824,0.553089136100533
616_295,0.20842425710039725,0.2050098745278347,0.21611752786708072,0.1721819028631312
616_300,0.23935776014078147,0.23544415703256305,0.2457252895649923,0.2194952230015294
616_415,0.40274387741299966,0.4101269888450242,0.38938995459702447,0.288265339113442
616_463,0.1306007750115363,0.10929932707548716,0.09368363665262461,0.07740220933587129
616_470,1.194891487390103,1.1753069319210052,1.3104781533780374,0.9139963020727779
616_513,0.3966754864867117,0.4220340367939045,0.42096281999212576,0.375989536976739
616_59,0.7048579557661586,0.7175853021246849,0.6881043603616064,0.546562596064075
616_62,0.20916948251771791,0.20654983110032596,0.19680693676420505,0.15165068794900688
616_99,0.11050875811690604,0.11739908210169908,0.11627420258568291,0.09962635869111824
617_104,0.19559312613695556,0.18434861445334558,0.1812908061399289,0.17314466540252718
617_132,0.3181578255991091,0.31964984069452473,0.3153670686788855,0.2889669145278726
617_266,0.12714307501162586,0.11621729483641409,0.11898128353687171,0.07874003456283163
617_415,1.0509645706040227,1.1211550900339189,1.16816179062185,0.6500083048816634
617_453,0.20912579026358297,0.2081864744354556,0.18606314580885694,0.15896362030549946
617_503,0.6329960444999317,0.6606692122085132,0.6492012963723751,0.5856189295927882
617_506,0.17383511255569295,0.16221180578046676,0.1627861731051858,0.15772179906330258
618_261,0.18952037085486437,0.20550414802236078,0.20560453591934083,0.16239073343570512
619_108,0.4310707832851252,0.46043027457801156,0.39413769345542504,0.33908123296302145
619_132,0.4618828284971363,0.44531671990805055,0.44176897448215846,0.3805484453050735
619_184,0.5455095695032136,0.5126443003400236,0.5790697223825226,0.4567798741600319
619_192,0.6035912078697877,0.5791582642769578,0.5811126318551204,0.5633842324487902
619_200,1.4651678103064867,1.9692073498767537,1.5177204727561424,1.3186224311535772
619_244,0.29104924924814385,0.2972662987010107,0.2913658414937006,0.2644166404188872
619_274,3.914631828978147,4.219868973962797,4.217201642315658,3.0338423499881944
619_277,0.9226704553225615,0.8255059750139508,0.8477415598934811,0.6588360438006122
619_295,0.21884486072608988,0.21427443209210295,0.2049070468601313,0.15829324502378472
619_377,0.169272364294638,0.13332028434171828,0.12787608231488726,0.09812889715933776
619_415,1.0140767922441325,1.3683844150110165,1.2813629890899252,0.7493921613659748
619_470,0.9287884454970174,1.0894067823830296,0.8399704679490856,0.5678709847744784
619_506,0.2630333083260628,0.24197752264042643,0.2502337415249151,0.22436427642637768
619_59,1.1900614712034994,1.0921914665240657,1.1568558036717311,1.040553223478258
619_99,1.101413689856124,0.9603513344127713,1.1137728652064327,0.6938356973446953
61_10,6.528297190572399,4.0558898045732175,8.679297452141235,3.9435665664419326
61_132,0.251324022410569,0.2611784630850326,0.25770213374448814,0.21358394967913505
61_154,0.20320290533891633,0.19760696433775055,0.21264130635236464,0.1538075250436729
61_167,0.12944569780608323,0.09822573375518064,0.09056281853019069,0.08552423467606526
61_184,0.7335164884653547,0.6147330055430258,0.8533670158173114,0.5344966906113474
61_243,0.27553665739298616,0.20979955812389012,0.20650776423973102,0.1911732348485887
61_244,0.16526746449187282,0.18515894070672717,0.1774730217806471,0.14768669983345661
61_245,0.09336718450976725,0.10160629996719539,0.10713482428119857,0.08898467411140526
61_277,0.6122419833636956,0.5390670688729983,0.5503509398464856,0.47156338507156803
61_415,0.43474970172756283,0.46440555051600474,0.44992100058628154,0.32934921964279507
61_470,0.9805933123653544,1.0732949683826614,1.1487594061606883,0.7862442974462227
61_501,0.1582056484270873,0.11634943555327265,0.13227844723367235,0.09393480038064547
61_549,1.137792481437328,1.0129672816126971,1.0073196508456959,0.9486348537212874
61_59,1.1928221982520906,1.2036291350042212,1.2548924244366277,1.0589987404464294
620_156,0.28325496653596083,0.2885128327280373,0.2946501695996156,0.2520346305678103
620_200,0.49861686655741444,0.5123424120942716,0.5236163885031863,0.4350634606640753
620_229,0.21117755297962296,0.21714032001099973,0.20845637500063605,0.19612550454563427
620_242,0.23729407452480647,0.22128791762030786,0.2183934079648509,0.2050043595519618
620_244,0.15539304695732492,0.1737736034340528,0.17186447128540236,0.11494734250725686
620_261,0.09033707484140106,0.09340662501335217,0.08785230554099231,0.08128918466224394
620_413,0.1697148639650052,0.17940389972045817,0.16720570437961702,0.148425153885977
620_432,0.12712473263920462,0.12450146005963186,0.12750029959198705,0.1152833067626741
620_99,0.30054097008910036,0.29034116404905225,0.2761720303113013,0.2616420078101831
621_135,0.6814247014246958,0.69158833937856,0.7486362810061498,0.6070296257403018
621_155,0.21682263744357272,0.20938138050895402,0.22562080670594925,0.18250609427209447
621_244,0.1450214694621732,0.1522903407601801,0.1530197079627148,0.13496393573576437
621_261,0.10589723731804658,0.1198115125680543,0.12531397734959662,0.08517393107589077
621_432,0.16151848995533882,0.16879716533345268,0.17082475100305147,0.14832814511473116
621_530,0.06359104716279802,0.06711934610793624,0.042623192566599945,0.024599763673593393
622_192,0.17003618264034842,0.16680119211717695,0.16289916396131424,0.127782588217183
622_244,0.14593234794056878,0.14778802680215103,0.14600936955869687,0.12473744402776649
622_339,0.11471882007735593,0.1354909903469482,0.1313419109100733,0.09828978330170299
622_379,0.20962147676408205,0.2138089670876983,0.18387977092123417,0.13809727230233276
622_415,1.5491261042322417,1.9162440306642499,1.642760519465013,1.284636103394441
622_449,0.3517204255683033,0.36665117076643255,0.3627520386914094,0.25308140895638115
622_506,0.14238453478362936,0.1400007331680343,0.15160186683782423,0.1275400313804331
622_530,0.10215083902451697,0.10208512335158144,0.09157576357080993,0.08725600324661847
622_542,0.38584065627916453,0.3441418226044666,0.3659100091757434,0.30395518947043776
622_99,2.2020501574731903,2.1115178146768354,2.1031772337017345,1.9539991390754723
623_155,0.2571705696226573,0.2697549096049009,0.29587894648345975,0.22619799692559747
623_261,0.2565577137770054,0.27771677004133555,0.27244591586899314,0.20575997157408962
623_470,0.9346615393189749,0.8756922882226194,0.9920176949615311,0.7636747669051146
623_99,1.2529264236382023,1.030315239618403,1.0834759734207315,0.9222430986399637
624_181,0.21263963288731624,0.2113541606045676,0.20351478462039208,0.2000678197332289
624_238,0.5794184938350844,0.5556592518695965,0.5540442360439983,0.47998250775889567
625_156,0.4242460302556608,0.38293997345049546,0.3846528106645894,0.3316350632028454
625_157,0.06338958585608725,0.07369748158524392,0.0702542236924733,0.045457679110759666
625_200,0.3549894161288558,0.36002629242743917,0.3704833007639205,0.3117713967089516
625_229,0.15660273645591857,0.1541154850109349,0.14753233002602137,0.13072560794320326
625_261,0.0916601741195781,0.08826758316635686,0.07977876593797321,0.057465175645703574
625_413,0.15529490507035226,0.13675044384988644,0.1400359069835234,0.11654319198940473
625_99,0.13341319780889324,0.13666053539640155,0.13162510760754909,0.1169933635452485
626_132,0.22299617799043114,0.2385129136411418,0.22172040635614879,0.1919036232221597
626_154,0.5177479857119908,0.5633783468181188,0.5561577521362537,0.41586697518571625
626_155,0.4178896460716023,0.43125939118003487,0.4286173744141101,0.3793812541830142
626_242,0.3767363968154471,0.4091523279301409,0.39293421302530934,0.31485831959237176
626_244,0.23949436796959678,0.2390269653468549,0.2655481235991736,0.21448385091967176
626_261,0.3258881195928481,0.3302887019654352,0.3330075250290237,0.28693631727032076
626_270,0.12779055516363969,0.13199504866702197,0.13381110752427341,0.1214043133648436
626_470,0.8581930220962489,0.858067583235555,0.8917160594569675,0.6707775830079432
627_154,0.8292007823113211,0.9011355549986028,0.8222383509633278,0.6115830816449764
627_155,0.28552496773402763,0.29400913139118445,0.29337532135779304,0.27157349066559305
627_229,0.3767690877390476,0.4725080758779632,0.4982086740790861,0.3036119233605319
627_246,0.25630988028788526,0.2918226122187249,0.2990000759718324,0.23348272934297024
627_261,0.23322097544690332,0.24458079316054024,0.2726299583277885,0.18782554463217796
627_277,0.2122214214235535,0.24812974310521746,0.23789047903411856,0.18258033363687667
627_300,0.31956853869807644,0.3291513906472678,0.30786784533497946,0.28107873322177057
627_357,0.14041076224270257,0.1543756270201911,0.14465629134799105,0.11311624770058687
627_415,1.246441044585685,1.4496113680986715,1.3530731930143525,0.9539925478014505
627_449,0.16804823780213315,0.13865367697070408,0.14307289363353426,0.10673265112082364
627_470,0.5534700828980235,0.6280484156537358,0.6081236312710069,0.4064372782121277
627_506,0.13527732722565744,0.1331568564672536,0.13408087172159244,0.11986054219470277
627_530,0.08373153650300429,0.0941146431285482,0.08394227919169515,0.07021333633775426
627_542,0.2313225663559814,0.21166554669696863,0.21991206737194985,0.18081839662696053
627_560,0.07113941194517993,0.07657359892021294,0.0732000345506492,0.06381810947885448
627_99,1.805275883936893,1.6724900135882768,1.7300535988055774,1.4820240928324746
628_154,0.1427461914246167,0.14755330426822705,0.13922604929293095,0.12751667132662192
628_156,0.24009569745468212,0.24820916043479402,0.24100991340605823,0.21502261791643032
628_261,0.08812998226687821,0.07532617323203615,0.07284160904987716,0.059847165967571635
628_99,0.09312113265965942,0.08505074448648847,0.08329761495249231,0.07960753418970869
629_154,0.2538020308579013,0.2715693506946215,0.26369046427620413,0.23149371873349622
629_156,0.11564854626888797,0.11616698480962134,0.10851060132945618,0.10592347500180728
629_246,0.2243802913211569,0.18368125927586068,0.171934504850841,0.16613314635513776
629_458,1.4490708421048053,1.3993869136795987,1.3699739244762459,1.2856203331791416
629_470,0.19580273351015373,0.17207350675209146,0.16838370416462045,0.1498610459214386
629_503,0.5178145537959197,0.55682092227045,0.5730398760731534,0.43680607749535
629_530,0.06317745209207477,0.06774480561638944,0.056475007516681365,0.03564332559109059
62_108,0.24583571730978443,0.21757454170982157,0.20780356893876334,0.18775884094537665
62_132,0.32549092232332827,0.32830742953243797,0.3229398718290571,0.29460900859925493
62_156,0.21766752164870645,0.2049074435179257,0.19151508272266504,0.18389141216363475
62_167,0.15046255522555504,0.13606395805088664,0.1237331845756059,0.11623808084277369
62_184,0.3887262378605199,0.37989561412936446,0.4591501638745023,0.28814495462448364
62_415,0.3468365251357104,0.3604166027324206,0.35708102398993236,0.271781442190873
62_433,0.2070464185134519,0.20478998777265633,0.20584860286628837,0.18165997726022173
62_470,0.6776717096219362,0.7618100234289035,0.7843675320180853,0.581527785858551
630_155,0.3091093741906683,0.3337545215168441,0.3022536247660333,0.2678072097832465
630_156,0.3748355984154866,0.41714618708160806,0.42699168130725673,0.30378995898284616
630_242,0.18772812601192979,0.21078095348989123,0.19474098212320085,0.14965949891628305
630_261,0.2221548453338541,0.21299467410588988,0.20668339642806868,0.19196590409315295
630_458,1.4398320091147663,1.4050109969848046,1.3645277004949428,1.1781067987064449
630_99,1.942246924409995,2.0543491085015546,1.9002611435991819,1.5599708354231765
631_154,0.3425286962257025,0.3417724981169074,0.35236482027945054,0.31363636190204053
631_155,0.32139107938043004,0.30867826280477345,0.30931667247005334,0.272312855367263
631_156,0.7183569094692113,0.7099569346154655,0.7146955974244839,0.5863477130405772
631_200,0.31012120635727425,0.37964390973464224,0.3409399143592,0.19755498586360473
631_244,0.07702338220689478,0.07458770207774852,0.07407259976693498,0.06895797478828278
631_246,0.3170678190221088,0.31998554695236064,0.32298047331999463,0.29345681979620813
631_277,0.11220716210382127,0.1402396166579447,0.11750765846604609,0.08614543612694085
631_315,0.1385126566418575,0.1523254709502141,0.14734832559739536,0.09233685511012475
631_458,0.5808107914393981,0.624216640913501,0.6149360271890975,0.5219427523603992
631_530,0.06064890441238459,0.05939904016541981,0.05404540479814869,0.040488741702537384
631_534,0.15174971023519515,0.17473504476068993,0.16704349543109076,0.1347488962420332
631_99,0.7039295585518939,0.7006388845768217,0.7215477232565198,0.6416588418377853
632_102,0.7485732048257469,0.7372759723727366,0.7011556842576442,0.6011201376771851
632_266,0.09796875862223148,0.08903409829204592,0.09332758345539274,0.05815476856905636
632_59,0.5614188592436263,0.5885143786902323,0.6029368354385986,0.5360585387941454
633_154,0.2811078226662495,0.27162988371206226,0.2875051837989925,0.24454660337532141
633_155,0.22663560850968376,0.2278272236988236,0.22267904386347215,0.20279759442043005
633_156,0.2677530687218315,0.25581812478054894,0.24843847595558255,0.23575785709892147
633_229,0.12390089101785022,0.12050882063173879,0.119138952246296,0.08548824181973541
633_242,0.1964847307606473,0.19091204862400593,0.19752181054938223,0.17403938120716417
633_244,0.2777891052478234,0.2825244639615036,0.2818498909568903,0.19041670970420949
633_246,0.1835303506718745,0.1797348883492678,0.16348779735530428,0.15771744781199304
633_258,0.13137555794775843,0.12820219342206388,0.1327183159062565,0.11310233617379979
633_261,0.14551256433969187,0.16041757190195804,0.1474083950831374,0.12554902480942273
633_277,0.10132984197849916,0.10073104591289223,0.10455597233555564,0.0805189303045832
633_413,0.16553010890797099,0.18018537036016902,0.18061199079202467,0.13519458231418174
633_470,0.4416008954481403,0.46960741940410855,0.45538225660379894,0.33757940142898624
633_506,0.08795856496082456,0.09003198285594853,0.0872996564681887,0.08026757921128148
633_530,0.06369384052633253,0.07328915538809892,0.04021945664364074,0.026639134694581165
633_560,0.06558104159244611,0.08701171609752485,0.07519174456369254,0.043962437574162024
634_261,0.15327185675019586,0.1682475779816873,0.1847728296055093,0.12881993123878602
634_415,0.31257639862691,0.33659215143702814,0.310585046630339,0.3021538555391388
634_530,0.05699821892508615,0.06703992112034242,0.055539272538109384,0.031591078674842336
635_135,0.6788589866208156,0.7442623584814597,0.6850252348934497,0.623329298439941
635_154,0.4748639311332465,0.4819372713920472,0.49685133092584166,0.40962049888015045
635_187,0.09427032115403551,0.09548031969048357,0.0849353552000344,0.07719442704616009
635_244,0.15999211499598395,0.1676236252049001,0.17457033519179974,0.1399964944319845
635_246,0.3790322915278021,0.40119702823004316,0.37507208989427554,0.3485500124805715
635_261,0.13509742501232958,0.143921403076313,0.14788384778863456,0.12576385856121827
635_277,0.16371601972792804,0.15888368276497095,0.1520677144403691,0.141908820193781
635_413,0.21221526238217603,0.20661429686795926,0.19389293794179896,0.16125262589157782
635_432,0.16165149573653392,0.1945546355051561,0.17700568389963187,0.14617115464958066
635_504,0.24261706593406648,0.24992196125512425,0.2446265837011437,0.2197346699870576
635_99,1.3188084251349153,1.3536556678732916,1.1791671793813716,1.0901886416001203
636_157,0.08360586958711365,0.08489329383218758,0.06822968876044928,0.0609138037740765
636_187,0.10914979379047302,0.12066704024503827,0.11204447361942117,0.09921387712947614
636_244,0.3208507654569887,0.33741330688410515,0.3870678702288989,0.2631366763899598
636_246,0.5827756742581448,0.5734400427070097,0.5785029373591244,0.47937895586575063
636_261,0.20959245806383162,0.19047867257451057,0.20029865468197602,0.16259644713697827
636_277,0.15865445886014828,0.1670224538288447,0.15738573580119936,0.1405125168192063
636_432,0.24705975314164938,0.26547682169653614,0.24708996140968406,0.2110850733848693
636_433,0.08342030510090431,0.0921802300110444,0.08926761702398088,0.03830446271507304
636_506,0.1239192574715475,0.13148871725772115,0.1266167510909032,0.1108718518644149
636_530,0.08183606861448103,0.09191582447047549,0.08044422372121865,0.058718867307660516
636_93,0.08928033189400954,0.09432663635845398,0.0652456245593296,0.05644887572380894
637_244,0.14447549260988157,0.15873834435416925,0.14856836669362436,0.13143151709321002
637_246,0.16003004978168278,0.1722315850610419,0.16081829469647482,0.13528513059806446
637_370,0.5293152509126153,0.5099861844929758,0.5135221075582957,0.4420708038982275
637_553,0.10124135521661606,0.09879332562545338,0.09376589022319674,0.08483853751665195
638_154,0.4855136243778058,0.47810404378810234,0.4609433003000074,0.44328068327145476
638_155,0.2825719723042304,0.2863567687766595,0.30033224330898073,0.24898481783995718
638_156,0.17548503555416894,0.18202496046635286,0.17636045211318221,0.15990325147356
638_204,0.08102858807961041,0.09675025658143764,0.07522306765188917,0.05766646198989697
638_244,0.13410479507799175,0.1409785691302885,0.1357738634654421,0.12053869316513022
638_246,0.3198645935381222,0.32815769116836907,0.3322643538768204,0.25002416092428276
638_458,1.509892809607094,1.5710318122874392,1.4689601848796858,1.2284909253064964
638_503,1.01564495894588,1.1563060009382815,1.0782494168523726,0.845104940947351
639_122,3.113522770576309,3.1703955864776834,2.4895724799204944,1.6905544496171214
639_132,0.1459575503000826,0.15830624730656967,0.15997820515011407,0.1310067000441505
639_154,0.6776016302174988,0.7179000985362907,0.6898616698318973,0.6027611743428964
639_156,0.5313184328943307,0.5392747672554664,0.5589347715740344,0.48231736179759505
639_200,0.9925575376414371,0.9618419241114279,0.9720033298079049,0.8495505154601841
639_242,0.2572611633542844,0.2714126960852107,0.2700603351743384,0.24468900802679894
639_244,0.11648005113646592,0.12884384433777712,0.11940925898786141,0.11007495874843626
639_246,0.48793249141396955,0.48393000616430115,0.5252559372759322,0.3813353228138102
639_261,0.22417189562323234,0.22433753374309676,0.23202212786390985,0.19229588098346587
639_315,0.14899007865717748,0.18561785846549655,0.16916924283822238,0.08716799899264384
639_432,0.10493572257765173,0.11644867554132447,0.10580580452669326,0.0898246498884196
639_458,1.3600460658239564,1.3955498138431535,1.3837924326288327,1.086733746848171
639_99,1.8524263411042934,2.0213574507744507,1.937059641863615,1.0948771530509107
63_102,0.7680570515453817,0.8662432090442167,0.8702822654444291,0.651497164435352
63_167,0.12222875968698002,0.09544984173416206,0.0900982547738181,0.0860216053568075
63_274,1.9035597505701303,2.0540440666814255,2.0503732192297273,1.507351809143568
63_277,0.6939895785188598,0.6669285301063994,0.6534167549472278,0.539556821451864
63_313,0.1293103987499976,0.13200316764783473,0.1343284308921837,0.11535343928637704
63_470,0.5799141383147424,0.6802083556379529,0.7028736368995119,0.44947236906088567
63_513,0.2648507385165382,0.2858457585831459,0.2768715543285563,0.2442077469948597
63_59,0.4108146549767604,0.3952627212923703,0.36026653127136943,0.3145194195749661
63_99,0.14548358626102365,0.1487761021039515,0.16614267528405344,0.12467228111632404
640_155,0.4323169694701562,0.43139370739528776,0.42848279589192506,0.386319183920882
640_156,0.24260402607486528,0.23786023579760995,0.24340009878877325,0.21807216756655778
640_207,0.26789548557835313,0.24878582433951932,0.24360780773773896,0.2088329334436611
640_277,0.22263555706113802,0.27670896750995183,0.27142820954331465,0.17972608670005213
640_315,0.15753345599184454,0.16819732742605323,0.14842703312697636,0.12262934764682407
640_413,0.21423708706902567,0.22588366671063648,0.2258988521568987,0.18531203087881065
640_415,0.7066005469094546,0.8398326430604692,0.7458671904964633,0.6221222619382314
640_432,0.20703906900558777,0.21227723970712553,0.2132415962097615,0.18411104941393933
640_433,0.10089830362331553,0.10164446039618912,0.09729971301715189,0.08292301309593171
640_435,0.11922418220811787,0.12110235306754519,0.11098699359085641,0.09853830030465294
640_470,0.8304044692769899,0.7878309897387057,0.9279924548045694,0.6806253296545076
640_501,0.2390056271278874,0.2506488493772414,0.24863799404492962,0.17938586581568294
640_503,1.0818673078582934,1.2598709382970854,1.0922216357818173,0.9529462869020183
640_506,0.12577596093369875,0.14486569184463197,0.13053631899902157,0.11197231937928019
640_530,0.07551295519185491,0.08585971393220775,0.07409408178658278,0.06041215516760144
640_534,0.3697202204167286,0.36423341704498324,0.35632280927512067,0.3434194806274672
640_90,0.23923757345445373,0.25213727960909255,0.26582335918913536,0.18344200025309174
641_102,0.8436907304372814,0.9753287884798001,0.8184157991350561,0.6678987162375434
641_104,0.3018997173403141,0.2891934302906173,0.2846978322799427,0.2734892242001378
641_108,0.2711059244229281,0.26043605228783123,0.2719437370090444,0.24374855919030639
641_132,0.25193675105663826,0.24785536591132257,0.24537949055403172,0.21814000263032501
641_156,0.28156288267112417,0.36433535087209173,0.2993144242843552,0.25935289835858166
641_167,0.24635541095722488,0.2183379064045811,0.22688955951380593,0.20818917072188178
641_189,2.5387099794753727,3.01549410758815,2.965001415042973,1.9762706153547838
641_190,0.9692849197539781,0.8784920306549224,0.9026638417676521,0.8406652021450927
641_200,0.4269351753015067,0.43040638385377705,0.45987255382625963,0.3566747908320319
641_266,0.12690798073581805,0.11054771535617554,0.10428692934883,0.08812112743378465
641_277,1.483928147508009,1.0878013468174943,1.0793002801739262,0.8395457295513558
641_415,0.3555179981595633,0.38984382582601007,0.36905600233580366,0.2613224434586864
641_463,0.17502633766105546,0.17811671621212638,0.16364186010658993,0.11433799815087022
641_470,1.0555600740350402,1.2071159730720415,1.2136684624124352,0.8023775205241431
641_530,0.08912632122326582,0.09551227742721226,0.08910478810385775,0.08070421406885983
641_99,0.23759987745115957,0.2042165730920874,0.19399676001238636,0.1857722052155822
642_246,0.17287472584574823,0.16874919493435453,0.16227954976009856,0.15676679429165735
642_261,0.09425096306256336,0.10029845580763085,0.10489247195195062,0.08061959670346569
642_432,0.17695371620511363,0.15920357627174242,0.15370985067609694,0.13091446338407858
643_155,0.32924810730710996,0.34432420536533703,0.34910135510623197,0.296325928523691
643_156,0.3263185672813229,0.3316823468788916,0.3360355223345306,0.30872965842513006
643_200,2.199052339092459,2.0672152926571714,1.9816593850805186,1.8759513794273128
643_244,0.13786576252701044,0.13830756380371578,0.1346646831059408,0.12918367980506246
643_246,0.5442513103193546,0.5541921069866803,0.5938039645090092,0.3996673150184898
643_261,0.23620354663536794,0.2405820123905214,0.23804166262164367,0.20161293894721563
643_432,0.11083061018009038,0.10679391260685842,0.1008317872590253,0.08627086219589801
643_458,1.6580367356956265,1.671125701577389,1.7541073809814587,1.3485092763060853
643_545,0.0724313099688329,0.07269331644385174,0.06517807263299004,0.0541678508003661
643_99,2.182014802182946,2.757783433791967,2.465150407675724,1.5849590824444635
644_135,0.7107783326380999,0.7713071167714591,0.7455236456449021,0.5693308744102153
644_155,0.3376912450919578,0.30373857527748904,0.33519886454928377,0.2799805321859005
644_229,0.11908181926315309,0.12020996720679267,0.11038612661892244,0.08423311209536337
644_277,0.14838319474938394,0.1616744107326491,0.15799594360330857,0.13018448207613298
644_300,0.6559326111330602,0.6728434086202271,0.6624847059811086,0.5401586761757036
644_415,0.6226389488867087,0.6321613990226369,0.6199219377879991,0.5669942300979597
644_506,0.13461188733719706,0.13160571261958542,0.11880337433009674,0.11476731360298127
644_530,0.08370602168458097,0.08824344351351018,0.07526877764916383,0.06091017271809055
645_154,0.15396968342420564,0.14653412603844193,0.14952528714409807,0.13759306022275575
645_155,0.1156107814942798,0.11082422469193104,0.1111757095294063,0.09598540956569317
645_204,0.08697732618392412,0.08390959213275363,0.07174322962288802,0.05184053313560352
645_458,0.43910262529856353,0.43491014068356854,0.4184893743777241,0.3992738749990206
645_503,0.271367992533011,0.283899430391703,0.3228933331672725,0.2437116284051939
646_132,0.25717011801033485,0.2421208343066564,0.25714860444402343,0.22657914470270646
646_154,0.3566556600848505,0.3331060784293779,0.341052362441463,0.2954462410171918
646_192,0.2627655097611333,0.3070953310222241,0.29465787726273285,0.23450638367920731
646_200,1.1411343869189576,1.2610069506338732,1.2336963232313716,0.9205264607761363
646_229,0.29261574834624027,0.31620111972700204,0.31602544750768613,0.24487805979332672
646_244,0.2066397038749712,0.19853949693134906,0.2317126183824051,0.16466794703091636
646_415,0.6827936739229167,0.7091129848152369,0.6852453149467848,0.5329807935475057
646_432,0.1463775966963629,0.14593895573846258,0.14378477613076057,0.12994235059133788
646_449,0.18666392477108096,0.16702181757780818,0.16280229680740202,0.13205264475761982
646_470,0.43327322063514956,0.44556600493674126,0.46959097355957385,0.3297689839808229
646_506,0.199743119421406,0.20339735788424665,0.1981477826875366,0.1693173701058303
646_542,0.17603803303080576,0.16366886055657182,0.1690054531513931,0.1227820134165982
646_99,2.336348425442839,1.9780167692089874,1.8949332911655132,1.8236504988100393
647_10,1.1743894551476508,1.0846664867682914,1.0501844830517941,1.0377418814194594
647_104,0.24411211653025652,0.24587859547204263,0.24711494168897824,0.22020392432152558
647_154,1.0027162774691116,0.9332534608850338,1.0686108929321982,0.8517345501261759
647_155,0.35942607466354176,0.36107187721877365,0.3772737487971092,0.31399721713348344
647_156,0.3306094495759989,0.32215901508936784,0.32829776141968986,0.28090751105095907
647_189,0.5483518795417202,0.49852887496439113,0.47023804427144494,0.4039424245301103
647_244,0.31346190664458473,0.3125983443096536,0.3085795381641796,0.2690734148020174
647_246,0.3552864821089103,0.3260429590587762,0.3545327621054171,0.2978381877047398
647_261,0.4157096581334362,0.37468248191764464,0.3959952676511036,0.3581735963212109
647_458,3.0477116108680122,2.720746066459851,2.754603988310502,2.609389213255095
647_470,0.7870973307391442,0.7624171118065108,0.8118144001465855,0.697479217271527
647_501,0.2916464732975406,0.27202253821429034,0.2590440390079698,0.23677623791543065
647_503,1.8478411845649465,1.894448517551046,1.996879219124127,1.5981535472647983
647_506,0.1733141111856455,0.18104241102772728,0.18522462096419803,0.16021945931892367
647_530,0.09278539947619696,0.0913119184687497,0.09163805425290648,0.07354396427757415
647_534,0.5225299984585796,0.4889372912495083,0.5035531551743598,0.43764918072396686
647_99,5.789659083169077,6.418960764381283,5.717822501779553,5.2607660918249275
648_155,0.43353662138633525,0.4229425195199004,0.4058425753190953,0.3601823549767392
648_244,0.24158342772416624,0.21840156551068768,0.26001241003221026,0.19252632963896937
648_432,0.12972510589970745,0.12457943529786997,0.142288336864047,0.11369240776814708
649_200,0.3304587216593604,0.3781625331416345,0.3581329650813101,0.26890768348192773
649_261,0.08976192397425016,0.08676339698725204,0.08083070934009134,0.07150714104056549
649_300,0.3930269951849006,0.39589154006690097,0.4038834502175229,0.3780817931236468
649_415,0.4574532925484205,0.5426677682459153,0.4716775457453154,0.34425449769682764
649_449,0.22390204551733803,0.20096552534833165,0.22794301949291784,0.17854269995691185
649_530,0.09019366278052401,0.0941467018234599,0.08427634200507776,0.07263249849467773
649_99,0.10568379905279578,0.10291751543806582,0.1007559535194473,0.09736323433437252
64_104,0.2731666674621701,0.25320018166392333,0.25143916349627676,0.2367576946894798
64_108,0.14480835660361827,0.15411997241471279,0.15649867035860113,0.12373052861148638
64_154,0.19580746993249631,0.20394333599033654,0.19891061986410563,0.18412964834834047
64_167,0.11672426753048366,0.0994641652607486,0.08325777476840554,0.07885819656530754
64_189,2.119670454265981,2.4471218110752737,2.3315932768505565,1.7854278443309974
64_266,0.12884089455448386,0.10695058022476077,0.11315254443587726,0.08145515795491393
64_277,0.48524909320775694,0.49062874106039206,0.5240110800345863,0.3943695475461757
64_295,0.12990911497163213,0.13807087748959285,0.13198190376383626,0.10305096197138122
64_303,0.17462572853855154,0.16862506711287578,0.1657274699248082,0.16237954842696517
64_313,0.1484750801665551,0.13342453203853363,0.1403243857713433,0.12316250431412665
64_415,0.5271195318293269,0.44234164751998706,0.4534529871366178,0.36300790574142233
64_433,0.10093504223982183,0.10440117763587368,0.10518996262161671,0.09872144259574032
64_470,0.5634427018230316,0.6009370551361091,0.5909104813327729,0.5012703309101338
64_59,0.5450206651564912,0.5580241724541629,0.5984204971357105,0.496032758298203
650_104,0.12504733472269194,0.1297835401546926,0.11742573505621184,0.09789113290815914
650_458,0.71602218695006,0.7643284037171169,0.7753671260267717,0.6481245006136191
650_503,0.572241328531089,0.5740403385886169,0.6164838366575277,0.4673156581077629
651_192,0.24411553950841222,0.21519153490359202,0.2560720622372236,0.19107760857319384
651_244,0.32238931454101205,0.30997191749767383,0.2953204532224348,0.2827529355575132
651_246,0.5591391141954057,0.5158603608478363,0.6592620845238929,0.4518122765261779
651_277,0.2947152011408646,0.28053947958280373,0.27806696186409324,0.26048172057181923
651_415,1.8295608269859929,1.7601784125392914,1.7353401708626286,1.690664940996498
651_432,0.37125152340318757,0.34009025168079515,0.3510737809328838,0.3099828380040136
651_506,0.32417734584887425,0.3029442794851454,0.30002421102317406,0.28278024545075814
651_530,0.1143664498130418,0.10290122752654962,0.10109779196824599,0.09383946689823912
651_542,0.2560000670523975,0.21079703709692274,0.19060228827698839,0.14227532037196086
651_560,0.05496688066373389,0.07486853404283957,0.054337036881211796,0.02880958955325375
651_99,4.827588891737859,4.501298049076583,4.763268254121026,4.313916102223671
652_154,0.3516994575262486,0.3202392145625815,0.3165263220805378,0.29895020756266505
652_155,0.4023394861425243,0.3549244679576108,0.3638973862710753,0.34235718681654526
652_200,0.9118591405966959,0.8673405694457944,0.9106679015303606,0.7766213545068826
652_244,0.13219317966786268,0.1177114242028993,0.11160067085342623,0.10408839977965448
652_246,0.18453991620974886,0.16862021394788185,0.181967250055565,0.15665455885252125
652_458,1.103969839146548,1.0464721317804264,1.0548563215576778,1.015952151260574
652_503,0.7487131717158265,0.7295818672857776,0.8122698990573478,0.6680412194869232
652_99,1.0211552182212587,0.9717786880052658,0.9945611397867354,0.935926348352518
653_135,1.009225753304026,0.9408445151953516,0.9406172474903015,0.9246549925405453
654_116,0.30612955405999953,0.2852845905978512,0.29189350723632274,0.22556796552137431
654_257,0.5864346033595453,0.6387487400892308,0.5582408319435355,0.5107180433653431
655_126,0.7210199840733282,0.6499056605288499,0.6634315051161827,0.6256788905568209
655_154,1.3227943586281046,1.31962648122061,1.1836356153169716,0.9663722606235893
655_155,0.4456035197671288,0.43815007253162747,0.4006336494346601,0.35799107734121544
655_156,0.6608796659113936,0.6450998698792622,0.6204969896357908,0.5713753113112262
655_244,0.45295176074454374,0.38720087576976997,0.42363743436712986,0.3811854668277205
655_246,0.6979742163098125,0.681067266797873,0.745712552767874,0.5867738795944011
655_261,0.7660788405569187,0.6795178974956624,0.72407786881839,0.6287288329751156
655_432,0.18550386544291012,0.1648793369138926,0.17419264594425943,0.15188983519460236
655_458,3.0144993316248136,2.9708577992432,2.7795167936373404,2.668796785258396
655_503,2.0844152849413566,2.1974987081571715,2.1884452536993875,1.720012391341385
655_505,1.9960496091022921,1.8632577593373538,1.869748475416043,1.5202881448462071
656_155,0.21885923573909596,0.20165160279856775,0.20347891201978646,0.19604675644526287
656_261,0.1531492501540076,0.14521391416084445,0.13340378899269445,0.12756788960360527
656_458,1.2386892305936754,1.2209972340629027,1.2199501064764613,1.1228269258850556
656_503,0.6837323150680762,0.6793488578639243,0.7310929919204364,0.5971241454439968
657_132,0.41073344612715523,0.3947178589716565,0.4046794828325986,0.3777099259210262
657_277,0.49858952242272037,0.4535834691175698,0.4533822813377503,0.4187634654114713
657_415,0.48348716998064534,0.43278069317215767,0.4865143366563606,0.40439663924859504
657_470,0.714571198978062,0.6894779777238697,0.753916316786399,0.6185672903377151
657_59,0.737409059765633,0.8180713204827484,0.7767903423248839,0.681578893818023
658_155,0.22394051104858842,0.19484902387117425,0.22338526657701616,0.18908733111663847
658_246,0.11999095639910783,0.11185854518557527,0.09847818644788708,0.0886586254071557
658_458,1.4543356467467992,1.4291817723352789,1.3806741357152879,1.3198341893649292
658_470,0.1973689063939245,0.15843943323231358,0.16577225923381286,0.1492054832392282
658_530,0.11339238072678316,0.1023097091830949,0.0914973641656849,0.07144007787125924
658_99,1.0550404903200865,0.9746085951506231,0.9960340711784396,0.9577135401022305
659_157,0.09406616757647099,0.09707123598918466,0.08038111160298267,0.0704627873152057
659_261,0.27635433599859116,0.27091765498821135,0.2807106531480099,0.2194940729247415
659_277,0.3775583922525476,0.3365069008025638,0.3699054822670971,0.31618359795993156
659_390,0.14736344407774216,0.15517275019304955,0.15516205494059415,0.1301623065039843
659_415,1.3757030895322349,1.4831171865180615,1.2422342447740315,1.064110282317554
659_503,2.1917087979060987,2.4906054694785706,2.1370930891142885,1.5680868563696002
659_530,0.08413355494072076,0.09554952090594285,0.09773402864851582,0.06829466562614443
65_192,0.1751706987870788,0.17054932892020658,0.16591222054122984,0.15505846139519028
65_277,0.41756444009777305,0.3890134224655062,0.38518133371762237,0.3353444354730611
65_379,0.23485275393436733,0.22174575107737537,0.22097524944259364,0.16573124454629795
65_415,0.4856026929639644,0.4805870464937894,0.46349462104660333,0.3459212161798874
65_59,0.7535019024611262,0.6065250498901835,0.5912358469233681,0.5867650818054855
65_99,0.11193897291276857,0.10766106168805935,0.1058023199012324,0.09737995556560078
660_155,0.6296154314756757,0.5817033578826656,0.5690249870042686,0.5546751818804868
660_246,0.3632604942345689,0.3517899139603182,0.3424800379762779,0.3011831005084292
660_261,0.49064917323958224,0.4487416505976203,0.4547291240243896,0.4407887889355486
662_458,1.5781398566528604,1.496625028103486,1.5326293106744961,1.3535241720187003
662_503,0.5900027091747722,0.5545121218615003,0.5844187990811391,0.5003842951876243
663_103,0.7246540749585999,0.6783586879878429,0.6506007354692397,0.6099921681809367
663_257,1.0958346437272368,1.0188360031642656,1.061504719297094,0.848606500849113
663_268,0.2904890619641696,0.3056386516882484,0.2863039523623133,0.25584027928855557
663_394,1.0615327132729777,0.9456167189191229,0.9614435332654883,0.9274961479581266
663_416,0.6817916930176295,0.6576688217129517,0.6632447034138663,0.6029281092236023
663_575,0.25660822822241086,0.2748911927102483,0.2620932808025972,0.24659344145328768
664_102,0.7094775023548622,0.7117751212881354,0.6899449188250398,0.6155563750163345
664_104,0.2030176818525958,0.19672848895040215,0.188059762989016,0.17960092160463753
664_108,0.35393948861310376,0.37776535647864534,0.369429575060491,0.30610369497922757
664_132,0.24874357128731436,0.25322629883921827,0.23453230660239877,0.21631353434405054
664_167,0.10808692541958713,0.09570164613806345,0.0763864954565189,0.06943063676012798
664_19,0.22578955252890826,0.19166520918985752,0.18233545500491832,0.1643899192448002
664_192,0.16847481746975093,0.18557607738789972,0.18592849169039807,0.15141846855197813
664_200,0.5136021577332075,0.5720398036149297,0.6130318068971702,0.38528833638054405
664_266,0.08683445662568899,0.07324287729176857,0.07592743799406027,0.054339642203847495
664_277,0.9408985017319418,0.7621060494128965,0.7375636762369671,0.6439124473690944
664_377,0.2147883763529024,0.20766549131521578,0.2308215050636744,0.1549622650124166
664_379,0.24695885072361698,0.2234316901892327,0.22248107399043932,0.17405712335539286
664_415,0.35192663817187303,0.4523585043268768,0.4045904905739415,0.29524584202956505
664_470,0.7040676316559873,0.8725096386142058,0.7928101167397489,0.5500526236554676
664_513,0.35340786283065406,0.37485281237693024,0.3766821690705944,0.3459377537196574
664_59,0.8230619527994864,0.6708838142701936,0.6589915517935325,0.6514657493776084
664_99,0.11241120944125342,0.12142099564680381,0.11425857508677544,0.1037081916513017
665_116,0.4450359846325097,0.4634967223667601,0.46559207517580364,0.42811192641475165
665_257,0.8554231833824565,0.8457004397650023,0.8583464260465381,0.7331711075406468
666_155,0.370544254044291,0.32318339923363903,0.3290524561705959,0.3107116926577874
666_200,1.0671106537947488,0.9516450326489609,0.9740369894469023,0.9266953393108548
666_244,0.14308293495646363,0.11969953343577414,0.12820223256276714,0.11022125314751714
666_261,0.2140341104567977,0.1919564633199268,0.20363474586608757,0.17676118690095793
666_444,0.4340526625837786,0.3936957379972086,0.40416733401463684,0.38252322378692855
666_458,1.9163395369788647,1.8140403909975216,1.8704895382074245,1.7101791019544064
666_99,1.1962157878305675,1.1684716180477026,1.1323480382500857,1.0952724535735106
667_155,0.21487732076970872,0.20604943684196386,0.19667908468947914,0.18965922375224067
667_156,0.19278032351181806,0.17110563502946796,0.1768325813584551,0.1601113030293917
667_244,0.22570783961207042,0.2079451205964636,0.20153966364471226,0.19465849476245123
667_261,0.19555041836924733,0.18206747952791974,0.17462509574828522,0.16915868568315312
667_315,0.2578008295043537,0.25113484266125735,0.2857921620761514,0.19794941979305838
667_432,0.1333169819734044,0.13565383085750315,0.11596236871353931,0.10347343047857716
667_470,0.12619386646044473,0.09719275930454098,0.07602670885822842,0.06116207947953377
667_503,1.1000586149098182,1.0811361785864229,1.299892687018497,0.8902036354242647
667_530,0.09427490104746172,0.0879029329380128,0.06957783187233087,0.05020176659328458
667_99,1.0006380636027825,0.9558895590096042,0.9018183306611073,0.8606110619715341
668_154,0.3092358078028411,0.29574474454885186,0.29619905115166995,0.2600449284659273
668_244,0.203832192001745,0.18049474303537383,0.19554158283452855,0.16957323267138466
668_246,0.2612227648161839,0.2515580987963592,0.25723225319073045,0.20592907009380088
668_458,0.5480069434366178,0.5194053905249268,0.5144643984395632,0.4670395015141455
668_503,0.9069652384979038,0.84486622799753,0.8800286568929598,0.8069812050319521
669_99,2.014669449500733,1.9072010005889373,1.90801419178101,1.874813355372386
66_277,0.44716924482426657,0.4324853854442323,0.4256948391408573,0.34138989356622695
66_415,0.4162239868236754,0.42943888497077987,0.4092577683754216,0.29269618242890766
66_506,0.14926241260183265,0.1567416116826332,0.15878323779914713,0.13492514884821266
66_513,0.16471279375172312,0.17765634534143493,0.17307704733726417,0.14728974613364101
66_59,0.7560041579885195,0.7743174144952193,0.7964851145456942,0.6819095658212682
66_79,0.14009769791492066,0.12616368808553766,0.12137012239352495,0.0833338234837452
670_10,0.4236035838707302,0.4165821161407988,0.4336937698632676,0.3539237356949885
670_154,0.9966405410677183,0.9467590366739225,0.9896908881962012,0.9116490991176933
670_156,0.4169894613102656,0.3890864960250619,0.40330362162745764,0.36623397574745414
670_189,0.08192183332743427,0.049589919248667735,0.059799446604797364,0.008552389317008701
670_244,0.3592004616336823,0.33427557106360994,0.3248850408748725,0.3009742230121963
670_246,0.6351995759546607,0.5676552487489469,0.5548786698844067,0.5401752986394491
670_315,0.32315111573410304,0.31205812300080626,0.33576267826023726,0.2755333398671913
670_458,3.6535018603414406,3.538161476517692,3.467832742367104,3.2742360637011103
670_503,3.174484387649314,3.0453117693792118,3.172528458190075,2.9228311050383153
670_506,0.267542887247746,0.2672719351965038,0.2586565327551153,0.24322547376103767
671_155,1.0745467298094409,1.0435015335129634,1.0840148301846229,0.9461827057616464
671_156,0.9566904905194139,0.9048979863613774,0.9104265459034068,0.8427977965338631
671_244,0.5715329746950724,0.5188503695099126,0.5157678590566558,0.4948742000804466
671_530,0.08323024560021841,0.07501304436066922,0.08626284142644769,0.06148018453760999
672_244,0.09500578875170407,0.10339040886443823,0.09558287792247062,0.07819390758933625
672_261,0.1387954976166583,0.1361360361598709,0.12553498663369378,0.10867868082055493
672_277,0.1629120635401606,0.16581430707970182,0.16595258315966005,0.15313270734770545
672_415,0.30993384691637105,0.2999107604352991,0.2987856848470481,0.274485553665931
672_432,0.17690678854023634,0.15907883720082514,0.15874324514527252,0.1496008150158939
672_530,0.06716051605601113,0.07447778544683317,0.05478416820950802,0.044757448259142664
672_99,0.09526484398833168,0.09250061965967074,0.10497599546570845,0.08667226643868951
673_135,0.5480229206250631,0.5225925322232434,0.5057089786600328,0.4305965917273695
673_244,0.08008016076245832,0.0865724369403421,0.08366361785284394,0.0632489372827834
673_246,0.1153232323333167,0.12475543724744576,0.11583953866339695,0.09316725907578442
673_261,0.07065171514133493,0.07168406092952434,0.06102545576785249,0.03413398370878027
673_99,0.0667237118898013,0.06395878737868609,0.06231436803345439,0.05399368207519968
674_102,0.3054240907049708,0.3037960129952465,0.2710143581901338,0.23332729836864874
674_154,0.3330076004569388,0.3303835151882437,0.3152284663042748,0.29047093985045497
674_242,0.08457365877591462,0.09187656509984023,0.09742281562145012,0.07455645981426894
674_244,0.082375071378349,0.08483615603768785,0.08098535380476875,0.07034815383264519
674_247,0.06794588802129521,0.066808165849102,0.07090367068809311,0.06227937092202379
674_277,0.1991305601568518,0.19859009989144605,0.2137686244412516,0.17459907210598194
674_470,0.3033279716487563,0.26342811798137267,0.32239977487938826,0.21252447089678908
674_59,0.17634358893017796,0.2321283297767834,0.17040111617037113,0.14319213247110546
674_99,0.7225513085575153,0.6844934018791671,0.6637221391853595,0.5955896302805739
675_133,0.9286144262779815,0.888170208535766,0.9710030612070228,0.7218187419440542
675_99,1.7293114344742213,1.7189109302238859,1.6419385189121922,1.54739886815884
676_132,0.22484576405502255,0.21229046334358376,0.22288479492585184,0.19487837857185936
676_154,0.13780045185435458,0.15014837540764286,0.1420760221710224,0.13085129590122704
676_156,0.3276802401666954,0.3260321916305541,0.3255466789981231,0.2545729573361131
676_157,0.07186844665603927,0.07133884510263758,0.06370945236386906,0.04611916530716245
676_187,0.12638200605688066,0.12821170215708372,0.12203536825540051,0.1091527581845161
676_244,0.06257249880925413,0.06465054518815799,0.05548724779462946,0.04227895468944714
676_261,0.05652722327219742,0.06191628781075019,0.049837246055475654,0.028668271190899715
676_415,0.12610690964249366,0.1178203879811826,0.1133597406442515,0.10524607140038794
676_432,0.20527547033024562,0.2068310053825314,0.20942877190640288,0.17959180957259113
676_433,0.08161669207967887,0.08893567138912974,0.08314728312128417,0.06462123896113474
676_506,0.1763710739010598,0.18830651796586995,0.1760403205671458,0.1493296406858146
676_530,0.08331773503847499,0.08689022353734145,0.07858166566479309,0.06172410205467644
676_548,0.06507335517792742,0.07072322884980198,0.05825528738096175,0.040974712906734906
676_560,0.0597453651168842,0.0646556674864192,0.06159450395002416,0.03592741576389168
677_155,0.4560087357743368,0.4470278929055136,0.4018313298525098,0.36489817258272583
677_200,1.9220809034941904,1.981845939504907,2.0971601371335247,1.5897067223251886
677_246,0.3483427964802797,0.3415003035462676,0.3259470366351691,0.27323887061995145
677_503,1.056571718340026,1.129650336910471,1.213444155801105,0.7756758327649029
677_99,2.141748262730977,1.9720410459639555,1.9656137520392092,1.8214029119348663
678_154,0.21717494161699608,0.20238581810760495,0.20074397282650397,0.18905236127233155
678_370,0.4293234505333236,0.40668181941890597,0.40743831706501893,0.3707533639396366
678_99,1.5150667057071006,1.4471246839783223,1.4568205790946431,1.3345830718050369
679_135,0.554297942029488,0.5636959686306547,0.5576337642138138,0.49100059081017583
679_154,0.29826179962539845,0.30024010916142807,0.3077090782028684,0.2701754357375128
679_229,0.09417063666169877,0.11484312435975504,0.10351906651090904,0.06481601249110383
679_244,0.10571297381630598,0.10800849042879916,0.10584832402957978,0.09871224190443045
679_415,0.1416948653138864,0.15517568923469274,0.14874661204669798,0.12353571831747484
679_432,0.15319346248560142,0.15308776348803219,0.14402399109289338,0.13427972051449183
679_503,0.4841203815095183,0.3726441149298304,0.43242086063938434,0.3243927479041273
679_99,0.11925275507683038,0.1175398972886877,0.11885915493925325,0.11466479804149149
67_154,0.17179067139558118,0.25591251113960845,0.21010263625368142,0.1528072944636771
67_155,0.0954708464226392,0.10354895075302974,0.10579678815875843,0.08683221654374282
67_244,0.12854782645595908,0.1334915690832486,0.13270127235193951,0.11426294087510797
67_246,0.19471351483230606,0.19791432011881652,0.18992557039606137,0.17778206406388605
67_458,0.20556040723560176,0.21526560325595806,0.21178697308725278,0.19028442792275363
67_503,0.46660205251254017,0.43221390777414626,0.45602388584409603,0.3949030235997061
67_505,0.21264727332940336,0.2217205101535626,0.21262765684702686,0.18933539012482975
67_99,0.10142325516319294,0.1114270794858704,0.11334740039475438,0.09303709950222169
680_102,0.8542588341059305,0.793743380479798,0.7923081794099062,0.7466029389898072
680_154,0.5079094375606756,0.45713013460447627,0.5492579902219662,0.4157547720383365
680_156,0.48235257891558797,0.4238699993244696,0.4414836780374172,0.41592416463992443
680_244,0.11850537232661375,0.12352822952256823,0.12400762824250844,0.10089600489457078
680_246,0.42050348438193025,0.3881688381142049,0.38495678221813295,0.3703179567147437
680_261,0.22043969041453604,0.20132666156726234,0.2096832281423144,0.18881333486341798
681_154,0.3320847345871726,0.3246867648976489,0.3234129610827783,0.2803971530859733
681_155,0.22233153744227277,0.20747820444083775,0.20318614386809367,0.18038261223850097
681_200,1.4279968500680065,1.1360537243742796,1.2053459149708676,1.0508638059019708
681_244,0.18270030306558516,0.19525007066688313,0.19123008884321968,0.16597455571076894
681_261,0.10235676695023421,0.10795123143117026,0.11362953295212545,0.0961537147910701
681_415,0.4704673511423841,0.46144988392046316,0.5661361678506148,0.38381463197644583
681_432,0.1431940164199513,0.15084735083948508,0.13746077018164438,0.12547260817745054
681_506,0.123594817733275,0.12226508634978228,0.11709101869829008,0.10200349313358807
681_99,0.16961592998676947,0.1745697222242258,0.17347726600480443,0.16126258818633257
682_184,0.5215312390565443,0.6033220978013988,0.5295278815705795,0.44445033458378386
682_277,0.5839196021815547,0.5007192094566428,0.4943861990253672,0.39143689980481294
682_415,0.30730016590201426,0.391523429009761,0.3447513845302681,0.2313059729561311
682_470,0.7471540640902602,0.8236631353083189,0.9229546121704809,0.5623604012965779
682_59,0.6934264259226199,0.7303141782130503,0.7735552701912465,0.6478765450216681
683_155,0.164041399902323,0.17369498046227747,0.1527811445242912,0.13916150481954176
683_99,0.1980731699535072,0.20031980849730513,0.1890419447855545,0.1622692068729464
684_257,0.5846278423169712,0.5973729358668046,0.5176161807728353,0.46214088106282525
684_285,0.18400680530146218,0.17062133581619354,0.16877788151545864,0.12701244734374725
684_394,0.4020248088888585,0.37391641893828276,0.3649771240356853,0.3397023426457736
685_103,0.6520915201023995,0.5953835148997538,0.6080965094784455,0.5205022773743639
685_134,0.15665826224284177,0.16746428748382822,0.15565192045385293,0.14347809741826223
685_257,0.546699879274938,0.5031218762132372,0.49810076887615906,0.4701704812305396
685_268,0.3202918265937863,0.3205093801269447,0.3054476622580176,0.268399896755721
685_299,0.22905240759509127,0.24154208786660072,0.23570455509131488,0.19514908300762507
685_407,0.20857819872554564,0.21182104338005822,0.18626936246956252,0.15686004021943695
685_416,0.3227554788542022,0.29346068307377315,0.2734200234771135,0.2603007840732339
686_200,3.476490565844449,3.795046548941665,3.3852318513827795,3.071641682211529
686_244,0.4738910448567546,0.4262274569238259,0.43612611462302026,0.409645429424587
686_261,0.4431171494019316,0.41274506053638715,0.3902597099859788,0.3794080819211815
686_277,1.2180691464449545,1.1249681318792404,1.1654415054641245,1.076708996275131
686_470,1.3722017070031916,1.3076216422942655,1.2506224116583482,1.1433943762470593
686_59,1.5449590497720926,1.3540195582403551,1.3897491363369743,1.2881458846863594
686_99,5.043881933847878,4.712732115155719,4.706555902790372,4.528867057538796
687_229,0.18557431499803767,0.16602409938137133,0.19293557038140738,0.15351902298698325
687_244,0.15537575817300076,0.16513553887038337,0.15368803361664304,0.11931263832114902
687_300,0.2829175148125378,0.28571179865660684,0.2795198465623388,0.26046869572443315
687_415,0.2276047280953467,0.215468733112086,0.27007457704440785,0.20673813712521294
687_449,0.12054005143488494,0.11353896824229327,0.08920201607779325,0.023950801345398
687_503,0.5675683737891012,0.555807523173483,0.7543947240725489,0.5013642439299907
688_132,0.41622383725603346,0.38827151937719273,0.418958711186709,0.3553847911955161
688_184,0.6357451586307538,0.5507246367102272,0.7265569856314738,0.5239319334577442
688_244,0.361268501694405,0.3519626674590076,0.3468950562539905,0.331370100613303
688_415,1.4982260176268094,1.4071243278561383,1.432100024931135,1.3910098592396551
688_470,1.0561257971314935,0.9932337709849907,1.1607042438008734,0.9085435992554037
688_501,0.09055822152273042,0.05953252852739289,0.05781685511770502,0.03057456325186222
688_59,0.6075891358493487,0.6250025101111153,0.6124307291536342,0.5733022883090683
689_104,0.25991680309080933,0.23991477621818674,0.23628971313647376,0.22203023332070113
689_108,0.46420385418475235,0.4429140451158176,0.43238005493808945,0.3675057290409741
689_132,0.22655708331919058,0.222852432486384,0.22792591468419973,0.19671136315102486
689_167,0.12293091592594796,0.1134512739000042,0.12376824670913324,0.1080420267671857
689_184,0.6624065504505479,0.6025728906552301,0.6870215603936068,0.5290098043337237
689_244,0.3354827308882337,0.31590509640255876,0.30618638579095375,0.29354300941624256
689_266,0.07612778664046858,0.07881893549056726,0.05737859439812566,0.03760333978279201
689_277,0.7767329793934344,0.7399427238222357,0.7395788045012804,0.6066317554398207
689_303,0.29378627065975244,0.28411495400647424,0.2758688939857617,0.26002463286368294
689_415,1.5388112892695869,1.365174607392414,1.468522336842421,1.3511682102688927
689_463,0.1818044397759714,0.13469760008835252,0.13285751972899829,0.1185702923590748
689_470,0.8298663025715961,0.7405568433948246,0.8239231202448228,0.6906400988412263
689_503,2.7142814279394183,2.5482309903528386,2.7291772140563473,2.379045642042687
689_59,1.5874849303906942,2.0961377998495583,1.6881668848799345,1.4036665385131977
68_132,0.23994615654883372,0.24273884598614462,0.25301571095486913,0.21205482289081928
68_154,0.24916902730665033,0.2598465441658263,0.23913785690985356,0.19761976372290452
68_155,0.17567513151536884,0.17190121066514208,0.17363230501640486,0.16425682291617527
68_156,0.4769951523413742,0.5080356060734762,0.4979426709110878,0.3958167295164343
68_184,0.30492182763679193,0.38060636118257807,0.3771263962994611,0.2615799740772362
68_207,0.4507367269622058,0.37501110496547624,0.35806396571381904,0.30493228430836655
68_242,0.3509884883851561,0.32106269908947294,0.3073630777746226,0.25778815242152403
68_244,0.14937466692692444,0.1476808859806106,0.14421356419059328,0.13732803199257482
68_261,0.09362113554349197,0.084157751639909,0.07893809871557916,0.07387570823930571
68_315,0.24537011866707242,0.2488354203459413,0.3208361521841778,0.18498737340254906
68_357,0.1212154608354096,0.13559752518779927,0.10907132036625965,0.07331876240401088
68_415,0.7102113023789914,0.7697064922783967,0.701732565553227,0.5597202896664714
68_432,0.23814549091348214,0.2270988819665184,0.22865565463298493,0.1988870846186307
68_433,0.1152428579617971,0.11457767089912783,0.1083702420326594,0.0976120448363662
68_435,0.16188345286302858,0.15722564454926669,0.14880264030236956,0.11028221525296439
68_501,0.6061902178135843,0.5768910054904023,0.5978344954628472,0.4151261918273619
68_503,0.6628302701917218,0.7244274049364432,0.6775306018073024,0.5630733654020771
68_506,0.14775017296011161,0.1435692014411599,0.15552207101925952,0.1246501633231235
68_530,0.11257340211720662,0.11530695397219144,0.10942794303207448,0.09249366212572306
68_99,0.2605715351188962,0.2696825635293444,0.2523131603324854,0.23347977567830488
690_132,0.5197883438224568,0.5057350641832997,0.508441733838153,0.44670677095995226
690_154,2.6021971808215203,2.4800770691353735,2.4626041525745905,2.336319481425093
690_184,0.9836340121463988,0.9164770675699742,1.0637657419348545,0.8349780752139445
690_266,0.09440386018246484,0.0994827453897466,0.08602806138508856,0.041155429070156964
690_277,0.5790857349332479,0.5129221133660965,0.6561711507675442,0.4970940174471695
690_370,1.0743060544883192,1.007905136426727,0.9848744395612282,0.9503630399718447
690_470,1.6101335660925795,1.5146350384069642,1.5716405179537607,1.4693683777959177
690_59,1.1006148631284038,2.1794266531012414,0.916166121285007,0.8385812183992084
691_102,0.5063538582112339,0.5536491326242365,0.5348158172395234,0.4402728372825211
691_108,0.41976342533121425,0.4301661067912371,0.4339998573386361,0.4036063177451458
691_132,0.15432328082460225,0.1523342525913797,0.1539887288001194,0.13409963036949535
691_184,0.43877286434783597,0.5024947563806891,0.5113337064208925,0.3727146888672319
691_277,0.6328035097030091,0.6404310989601774,0.5676362129095858,0.47188592667244084
691_377,0.2001018036886437,0.18714730020597942,0.19981759083533587,0.14158202408313814
691_415,0.5658817108673202,0.5947984060495071,0.5701887062253765,0.41438072010025206
691_432,0.2515914781910834,0.2491359280452098,0.24101814901839352,0.1955279549600585
691_453,0.1625268282124818,0.1583090791526595,0.14907525113436457,0.12637687570839456
691_470,0.9690885550998399,1.113701299104087,1.0951188671417487,0.8399148421710225
691_506,0.18338339850064866,0.18047660738324084,0.19159414775572237,0.16155351764228426
691_530,0.10930578594210504,0.11318448491610693,0.11045074210985611,0.09097342065102525
691_59,0.6311121421521595,0.6643604244165923,0.6984044595268614,0.6025723770883226
692_102,1.1131071001893154,1.0720985131712453,1.1267998482244013,0.9619326435775667
692_132,0.345707035156959,0.3190989055867779,0.3157651216138844,0.27918099930414697
692_184,1.407107589110425,1.1898665060574791,1.5410299993505887,1.1402809787706127
692_200,3.7139019211475928,3.9032341808370576,3.8476931831563186,3.4842894936814948
692_244,0.3742364169330902,0.33931980529718303,0.33294713829149725,0.31619583805892343
692_277,0.7440907896211619,0.7129557224894002,0.7155392732465314,0.651942103770281
692_415,0.756751401784432,0.6916691391304262,0.6973092872723549,0.6782740631046158
692_470,1.6206016851605696,1.5082811687858195,1.5583509661137545,1.4137148311865009
692_513,0.37383893981508043,0.3305185182140638,0.3238447280757418,0.3156367155611333
692_59,1.1803098620981312,1.0726104835813228,1.1084194152412772,0.9942502706922657
692_99,2.3287105102616983,2.253922193612271,2.2321069422082265,1.9495639483879013
693_108,0.37766649697413307,0.40356111863349603,0.3883930902257599,0.35426936060727005
693_132,0.3293477088716566,0.32589339191520517,0.3432108773399875,0.31326102866418576
693_200,2.086585621773024,2.39950256648102,2.329200897012528,1.9889144553785718
693_244,0.2462062713904715,0.24755195108683914,0.24772672455911313,0.22386731922406214
693_277,0.6560112062551474,0.6933406182047164,0.6882960999103281,0.5408565810481901
693_470,0.48804026053721333,0.45296689027945836,0.4556463576340512,0.39366122918421825
693_59,0.7739660644817358,0.6944215608001835,0.7934886757090309,0.6423632021850552
693_99,2.3349528787640854,2.42002300606901,2.4112276583029146,2.004188660882335
694_229,0.26839183054277804,0.2394248412559806,0.22510653037263792,0.20844660959397276
694_244,0.14389015841672245,0.1390166726469567,0.14787962074147273,0.12306962253279301
694_246,0.18282483232651012,0.15748687937252895,0.15988876806494848,0.14746005846507154
694_415,0.4949710076754855,0.447868433843161,0.4480477808562998,0.44257131826563373
694_506,0.08524263260205199,0.07666825436316824,0.06443937840066347,0.05925646432491475
694_530,0.05702624947164429,0.05797900617068335,0.04658706508944853,0.020432974337377653
695_154,0.5926755628987348,0.5761293540130461,0.5557144625317112,0.5325271091585034
695_155,1.2800003006935718,1.2899778794659673,1.224263611501409,1.1751060785553769
695_244,0.08768111829993978,0.08706985136574091,0.08313767201655572,0.06993675470630453
695_503,0.536197136881043,0.4992417987208011,0.5163918057920658,0.4568703729991935
695_505,1.0721605461385972,1.0085461904801787,0.9884510583039632,0.9859414699406696
697_458,1.2546808397157692,1.1578892542513746,1.155488668217456,1.0429268440899082
697_503,0.9853358679274218,0.9066657536454067,0.9852992087516155,0.8772941324770216
698_103,0.6326239391754984,0.5894833800929872,0.6021152912855974,0.530611194320143
698_257,0.6956555850950142,0.6695881549407301,0.7060428032281357,0.6525920839311768
698_268,0.2082633505425198,0.20369133509301146,0.2019721882755995,0.17836588350487248
698_394,0.43533778163021447,0.3823752917332508,0.4019941050482537,0.35157008581158006
698_407,0.21053100563531277,0.22725012639671066,0.21789711711126397,0.18578534192192664
698_416,0.3529737373118536,0.3338510647214852,0.33148513492517434,0.3190085012017152
698_575,0.39259676286033307,0.37060755823106273,0.36345628525427615,0.35014242182614747
699_103,0.4407241703354339,0.38325890810427465,0.3598005807993167,0.3388730759638198
699_257,0.6675063400437582,0.7339318709559096,0.6573134795894622,0.6089100920974981
699_299,0.23970299211033883,0.228866824467347,0.2289309692029331,0.19248389848573186
69_103,0.27797365217973957,0.27037358921850224,0.27017993041931887,0.2505162525469769
69_257,0.3996416402936272,0.4616344556152575,0.41175235803036303,0.3590108325353688
69_299,0.14291599784414,0.14584997044855305,0.1414822558046064,0.1359997144881732
69_416,0.27095644824402476,0.2556282483955166,0.26405509082323797,0.2179739989977345
6_155,0.19515133210096824,0.19556198920213488,0.17851605639745405,0.16421441856616528
6_242,0.2902461685375663,0.27569401584724074,0.26751943881503265,0.232446165862261
6_246,0.23133647703575566,0.23066757277114341,0.22802997186721483,0.20510656813391048
6_315,0.6153061617102379,0.5797151639224815,0.7216462002195043,0.5130226149908376
6_433,0.24825423126508056,0.2381907804297222,0.23539660404736631,0.22208294259902056
6_470,0.6093089331371613,0.6493698232313748,0.6724126027764997,0.5044831712846503
6_501,0.9036358960355203,0.8827673056502453,0.9189765373478682,0.8387957135233056
6_506,0.3592208156113764,0.38281411423120304,0.40058953936297503,0.3182155195007847
6_99,0.25069625074126567,0.26012232340729624,0.2496651964277351,0.2356782290042466
701_103,0.27384075388648654,0.2619145744746178,0.27461024561156244,0.23833625342620646
701_257,0.4196727598855168,0.45245121094194535,0.4338563957719653,0.36170543287273804
701_299,0.15251657518697118,0.15139479777283815,0.15141217906024743,0.12451897631467151
702_103,0.5872088964905541,0.553062022554951,0.5353342425023085,0.48242214366163605
702_116,0.38504319982775015,0.3563168332332196,0.3562488281640073,0.33820409318650396
702_257,0.2952826238669053,0.3014061154288172,0.31061167892288966,0.2654588351261526
702_268,0.16795476751456295,0.15619972442212038,0.15797714064268434,0.14185079911699872
702_299,0.15351785375609223,0.14691541975196343,0.14576620694578768,0.13566782852520848
703_102,0.46389829690895834,0.44062279143484157,0.4297921136926887,0.3939803955667475
703_208,0.08417405793901254,0.09196772892072065,0.08272945066079225,0.06562031430778105
703_244,0.10355045565194054,0.11113659573339116,0.1000044871226541,0.09105542503496512
703_277,0.21504786547567575,0.17820826498641626,0.18055303915895557,0.15800861257970356
703_470,0.24723769436111778,0.2088760104997846,0.20053084838294558,0.1754216904332314
703_59,0.21650318606982033,0.24761427192362606,0.17913740388858962,0.16081704512972772
703_99,0.9265454124092,0.8926207059899759,0.8769039078924743,0.8580548996188716
704_108,0.22897614071567476,0.1997617293444297,0.2045017657987882,0.18319814151801928
704_132,0.3461154268829962,0.35051359688103084,0.35261238900355263,0.32683886224244063
704_156,0.18064929141243324,0.1911149374175534,0.180935148087068,0.16394549860332033
704_167,0.1890446366418564,0.17206399652794602,0.16770580041318198,0.15507763132875532
704_184,0.43520490544040324,0.5516387712440648,0.47105178985501056,0.3645531002207607
704_376,0.12818933616469083,0.10217193066714383,0.11053360346926956,0.0896021231774342
704_415,0.34235536901613633,0.357471704685316,0.34085886612147603,0.2807646117946559
704_420,0.32575702321124944,0.3304171951885929,0.29316778149725786,0.27620717092636093
704_433,0.16612164420724407,0.1656219890630399,0.16487471899891368,0.15526089889455055
704_470,0.706520020868632,0.7486136970962743,0.7304479355276516,0.6015988795855898
704_501,0.11996489377807235,0.10420942499385817,0.09460176489840018,0.06314701502638628
704_59,0.8002555840805724,0.7889791168771323,0.8044835139133563,0.7403646342706135
705_104,0.17835628971859654,0.16865156601378936,0.16618602835434612,0.1527493114400095
705_108,0.28725112761458305,0.29512915199437306,0.2880655968299842,0.24263275024116324
705_132,0.23276819769355375,0.2274020335873537,0.22626998295574532,0.2118793485132874
705_167,0.09986518774775088,0.09757352227477668,0.07594769006345148,0.06424918502420106
705_184,0.49994576065716867,0.5462539984730808,0.5439187636495098,0.45211249075308946
705_189,0.9472748081339775,1.1700899631115613,1.1611901815424197,0.6843470339972997
705_190,0.7388475102777285,0.6801255407097592,0.6906015745920084,0.632738927475305
705_209,0.07600895874248492,0.0675725954079816,0.052763887414611604,0.033694698801755456
705_266,0.08273768641415898,0.07765721684098402,0.0723394407036022,0.054551392778345115
705_295,0.1424888985468394,0.15484219775508307,0.15119027885450928,0.1181578165311184
705_376,0.13525543258360098,0.10669004271976552,0.09343193503580276,0.08653215572672072
705_415,0.28525202723837967,0.36306511838093214,0.3276412195048699,0.26768086343225383
705_433,0.14535541370752858,0.13760705083141783,0.13328192839102126,0.12431172042183097
705_470,0.7516927210013286,0.8841988874523556,0.8499393977848875,0.5610876310725733
705_510,0.23649804253529128,0.23770086670685758,0.24405331071630673,0.2137486371916818
705_59,0.7005945512901122,0.6737520384327021,0.690417127766285,0.6628699031914773
705_99,0.21027095431818513,0.2025886654762529,0.22676470451283098,0.18665539186304564
706_244,0.12707488356457863,0.1286944454847264,0.12384354206733719,0.11342545021746021
706_300,0.28476074334564017,0.25655141651146013,0.25782625260259273,0.24346787737587963
706_530,0.07411562336431532,0.07839392095252463,0.06131460878385512,0.0508396925806586
707_244,0.10300212700855804,0.10472232949138907,0.09939816128909065,0.0916496811084854
707_503,0.39865972938674626,0.4882263664180968,0.43138557819518114,0.34024264451750663
707_99,0.0818773068028334,0.08437110032090764,0.084283452740256,0.07091473286395639
708_102,1.3234627524496116,1.4172230182963264,1.359118575477142,1.0356771182161162
708_132,0.7330412128478293,0.7243374947467288,0.7070354314025781,0.5333922380386283
708_167,0.08652790177988741,0.07222411031509075,0.0754144147055265,0.06784180569257081
708_184,1.5975526847453063,1.6048716599822381,1.5830414540511317,1.4691184652892326
708_190,0.7708282320296252,0.7313232917327651,0.7867333155490647,0.6938947672437482
708_202,0.08432851656143732,0.06703555155313155,0.060780681244236405,0.02790727912989319
708_209,0.07813725198849206,0.06463063440228217,0.05955805937544527,0.04877755493335464
708_244,0.6859206721569109,0.6450227899088022,0.6358450149066953,0.6145530884239016
708_266,0.06974665932901714,0.0803130363036307,0.06469529339214576,0.03588485142312156
708_277,2.5759677388891586,2.4310351617292674,3.1744452862123236,2.410970035712991
708_295,0.22075066401283452,0.20257954195619787,0.21557535565715227,0.19123621382203806
708_300,1.1507554315007056,1.0404704808076102,1.0162018853164463,0.9782606557938496
708_433,0.16751156044190116,0.164513682475149,0.1657823881086685,0.15246221448549271
708_435,0.09933856140093551,0.10185915404030771,0.09955042210932406,0.09313113002089962
708_470,1.4434293921332337,1.3676391721750543,1.636529797393749,1.1920438605659858
708_510,0.33903675062777433,0.34078929228691135,0.3313731504619756,0.2924538949596832
708_513,0.30873949641204307,0.30665841581352443,0.29951675726345045,0.2597431538582406
708_548,0.13231371193165792,0.13139057266094942,0.1313710820514935,0.1211001797435037
708_549,0.6232306767044066,0.6123511924949485,0.5276019020968402,0.472273853168363
708_59,1.0637907505486186,1.055321538106538,1.0321060404225053,0.9694749570877649
708_99,4.691913274054491,3.9607711943298924,4.196971651749502,3.5369588389828834
709_154,0.3129683550367828,0.32013381607682206,0.36885602399766704,0.2850076593642801
709_155,0.25228931326863885,0.25120875854979735,0.24332790235521098,0.22776639430977064
709_156,0.1998536300835135,0.18574584057941856,0.1968053662006741,0.1649852385448052
709_200,0.27640601743865967,0.2967914413748716,0.25274911027079466,0.17880958005424372
709_244,0.10452628026064165,0.09778001935139087,0.09651533201388174,0.08935481981182027
709_246,0.2169599903852585,0.2461482231072454,0.2418324264713613,0.15292278707069204
709_261,0.1596214015408057,0.1603285045747482,0.16098915118051807,0.14840437253234773
709_458,0.9046358611968071,0.878301915527405,0.8497284320846963,0.6761506602263975
709_503,0.5299409347849214,0.5270851617309532,0.5627294506684803,0.49008439265204845
709_99,0.7388057210758507,0.7164638834450382,0.742435209555914,0.6417185769759758
70_103,1.0773827472047437,1.0515454079755442,1.073270836108573,0.9604880739212717
70_116,0.5927655973917002,0.666563514841446,0.5910813744405362,0.4462042722414811
70_134,0.13778791207772118,0.14080453017353767,0.1343374305380232,0.1255211294541515
70_174,0.20891571643157122,0.1958319319749327,0.19127224097288759,0.1792533746569426
70_257,1.2090382097444197,1.1571870699761464,1.1191532925550147,1.0408431169111863
70_299,0.1533518179848323,0.16049894533442183,0.14834177970467743,0.1382197787354444
70_394,0.48171881884467777,0.47048298690167645,0.44917975101914,0.4207288970636372
710_228,0.4190178354549186,0.46930989383579713,0.426551215572088,0.3331327306115054
710_244,0.30168574796471,0.33696879987649164,0.3128652782684121,0.28485303986686733
710_261,0.12555546459987,0.1387034883338631,0.14390304545736296,0.10105826495024663
710_277,0.44029746823612254,0.4141112326079741,0.4110227914467057,0.38487455523853065
710_313,0.25271542602409,0.2270671062435866,0.22913339611620828,0.215791839043075
710_470,0.7075949385389642,0.7413285191085226,0.6388444600314701,0.554369141148826
710_506,0.1526214742374233,0.15764536740594257,0.1479361251623705,0.1404416786496862
710_530,0.10710679990168692,0.11136117830092775,0.10223706276651412,0.09303802228491874
710_542,0.17620949386194076,0.14704489604676393,0.1386536133836953,0.0964901522842288
711_261,0.10093464716102722,0.10511406894753846,0.09412095036009692,0.0877532337299094
711_458,0.33691459302343524,0.37274217443794516,0.36858946772313206,0.2489237465555577
711_503,0.359689245038227,0.36671719505128025,0.3989032570329507,0.3145537275805546
712_135,0.6033508804516059,0.6068097746630765,0.5823654095140947,0.501590225676132
712_200,1.1848936340605394,1.0927839983764598,1.078139261859092,0.8686213217822284
712_229,0.1618943555858612,0.19967353234425742,0.15311282922855102,0.12729923940147522
712_244,0.16135922698266925,0.17552318382421142,0.16286149266835842,0.13300232103729948
712_246,0.31650975242141677,0.33414614901151096,0.3342173014302694,0.28083470352857376
712_379,0.12291363489078082,0.12104716215480485,0.08936557760478107,0.04288101262243285
712_415,0.3075715704415364,0.31779218541097726,0.3052422948697201,0.2651425331834001
712_431,0.31847722078237367,0.3169649747459173,0.3175411502536792,0.2927641459932176
712_449,0.22659988989784452,0.20882435182200876,0.22032840798721953,0.13474392222517545
712_530,0.07244830782577309,0.08417156219689081,0.06506203764866057,0.04142933188177509
712_542,0.15325943694318925,0.13440209397992925,0.12403724648253937,0.08508555967241437
712_99,0.17068812045632864,0.16892324156097605,0.17802218207764822,0.1469745141662986
713_154,0.22931573177240258,0.2346509434528163,0.23496261587407005,0.2156626507709006
713_155,0.47358003633335993,0.42720822971423184,0.7869333475294101,0.38000000553934193
713_156,0.145986727732116,0.13306801962064274,0.13028712102516313,0.11975801774168832
713_169,0.23059095048490175,0.23150175006785353,0.2511801634423552,0.2169752242413311
713_246,0.28522909504325367,0.27774963081306847,0.25872985246248675,0.24500771039151328
713_458,0.34609410318136247,0.34046019970198965,0.32163968500588097,0.3039431892539958
713_503,0.4295176754808348,0.42676096171025857,0.45979596744634255,0.3951904735584825
713_530,0.08403058867714465,0.07477690969135412,0.08413508292462528,0.060859457070170125
714_150,0.21050777819703792,0.21028201458451387,0.23529809877345856,0.14153449339594143
714_242,0.305373184487295,0.3305573937639449,0.34053322999335234,0.2649191240556357
714_244,0.5710216102001243,0.6703365396869776,0.6280507967480432,0.3915233770924196
714_246,0.38143380464656773,0.355752270033236,0.36979101012338916,0.32683285995064076
714_261,0.30559488817867947,0.42150503851169857,0.35222279249116606,0.2718940648272367
714_277,0.1835547988176086,0.18850537110600993,0.17910752654149176,0.16024733509938727
714_295,0.24056811383250298,0.21965058928120174,0.20247005807761406,0.18914848471827028
714_433,0.25506977893530186,0.25188991156097296,0.24901280910879206,0.2011501788474118
714_435,0.15107189728690928,0.17002121576938548,0.14790130800274925,0.13070691032516213
714_470,0.5707941140666329,0.5822032202886823,0.5941416105631107,0.42615439764215846
714_503,3.313047808102759,3.3357228742512777,3.0133420112742066,2.1280728191065044
714_506,0.1769477951224675,0.2119884862892961,0.18723198666886076,0.1587978736217229
714_510,0.18590192665163463,0.18264556145958186,0.21043454070694867,0.16817663330989063
714_530,0.09966653706797313,0.1025666282522143,0.09557547323707628,0.07658155991741848
714_560,0.06352061959511196,0.07666821678634259,0.06637838724234334,0.029565629608335187
714_90,0.22991273790241562,0.24733064004889105,0.24026686893192517,0.204447037876607
716_155,0.20818817906942386,0.25397646908339083,0.20678297314267916,0.1830796516942839
716_246,0.27691538905818985,0.2927726546492936,0.30073681174838485,0.26690895112469826
716_470,0.32696478374555954,0.2978222036947001,0.28940151690443094,0.2582245041719291
718_415,0.3753581099763743,0.3483660240162982,0.33412303890156,0.3311691250348312
719_327,0.17556011760040943,0.18376567273819172,0.1852156403629529,0.15549914168721593
71_102,0.5972472144518304,0.5916486093061413,0.6132084523606252,0.5213011216344432
71_200,0.6098254008968206,0.710377095030399,0.6635111909374376,0.5252757354753189
71_208,0.21040535918149372,0.1584707066350081,0.16612370880247987,0.1443290036724758
71_244,0.27268414933676843,0.23574914376538228,0.2339717112292902,0.21579084583801336
71_415,0.3746384435009775,0.399878442348158,0.3897001749777263,0.3116720177796945
71_470,0.4814311177233074,0.5507164469055142,0.5625588342069149,0.4348685061582007
71_59,0.4725221699648981,0.4321276025477919,0.42553015738450195,0.41159161293941576
71_99,0.13895748798225416,0.14681328200620922,0.14454170089420612,0.1232556888113201
720_244,0.1605848866133462,0.15462220986130207,0.16260613574863933,0.135109744142835
720_506,0.08645572634887105,0.09431916752666329,0.09375417422030359,0.07311384274210463
720_530,0.08228179896082526,0.0893831247037319,0.07505557430940592,0.06589792987366551
721_154,0.24619660255817286,0.2724423013623955,0.2639711323086263,0.19808812025930156
721_167,0.10483387922452668,0.08148927229639712,0.06941394968208382,0.06090419079168646
721_277,0.39300336197464364,0.35926892143585837,0.3435273638990843,0.29872063944775973
721_415,0.5076241815982268,0.4971945356733298,0.4435714559963466,0.3147820229914387
721_59,0.5040215517693976,0.4801146196667062,0.50384887717637,0.42058594533522714
723_155,0.4469696687792755,0.4080147660510944,0.4262891246421634,0.38909545229672077
723_244,0.14222525742153766,0.13546885548979923,0.12845292502485087,0.11942003763360605
723_246,0.2532422089906712,0.2491473777650217,0.23512392060071352,0.21910098978490208
723_261,0.19528644598751685,0.18359443030306943,0.17703195000815744,0.17151712100735272
723_413,0.14852341414100242,0.17272406287637634,0.16025534064274027,0.1173007753256794
723_415,0.3094233224417047,0.27544603692521896,0.2649881313217975,0.22065357748778025
723_432,0.123304738326188,0.11994441658024181,0.12806848628413275,0.11224989329137336
723_503,0.903128804540977,0.8389620466618629,0.8976714438440855,0.797111310235007
723_530,0.07487800599465566,0.077878872696432,0.06795260056836304,0.056006469280243394
723_565,0.5961242641348586,0.558913816367984,0.5940068914066828,0.5298847231232392
724_394,0.6127869559878427,0.5368021060784509,0.5484076918245481,0.5263338935578711
725_157,0.08047832015395583,0.08568082666156984,0.061054548765054006,0.043984063897325044
725_244,0.5760882624968461,0.5698183905557164,0.5477412425745967,0.36740790444454635
725_246,0.2961808329566658,0.3595651704519089,0.3116343473646532,0.2515186533033162
725_261,0.22748067067765465,0.21628723072029757,0.24551492504011374,0.1928546943246061
725_277,0.18724046055155893,0.18580343326707416,0.18273766254865478,0.1754968366059756
725_415,0.32618549627040655,0.2855409643945655,0.33495217947359013,0.26796289053304184
725_470,0.4971473578733327,0.39709134762265635,0.4983333376533499,0.38168227674451866
725_506,0.13072486805788278,0.1449592790006775,0.13671705212114899,0.12417052015842045
725_530,0.09441808229174249,0.09259230537731737,0.06895367086212552,0.05040532966950873
726_116,0.26975918599624427,0.2929951182571711,0.2949624038810113,0.2503593222030904
727_102,0.6505034485446073,0.6503069369700392,0.6430113274342715,0.505483056605714
727_108,0.41236615554009276,0.4070866845034525,0.4269034000855112,0.3706450664061445
727_167,0.105168153475729,0.10336176040990552,0.10885059393596201,0.07418269755402598
727_184,0.8298704223514859,1.071963407980175,0.8190316299887285,0.7021480539686622
727_277,0.6652919820697674,0.6862984674882363,0.6506491732071095,0.5719103896035032
727_415,0.35700756723202315,0.3346404538219898,0.3327704809745664,0.259456920332418
727_470,0.9473646136835766,1.026227270502228,0.9542086521811856,0.7413491299602336
728_132,0.2732577416817567,0.26337574825299026,0.28762704049188076,0.24639531996539013
728_156,0.2947511356250539,0.2882536220647977,0.29822713241567295,0.2651970102252281
728_244,0.24814295093688585,0.24728444846335731,0.23949291276318477,0.22961702761732408
728_277,0.3816866030280614,0.3657236899117286,0.34927589359981587,0.33281368972201003
728_470,0.7285500733568653,0.6938854717237817,0.6905015534821937,0.5945704406949467
728_59,0.8309255708797706,0.8202117341425742,0.8104234871822141,0.7545289219060033
729_104,0.15291355546562377,0.15764346835996543,0.16056667294975063,0.14350623247027067
729_200,0.5444574629577765,0.6852272763025631,0.6771034433266007,0.4847301719040462
729_415,0.5819415153068289,0.6006577727874457,0.5283892179719367,0.42831110236516773
729_470,0.6751250446596465,0.7664694582151775,0.762315494834893,0.5267832197282962
729_59,0.8099943057194047,0.7954610569651525,0.7940638270682339,0.6842117137503748
729_99,0.17297998095113026,0.17859484963867825,0.1682410941128207,0.1611617714140709
72_104,0.16638009834272402,0.17743206846543028,0.1814558172876148,0.14159225205096157
72_154,0.20426978293527032,0.18707488749603673,0.18643467891463886,0.16059299613045666
72_155,0.1793663663135074,0.19983447993728073,0.19440487069933562,0.16558769217550579
72_156,0.30703440974602114,0.3164949800599824,0.3056774736413721,0.253454063348534
72_189,0.47017179294833666,0.4411033647778848,0.41333150306649014,0.38146353398532246
72_190,0.2396007421618052,0.2531613003904016,0.25476528195761056,0.17796473298335347
72_242,0.15522310684486207,0.14940823403627726,0.15151113436170605,0.14234735498059056
72_244,0.23966924954848676,0.25504504454249455,0.24279065996246402,0.21576979786541572
72_277,0.22255238942723443,0.21344687353585642,0.2040540065053136,0.19343444782005065
72_295,0.225600522853702,0.2338265064081562,0.24176783578510522,0.21122726050887622
72_413,0.19083244191891233,0.18045979676862467,0.18071888971404987,0.1540724312561566
72_415,0.34884632660173537,0.4121173408679424,0.3817679547393962,0.30811528893660695
72_432,0.10172617939985709,0.10480244790123097,0.10446462195134812,0.09645592505307331
72_441,0.1401729041170039,0.14158771823980856,0.14024557777387991,0.12601084460027054
72_458,0.3374574002751033,0.32157717219166826,0.3116462969762633,0.29144506675152154
72_470,0.10635278375004369,0.08668896242789915,0.08205090113365548,0.06821733570695296
72_503,0.5431308211709702,0.5282102350749263,0.5167641598185053,0.4187542298408979
72_530,0.06956115396094889,0.0786365195060814,0.056007649252329074,0.03300357018895318
72_99,1.7132151017848924,1.9435070087316433,1.5617204211441544,1.0692681551320988
730_134,0.13104905157915722,0.150133231191285,0.13253975653017244,0.11564259992425693
730_257,1.0548744340181064,1.053015952296794,0.93710983506269,0.7400619129992401
730_327,0.13584461163284256,0.13243071334162626,0.13591624129198154,0.11107765623869666
730_416,0.3084045795278691,0.25895911204259053,0.25650953051756437,0.23992792677669594
731_103,0.8434920254346013,0.8047157503350904,0.790007673898613,0.7605997029458093
731_257,0.8188640221471504,0.7502601046400881,0.7237941417539133,0.6962330845654459
731_268,0.38571243179298786,0.35745230279939405,0.35216861299016783,0.33519120570749583
732_174,0.49974735814054455,0.5092796041627894,0.5041981304435409,0.458665280508771
732_257,0.5144755312351555,0.5474416860316419,0.53272510563249,0.498820003780089
732_299,0.255089276510465,0.2536470501103117,0.26258135354414736,0.21711118916775146
733_116,1.3403198799737164,1.3275636948278986,1.408105945656737,1.1414802425778479
733_257,1.9807794769823093,2.2098351585527998,2.6778886089896967,1.411136108993625
733_268,0.6909098844836901,0.6693961171149795,0.6833119623997619,0.5859555625499775
733_299,0.2688739825893475,0.25530658589462146,0.25205715459882216,0.20274798246405426
733_360,0.07634306593800967,0.02338604049365954,0.009048792508328286,0.0
733_386,0.4309511879048025,0.4002327042550222,0.3676599845941903,0.3255349365963222
733_394,0.7300265794779363,0.7368039003708775,0.7188907689820601,0.6648748683629034
733_558,0.9504078163820738,1.3715745464976858,1.2829562900517038,0.7479913453395274
733_575,0.9100399852875195,0.7925228109634488,0.8668461813678955,0.7159778969103411
734_135,0.3473513596567741,0.41364684484366193,0.48602369222805347,0.25292529278110587
734_154,0.27568130220180487,0.2717982052343176,0.27345131616877016,0.23342977701170609
734_200,0.7359575163725498,0.6487797182449458,0.6806853106758655,0.5386798336932206
734_229,0.08850320445358903,0.09448344281856559,0.07970878003875087,0.04768317497626647
734_244,0.14427796025353645,0.13985076278730296,0.1347207110324333,0.13021304496934752
734_246,0.2879418298394972,0.28615008155620875,0.27705402821775443,0.22310791582993592
734_261,0.15974068521575446,0.15154546050384726,0.13996502247489861,0.12246666571795445
734_99,0.21952281764982937,0.23223138332172416,0.23170584052745813,0.20629811320769828
735_200,0.4002625463037867,0.4142723310605147,0.4282248574318368,0.35962882226006737
735_277,0.9840946363632838,0.7550960918293697,0.7447473296051002,0.6211956718263225
735_415,0.3050612624237907,0.400724977654108,0.31908734317168375,0.22957679263422476
735_59,0.5359795297696626,0.5277015221943414,0.531352006663114,0.5066612637268456
735_99,0.23126785759795712,0.22428233430341468,0.24442305584797708,0.20274426747702498
736_246,0.2981305949666996,0.27720948721730376,0.2944637624784997,0.2666792175658358
736_503,0.8181650924287854,0.7957447230404432,0.7995474438475579,0.743701713086175
736_505,1.0302539843044638,0.9707918338545666,0.9340074415326823,0.8039591130441376
737_135,0.5394004431850011,0.604848232573291,0.5932166290068301,0.4624883803004684
737_244,0.15715171288068477,0.15014955887295242,0.1465281023429474,0.13616072169229262
737_246,0.207995202911451,0.2002866218329798,0.19828211880767566,0.1722856739468688
737_432,0.15136606417604953,0.14187870786853227,0.14147888612717172,0.13381140077831258
737_99,0.12852890010727097,0.12432093325083317,0.12116701796772215,0.11653359183087433
738_154,0.34189627977965364,0.3765196888003246,0.340511006449441,0.2928457911166959
738_155,0.14003239761090738,0.14254845393526286,0.13542993455602342,0.12336485385354962
738_157,0.0789080716102365,0.07671427430565873,0.06748948666638618,0.05393855265385435
738_187,0.09225792717795542,0.08773428063427847,0.09149149904473268,0.08431058170326411
738_229,0.15055637657453838,0.17105384682382527,0.1520294071058387,0.1232500692050198
738_244,0.12847904345696148,0.14022413129457612,0.1329491772763127,0.10710990130957071
738_246,0.46587124939615293,0.47573907931759485,0.4792806593188086,0.4100550013431221
738_261,0.1235057132735541,0.11799266559584501,0.12285642057535516,0.10889180630674956
738_277,0.30851018571726185,0.33176714525857415,0.3889706762261034,0.26398083440275616
738_303,0.23278241068333205,0.2326256638737131,0.23828892108159724,0.21349679270161315
738_313,0.10412642934840971,0.09879767312939262,0.0948578055521739,0.07830616698594432
738_413,0.21363835470861853,0.19110619233266543,0.19553732765117474,0.1640878053834647
738_432,0.33062650118937725,0.3325176761837195,0.33266961535179307,0.25872395682497673
738_439,0.16394892536320108,0.1854025590130995,0.18875703706380315,0.1529321684809744
738_470,0.9645849804761837,1.1036112163956375,1.1284930773613575,0.6927642541432049
738_503,0.9119832092632638,0.7459427784172102,0.8415610093270873,0.5791495127026204
738_504,0.2623576587067425,0.2731400854680147,0.2837201008163481,0.22968211513675593
738_506,0.14319147895342993,0.14593511715923893,0.14449658931340412,0.13155905219008426
738_530,0.09667533209921528,0.10160754780985236,0.09544809879218213,0.07881578457759873
738_542,0.18326101778167475,0.15538480689475997,0.17140313059456277,0.12576445907989098
738_99,0.17823343342385603,0.18824479618869835,0.17994484141226513,0.16466661803694838
739_104,0.17604127759160862,0.18556648996391428,0.17978599071787005,0.15052734594630238
739_246,0.1316719574309023,0.1296589747105946,0.12513631363663072,0.1187991160953934
739_261,0.06663884198297572,0.06912961924033614,0.05974477557054011,0.044150940105459724
739_458,0.2413264598472383,0.23552972045828144,0.239946512777292,0.2227589604955413
739_503,0.6229364107337576,0.5660645092447901,0.5477366154749688,0.5178928933915934
73_104,0.17612524334086882,0.17407315824080183,0.2106135195017879,0.16242910353938952
73_154,0.24620984811029048,0.27023244150806763,0.261728327991847,0.2025063885005019
73_155,0.15517794501018614,0.15665543840656448,0.13501511241643552,0.12381573572729326
73_244,0.16248100054369735,0.16801302147341998,0.1654924392676586,0.15213933370251756
73_458,0.2388401466482803,0.22876710086444285,0.2233099345122128,0.20250344872126347
73_503,0.5306099080876563,0.4923221858118685,0.48353270608932797,0.4406103753584844
73_530,0.07284900176614519,0.07833330701089271,0.07852153208631536,0.04558273280450124
73_99,1.7563182332069354,2.3758047473297923,1.485113424467148,1.2422849764080723
740_229,0.17213378869924242,0.2654946765087397,0.17018403043316863,0.1219684157251807
740_277,0.2707772082712874,0.308060056421847,0.3564714927834469,0.242276142066619
740_370,0.14858374726678336,0.15003361740220872,0.13558865903045883,0.1261526643665014
740_415,0.5055828448436189,0.47422601042029133,0.46341898857976793,0.4178796361488162
740_432,0.24223780939829076,0.23538006560318633,0.2325070948620197,0.21153959573940828
740_503,0.6810755083439788,0.6247782143179745,0.6578504973801991,0.5439795744595511
740_530,0.055099097643307816,0.06673290440841023,0.04123736721090253,0.02977776425847319
740_542,0.17775816239042086,0.15974558223099947,0.16978709316378324,0.12795214998751744
740_99,0.17803998713178779,0.1817513336414676,0.16953477616488205,0.15643906956946096
741_155,0.1847792058396704,0.17761750925794026,0.16309176213947432,0.14655206826718892
741_200,0.6584746289862493,0.6150998808290391,0.8062578309601756,0.4685223847523779
741_229,0.17683686611270844,0.24214884282115978,0.16795324240123147,0.13500706392149606
741_244,0.1269012446938852,0.13174108248526928,0.122995469326455,0.11000120540372658
741_246,0.3604314379425681,0.38405379030498743,0.3829841064718837,0.3273330210328315
741_261,0.12822756769912347,0.12361962458406091,0.13322757630770898,0.11038145253486248
741_277,0.21811635357094813,0.21840899084429252,0.22274953539645553,0.19964679320506173
741_415,0.46598880933639575,0.5203760136272222,0.5087757322249753,0.38856459135146504
741_432,0.2984820261153105,0.31064886979182316,0.3035867261057739,0.25551688963852226
741_503,0.8378071364338358,0.6254478867792275,0.8157373214416704,0.500351819705099
741_530,0.09523319647346101,0.09939156534320372,0.09496174808224987,0.08019994892457694
741_99,0.19689037518672978,0.19916720236035362,0.19966479176801907,0.18452602879071184
742_135,0.4653987078794869,0.4432948536186986,0.4687573883454724,0.3819718452022998
742_229,0.09977187307942265,0.11058757413761583,0.09144779943337106,0.06431465118634891
742_244,0.11248599714790501,0.11807931770415585,0.11804430029441737,0.0978391203556563
742_261,0.09318147664903849,0.09796483189094153,0.08570386324689795,0.07883961986737505
742_277,0.22541782428797205,0.23538283402846444,0.2518877042316794,0.20040775799884683
742_379,0.14827524267095687,0.13766670180666643,0.12990897943402732,0.0851563626988803
742_415,0.7277790771547162,0.673489266400811,0.6747373881784485,0.5999889507643137
742_432,0.26534039905922574,0.26331625952122717,0.27708699504090034,0.2139987992473029
742_503,0.7127846676723176,0.7851432579867231,0.8839879053729263,0.5239366791723696
742_506,0.1490732103159447,0.15124308617483767,0.14801643498485012,0.13212964937144264
742_530,0.08627577553094114,0.08689345048761685,0.07913379055024121,0.0698608760442133
742_542,0.16766043169260303,0.14130609135635785,0.14092526505319328,0.10961801813677136
742_99,0.18943500147502998,0.1862710721189898,0.18201305789611577,0.17916815286039448
743_104,0.0841711050809999,0.08689099140311342,0.0788850709485093,0.05883224930925605
743_155,0.1698560303554265,0.1652724102519003,0.16197654117285465,0.15151937275754293
743_156,0.10914472020984167,0.10755691622315748,0.10027162480208203,0.09854319294518833
743_167,0.0643648112771185,0.06291668714826172,0.03793902013010666,0.004747911810556507
743_190,0.31445211659000283,0.3155794419716389,0.3115342280791188,0.2798046130024311
743_244,0.10065422358896235,0.10711879466505687,0.11146535528666036,0.0925661758405304
743_246,0.18153751118908898,0.16856496493653353,0.1642877424897279,0.12286644480073829
743_261,0.11080906924809919,0.10406998518205862,0.09678261678148449,0.09514872128423862
743_458,1.9494631286390793,1.8307335458457938,1.7422449526308104,1.4954910996917539
743_470,0.13477212608216582,0.10010930892166924,0.09766903971635789,0.06496388610369215
743_501,0.10316465537013159,0.10245227728624468,0.09255673803625203,0.08084087639143463
743_503,0.7784831171823635,0.7477789805808969,0.7308491080010128,0.6971181231452698
743_506,0.1792609588899531,0.18723898200945455,0.1807116819321528,0.17164947950513457
744_132,0.20664039809012796,0.20706191319319944,0.23046261618381136,0.19450135619361653
744_184,0.9534339740990885,0.9230852449965714,1.1048863170538847,0.7219910144801691
744_247,0.14957388854032583,0.13447852253013012,0.13801332757410018,0.1305782288699823
744_415,0.5564858197052737,0.592498047884,0.5706507502840458,0.3839960100890495
744_470,1.1133770780063144,1.2443295131361678,1.191126811989494,0.8014087230620772
744_478,0.29130497352360174,0.27717247507490383,0.2716864053326257,0.2560245134558415
744_59,0.825063931909821,0.8054025413909147,0.8477591795029477,0.780326610938027
745_187,0.1425445055974739,0.15252357391947544,0.14635500646943134,0.13246347872744535
745_229,0.12249460048011615,0.1320371855335883,0.11099447482063672,0.09130138298283083
745_244,0.08011039952385672,0.08540922751606062,0.07563727047780558,0.06939370314255727
745_246,0.26600947699926814,0.28312390135116006,0.28620592638228104,0.20946082812256683
745_261,0.08066167987749993,0.08709651747873232,0.08552238203672183,0.07442627309522515
745_313,0.08304893012802798,0.08354096469978271,0.0756791623388469,0.06710969468616962
745_470,1.4826381339388484,1.6191570859209679,1.495189649330071,1.0467419766594503
745_503,0.9000907894941046,0.8967084665255531,0.9275804120070222,0.5670144920947303
745_504,0.25544045388063674,0.2739331327560031,0.2497838449806053,0.20900499019261437
745_506,0.24424633553859165,0.21643620073946457,0.2056279059585599,0.18071693488280238
745_530,0.10214411678735595,0.10703071749560923,0.0979806349184023,0.08744306268531174
745_542,0.2948808372437187,0.26428440902643824,0.29779480026671856,0.22515323229435166
745_560,0.08084543849211921,0.0740731972293511,0.08367556464323622,0.059596307502578105
745_99,0.15352443459639353,0.1532359816708345,0.14841693155163144,0.1401681164072511
746_155,0.3591174995052912,0.32134924852972635,0.3014415628432407,0.281554366960814
746_503,0.9139722319730502,0.8259747830957499,0.8935732681827542,0.7671016031894008
746_505,0.9744398557042381,0.8122668353657967,0.8612027878313926,0.6730127973306383
747_116,0.1583677563968693,0.14597672230328873,0.14487820276182317,0.1391806278827362
747_327,0.37356848210317256,0.3357764436663945,0.3617268912691445,0.3180129267781517
748_174,0.2292656058036903,0.22863640029129254,0.22916792867142263,0.2016593987616605
748_394,0.4844750046505804,0.42858084042823197,0.45485628600917316,0.41858102287154336
749_200,0.47934679076116105,0.5051392267192673,0.47676317895373477,0.4012143490020399
749_244,0.09155560473027137,0.09209675264164656,0.08958309686187159,0.08359918842447323
749_458,0.12256900848841082,0.12006571744880941,0.12747356331735835,0.106022818521625
749_99,0.16376075914318605,0.17977684724715798,0.16849268318870722,0.13997294496417867
74_120,0.6683195854001689,0.5563352480209214,0.5138219846538775,0.47905708240432987
74_185,0.18108014688111135,0.16942671316290114,0.16678051120966994,0.14765208762482976
74_238,0.11424518240712028,0.1083189490244973,0.10904869648023253,0.10330422815352175
750_200,0.13804063087498106,0.09760671211412152,0.08793000406483481,0.07787971010131996
750_458,0.713894802998142,0.678474960028026,0.688158520300784,0.6736362489955039
750_99,0.6749295735446482,0.6464784595842955,0.6394465803688033,0.6190534438078775
751_229,0.06641917701794117,0.04207539774838947,0.04497146161820025,0.02863999291202162
751_261,0.2209349136151944,0.20734800449331936,0.22162804493716926,0.19636384393809395
751_99,0.8741531188356022,0.8290425271998917,0.8053103122113334,0.7938370945385139
752_134,0.13355303809650806,0.1323142201474092,0.12922298599132417,0.1129957543610858
752_299,0.13906250346027216,0.14358400859488019,0.135871137814977,0.12532276797035297
753_154,0.25802530111846844,0.23662067746122326,0.23286592990560137,0.20848312241558786
753_229,0.08985173366151973,0.06966802691872145,0.07094276436866165,0.06179279654017872
753_261,0.1969543609984316,0.18372754283534753,0.16100014597607157,0.14972405329102917
753_432,0.23616443579522609,0.19787813912237845,0.2154778487859263,0.19347793456753654
753_530,0.06132364975061512,0.05084306435984888,0.04418680805348005,0.023056010200847618
753_99,0.9007196530112139,0.8661382797361299,0.8539481343827029,0.8361749469827018
754_246,0.27829692522713473,0.25119278804597106,0.24739600549720864,0.246891339260224
754_458,0.6231146298231328,0.580637569435534,0.5752624599774951,0.5628754118559077
754_503,0.5617853276820347,0.5628461873114418,0.5372474735792785,0.4923836566013633
754_99,0.7167189679822167,0.6942225558839121,0.6998839393283176,0.6538069060173818
755_156,0.3430012288590144,0.32433591908944365,0.33065186803387603,0.3161082406587571
755_458,1.5660860676355872,1.5948811283322348,1.584919223393565,1.3159763059607497
755_503,1.6313823902267817,1.5727819029655172,1.5612632914788305,1.5152761875279939
756_102,0.7591728632360266,0.8460906388935896,0.8527133693860814,0.5935743383732018
756_132,0.38788800992515227,0.3989555335448609,0.37650449777914485,0.32352348369391504
756_167,0.19077838551688053,0.1667699066833846,0.1660950500643554,0.15515646729778143
756_184,1.0509845494895664,0.9828303430718311,1.4114573967676938,0.7779810691484919
756_190,0.4778951694542759,0.5565673466431238,0.5264721450746113,0.3490172043275369
756_209,0.08687969005672248,0.06153461961962446,0.05555015019698762,0.03878413126462292
756_244,0.20608530773490882,0.2142064913471956,0.2106653256800035,0.19487126756038142
756_247,0.22519950103243552,0.201499476438686,0.19494872972763022,0.18541292765791093
756_266,0.13107632852926612,0.121970204701716,0.13206145604373315,0.09600049427805885
756_277,0.9252823502989995,0.8594392087647399,0.864210334179704,0.7301569233858296
756_295,0.22624583290344846,0.22536478949917488,0.2394606561606999,0.18692043641794956
756_415,1.0620242550442893,0.9390257212203704,0.9691025978407174,0.7551564435495197
756_470,1.078976130229107,1.2533928560889416,1.2261140870209195,0.8067828716720138
756_501,0.20205330219789988,0.19824598137438335,0.19443775250294085,0.14353285748577285
756_548,0.14565362969998663,0.15589119135446317,0.1563974638505749,0.11847293391726987
756_549,0.7782129981514125,0.7219491309527126,0.7852033363360839,0.6787030209019178
756_59,0.4969348982087766,0.48037650260217224,0.4541189245385916,0.3799347741444603
756_99,0.19004519514513696,0.18822664388557164,0.19079858321388726,0.1684314066002758
757_154,0.43552058589432735,0.42229369135660366,0.43034026713188983,0.3865032966043226
757_155,0.7856165704645902,0.7623229679070229,0.7560065048863583,0.7316856834190215
757_200,0.20100126583190772,0.17381399032092865,0.17312970078394982,0.10616073032390613
757_246,0.24395893369791893,0.23117117028747933,0.21003494275416,0.17647146920778203
757_261,0.13667430168337683,0.10821439523488144,0.10793336158125166,0.09915037048117711
757_458,1.2277813110744484,1.1754057642612974,1.1801374128180462,1.148860717242087
757_99,0.935248016207367,0.8912805445298758,0.9441884015938357,0.8673152903221629
758_104,0.14146730990384726,0.14510699262575477,0.147727706835079,0.12640781209037166
758_108,0.386628931563865,0.367496514950451,0.34431641317915107,0.3221960275092195
758_167,0.10777656405138895,0.09717069998957295,0.07722996688390335,0.07329358414739724
758_415,0.33926029028300236,0.39592849932029106,0.34080593570285733,0.26893514307726013
758_463,0.09661531715422088,0.08103593994922459,0.05850369832503023,0.040739024732796954
758_470,0.37812503729352825,0.3764073924047161,0.3881753732787657,0.31584430678169595
758_530,0.06796282831139996,0.07411688867560327,0.05508244090745112,0.04417836966107704
759_102,0.8371695688982701,0.7929067598407933,0.8099197942259397,0.7246281045438034
759_244,0.1665380260951143,0.14958824864666564,0.141419007001891,0.13316875247416476
759_246,0.1959423823888833,0.1634406039723461,0.1642558578037237,0.1609200875765004
759_261,0.18785745891461664,0.1685433707202655,0.17925070993095196,0.1610860481956165
759_277,0.06430692991614637,0.05195430341017918,0.05732406293761353,0.03058843846732348
759_503,2.8606572834481483,2.9992538891907268,2.8813103110327005,2.601094089409326
75_299,0.1254315827332056,0.12126159739699308,0.1220923516172286,0.11145221287430135
760_299,0.10020405507695669,0.10668577079442661,0.11039616563322135,0.09710125571031251
761_458,0.26289334047594953,0.265592728890885,0.25466815513132496,0.2452428240609769
761_503,0.23158561888723952,0.22133748810894596,0.22485220824334506,0.21347941460435874
762_156,0.13472573983936836,0.11085353413567267,0.12209572416369352,0.09379324513683489
762_242,0.1670032787122311,0.1531774780318147,0.1598615888872888,0.12035352516619471
762_244,0.20009733859325127,0.1977874098026215,0.18706709866373217,0.1383288648391583
762_246,0.41239510410861974,0.40136083964592356,0.3812048322296572,0.36119444726741057
762_261,0.32472601614187147,0.3142389940022746,0.317062500678152,0.26562772415266844
763_155,1.259080314542537,1.177436810512981,1.1692410764966386,1.1646368266914024
763_244,0.08972240511725524,0.08322980095586889,0.08152764420298167,0.06831485829645831
763_458,0.20795362696505473,0.2195595341126068,0.2170417196704376,0.19486861672111908
763_503,0.32693459529525165,0.29536985041243646,0.2822330076512114,0.28191013337913384
763_530,0.06362555290376566,0.050198180556330275,0.04934614960301916,0.014049896785122617
764_10,4.424580464154629,4.269181916086653,5.859310613865714,3.0108079790988347
764_135,0.3134579742322672,0.3334969796665671,0.3323688898546048,0.2790072510202596
764_146,0.46227835103946646,0.43061763249386176,0.4280131453810141,0.39004688834172396
764_154,0.22958012371017722,0.26722067177779524,0.26024229867470516,0.22361985322310782
764_155,0.1100708834307526,0.11066724271775061,0.10727913723584936,0.09695359213193293
764_200,1.1785707686861175,1.1599264544177283,1.178510011935004,0.9653922815544045
764_204,0.10158390924928422,0.09920484488548004,0.10123122227096949,0.08009873383119463
764_246,0.20296564580869011,0.19773202546862137,0.2013267745672313,0.17685704591085405
764_277,0.26307978770790735,0.2217266751910768,0.2230793128256715,0.19629842245745985
764_458,0.2738218487599098,0.26916057014914485,0.2600392886235628,0.24815474316208322
764_470,0.4310083549523404,0.36821467764071447,0.35018997039687355,0.31947142797388145
764_503,0.3933663351612338,0.4082998318157607,0.3929434104240857,0.33919060171539345
764_506,0.17074792135614772,0.1743369181493796,0.1709309775976218,0.15940909595425218
764_530,0.06767176512026302,0.08192159162148942,0.06557424285334788,0.03379980669802711
765_155,0.29444036546105057,0.28522622840905265,0.2748763396056325,0.2568219378144296
765_458,0.7252745436487026,0.6905279045512909,0.6948364582457071,0.6624186873781684
765_503,0.8114514377339621,0.766956719819773,0.7600877139587461,0.728542427722742
765_99,0.38919785383779926,0.34038925338324827,0.3487616810715397,0.33706525304075496
766_299,0.13498131005276992,0.1368880554372513,0.12705824039184377,0.10312044098717528
767_154,2.2318295905761323,2.227912617837992,1.939030975794696,1.8569136454877513
767_155,1.407994083721477,1.492440636843656,1.4831758291115207,1.2273125572986996
767_156,0.6836818421170079,0.7284001816454658,0.7046703156795413,0.4737787931883342
767_244,0.45949972789964466,0.4500591321158126,0.4506240410355322,0.4379800741039679
767_246,1.1165937829371058,1.1678566101211332,1.179372105552981,0.6734289593346544
767_261,0.6242891719437036,0.666931423223282,0.6145296499066795,0.4572567283943556
767_99,3.877009077508947,3.869011501268921,3.780708935322489,3.6990866196000036
768_246,1.355475956989559,1.2845580980790756,1.2676217455173302,1.2196815800636749
768_458,0.325020557789489,0.31084141209016847,0.31007610398448465,0.30609065225729226
768_99,0.09469817039692699,0.08311697932538512,0.08232641368625743,0.08116870470365982
76_103,0.7758894019392337,0.7055342227924644,0.7117551381366934,0.6237497914628608
76_257,1.1038233344372925,1.0320997683312445,1.0175445433753603,0.9358069947047645
76_299,0.2982544420185529,0.3227200255950087,0.3411490073597103,0.2531311024773722
76_368,0.18032794539757135,0.17385538065151676,0.17959323155710413,0.1610872331316415
76_416,0.36833484140624506,0.34468067951354014,0.34259207787971635,0.31967979941525243
770_116,0.18298621347473937,0.17692484466620323,0.18070850250785972,0.14435346674258118
771_108,0.25096247944124844,0.25253082100164653,0.2515842495481481,0.21538448679239858
771_132,0.3211648903758993,0.3152447752959926,0.32198258108492983,0.2587356447177956
771_152,0.13183062158416664,0.1499769569251923,0.15064710431986408,0.08215904259549449
771_154,0.23624637278372354,0.23660494822135142,0.23740866132577976,0.20209604398954178
771_190,0.49393363770492194,0.5343932405447392,0.5252424908632256,0.43387176372627706
771_277,0.45950448541315747,0.45698264645261144,0.4524557349230655,0.3496895496537069
771_370,0.13259441356595347,0.13349689967105183,0.1308720622254285,0.1153897349619823
771_377,0.14158944415587352,0.12341308883144378,0.11173949070072113,0.08836023024171841
771_415,0.19224681090575907,0.1747789224554598,0.16958523439192263,0.13914369705031623
771_463,0.1542759484973906,0.1326259230493902,0.13225725895363843,0.09206479405653144
771_470,0.41392913480796323,0.3893921484494943,0.38688024770898316,0.3359006384420132
771_554,0.6217534492190173,0.6049418949923043,0.6073797307979971,0.5700094559646919
771_59,0.5458260175592763,0.5924659808167567,0.5996703935834279,0.4834997050479619
771_90,0.0864380476164977,0.08373121777323542,0.08481807856620717,0.06604241075710648
772_116,0.28550180271687053,0.3013785719727413,0.2919928804903586,0.2552754797898367
773_266,0.06636133046144851,0.056850753275593094,0.06942270127915093,0.010051006012701359
774_154,0.5077629346440429,0.4820408277635218,0.4835738504958521,0.43543744489678343
774_156,0.10316880369649781,0.0924492841134045,0.0863118568750284,0.08031703593727713
774_59,0.06866937463387586,0.04948817758887175,0.04963096407118674,0.03898021839085132
776_154,0.32579190328870955,0.38133124869619484,0.33225369727532994,0.29179291796483164
776_229,0.12003901550951514,0.1815172633211679,0.10139147435462434,0.08463418143178497
776_244,0.10463400474002392,0.09847917064682833,0.09546856215538731,0.08905045246839716
776_432,0.14729668699825804,0.14904639780054532,0.1483810390144587,0.13694629762250946
776_503,0.6281826255327412,0.6279313936828117,0.6922050610645801,0.5001714220473996
776_99,0.1513455393145631,0.14344059181340194,0.143124678817707,0.13084819929309302
778_104,0.2802366130144619,0.2787887855253649,0.2816815639919122,0.2529538950351554
778_132,0.5558092729539001,0.48839988700659165,0.4935158050671373,0.4741130187006631
778_154,1.9573610208584853,1.9028458218076412,1.8896163893464712,1.7696980306178127
778_155,0.7733289993865367,0.7321842994289222,0.7284233806396181,0.7150351576687617
778_184,0.1469821464573196,0.12848887024301248,0.11567100086472454,0.10016768707076178
778_187,0.23306857814160742,0.20042024338321757,0.22270714450220502,0.19693580172312605
778_244,0.5610597217813917,0.5162714742839625,0.5150768532297856,0.5060458903501238
778_315,0.0710934892294656,0.05539124931497868,0.0632962976500277,0.030413760110951454
778_415,0.3496266912317384,0.30888476795962827,0.3198940623837703,0.29814187998597
778_433,0.16968700993140168,0.16059926710952954,0.159706386869415,0.15207558564345255
778_506,0.3896430110375819,0.4345161426550417,0.38284838424803397,0.35447259125015973
778_99,2.784406647941264,2.6591672472808234,2.6793205996032596,2.648962858467589
779_103,1.1352856210589641,1.0115612736940713,1.0277906595411954,0.9538603440457172
779_116,0.548676118365781,0.6222655010600615,0.5939685939480936,0.4512855878395576
779_134,0.1646476279269603,0.17218127526657007,0.1738310124826109,0.15430199591206697
779_257,1.472137771677446,1.2245538490378776,2.0996012731625746,0.89906179959192
779_299,0.1463673986133798,0.15064296071378275,0.14505482598163114,0.12296724098766705
779_327,0.18824828163914276,0.1869696677423337,0.189539646986908,0.16579676894259224
779_394,0.497490062700896,0.45707809218956175,0.4560558479977097,0.4178364802356105
77_299,0.11032618920246488,0.1073589581694992,0.1027627643585402,0.09035110167733365
780_411,0.39312741054674954,0.28884564997472983,0.4396477161416208,0.2525834197985361
781_154,0.44356877201132544,0.40708990154039626,0.40807574286179027,0.39121392632033136
781_155,0.501427138719904,0.4610008498483762,0.4596263388331431,0.45514087335683606
781_156,0.12878024015080314,0.1208304708530147,0.11366756557084708,0.11353319778871021
781_244,0.19560034604761858,0.17095917811691247,0.17668487189092136,0.16124537641035638
781_246,0.14463948838323687,0.14420602927854975,0.13747919418850613,0.13387359275139282
781_261,0.2876369730602066,0.2576618398574669,0.2515996107022591,0.23681691330731036
781_458,2.1040335420046996,1.9095342678586555,1.9753575117263162,1.8724700862550563
781_503,0.6785691837047474,0.6200431658138241,0.6188825614341418,0.6129408856569689
783_134,0.2114810674530549,0.19016631951084872,0.19103967000529382,0.17138538932942352
783_299,0.12318403838599025,0.11965984736015593,0.13085122876958322,0.10678238179526486
784_154,0.21807961846719212,0.21048056022783768,0.20967707492927246,0.19710500199003725
784_155,0.38562397598436854,0.35839271618200946,0.35340539564121765,0.3431061326354178
784_246,0.5474138953444792,0.4916539669141159,0.4796588680870493,0.4564642104902083
784_458,3.2515514922762248,3.0897203823806203,3.0818466767501413,3.052326154043164
784_503,0.7868504004879359,0.7822627863605817,0.7896989174304807,0.7233810571308955
785_104,0.12433869318498254,0.12473016575478788,0.11668754497251344,0.1103535512285077
785_108,0.25206573304193,0.24445944163633826,0.25062974990082826,0.21195897693000795
785_132,0.258699272646911,0.2659915756578142,0.275076275664438,0.2459952032077296
785_167,0.11681726765272268,0.09462357468922754,0.09744957001096981,0.08294528664528765
785_192,0.2324981523773184,0.23692007270759793,0.23694164205931326,0.20644476200039513
785_244,0.15929309240513567,0.16679486130551338,0.17294277125724514,0.14778245833198675
785_277,0.5839758356833127,0.5303934387106287,0.5036665835347508,0.4658041856887498
785_377,0.14698631763857323,0.12786771966945162,0.12646303698082953,0.09958876452601628
785_379,0.27778907152414894,0.27364964045591167,0.2739562407715751,0.19563185488072576
785_415,0.9948411447733554,0.8601937899424988,0.8602443802375364,0.7415179543675428
785_433,0.13440478830762945,0.13221326554387797,0.12208710563442754,0.11156080903857794
785_463,0.12909998692842486,0.10286391313385787,0.09217961115153414,0.057653553534634944
785_470,0.6335014224804395,0.7001612466953391,0.703097274533348,0.5637526831764716
785_59,0.6568041376647963,0.7020406016580056,0.741956236589793,0.5790247600588985
786_103,0.616501733370304,0.5925992120017102,0.5989442095465656,0.5117479216949151
786_116,0.4837891921524213,0.512594167278243,0.47700141764840964,0.39003976531198925
786_416,0.34997981174481124,0.3390613706547215,0.3266285288803576,0.3150782375773351
787_154,0.12388229892459374,0.12596061198923317,0.13544168698382908,0.1205606324743551
787_503,0.15166008377340878,0.1650474458072732,0.1682851027055663,0.13431011742804644
787_99,0.15302085741595828,0.15844633910724323,0.13803060273873102,0.10795684249295952
789_155,0.7143766950676352,0.6554949368527104,0.6366777135142557,0.6314473762076365
789_246,0.5955240646126394,0.5548141635455246,0.533519702649667,0.4367859109827162
789_458,0.5066840364018458,0.48998675410197146,0.5111278818577134,0.45770984599075815
789_503,0.16092679209663957,0.1572211343577089,0.15478830146302353,0.1327693823914157
78_132,0.16100587052136925,0.15958107466985336,0.15961212187359922,0.13580829504378858
78_277,0.5322501518314788,0.5525322394382194,0.5355950676760819,0.49890019692405563
78_295,0.2812342554912814,0.2565563935719072,0.26557946232839325,0.20208214399897192
78_415,0.7886306166419316,0.8006234476239551,0.7715283389110984,0.607557388534652
78_470,1.263775647356726,1.262097727124768,1.2864641351970894,1.1764533469680858
78_59,0.7012081876791373,0.7494860729279414,0.7436591894659564,0.5645666047355261
790_103,0.41641235792657444,0.38708723071297674,0.37996677049457,0.31978312110009044
790_257,0.6645472525493549,0.6536064432519403,0.6029258904016062,0.5460910071824177
790_299,0.22348567010723316,0.21815856173923998,0.21553723343665449,0.20360938523413186
790_358,0.41445008001409295,0.44851408473606597,0.41995761765090434,0.3627986207253398
790_416,0.3571985131555009,0.3586832339224225,0.3585741739193514,0.3431361694664276
790_444,0.40565364956470434,0.4022841384087446,0.40106923666432054,0.3681573933887931
791_229,0.06674969793855501,0.04131468742454259,0.04119821902960809,0.01612239141282514
791_244,0.1418536269040411,0.13591907383196059,0.1371231376839262,0.1208233424236582
791_530,0.06580014260563623,0.06498622680827844,0.046712418118774385,0.019632751365945687
791_99,0.5015559613952794,0.46157127673437137,0.4571749090484856,0.44127543770041155
792_154,0.120590735640186,0.12190337556748891,0.13111230158657108,0.11960591689074213
792_204,0.07429422554490772,0.06846235627178397,0.06319318720538464,0.060460285215315254
792_244,0.25573118003067385,0.223209518218195,0.21922913234349026,0.210280527716851
792_415,0.08201832719041932,0.060718162001404966,0.07324001797173726,0.05494000676436643
792_506,0.10034808955039046,0.1441508990027251,0.10341303350964741,0.09125842793367113
792_508,0.10284770047876421,0.11335693216292428,0.10283619346916607,0.0644657622775607
792_99,1.1645299684764407,1.0957803784188664,1.1096835904155598,1.056748551784497
793_102,0.6476660411616291,0.6682238806995628,0.6499576068882083,0.5726485788913176
793_132,0.2323133438755877,0.2459548437216283,0.24940514862769034,0.2079856292273268
793_154,0.1991817903136353,0.19474549848833816,0.19426171173263812,0.16751799133271966
793_155,0.17844215798022825,0.1822894021591213,0.18016849059525739,0.15390326861798967
793_156,0.4270129640365056,0.39212416842432946,0.383343692470412,0.3051680017117141
793_175,0.2192752731178547,0.21407889469389135,0.2128115578473212,0.18636870214077816
793_184,0.30079456798088,0.3567810940856353,0.35069354731064256,0.26392365313667504
793_242,0.2423444058185302,0.24034565558054474,0.23293449219185497,0.2039916513222595
793_244,0.15020357451617247,0.14907593168070796,0.1471535086715722,0.13137534138869816
793_246,0.15001515469349702,0.1635917867991264,0.15973227887413124,0.12820492616889329
793_258,0.1734097793780713,0.18629298009448486,0.17172699144733658,0.13585233044629358
793_432,0.20711698360270797,0.2114158968450117,0.20411383780870762,0.17735236204143412
793_470,1.9290408885333834,2.17953956935569,2.08115076996703,1.6224902299159096
793_501,0.5107065726462168,0.5133299847593222,0.5378875622164802,0.4402842094384632
793_510,0.24536628683229506,0.24327220497477786,0.24006082534026138,0.22137728905078724
793_530,0.1072238264752773,0.11584587557786301,0.09443050375852283,0.08134595186842339
795_154,0.826325576805442,0.7622180265857889,0.7343476200227537,0.7050897927576308
795_458,2.7894213225363673,2.62077008704672,2.603770406308805,2.5268689736319754
795_99,3.2402259176224515,3.0810190893944935,3.0860379814926837,3.0717076680546618
797_242,0.28723722561206133,0.26257829596209087,0.23439146230578137,0.23018824092653584
797_244,0.6490826360114728,0.6023361513642416,0.6044743239625547,0.5750311729266315
797_277,0.11168134794442239,0.1186170649665317,0.112737187379225,0.09081200171102381
797_503,0.8380793645318688,0.7804972705577929,0.7835613817677077,0.7253522607638211
797_59,0.10027252682329063,0.09766533545264382,0.08692152034425875,0.06911001594934095
798_155,1.0043961732672086,0.9136435263838605,0.8934882647819742,0.8842540952197211
798_458,0.44075382460878254,0.41984465878494415,0.4312792194082543,0.40954344035016144
798_503,0.18541314183708038,0.17987309668057708,0.1862172665232919,0.1730513786396727
799_104,0.0999362691959157,0.08278780307179778,0.07609138089201964,0.07055141211645947
799_204,0.09921165150511324,0.09343365278966889,0.07824387569519134,0.061632271160110094
799_458,3.0043222365072313,2.846327325489843,2.8382795435005113,2.7511242066045662
799_501,0.04057410257548171,0.03705888909538122,0.04490576938317426,0.014634110577736158
799_503,0.5935781407759759,0.5475534854182333,0.552761888699227,0.5276575237103065
799_530,0.07635316028305769,0.06954416624987812,0.06230811254794237,0.0542942285856102
79_103,1.12335023016017,0.9823995909301999,0.968145097599665,0.8938691879841199
79_206,0.8394053355655973,0.9024487072300195,0.9412950609766223,0.6548951964672516
79_257,1.4843410246485944,1.7938741756136243,1.4051078977308233,1.2198263177368875
79_271,0.14174658047619687,0.1481795902555196,0.154433991551665,0.11580961747340729
79_299,0.4604835336931822,0.4197005592871419,0.43555628571017063,0.3237502272892463
79_394,0.5083478949439706,0.48174846685713785,0.48005463220608796,0.45605135318448053
7_104,0.23164595246669673,0.24036003119502272,0.23909097273223687,0.2113198444684524
7_187,0.26321236311687585,0.22978858488343878,0.24009076322494977,0.22242830906428937
7_242,0.36564362220893615,0.36111420645452585,0.35018080994544576,0.3328983694279963
7_415,0.6455539935095503,0.6439286695037688,0.6502918993475129,0.5483361387012324
7_501,0.6858130002940689,0.7216662685474753,0.734834840788621,0.609227607476599
7_99,0.24020875172874312,0.24729971816312654,0.24672002693749784,0.22940573153719127
800_116,0.2974746308042463,0.29528241734278277,0.30912566246342593,0.26618087512378
800_299,0.19423297287985267,0.19685420500472092,0.17635114094397408,0.16613188595299377
804_103,0.7047965383087933,0.6694940947770021,0.6611085641926913,0.6152536673909969
804_257,1.3105282312066393,1.2102818984898718,1.1535798808958555,1.0903732042331684
804_268,0.4171168796199944,0.3979227158772118,0.4013168658763687,0.3720718182608807
804_575,0.6218181665300725,0.5325254453299388,0.540623325647175,0.48090451680823443
806_102,0.4228393593672917,0.39789785665977473,0.40253350221994516,0.3683521458184668
806_244,0.08623365130986388,0.08586375419717779,0.08925937561250898,0.08090258279907696
806_415,0.39810195098361567,0.3970234666146789,0.3796468089022688,0.2599587730556818
806_470,0.9552965636058873,0.96485833878863,0.9418439407468016,0.794096587016663
806_513,0.481052129983051,0.4978567362692452,0.5167426379099119,0.4517311297528867
806_99,0.11250238091792064,0.10059772901610636,0.0935061071552174,0.0848906637175259
807_155,0.3025882636986016,0.2597713735089601,0.24479256659720078,0.2363529159868273
807_458,0.4035369486842972,0.350684310011428,0.3573501071337496,0.32649322233245165
807_503,0.26842043445259905,0.25980993120055806,0.25884619234893846,0.22332996088724996
808_103,0.8953839897077275,0.7533151052344639,0.7759402551566768,0.6963097500774745
808_257,1.3177094165385546,1.1106928596581798,1.1707782329706062,0.7570167929663871
808_394,0.5819484717349218,0.49500842317217564,0.49070385169524794,0.48173326262351934
808_416,0.3084847113611679,0.2862717970530354,0.28892598855947504,0.2621235480842087
80_154,0.14732045859716053,0.1570094069337138,0.149141656529618,0.13214530881004083
80_155,0.15722671967415028,0.15242207794528384,0.14324211989295105,0.13596008103254575
80_156,0.1411658222253801,0.15432630266692157,0.14235902349973567,0.12952289824160382
80_204,0.07817832627087037,0.07558032813752406,0.08442330273223503,0.056292956818388876
80_242,0.14363563913154553,0.12952981654211168,0.12843850453785488,0.12387948004441701
80_244,0.13933951888265397,0.14752576027180156,0.14295503343943655,0.1233484028333875
80_246,0.13956915376131585,0.13983417819274976,0.13545114848736,0.11560704698883721
80_270,0.07997675713363546,0.07928512837186415,0.07134511438014053,0.06124187024491068
80_295,0.1789257709591426,0.18803608791699877,0.17795254337482133,0.15020255013271086
80_413,0.09501813018689773,0.08750163418598508,0.07564313017999812,0.0699305552102289
80_433,0.09202416703387015,0.09286382591782145,0.08824462570274344,0.08115461649987517
80_441,0.07412097711771133,0.07913868221351306,0.06786276823672442,0.06258561711356228
80_458,0.13272404782414193,0.1377552523997979,0.1260800494749139,0.11898639970920133
80_503,0.6276944138332455,0.647975794388287,0.6655132926154059,0.5581544583133202
80_530,0.09119615622743069,0.09468172446571156,0.09115342435746795,0.061169104479085114
810_257,2.4996042420655473,1.8873381475026565,2.539122906583045,1.7790993513599598
810_302,0.41513764841987594,0.4028440736664841,0.4176914865477228,0.3764088402092791
810_360,0.07634306593800967,0.02136911381530894,0.005212942213770258,0.0
810_386,0.4200852127846421,0.4049170954249719,0.3806646913194449,0.3436739105295886
810_394,0.7326032814264998,0.6877593454413241,0.6738256898611055,0.6665672878448669
810_452,0.4263627293668564,0.4097110507439093,0.40672023285385184,0.36547534915930563
810_523,0.07277247411272189,0.0694580622023889,0.05643135102632368,0.03802858653067724
810_573,0.10177694006855802,0.11108708196217099,0.11228060956817565,0.0834682469415146
810_575,1.0594874719418788,0.9830222978255758,0.9777773441229775,0.8959962078202154
810_94,0.22193532053063766,0.244819366435511,0.23077576982765866,0.20183596315362778
81_117,0.266634955673132,0.25897417810111617,0.2447897087518215,0.219895690636945
81_135,0.49177604435382793,0.46610667272022344,0.4832325804823585,0.42969102881442756
81_154,0.1510164435792819,0.14176216394087648,0.1449758771181622,0.13820672661104658
81_155,0.134383377668107,0.1329287468910285,0.13026987977790302,0.1186955013116377
81_189,0.525099125987239,0.5814631019484713,0.5810716616300887,0.4220390927074915
81_190,0.3749253371671125,0.4100375174702597,0.43253850772990815,0.3040509332342148
81_204,0.16086847666729087,0.16958250052224452,0.16488718529806906,0.14423446781772442
81_242,0.2894852470244618,0.2918075096752143,0.2890627221628141,0.2644795849480359
81_244,0.15470081931264587,0.16242335596069088,0.15491553789085302,0.1383316489816111
81_246,0.18416566493916744,0.1962033460338376,0.19784440234109155,0.16473274420856512
81_295,0.34146439262223777,0.38994447833744267,0.36997786696804513,0.3053211621984651
81_315,0.3446866390991468,0.3386131422329688,0.37296251744808734,0.2877164606871013
81_336,0.10528212644655383,0.09644915775801029,0.11905422818422201,0.05517801732862735
81_413,0.12117494632095695,0.11696119510912688,0.10445100105615662,0.09233824380898624
81_432,0.22540122091880488,0.22120329474811898,0.20665634486503937,0.19359421572460295
81_433,0.1352252385314755,0.12780094473492107,0.12523066530855495,0.12185132757065888
81_441,0.10448014474517975,0.13341376695115592,0.11293361023355418,0.09575505958765751
81_455,0.22701323925000658,0.20955768498885827,0.2307061536588514,0.19563479689201316
81_458,0.13688257400096715,0.1339520469645013,0.13275842119873596,0.12052598092805179
81_503,0.83698428071116,0.8607306350664136,0.8145148981275149,0.6171747046916138
81_506,0.21638022159439874,0.21294521610873196,0.21229775402547535,0.19480513190366985
81_530,0.12266421622873623,0.11843389568495596,0.12886163594075994,0.09686809382203408
821_167,0.18685226132715554,0.17292464272821148,0.1728127494893407,0.15520743056742387
821_277,0.6664908916434351,0.6315007548787114,0.5748105232086433,0.5346608423484324
821_415,0.3972183015375393,0.44810767031175736,0.41153916400535756,0.29266766515759646
821_99,0.17524067136060867,0.1619600964270179,0.1750018105447702,0.1467254603990028
823_103,0.1993588720422136,0.1888606081882767,0.185780531673931,0.14767238246995978
823_116,0.2202353384528225,0.25435219801868947,0.2649475137169267,0.18132365322822086
823_257,0.36019546164254773,0.370454941020187,0.38643776316536516,0.30013879730303544
823_394,0.33014447272083947,0.29740400892239544,0.29748899670655826,0.27359758519129906
825_104,0.32303563754730175,0.3032058478336707,0.3098126777108558,0.28980242766351155
825_117,0.1587446811723654,0.16282922546622078,0.15995320621310707,0.13881303305634676
825_154,0.19160615376790702,0.1842868309581024,0.186715156269426,0.17191496295703174
825_167,0.12329661262343714,0.11180119096079495,0.098709601990285,0.06899277788906018
825_244,0.14971710755934767,0.15536671551731446,0.15073419057218124,0.12489050778903493
825_266,0.19014989228651263,0.1518630154379832,0.15964041789997843,0.12907337369680605
825_277,0.8073162039354294,0.7279103533048507,0.7925662777678893,0.5285322647069571
825_303,0.2106382448785666,0.21358470150920306,0.21569079104885225,0.18569507693301093
825_415,0.382322991026795,0.43158144729922965,0.33737521218626976,0.253196708849358
825_453,0.2468757308832944,0.31071422046183655,0.26971718580242726,0.21192954690366805
825_463,0.11681643183555426,0.10244232966506497,0.08716437313397528,0.06347577415416311
825_470,0.48623670815577125,0.544409806200255,0.5140579533179517,0.405848463829593
825_488,0.1496355494231494,0.15312571297070773,0.17086772636764766,0.13213678221016126
825_504,0.22853395377654495,0.2688870012222384,0.25955703174298983,0.20924506588939512
825_530,0.11767612419011403,0.12192192945306107,0.11531830405805388,0.10274289901542269
826_103,1.7374798072027748,1.5031096301288367,1.54831180324643,1.2825613904459734
826_366,0.24810433146620678,0.24669661777768123,0.22995530295047573,0.1896988350614851
826_416,0.8068381181776647,0.7976901301188497,0.7684000667789671,0.4878226833778602
826_558,0.8303996815848776,0.8840751106281189,0.9380219965278802,0.6424724418795704
826_575,0.8699667559049225,0.7742322108103821,0.7754692199296039,0.7272357563897723
827_120,1.2342241152322735,1.2089049799054317,1.1294899623564107,0.9808232851754349
827_181,0.6335533400409368,0.6423970881063595,0.6362195251814547,0.5796360937971038
827_197,0.17160941160629425,0.17179131055815658,0.17160200508218393,0.16214498438445674
827_262,0.4363225109466405,0.4724845633538026,0.4590719912947022,0.33970884541992774
827_331,0.6857117575609384,0.6376652680414975,0.6689165329253465,0.6215489175339076
827_546,0.14800190248021827,0.13698150342716298,0.09760597428518752,0.06595676501848825
828_181,0.6114320549454144,0.6129537114890982,0.6620111788506181,0.5634672882465765
828_193,0.3672593198341897,0.3626515687223988,0.3539178035230406,0.33753485741288247
828_238,0.1756836910320409,0.173957059829183,0.16481346450118328,0.1565175710572593
829_120,0.5103051924701318,0.645049072011727,0.5284027913927639,0.37705746690943537
829_181,0.5362227548322835,0.5049302450482096,0.5006324107434295,0.4708015784718083
829_185,0.1645790749133611,0.17365040473361,0.17097483279036926,0.14784995489837685
829_193,0.3561022134052613,0.3524957639359231,0.3472488466799274,0.3154655982221788
829_238,0.15299483130246017,0.13493252868547265,0.13414755717725224,0.12772568537245682
82_277,0.43656231393675576,0.39267047934690746,0.3862529273565192,0.33970775151636284
82_415,0.21712758787965872,0.23213391980471684,0.22257277125678554,0.20205932075555363
82_470,0.40508870417328396,0.45425875893942064,0.4554163500682777,0.2770376563177038
82_59,0.577283831736652,0.5769237388481494,0.5436439385062617,0.4764156216423787
82_99,0.13398792996714248,0.1332069712434823,0.1327050798319978,0.12386611948453094
830_181,0.4352648152359754,0.41051607033565446,0.4186533363993991,0.3977023125495773
830_193,0.21795534668318445,0.2057015770403465,0.2011819125269876,0.1827723136229583
830_238,0.13002539090758805,0.12424667154715568,0.12112712356218285,0.11369422165922168
831_108,0.27241067410362346,0.2546387024486136,0.24499964116494274,0.22597128269003608
831_132,0.27439316230503036,0.28614871290374355,0.28646050307652293,0.23775699913741574
831_192,0.22637137742455485,0.23048855876813582,0.22930857533625357,0.1869606710066024
831_200,0.5245802881661163,0.59596136026342,0.5756860552521329,0.47479064236864243
831_244,0.1616884520875241,0.1661106459347068,0.16339478834374976,0.1486163279668157
831_277,0.6170506950534163,0.5049802617667922,0.49191052130627955,0.43701367858551793
831_415,0.45770518629621887,0.4030513399255473,0.41143366689906974,0.314759695026861
831_463,0.1540627927075564,0.12893387888708582,0.11742903003074101,0.09066382179160738
831_470,0.8964469387437541,1.0259991731664497,0.9564967002532341,0.7749674207894643
831_506,0.19131724624057234,0.1856375108358065,0.18386347061047847,0.16323296305336654
831_554,0.4608485948330979,0.43488267097648187,0.4460355219514672,0.3884185876051975
831_570,0.15129488742727729,0.16806941248089746,0.1496163938849273,0.10661143677888016
831_59,0.5416548097954555,0.5785194187535591,0.5978346734472412,0.4839341411684448
831_60,0.27613980840989993,0.29823343793865803,0.29034012271532045,0.23824491495797975
832_104,0.27819374831730087,0.2755857326312542,0.2668313326822738,0.235625280577975
832_156,0.4659614883605356,0.47049782595936546,0.44894643032726367,0.3650265871773875
832_242,0.20766397880045448,0.20737696124462895,0.20722912823153086,0.17749672415996
832_247,0.14877315731759566,0.1606225916498765,0.1385160802701441,0.13289802890955527
832_266,0.22783423540195363,0.20320614483222277,0.2080465449990303,0.18295417812168355
832_277,0.6121824448623822,0.5797337102657623,0.5571168372756146,0.5168549876586986
832_295,0.3461906920302655,0.3383257242177412,0.35487896450316775,0.2771433873571239
832_313,0.22915233270276789,0.20850868324256916,0.21021480739731882,0.18525968226022804
832_415,0.4609183060338348,0.5407059110158402,0.46146337909482654,0.36196505557154945
832_470,0.8575625195601455,0.9908264135281856,0.9224820403352972,0.7637974150868109
832_59,0.9986801906295505,1.011628397799806,0.9995388481024433,0.8971089725858516
834_181,0.3287645116056852,0.3049211191724025,0.3091098060696506,0.2735984796831516
834_193,0.2576601428335759,0.24544797998625711,0.2398959139883591,0.22753652972310284
834_238,0.15114384207116802,0.13918229069144167,0.1324192744577492,0.12635597529860437
835_238,0.198785347371938,0.18443295791810604,0.18029199031377363,0.17895364086544643
838_238,0.3098873061535725,0.2748309554803256,0.2764154975581281,0.26481362074385534
83_155,0.18016041571914204,0.18486015009551104,0.19019753970989306,0.17404954971812717
83_156,0.1820159110942035,0.1748267809911823,0.17179781593603533,0.16461170234083006
83_246,0.22995203701497033,0.26493597670398183,0.25008265117143685,0.2147099145843026
83_261,0.09807666501477433,0.10037255746029622,0.09260289092469277,0.0860650438032134
83_315,0.5035751594790807,0.6049450249231235,0.47113426202262165,0.3362938067944455
83_432,0.11218566305277644,0.13896623185937254,0.16246132981870987,0.09159022885195707
83_458,0.2536744129755221,0.2596385012507165,0.23831313284914613,0.21266730468793982
83_503,1.1067678853187892,1.1430426898874801,1.1165831814263605,0.8235168452077565
83_99,0.915706805106351,0.9459327726800528,0.895771152983648,0.8079165915111477
840_181,0.5175604911926045,0.5364580497454517,0.5099091192731157,0.4393602613496699
840_193,0.26802387867287886,0.24598630360497037,0.2392808990518366,0.22926078781199818
840_238,0.14137416374990952,0.14043242133030154,0.1368314254714062,0.1343173509687767
841_238,0.3567523106896095,0.3339907362408501,0.3392772005203877,0.32771742354893696
842_181,0.3768430894166218,0.36391902181257185,0.35980067025865253,0.3538387344410482
842_238,0.1055320842304775,0.10547142268923776,0.09253797998322372,0.08446012952067597
843_102,0.6871027452652033,0.7681283367875581,0.6702413172912561,0.584710197603363
843_132,0.1970267031729419,0.20030674806499282,0.2119339682393633,0.1800239020786658
843_167,0.23531196054145834,0.2160662570705001,0.21116969409709507,0.18962679526868848
843_184,0.6415852948510518,0.7891558432668325,0.7697880731084416,0.5629100282290684
843_190,0.5843028938799812,0.5930651819504393,0.5799626819090428,0.5073911039153715
843_192,0.21236556770778892,0.19848296252390846,0.19971342765689581,0.16165353997864626
843_277,0.5757863935156239,0.4945241246468538,0.4931977463560937,0.46272028528136944
843_370,0.10345920364970823,0.11244551707045607,0.10471869059422481,0.08701778016993235
843_377,0.25392501490754066,0.23022575108696508,0.2438154712676244,0.19898181982468546
843_415,0.5883683662122018,0.5500461067140092,0.5461136188036252,0.3731688849230253
843_470,0.8148474050784166,0.8781819148769814,0.8341735848256193,0.5955246561218007
843_560,0.06334763478455882,0.061833958085721986,0.06469417223602612,0.04781548907151153
843_59,0.6259654892491772,0.623713181660792,0.681565444160546,0.571220209950477
843_99,0.13779129240935484,0.13151061143940795,0.12958465692679727,0.10768353020769442
844_181,0.6153732294201971,0.5481959113751038,0.5341551651212286,0.5147982905621378
844_238,0.26369888096207567,0.2468538566719841,0.2512735940734174,0.23828751552885086
845_181,0.5445836634208225,0.500915625584192,0.5251763688903951,0.477816338527714
845_185,0.21967172148511127,0.21399182401150801,0.21112921878654667,0.200310679880746
845_193,0.21257932265258964,0.2024221234923439,0.20165143046954176,0.17972884683425838
846_172,0.04118901619010532,0.06722774874879112,0.023398160942638843,0.001542985475224705
846_287,0.210759147902559,0.21147855838081084,0.19905238183387955,0.18035755904924686
847_238,0.1776858041875059,0.1526893408088334,0.15267577376754687,0.14305760950797422
849_120,0.31400207548984027,0.28832394797960254,0.29178253595439285,0.28299231370014444
849_14,0.11955062724020088,0.11742315295198286,0.10832349757995122,0.08202273227649517
849_181,0.6100798446373994,0.6802617410333266,0.686194489700904,0.5585987914216262
849_193,0.2726088169891131,0.27914903941432684,0.28171727982558964,0.2464877582087589
853_238,0.0930083403099174,0.08872368513409394,0.08217518781445261,0.07786719447236568
854_181,0.6252405518198888,0.6025985675181035,0.6044689153033893,0.5641249352952991
854_193,0.22541653335651535,0.2327881477303158,0.23083966369299416,0.208241606354601
859_103,1.0034959075448633,0.9153228769472211,0.924172816200234,0.8593923023935367
859_174,0.7433469745507152,0.6757674051309186,0.6856994004487542,0.5978666020236476
859_257,0.6963140477155257,0.7984465477496614,0.5995473531247716,0.49665101443192516
859_327,0.4158019031579334,0.39836762596997943,0.41311456345019454,0.3556485443507554
85_146,0.29037208880296544,0.2759483269837303,0.2569286974686882,0.22900369057905193
85_154,0.18086747523864757,0.17950408706779142,0.17571944166922096,0.16325745014899118
85_155,0.15195808962189677,0.14266746879455333,0.12706586202518155,0.12061147968221825
85_156,0.16625439511064244,0.1606939480712305,0.15819971818928874,0.14616308163790673
85_244,0.16185473830658434,0.15176567874707286,0.1478458574582226,0.1442385351047294
85_246,0.24296157425247492,0.22408026958985605,0.2436628190920834,0.18046059213576765
85_315,0.2246156384803328,0.24337237603381753,0.2390954016395579,0.17623635635430554
85_458,0.16273714623685814,0.15300054381134165,0.14369777410225515,0.13431604928002985
85_503,0.47964325710894834,0.5093331704992059,0.486045154476264,0.41622443113409574
85_99,2.0796647411054723,2.6435595053346606,1.7305476052940465,1.3527307072580654
862_229,0.23287302357530246,0.2907300962529005,0.20777112700461256,0.17985022867375472
862_244,0.10844475415217401,0.11574811527721796,0.10380938699811464,0.0900940031666743
862_261,0.08920184916078616,0.08705597503116681,0.09007751237576739,0.06879847061248973
862_415,0.5983407018313476,0.8067581407523572,0.8150982404121687,0.46756342556933983
862_99,0.10840116747581523,0.10662861653992778,0.1097284514376159,0.0905706032241189
864_156,0.21459323332286637,0.21362523225585733,0.19287346935462515,0.17772786018788808
864_229,0.17221180284975424,0.21162473570252527,0.15846293397792283,0.140750534293512
864_244,0.16871263581526202,0.16805525413446473,0.16827296686478818,0.14855799181323587
864_415,0.5968652180721074,0.641041350217714,0.6149250034530974,0.4937654972495772
864_99,0.1124587157212314,0.11308012075465422,0.103871934893318,0.09478762556299172
865_132,0.46143315488807374,0.45960074947845164,0.48214124101330863,0.4222234639507249
865_187,0.34495421751650573,0.3081994120104994,0.31596801115100376,0.2821338762282682
865_359,0.24050400118307577,0.23153572548984439,0.23007510952190793,0.20695578958677469
865_415,1.1346493996138294,1.355203331487216,1.1403087021441904,0.9613560249495647
865_432,0.34546569067870014,0.32705729838266706,0.3401864578905783,0.2950562632952729
865_501,1.0734073416285197,0.968509425149565,0.9970310912079001,0.9430687060541104
865_506,0.3761832856471318,0.3848102923975719,0.41352125410760826,0.3477119569558169
865_530,0.09894642628523753,0.10815752807511697,0.0936655639386176,0.08069712081133013
865_99,0.23495610641966216,0.22991403965348933,0.236385315614132,0.21779603192314065
866_117,0.4730411549120111,0.47446516391843385,0.4969334938158172,0.43895704831611343
866_132,0.41728475117280717,0.41534441300274316,0.4201139220283522,0.34573452374508284
866_135,0.7522035899404527,0.8533801351284919,0.7719783374981797,0.6825457470615842
866_155,0.16327010708349687,0.1597704478923404,0.1563294268625931,0.14087102132432522
866_156,0.5824567171547095,0.5335539276062128,0.5852626004894448,0.45342086561951117
866_184,0.2767429143548041,0.27554633740496687,0.286821589922932,0.2525332561035192
866_187,0.3060898512723057,0.2896489550219743,0.26672967193626823,0.24835878759307464
866_242,0.49590771348476725,0.41962744591899465,0.4085615403612915,0.3828467799329967
866_244,0.2379445546314795,0.2203737194436281,0.21844014838900394,0.1940404676957884
866_246,0.314120224968997,0.28782536702189754,0.29322278174003524,0.25738238059877117
866_315,0.6670162414103284,0.543246971081962,0.5493983565882874,0.47566202414733816
866_433,0.21222514122993363,0.22712448033029276,0.22545826045451736,0.18817816651779784
866_501,0.8943787844334918,0.8339234896432042,0.8212298982261272,0.8005615078023509
866_506,0.3336690990327044,0.3163445611462295,0.3490732786102185,0.28614991847991794
866_530,0.25353817212150837,0.26289318054910915,0.2634063876060122,0.23128419066986464
866_99,0.22012252235020563,0.2065452635424955,0.21394930247954344,0.19380369835304587
867_132,0.16628907651127683,0.15942387737233585,0.16902551504540383,0.15122505799999325
867_155,0.13721268600573852,0.1412584779352614,0.14840966255858493,0.1321808443375032
867_156,0.2072475703525797,0.19316624688896167,0.19235982551842298,0.18325724758973821
867_200,0.5828238756976174,0.5331719812673241,0.5269175570657982,0.4356229800886935
867_244,0.08440554018281235,0.08526795384621508,0.08320534184696896,0.07574447411843388
867_246,0.18096730201416217,0.17216669466225223,0.15360780697791765,0.14236136235477723
867_315,0.515298338509808,0.4966385230850075,0.4766581846804862,0.4483497615934364
867_470,0.3081753876825018,0.33356417141392064,0.3016518527268509,0.2326373327352188
867_501,0.4010929215296585,0.38301579080258613,0.3551568546505077,0.323274889520645
867_530,0.09366608914283626,0.09675452608254881,0.08602844710861517,0.07520907811252414
867_99,0.12104556519116601,0.10977785365869695,0.11093981213064796,0.10267713405933654
869_156,0.18490444366971812,0.18663708588139416,0.19001755130071823,0.17055080460698935
869_189,0.9539868994224435,1.1544392359673408,1.0972656333622013,0.7558724037352376
869_300,0.18429121420837313,0.1899557280334226,0.18364550964014836,0.1649661728602952
869_415,0.25401819397229025,0.21116823653890782,0.21503268025224934,0.18179960429779363
869_463,0.09660197069927125,0.07168850970767464,0.05644003678336732,0.037119531762371046
869_59,0.4156762003316068,0.4203247316657951,0.4604394626885093,0.38506606279020256
869_99,0.08425797269222304,0.10483112780523647,0.11012248900066768,0.06965080198256642
86_104,0.1480203154162722,0.14326291278766234,0.14241646888067416,0.13311865356576122
86_132,0.23626776883984282,0.23749069941446826,0.24558147270023825,0.22499532759106794
86_189,2.4367075954076407,2.827144412825553,3.1544968115567986,1.4439445679453096
86_266,0.10282137235318857,0.08926286091215146,0.08920799125737736,0.05855516342733244
86_277,0.8329619454196182,0.6802450988581902,0.6594100066260197,0.6142128793052242
86_415,0.8104166446150615,0.8339157874840436,0.8317655218369555,0.5383735685803422
86_463,0.13507118100249843,0.11937490510170082,0.09703234296699649,0.07411768204658471
86_470,0.7468432573036339,0.804166909630657,0.7634159531976047,0.55215428492138
86_506,0.20495510885125098,0.21155577818731677,0.2009838058898268,0.18568124202998668
86_59,0.7041670233090177,0.7111579537103468,0.7423104792562275,0.6527965378808068
86_99,0.2846727479888342,0.2697241245044962,0.3376173493771121,0.24119439187013178
870_244,0.13153243239588777,0.13173779760448603,0.1271462465571388,0.11611593141799263
870_315,0.8358309407479272,0.700792393718054,0.7203652480252676,0.6417883826696644
870_458,0.2649475977706056,0.30108269437925733,0.2737582044000098,0.2385701343821443
870_503,0.5079759420301103,0.523848782553888,0.4745473969717062,0.40045727490076855
870_99,0.35336560451351584,0.4021970583391262,0.3915692077468128,0.29979482094194015
871_238,0.15618183373589067,0.14171890915187635,0.13766070823956122,0.12797084445657453
874_163,0.08975953269798263,0.09112370522812945,0.08884440346104151,0.07678858680246357
874_238,0.12461002755314506,0.1163588251588765,0.11861836729131886,0.10746453399435812
875_108,0.247363262306486,0.24816364797913407,0.24168225986727285,0.21113407903139514
875_132,0.23012881708990798,0.22726422762983806,0.2394900810687149,0.20209930562310796
875_192,0.5568518141989434,0.59294386789839,0.5763006503842052,0.49214685315866213
875_200,0.526115125255656,0.5880337373587616,0.5320086855676812,0.45237896002411204
875_244,0.2990450679355441,0.2873776592857146,0.26136083804336185,0.2245945403762473
875_277,0.5523752137159791,0.5432419394440045,0.5572887291216712,0.3857826214440394
875_379,0.2500708310809198,0.20948028294816848,0.1968764430989397,0.18515233494119013
875_463,0.13796069480306922,0.1040281310283025,0.1146642251837545,0.07604020769926204
875_470,0.6474609161007127,0.7117451949754311,0.6669590539677666,0.5729203483503666
875_488,0.27292182061425785,0.26548214912054446,0.2704930740714275,0.2400000901708668
875_59,0.7198078857217006,0.683050233343353,0.7001443466856071,0.6408366015627686
878_108,0.28844122019504176,0.27921498514729814,0.2895620323116518,0.2687887091653641
878_122,0.5873238728695953,0.5034195710638493,0.45455845140482803,0.41450730055766966
878_123,0.29113404782099606,0.29641165703440525,0.2952590739604353,0.22751604881952078
878_132,0.25478255034755215,0.24077835570304768,0.22809222609268565,0.1987916861588538
878_192,0.2972381497750896,0.28743287795819444,0.2895564703640113,0.23533524585875998
878_200,0.4855928078521199,0.4786226650644698,0.5050113861184927,0.40537340953255335
878_277,0.728938917461694,0.6445264359695211,0.6099830820206171,0.5505986913977092
878_295,0.14862358908155082,0.14560194412984617,0.14362722132582761,0.11798958518416046
878_300,0.23452218344367448,0.24016761472994386,0.2308850757871146,0.21556279501204953
878_377,0.17708195968181137,0.1543198129687566,0.1506402393475853,0.1380020247921643
878_463,0.12662296902446593,0.10870186027933332,0.08449400560515674,0.06064149826546588
878_470,0.7188466290245493,0.7697083859674495,0.7311376401169212,0.516633275816812
878_513,0.30150310373078404,0.28047024045037444,0.2953123491144412,0.2575543445119403
878_554,0.35710066482301306,0.3740784193601852,0.33686257599271063,0.31918871171192387
878_59,0.9917295199664364,0.9385968134041303,0.9451345881138241,0.9048055000542018
878_60,0.3757691086361873,0.4185823447997157,0.43095862588980993,0.30539764827329685
878_99,0.14691059463116207,0.1448137493936993,0.14551177402867113,0.1295634733139219
879_154,0.27874156063107525,0.3053614407765326,0.28634936020797747,0.2585584803187434
879_156,0.3329825198240903,0.33514530836862205,0.33400929183456574,0.2962850415793323
879_200,1.817925661352101,1.5484866241579442,1.629376265915943,1.3353471796727914
879_246,0.290557131133334,0.3205825971065372,0.3101023638980787,0.24032137252608482
879_258,0.2065111022433804,0.22050183705106233,0.21691939884316283,0.17775777386396427
879_261,0.06877900496480696,0.07132386557530077,0.06806354831759559,0.0629131086953086
879_315,0.593229895749571,0.5463027168435534,0.4940991494270346,0.43697552388464334
879_432,0.10836783315023496,0.10451438552458578,0.09586867351309261,0.08900888497472995
879_458,0.1702741142235178,0.17320980613409637,0.17213941479632888,0.1610916895911104
879_470,0.39658620542598555,0.33283358657097856,0.3476229036180447,0.31652557005376586
879_503,0.7894961346834687,0.8230636593735765,0.7552464550291867,0.4897901893685591
879_530,0.09632755119656905,0.10678433640662334,0.0972930528683092,0.07739520263550806
879_534,0.16955723186148663,0.20247898044842483,0.17665241438266308,0.1537436283121837
879_99,0.2148355283997018,0.22497106668390884,0.21680843712530232,0.19457516309540462
87_103,0.6278346119474123,0.6072826942899191,0.5717849449985017,0.5014386600146326
87_257,0.3991523801904118,0.35533841719663956,0.3637240932004805,0.33871475262539474
87_416,0.26618761780233297,0.2487959894256503,0.2522612013488968,0.21369528399344762
880_117,0.31231197325519533,0.3096678913313979,0.30336491783669967,0.28335600461184723
880_132,0.32636098108787626,0.332798075435278,0.32091799262434095,0.28931381658576183
880_155,0.18368117861841954,0.19765266636147816,0.18466671972840892,0.17046723454766977
880_187,0.1812267895430419,0.18206113152252673,0.18033474047748754,0.15611808987930725
880_200,0.9727667811402703,0.9746864195586485,0.9577051430169963,0.7988692611651035
880_242,0.289837266515282,0.2662681275399405,0.2741673114280679,0.2509800918591143
880_244,0.15691040865928352,0.14216368604986418,0.14229330604468654,0.13235498465567352
880_277,0.5191241818302023,0.49619703871396414,0.48970026018745955,0.476327217995431
880_315,0.955655518748071,0.7294826589762616,0.6608677040657107,0.6552659748116173
880_415,0.9452412362695419,1.0014319103509546,0.933698501902671,0.8701639720003753
880_506,0.24777692614935568,0.2739872205876045,0.2956817994570947,0.22062269192747128
880_530,0.19828591315371763,0.2144701593735649,0.20379132361094063,0.178302611240104
880_99,0.24786563926477573,0.25413645994238093,0.24501754196983314,0.21915416642127436
881_104,0.21236218970855114,0.20577834970681308,0.2080808858262538,0.202501781828014
881_277,0.5772784574320045,0.5657073091861412,0.5182330289634663,0.4936758929929525
881_377,0.16271283527645286,0.1636742647751028,0.18712594762769263,0.10749451166860588
881_415,0.22523064129798862,0.2785143382410515,0.2597251382387465,0.17590771962848425
881_463,0.12686110369745907,0.1076926181441371,0.09265991516147194,0.0683658141477581
881_513,0.27191533346291785,0.28874919319512565,0.2964155824602285,0.26528295811448
881_59,0.9798069543688067,1.0030492839266543,1.029940507993057,0.9126340537253017
881_99,0.2263141866146845,0.22175659447107676,0.22635806451207005,0.20777121832610418
882_102,0.2990628142040135,0.30072173590335644,0.29489774805456215,0.26202581433743544
882_229,0.28675405974986884,0.381379680889849,0.3019062989250092,0.22101042944394325
882_244,0.16067389748354638,0.16199815257482467,0.13481672302465342,0.11615601271751934
882_277,0.19630857397186563,0.2136686107425982,0.22907592634525947,0.1533760500231193
882_415,0.49834561781927267,0.5345100958383996,0.5219143255033719,0.37277887592488795
882_432,0.23961750637356521,0.247717190720889,0.2342915787036084,0.2037160179773109
882_449,0.29479219888110475,0.2719710816682066,0.30178060952298935,0.2396020294010491
882_506,0.21475237170615963,0.21999366544817145,0.24050791615521896,0.18236973153163538
882_530,0.08301848152928262,0.08368604339498681,0.08205356624549837,0.06866557567502
882_542,0.301704424283541,0.25411273096663906,0.26788183204854277,0.22735368795558555
882_99,0.11696519386953542,0.11579907671979929,0.11183949123212972,0.10367592099821024
884_103,0.802075221408837,0.7242333818692969,0.7317203105766481,0.6184182634981038
884_257,1.2840565809464684,0.9776237357642893,1.2490995250100532,0.9067060551180425
884_268,0.19883926191599105,0.20899638924399497,0.19803523337861553,0.17257823546018192
884_394,0.3893114093426379,0.37278580800300104,0.38455126184885047,0.3600459323203727
884_466,0.2035785610075865,0.21924687733490641,0.2241253706939739,0.17646922685660948
885_174,0.3295621098067637,0.33286393482112314,0.3193690758400838,0.29547099701133406
885_257,0.8031771617855071,0.865359396832007,0.8716021598315415,0.5928088990027528
885_327,0.23441289245441974,0.2365463865507952,0.24778020452639518,0.22109529622457016
885_394,0.4852733225851204,0.43418562116483067,0.4228938310906769,0.41494082409398886
886_104,0.17804206953568408,0.17643014827712333,0.1773412101336176,0.14791528922076347
886_117,0.24344210349319192,0.25159612518860425,0.24496032516867786,0.21691706123293347
886_154,0.9002464422474199,0.8567063507753628,0.8091398134199254,0.6854169286131935
886_184,0.3662952690971292,0.3891462668577897,0.41898734722064707,0.30887451129249144
886_200,1.3076275388990417,1.8026666742362742,1.4005924752842362,1.1081048881057471
886_277,0.6894033180206773,0.6942578192776714,0.7522311118409066,0.6545083123774329
886_359,0.2485343889119472,0.26392189292688356,0.2989982744359476,0.2274352330743702
886_415,1.0858198121776457,1.1153537923444516,1.1054971974843257,0.9175325016389877
886_434,0.14506336774911194,0.1423669400588898,0.1583422056202467,0.12877850963385465
886_435,0.22233224223034842,0.23631547112750736,0.24546186688600052,0.1916413159384317
886_458,0.4627845694156354,0.4229809022616684,0.4254263905407979,0.3896263180536994
886_503,0.7086741300205276,0.7848604970734848,0.7916409762307758,0.6156930167792614
886_90,0.15554555399704087,0.16040344361305292,0.15653324211710354,0.1338404957432592
886_99,0.5998145185682883,0.5564265059047988,0.5625643920204295,0.5170979516415433
887_102,0.7232626885099865,0.7984031840689272,0.733257782485063,0.5849515621001172
887_132,0.25157670774709767,0.2512004604082305,0.2783205190694233,0.22673877157363803
887_156,0.48429553790530366,0.5464767209466248,0.532141241736999,0.3954149640729058
887_184,0.9434330386877876,0.8912552451459368,0.9706329681090319,0.7282693164909815
887_189,2.9429091930226225,2.9918035986883225,3.6936715198800587,2.148370849901626
887_246,0.15351370256685992,0.15229318318470056,0.15177527695631268,0.12239427939938603
887_247,0.1470933903531137,0.1307971052794373,0.13050468307271637,0.1237814865707886
887_277,0.8445931620688962,0.7314648490350588,0.6914339635009736,0.6334884779348509
887_415,0.39635132667850237,0.4311230648148292,0.39847030630887886,0.30959156269778054
887_453,0.2360919713449768,0.23751927467678405,0.2470012560757685,0.2212387947899476
887_470,1.7357455307721077,1.67278576736071,1.9882998358115742,1.2795916638989344
887_501,0.15811005612700352,0.1231883423332419,0.12292422364627388,0.10695070238143303
887_59,1.1794187895348505,1.1508974593773338,1.1652760435965228,1.095624397794496
887_79,0.14598684222268787,0.14163226826014336,0.12295954049870354,0.10092325755257268
887_99,0.19265076801982414,0.19306046822111342,0.18517984614312966,0.15794700622173627
888_181,0.6272048737255813,0.6004476630987382,0.6079222689578992,0.579680370852753
888_238,0.1412946884282465,0.13292210372319682,0.12638297675308166,0.11667255201741233
890_120,0.27641817649831585,0.29374537970444686,0.2746284671290272,0.24786113220542522
890_181,0.4427896942400405,0.4278092674423467,0.45524975114574295,0.40690269174132576
890_238,0.28572465144706033,0.2724848090029841,0.2772100487336854,0.24885757825242014
891_120,1.7884776016874726,2.2905485668886296,1.5752398409637884,1.339170513943201
891_14,0.1385748478056492,0.13199814701768317,0.1364790104682424,0.12251958870911259
891_181,0.7892348942594182,0.7976180431942246,0.8170909994217872,0.7233278304144704
891_193,0.24637203450953404,0.2496725696750376,0.23168577498071688,0.22516546739114762
891_238,0.16728356865606206,0.15742551931254212,0.1527347397683124,0.14008651728295554
891_262,0.3911362762167834,0.35042920135169137,0.34853286478124523,0.3378148441608292
892_107,0.19864661530235583,0.21143200030588036,0.2082280913664791,0.17181306106148345
892_193,0.19701872275403037,0.19236910579832117,0.19105223748901587,0.17789392186687036
892_238,0.18755367864079153,0.16480913384592566,0.16775530285883278,0.16158873710530364
893_120,0.3915196229030563,0.3634922795822905,0.3450861424089727,0.3160926717960278
893_181,0.5652881273689425,0.5432415926154177,0.5296776462918393,0.5035263989725429
893_193,0.27088693497451977,0.26974154021023594,0.2694876303233666,0.24861080577852512
894_120,0.7836286936811011,0.8293578131960782,0.7783758229601492,0.7209606565176975
894_171,0.1502533636598645,0.1405368332402308,0.14660118994581245,0.12043179787006696
894_181,1.0516622114989373,0.9790815386100366,1.0111110481638608,0.9515964840475293
894_185,0.2847556755839864,0.25720473572653596,0.25481584354062575,0.23412181355169379
894_193,0.19411347404843388,0.1989221881440282,0.19347301712369408,0.18097023711919727
894_194,0.21214468606696346,0.22333023258008616,0.17304625051364153,0.1384373523056284
894_331,0.6338449165481439,0.6240244140294954,0.6237694739110309,0.6079962709862565
894_371,0.2403082442820717,0.22856122068790002,0.22582407178461728,0.21034897516672632
894_546,0.18989737858505584,0.17027565523371388,0.1640756748450074,0.09816893291110734
895_192,0.2341667453955926,0.2242389594077279,0.24060557831180868,0.19011930575580357
895_277,0.4428014313432742,0.41903973495989494,0.40957076330746894,0.3885919495106165
895_415,0.694105126746046,0.7180043683198952,0.6227095563310532,0.48293767706750373
895_59,0.5566856625103637,0.5792984201972818,0.5825641116933492,0.5131359764616916
896_104,0.2513596228755079,0.26399119749317024,0.2544218858064622,0.22686687166063263
896_108,0.2326968045432676,0.22755784657321382,0.22115161261829044,0.19386195057419206
896_132,0.21600300969326044,0.2148943170452654,0.214653084390383,0.19471068241516118
896_150,0.2386653008844929,0.25796513302186735,0.2588780608327653,0.18970305811316265
896_159,0.11317696979098245,0.09930480962368418,0.0862652642146931,0.061919854526066756
896_167,0.16372159985085427,0.139995778201248,0.14775881762459228,0.13396798102808405
896_192,0.11511105269378263,0.10693183464146744,0.09756974876773522,0.08663738317044009
896_200,0.39091904431403246,0.4555349891309323,0.4248369557382854,0.3465128875009466
896_277,0.4540203740520555,0.4391284131254205,0.4394975128524605,0.3511442421338632
896_379,0.39350839171095,0.3200374252720257,0.33166586371075757,0.3040403834144512
896_415,0.43247962727187406,0.41422765450963683,0.41870761153613173,0.32849495321080324
896_433,0.17026433231742047,0.16130583867524642,0.15885186730269366,0.1552571629478296
896_463,0.14764903213062555,0.1261576982725222,0.12277566115518529,0.09736564435006419
896_470,0.48300941905296857,0.5150805951761002,0.48035835299287594,0.3948132718050107
896_506,0.12922722485820992,0.13449189310133283,0.12263561903108772,0.1182281169458478
896_554,0.7560198011307223,0.691527769997967,0.6626702864632704,0.5658044963272062
896_59,0.7000113863634543,0.7265974263847849,0.7510232753811432,0.6465853636305761
896_60,0.2081362381103177,0.199847965665306,0.230285294528132,0.16857254933295868
897_299,0.17352010032482557,0.169830117667655,0.179008528881227,0.15041500941926986
898_103,0.32891854455776476,0.3067658645504298,0.287973443164009,0.27908856795092213
898_116,0.23597529034527331,0.2824603735340915,0.24304433134229095,0.20751296894889987
898_257,0.7412824500765965,0.6705814253882421,0.6551824403997077,0.6203211507234012
898_299,0.12998114331722216,0.1480041639922468,0.1468479336516396,0.11812802401808388
898_327,0.25487644013874317,0.2571004929336476,0.2550654425261101,0.23735636058167564
899_103,0.6487017198240183,0.5486551269178102,0.5471968406160301,0.46935890420950194
899_257,0.7082259528036375,0.7015272499986084,0.6816669411786711,0.6580929383611523
899_272,0.29305014885232805,0.27765282243113387,0.26982685796489503,0.24488464768496213
899_327,0.17293505723674885,0.17922976715836636,0.1799593634629237,0.1546456846598484
899_368,0.1264801547234582,0.12257996909448027,0.11867276617356458,0.10849165373909271
89_116,0.2574078169265311,0.24238522797483705,0.26228777158629746,0.22725422006206575
8_108,0.2493768822840935,0.21303574218995355,0.2075506822786914,0.18676983086826537
8_132,0.2169983161414063,0.22527205411384768,0.23563633427153968,0.19918106833844015
8_167,0.10546139638635632,0.0808006380494576,0.08392475214120933,0.07318016583034469
8_184,0.2453520553545793,0.2948328737265442,0.2769913951337928,0.20078282936265374
8_192,0.2306555904435442,0.22770500666838453,0.217237497855229,0.20262165573855143
8_277,0.2945217297672325,0.2538606829546031,0.25986045124309815,0.23015878559206632
8_313,0.1607950653362965,0.14252857555137932,0.13085054553357842,0.12442955923593672
8_415,0.5379039447168523,0.5211954984275001,0.5049033904401409,0.383257276835475
8_470,0.3915215943940305,0.43779396375373975,0.4043020333171641,0.31704611524295356
8_59,0.44233003906642737,0.4761295246618946,0.5130799316268994,0.36126186887423434
900_181,0.44012116294009385,0.44864206536480317,0.4650455732814495,0.41669108114029296
900_238,0.15459479973511958,0.1466697873969876,0.14437104076992094,0.13430346006053
901_181,0.5328562923101381,0.4923120845522435,0.4786856960512968,0.45660755666435954
902_120,0.428586097106669,0.378399638778735,0.3723315067969601,0.37169114348318755
902_238,0.2653558039467221,0.252594256040783,0.23976943357258979,0.23661912794386625
903_154,0.21271821401217966,0.20143786068017977,0.20268991759000168,0.18456832028144968
903_244,0.0782286335754247,0.07985920618960594,0.07508071649456105,0.06111835320377095
903_432,0.13141539978690842,0.12848165482103863,0.1322897477800607,0.11853963300518736
904_193,0.21449674123179388,0.2070712589643504,0.20567923003741656,0.1888918750605265
904_238,0.20932444678558443,0.18694592681982158,0.18440487286301935,0.17782528564101754
905_181,0.5246829333629175,0.5087276755042045,0.5118155245110155,0.4688829209412588
905_185,0.17055560660453434,0.17430355178688756,0.1740997705067962,0.14271290773398837
905_238,0.24731230843068852,0.2418636954678718,0.25225059647591386,0.22679007209313923
906_193,0.17695052196831718,0.17900554626064671,0.17109915460760824,0.1617007532076955
906_238,0.2557553632092396,0.24092316153386362,0.24215869168523504,0.22626469333668092
907_238,0.11672767498986951,0.11022128887807808,0.11379255854940744,0.10204849849969218
90_102,0.7292104797585772,0.7244165813427221,0.7007287077901351,0.5920353326446527
90_104,0.18024580030537948,0.1770172384412715,0.17263864699448167,0.16490696823415205
90_108,0.4024624590200566,0.3739675686297626,0.38315788263826644,0.36288487365701294
90_300,0.39251574937488243,0.3831670948115784,0.3763335804652061,0.3481544767062013
90_376,0.10961615385962326,0.11220637395392988,0.11649555353178966,0.0732675542389963
90_415,0.4755837887781357,0.4948622894781114,0.4390538049280683,0.3662440659454001
90_463,0.12800916480093308,0.10605849966167079,0.08673723374033027,0.06754240459010295
90_470,0.9532834463700597,0.993179133601179,1.0233364685650417,0.7143472755675131
90_99,0.21731137394855032,0.18637993187976773,0.18497531108254442,0.17510118215301135
910_14,0.11090284748132634,0.10210199423578642,0.10759589388952645,0.077958321969819
910_181,0.7705095867371411,0.7559564543303424,0.7549551496478509,0.6512618996199909
910_193,0.33462702797094274,0.3131178273699209,0.3146451137980929,0.28999755287789575
911_102,0.3945265800493263,0.5000389888691958,0.43910401052765263,0.2597028835126459
911_244,0.18573221688272848,0.2432698875322168,0.2542393656369258,0.11557677263889515
911_261,0.11039497497903178,0.15595129230198643,0.14096332329059402,0.039091891795761086
911_470,0.387794942420906,0.45319398750772766,0.38007957069129905,0.2597435037202249
911_59,0.4300008829972048,0.4863778502267953,0.4978298829135881,0.30545488478915966
911_99,0.11837504100573887,0.15180955557541945,0.14738716145584502,0.08107375413763906
913_411,0.3788441728605148,0.273805070921729,0.43468442581621664,0.22075999085646827
914_103,0.3761056480222166,0.3899618512849163,0.39464719262849507,0.32162973224148267
914_257,0.3060438843110867,0.23036386739492165,0.2731349855473531,0.19785241208557391
915_103,0.2868497599729421,0.2878529146269891,0.2874439114136309,0.263273281412063
915_299,0.26065362248782087,0.2497579615771415,0.25121386098901555,0.23257481645050135
915_3,0.09369850033543226,0.08952124545313146,0.09225624717281145,0.025474548118526966
915_327,0.2690450016591572,0.2903228439154033,0.283865172014987,0.2464616165654041
916_116,0.636955152766232,0.6786981693500074,0.6051955922871385,0.5585698054943535
916_257,0.7448639051852609,0.8447613425320134,0.7860128469651784,0.6341200883246073
916_268,0.28196674930424065,0.27744168450166407,0.28801561838888273,0.24983284032206549
916_358,0.27805496622340575,0.33996746598952376,0.30949386366075887,0.2325457097709792
917_103,0.7066698511348527,0.6169252083052641,0.605967553247336,0.5093810092691079
917_257,0.9800487612145579,0.9932337566705838,0.9722573607163917,0.913024622853508
917_268,0.3801999778548328,0.36818772628990765,0.37587576200148287,0.3307917511198948
918_277,0.7013420193504506,0.6255306978337396,0.6192065943352044,0.5581085471279588
918_415,0.41891911496553874,0.44090235397405747,0.420132912702198,0.2749768870357507
918_99,0.2258889004170631,0.19956197551824467,0.1964628726113197,0.1821758603396895
919_10,7.207471808179766,7.962743068255828,9.718618056322773,5.302406457809694
919_108,0.29296373909768314,0.36587125717903546,0.3510445364891641,0.2182530695947223
919_132,0.205903469952635,0.2068109519015748,0.21713629532778755,0.1890634327532031
919_167,0.14000396079951435,0.11427258731705103,0.10070608076393398,0.09828477992777293
919_184,0.6822038570236573,0.6014413323028192,0.7022714858390907,0.5022083595500137
919_189,2.9893847809376073,3.791341661810934,3.5108891340746373,2.4285220957498463
919_247,0.2561728922778783,0.25945768487434884,0.25138563775246014,0.2352429766840366
919_277,0.7999261961389558,0.7826858176729883,0.7671319423071403,0.5770815243323519
919_415,0.730379394808716,0.7654575228258679,0.7384927401365315,0.5361186636842059
919_470,1.2113342848073916,1.2932215347446534,1.4394799146280843,0.940667213626294
919_59,1.1374317160386183,1.1109405778645955,1.1431578160795104,0.9925851817439338
920_238,0.1757140388427156,0.16523395808686597,0.16114586891835406,0.15568725168431782
921_172,0.17168683541152363,0.25934054412802066,0.1017918714232225,0.007854078132019458
921_287,0.14329789018705552,0.14613826501809277,0.12167393847356951,0.1077137688095698
922_120,0.9339574716287071,1.17309649183705,0.8896688868461359,0.8339376731000799
922_181,0.8423799295842925,0.8498745072092739,0.8256937217646713,0.7864995481968203
922_185,0.2863070922573905,0.26258102950831474,0.2628205870952062,0.24555200303785188
922_262,0.2655419345081106,0.247632830476222,0.2538478291557668,0.23074388108598548
922_331,0.683156887955198,0.6401743320328133,0.6312280407109495,0.6290706842179176
922_546,0.1282260798192386,0.12046636347516121,0.10819951161893618,0.05284535012272517
923_120,0.48572481345345914,0.46828005514702337,0.4653105908685496,0.41142036616446614
923_181,0.6847758424761765,0.6792069279457175,0.6896689024735007,0.6330620845484307
923_238,0.1428619585799674,0.1467272199862889,0.14281226151353726,0.12748053590368133
924_238,0.3339203644720541,0.28512933094499454,0.30304933855366867,0.2828573450658416
925_181,0.7315054437368365,0.6791279866883794,0.6724365979192501,0.6519833661873523
925_185,0.1493173849121353,0.15160374120679676,0.154061189362257,0.12999533124067034
925_193,0.24563711110039682,0.24498482132483357,0.2559824670414804,0.216396691643633
925_262,0.21646032823090003,0.22272940236215039,0.22730585020029148,0.19326485766231039
925_331,0.6113030093484968,0.5840152267853682,0.6344626059532592,0.537337459701827
926_116,0.33202204862139795,0.26416816959274286,0.2619783001276557,0.24663337963516765
926_235,0.3337119731182243,0.3368526720172186,0.33972960568424937,0.2897826470147379
926_327,0.3406894949758396,0.3545086647587816,0.35298681837686513,0.30723192727120335
926_575,0.19412884915439185,0.16389231757938993,0.17121258363481984,0.158583214560693
927_103,0.261902900822001,0.25642122343547075,0.24538952430807498,0.21983096220145656
927_299,0.16434458052062398,0.16452127339300207,0.16784267469153002,0.15469935106060886
927_416,0.3022686811920325,0.25184133678825316,0.2465132021300017,0.22702547044015609
928_104,0.1726015614918793,0.1644401014530278,0.1673721019156257,0.14916339629097713
928_108,0.3716385315345812,0.35946119783289,0.36697915914763174,0.2996304871122495
928_132,0.2961331114060739,0.30005219364790087,0.30378086010483824,0.2717278930113609
928_190,0.6123055571593188,0.5982165125601424,0.566452218561439,0.5226716940046818
928_192,0.31998926623720386,0.3161377706654783,0.341629846890456,0.274764732337459
928_200,0.527886269884365,0.6612038899137712,0.6086609459699027,0.4524748622739958
928_277,0.9843879019319343,0.8929775533319716,0.8789943367326271,0.7526096247812509
928_377,0.19824179885678606,0.18585792508219076,0.18406805936250759,0.15783834074886446
928_379,0.35201508363833284,0.3180411146462588,0.3326660083921758,0.25707703433558016
928_415,0.40478172787060324,0.44222408409354624,0.4018852075485582,0.3142968543192261
928_463,0.10872140032807534,0.09345962942477362,0.07212334573731086,0.04754159652168041
928_470,0.7917546163763362,0.9412821917498699,0.8786816883263189,0.6151107278453425
928_513,0.26211130068929683,0.2936321146734523,0.3061589276791914,0.2460985245177385
928_62,0.2745557038973,0.27365738238924536,0.27596980698349743,0.24833657046325153
928_99,0.1351687011260304,0.12991289169910522,0.12993004561160126,0.12008906322485105
929_257,0.613073854507041,0.5340555689713561,0.573884544991199,0.4121989599611823
92_172,0.25560236133013764,0.22147901498712483,0.17983266476559145,0.13046627985874418
930_120,0.5978213590009175,0.6461826296327681,0.5837098293725176,0.5443525719780792
930_181,0.6478356628634597,0.5940837157400107,0.5983140970892601,0.5581519717327637
930_238,0.24043624481014345,0.23332743662455588,0.2314821084656118,0.21575316311465473
931_172,0.6480065685200589,0.638774591697769,0.5634015454570281,0.4811092567690677
931_195,0.17851656888233297,0.17417692956604203,0.1836018961682676,0.16748461228133296
931_287,0.12090141469498257,0.12203172383219381,0.12417278516910663,0.10832654840645081
931_461,0.19511350060442514,0.20177154108558806,0.20051005424868043,0.18012928423307414
932_172,0.08152293801029313,0.07893137127828774,0.04530719767308697,0.0028249441673366513
932_287,0.09831522808249218,0.09485110011952465,0.091696758653318,0.08383825708876019
933_238,0.2251908903692492,0.21429567620951756,0.20884970932366648,0.19673719906730447
934_193,0.19373988256833402,0.18780280554064863,0.19494980324223188,0.17655244791670804
936_103,0.6063068002011379,0.5855452802961059,0.569065077177473,0.5462178428815136
936_116,0.26484597955250205,0.2654407221398884,0.2732382049552089,0.24063153096513457
936_299,0.17230567486859227,0.17332783359679704,0.16889154786345612,0.1549878526699887
937_116,0.5954308786870628,0.5308269562990472,0.5270364939478882,0.49056222459511933
937_134,0.17414201714520916,0.17594261150354729,0.16521069958050574,0.15364457295186446
937_299,0.19145277793878826,0.1854437331876895,0.1866791343799333,0.17238148019305677
937_327,0.1925849408165053,0.1793697738422135,0.1766646032696492,0.16022135096602502
937_416,0.35854235826830316,0.3121485242283797,0.2976990681129136,0.28771200311749495
938_108,0.2039625140491373,0.19695120954952586,0.18963047860978074,0.16815247370999914
938_132,0.285799496566781,0.2898951618898647,0.2902580467541216,0.24444426143652587
938_154,0.16770554559587902,0.16744917046014024,0.17006154030075965,0.15902612264815222
938_167,0.1346209551817224,0.11709453062865416,0.10866346368745702,0.10375589348228276
938_184,0.6177167382896704,0.7035992400350433,0.6760502808500796,0.4719951673210464
938_204,0.13831246795892624,0.13878471715220073,0.14310741172090602,0.12014242065147715
938_247,0.22502200933971914,0.22751166489871727,0.2196135664060533,0.19533374332727868
938_261,0.09148238704856561,0.09506148218457429,0.08860738486729136,0.06462034871936895
938_377,0.20578775094807936,0.19377952181780864,0.21238229527471517,0.15474586982105132
938_415,0.4955753155674672,0.5125838252887924,0.49292325395233355,0.3619350371768359
938_463,0.13753012580399623,0.11996353184974105,0.1104089731840271,0.0815464158621369
938_470,0.866271877000744,0.9632969815326352,0.9985727609005246,0.7513441697049715
938_501,0.14237246252934974,0.12248662981819002,0.12093427736068087,0.0876861004252158
938_549,0.6338085948738506,0.5775783764342897,0.632446853307411,0.5333172034062882
938_59,1.1258424040045854,1.1533671550268525,1.2616247536571121,1.0436709906864192
939_181,0.9003280924268334,0.8444318093542158,0.8405523874446328,0.8380284504573118
939_193,0.3358724912238362,0.3748551737149233,0.3176090731849433,0.3088729794648382
939_262,0.3018767344290254,0.33836100901839566,0.32655199908998755,0.2607059455166352
939_546,0.13975904233282982,0.1348909952371823,0.11171838204738724,0.06472741761307471
93_172,0.7520123058871692,0.8895357946660235,0.6146847953055863,0.396954008121191
93_287,0.09919969617049704,0.09893637575501846,0.08934755229679035,0.08593817508578315
940_172,0.30283933012845493,0.37498979059246396,0.24540001069189846,0.15337677424759097
940_287,0.12175518283731487,0.12540889523588014,0.11821011771934563,0.10903352875712523
940_461,0.17234297961615777,0.16547128841613248,0.1668968099162344,0.1478321947173087
942_181,0.2803846315630196,0.25770588653085647,0.25088376700250725,0.24444107540870597
942_238,0.1343270100281314,0.13382145257489964,0.13004908464087664,0.12371375842753432
943_181,0.35138857886304353,0.3589779557720566,0.3638413194149359,0.3066967930941142
943_238,0.14821207080473647,0.14264867033846373,0.13437429030396456,0.12399731603939212
945_10,5.268567040491228,5.154729310648729,6.7408512545628945,3.9254692290133155
945_104,0.21617151688024444,0.20311784757708504,0.2183586954867709,0.18051338496941857
945_155,0.06413435228853107,0.054918185973083934,0.051262574953692734,0.04570057415820965
945_156,0.2060941456652941,0.2076729452380466,0.2102367960041485,0.18452574267713598
945_189,0.9241955209510961,0.9287572146816748,0.9081045386459861,0.7375882105105771
945_204,0.16705503228237067,0.15676021377109825,0.16412511783540418,0.1429284859601813
945_244,0.09208566746883606,0.0945850155182098,0.09066696780282574,0.07883664714022906
945_246,0.1282973111561642,0.1259523180846719,0.11776879559062234,0.09998088892086576
945_247,0.14168678664525564,0.14586340835777575,0.14931000423648672,0.1300473564151681
945_432,0.25969506128695946,0.2659615594686839,0.25128527349689994,0.22586849449892624
945_458,0.16031660165520722,0.14692686267734822,0.145151323902343,0.13387744144394664
945_501,0.36834800185310634,0.40530145893054104,0.38095618119203956,0.32990619880263855
945_503,0.2997673122064788,0.3173747970239782,0.3435690166280858,0.25985304075969995
945_506,0.27389538754436243,0.2454161592226163,0.2560331602094524,0.23933219394003308
945_530,0.1439838706354425,0.14575775137495242,0.15543691084491756,0.12563243973292212
946_102,0.7580449091850122,0.8347624235536323,0.7710011231198277,0.6492341596636043
946_108,0.42684694069432766,0.3687455974816294,0.42805661081063906,0.31406333856302227
946_132,0.2685252047099349,0.25514577068965133,0.25299503911241733,0.2260876042826569
946_167,0.11645874847010695,0.10972494911047319,0.09464138999411267,0.08783436276621805
946_19,0.2048761723641652,0.17489532656079096,0.1927380369387237,0.160445257194494
946_192,0.20638179685417296,0.20720329175731386,0.19203838921231267,0.1827677131259569
946_208,0.12781490251737937,0.13323532574023242,0.1365412727279744,0.11627466503186376
946_266,0.12440409382831653,0.11175895997704344,0.11359506692969418,0.0837810601770729
946_277,0.7734756356158073,0.675927356561557,0.6501201817956662,0.5673253960696
946_376,0.11220025661610913,0.0922113040436449,0.10562875672308042,0.07301786491529355
946_377,0.20943428250408258,0.2212012412747262,0.21993889325071353,0.15867892529072164
946_379,0.35198259493776185,0.35335338968336377,0.33375005279843006,0.26117090104184615
946_415,0.5320041540924042,0.468569325158384,0.4576740727691442,0.3473895470343092
946_433,0.16879056413324153,0.16443362605271006,0.16179448969672822,0.13978727292825863
946_463,0.11959958847296585,0.10167306177218874,0.09210506538069269,0.05744812197034869
946_470,0.7106049448283748,0.8058953537785214,0.770841023365215,0.4916301192053013
946_60,0.3216738006514148,0.3582206509728751,0.3986319782350921,0.28554995976092773
946_61,0.27068689437814875,0.2801351868942508,0.2756945560899512,0.2418809387784925
946_62,0.295651132063702,0.28700038300772407,0.2848490629577982,0.25985531094101016
947_238,0.21324020244515263,0.20428882522591843,0.21150739646343042,0.18547821013987956
947_265,0.2797385971187921,0.29765131194443745,0.2825403020490364,0.23806873656244942
947_287,0.18100166369973103,0.1778446467724912,0.18050234201987428,0.16927798813010725
948_172,0.027902198258607135,0.04788482610970427,0.029428129464376084,0.0021928695758917363
948_195,0.22559095109744712,0.22596569324837765,0.2220339037494292,0.20087510845891418
948_238,0.2577862025926015,0.2330759221229276,0.23005016153404925,0.22699033356398857
949_120,0.5117048904057695,0.48263995755413497,0.4753288473714077,0.4586265342610527
949_14,0.10966263973216998,0.0963962054296797,0.09053100594857866,0.08424662739425777
949_181,0.536837204650474,0.5830231863351929,0.5485166476416193,0.47458163550973853
949_185,0.20815642748839078,0.21107450107608272,0.2042077237284026,0.17756102799995518
949_193,0.5742269490918074,0.5886933158445286,0.5693131330930721,0.5558846132637055
94_10,2.556094948691647,3.5229396918311853,3.3960629693258944,1.9198384353355453
94_154,0.27271906991473127,0.27671526206116376,0.25952919120331663,0.23928096690913314
94_155,0.17896376526251567,0.17657092147778755,0.170478090612237,0.15296562371578587
94_156,0.2543390744537877,0.23771259846439852,0.23726373959009653,0.22253473053272016
94_315,0.6457477978561594,0.5962108271216005,0.6230839103228408,0.5274966868689833
94_413,0.10748892392952733,0.10368186130629217,0.09435956653931371,0.06424626421584932
94_432,0.12142438043195661,0.1150056162108675,0.12276020837049144,0.10246240379177168
94_470,0.2049221717533133,0.18206658280439555,0.1775755143018936,0.16025583991076134
94_501,0.39771774051120923,0.40869306765441155,0.40574835804902937,0.32516050661088636
94_503,0.73870601034388,0.855324076974658,0.8267287516435373,0.44953993249264
94_530,0.1062289461516827,0.10399959411530123,0.10401651407851034,0.08462363327841126
94_99,0.25934526014079673,0.22546541752022187,0.22193926439857187,0.21417143073714373
950_103,0.4965132816151554,0.4609975769713055,0.47975021655253375,0.42490603366785373
950_134,0.15242539375845832,0.15259596153336974,0.14565201499699879,0.13697742593787632
950_257,1.2080817537624582,0.97466174907499,1.4781740595139206,0.8722160203467895
950_373,0.18021538233465895,0.19965670608091257,0.17772746195718958,0.13596842027356904
950_416,0.36919717422233406,0.3475280138410405,0.3436204265897304,0.32003360221578653
951_108,0.5004611199625282,0.5067702541869259,0.5057676423300947,0.470885960838512
951_152,0.22673136553501216,0.260762086754319,0.24688786108432584,0.1820851680521645
951_154,0.22575686376296028,0.22363324587076447,0.23023438398329146,0.18738067580838563
951_167,0.19216331003517487,0.17294842119055182,0.15538363592229926,0.14788739819024238
951_184,0.8416551479652177,0.7965473562476206,0.8117272849875081,0.6757134019528296
951_190,0.9546507029521748,0.926271871923707,0.9030127183381347,0.8121465574561373
951_209,0.10650495484609997,0.08004928147736616,0.08340977548023991,0.058343263998897804
951_247,0.26951782751038933,0.27182737164721954,0.2543703584820768,0.23574990437687765
951_266,0.12792024421676174,0.11325954198602879,0.12377313613004477,0.09483122613350944
951_277,1.7910104968357257,1.3824306376947513,1.3147612175736965,1.0841850463166518
951_300,0.4943466854970675,0.47793664185650875,0.5010846857426479,0.41686592331799344
951_354,0.07634306593800967,0.013016654471349837,0.018996908527698666,0.0
951_415,0.8940971426858118,1.0558680927952961,1.006901570561159,0.6126054313797066
951_433,0.25951353873523747,0.25124916296298627,0.2538119323433608,0.23436658827227155
951_463,0.15749281109840135,0.13974278623829323,0.12400845479647048,0.08686766527116886
951_470,2.077224797646152,2.031761526888099,2.275915308808317,1.3679101854642703
951_506,0.5962112707470015,0.5698729897895549,0.5941709440988187,0.4588915086277319
951_554,0.6091194739404002,0.5781834905356371,0.5973332969544443,0.5221219431473114
951_59,1.535955002559001,1.5594344658288404,1.6367087002807539,1.2854646756293746
951_99,0.2820913564478451,0.28418174922816974,0.27584745656802034,0.2556991155535157
952_14,0.09756754343183556,0.09520077326124346,0.09482309136686502,0.08496366872911737
952_181,0.618291710189379,0.5684667635234498,0.5727512069997078,0.5339162865751809
952_185,0.16849307999377078,0.14889118403602067,0.15114712362120314,0.13383292919929918
952_193,0.18346495789874032,0.1744321107238097,0.17404485561576333,0.16383804744804684
954_238,0.39963726855274223,0.3700550740717304,0.3556941555904822,0.34261844330257013
955_102,0.651448034298767,0.6501016124857774,0.6227467832088762,0.5444940129366331
955_108,0.1638467753317553,0.1671318729478165,0.16095694944634553,0.1341031461869884
955_132,0.2444827478739929,0.2265659295658748,0.2367704204528801,0.1985243680306368
955_167,0.19144758324187464,0.17273984190109798,0.1740040849623428,0.15884382585491258
955_184,0.4453330885810867,0.5617970458399997,0.5016322844922361,0.3391176039563815
955_200,0.39356398864637065,0.4698525407436973,0.43947691352347373,0.3264521979693508
955_277,0.4178115274566147,0.39453498927534475,0.3808540462193296,0.3499958012941601
955_342,0.12438071017970483,0.1311958288912229,0.1334494582525888,0.10926927020569478
955_379,0.19108014878092075,0.1588525469506893,0.1457067780380516,0.12717169736327816
955_433,0.11233706892198206,0.10998431103576606,0.10687214316947176,0.09958531869198436
955_470,0.8464982709901459,0.9069445082186994,0.9130662820241674,0.7790490091490709
955_501,0.08624260435039727,0.07834407274959156,0.08401366386699098,0.03690418558039704
955_59,0.6262255097685382,0.6754225567235007,0.7224934171783879,0.5660176366581362
956_257,0.484304311968909,0.5705424636159867,0.492172102137614,0.4110938672850408
956_299,0.2515580082653617,0.24323031464495962,0.23296272038721033,0.21359074466438616
956_416,0.5628247553703647,0.4675091926832063,0.47260605562736857,0.44847178330991494
957_103,0.7680968392894821,0.7265001375145504,0.7324131129768632,0.667919765319907
957_116,1.787014751701974,1.9823667960381977,1.7726477563328178,1.3849715515803205
957_145,0.21687380351874824,0.2203852718351125,0.20996720290830392,0.1857189253141166
957_257,1.5286136350613138,1.6690089790930585,1.5799911228516759,1.081715371382747
957_284,0.5376208098358347,0.5477703128223811,0.5331311404482507,0.4957847167078957
957_360,0.07634306593800967,0.040532838752775434,0.009367132210031742,0.0
957_394,0.8691690918364675,0.8281154578970691,0.8192045499722053,0.7938597396563172
957_416,0.2922786803494144,0.25356632083501174,0.2489188405732557,0.24152533038077728
957_452,0.5652888260512552,0.5547738588491433,0.5614887054494769,0.4761069539147177
957_460,0.2268147719988298,0.24389164683190032,0.24160722117890418,0.19906322269812218
957_523,0.23617820784449342,0.23983382263357061,0.21631909823751763,0.21187854484151902
957_551,1.8940704484495772,1.7884537984702138,1.838925010224932,1.691824652643968
957_558,0.9946298253871168,1.6075095612848471,1.3341602244287847,0.7856405885362522
957_575,2.229452982178976,2.0827335910767655,2.1635584514126602,2.046997987401989
957_95,0.37611921641345447,0.37108446405245143,0.36713901674429333,0.3310696316419494
959_181,0.28327032141695957,0.29056462087949014,0.2860258714989414,0.2419278297386633
959_238,0.1384073245819009,0.13177362897338699,0.133882686185164,0.11963182227806698
95_146,0.3148626218214245,0.3078719563948443,0.3089894099265798,0.28783177823971406
95_155,0.15212368642112928,0.15893762224445918,0.15359030097395074,0.13604518514805578
95_242,0.11406224735163271,0.11396876984516235,0.11008567779299863,0.0996725424864512
95_246,0.24587315116107555,0.2527596246945534,0.24958426006970955,0.18433025437912087
95_413,0.1307175947193184,0.12637820746180614,0.11779035328764537,0.11424944198607981
95_458,0.25949476492056245,0.24451736349972167,0.24897909292794423,0.23332032961915233
95_503,0.43854851574624365,0.4365650605887092,0.44355395568525563,0.41078996930727985
960_238,0.1460198946144773,0.14975230657456554,0.14369790347300784,0.14167913030008603
961_181,0.7584050386121566,0.8047472526075534,0.8233917851262316,0.6560413133987967
961_193,0.2464871411454916,0.23884043818200526,0.23474013356974086,0.21250933378782932
961_262,0.20903842932632627,0.23066945342981926,0.21854434652689253,0.18988314075214519
962_102,0.7508875152684344,0.825861231249111,0.8647507254364748,0.6073327999752642
962_108,0.32178407363199873,0.33985330085358934,0.3530807444622194,0.2870929655151855
962_132,0.30175921197533473,0.31470325182741493,0.3254419595660867,0.2832454194438432
962_148,0.2692896990248429,0.28963620033562243,0.2865005835789345,0.24753626050228336
962_150,0.24327723005398813,0.2431094510023194,0.23680046630001877,0.19628166194855137
962_156,0.3209911964787466,0.31401708980712667,0.3202497097442556,0.28710238958633805
962_167,0.30037178275483384,0.2720003482985827,0.24927281111930394,0.24266361513772758
962_184,1.182061679017883,1.3153211727148273,1.3095578593539985,1.057203711476249
962_19,0.27194797527320014,0.25846561097219856,0.2632407732000318,0.2154500045129363
962_190,1.0483057804878402,1.1227690454682249,1.0842213744855131,0.7928652581193155
962_200,0.4863142373220513,0.5639110082538845,0.5603286310344556,0.4119998009411352
962_209,0.11751635031015042,0.10384924974476833,0.10113035412613454,0.07621517203541489
962_246,0.1895943371938586,0.20002286732247568,0.1863224717254697,0.15514643926952554
962_275,0.14996404276972677,0.160114050489792,0.15610763744019718,0.13820009456520727
962_295,0.21468699809709227,0.19433124998505977,0.1926097933060849,0.1792021757868779
962_303,0.3049461580233988,0.28799404331583245,0.282970981912796,0.27767115617669014
962_313,0.18470274701112135,0.16420621475225872,0.1745960116054862,0.15326877301548303
962_334,0.09107026009422461,0.0927046709924405,0.09420531534983093,0.07984703635399358
962_415,0.4913372560343369,0.4248713997761626,0.4075665299503935,0.3337717351683649
962_470,0.9170753436879272,0.9654653353981062,1.0079758294007728,0.6890878626444567
962_513,0.554034958511131,0.6253522776611559,0.606152253698559,0.5136227209566724
962_560,0.1030403530775527,0.1041928809959864,0.09956782064900016,0.08667685979788192
962_59,0.42765814799950763,0.42460243272369547,0.41404989614084053,0.384665806054299
962_62,0.27702404888732696,0.2738032451754363,0.26099156554237357,0.21481359763064345
962_99,0.15528697637492972,0.16347428097857872,0.1616718994708915,0.137370052685
963_120,0.44798671041513166,0.40440105342661786,0.41191128434796415,0.3625307020083654
963_181,0.495980593141304,0.47653462517862955,0.48434615494912286,0.4391938498171836
963_238,0.22637967912583315,0.20800135935129138,0.20692822848084835,0.2024704910001526
964_116,0.2986169831894014,0.23701688201388554,0.22212191528625388,0.20767553877541978
964_174,0.17379757154773154,0.1698457632622329,0.17490454592382396,0.14773153106249898
964_327,0.1443291093074492,0.13884341766658875,0.13540546661417452,0.12082387576194652
964_411,0.23308494553345507,0.2161488421219121,0.21878669175271326,0.15423634882371487
964_416,0.37401732604846744,0.33071444929803945,0.32879611128176184,0.30276335461058085
967_116,0.23054758401721395,0.21886294059890654,0.2175398765297291,0.19914469965281142
969_299,0.10586951970019638,0.1004200682281719,0.09957397703695779,0.0802400406555071
969_327,0.1705450330101831,0.18460340219028037,0.1826417811605725,0.15720995095299126
96_133,0.25157438748414657,0.2125153935591733,0.22210911425817847,0.18989083021923464
96_229,0.17128696063597934,0.16307988363275372,0.15990627463272025,0.13674470819265838
96_244,0.1976094089199832,0.2031906198288831,0.20653361332300046,0.17108343391610883
96_246,0.20471000323117616,0.20156955729724996,0.20634017367453186,0.1775273597709219
971_102,0.8122810727681273,0.8282951169912885,0.8204714979559818,0.6972295190462217
971_132,0.37676788897425306,0.3697489129187546,0.37572848388831115,0.33158797503809057
971_184,0.3661801460435974,0.4168544303625724,0.4413064619889345,0.3216394823534052
971_192,0.18000571258599407,0.1827784464541968,0.1799207375235621,0.13298924005324336
971_200,0.5184603786784975,0.6698097508533006,0.6030217055263424,0.43580079623324863
971_247,0.2008136203332642,0.18221215117434186,0.17975186977820268,0.17485512691738736
971_415,0.5329911315594082,0.463326117014567,0.44960789302688486,0.3767883807392404
971_470,0.5622251412825664,0.6033495758185596,0.626494510338691,0.4275560636754213
971_506,0.1315971157418556,0.13919188397558863,0.1359364798615418,0.12397946257649171
971_99,0.13449245864851667,0.13458274160325925,0.12858489760146152,0.121041755611688
974_181,0.3728498301277631,0.3568910270002845,0.3627759284298598,0.3407189613498535
974_238,0.1849650662837728,0.16898143504479946,0.15978535130030908,0.14143247139944867
975_102,0.626945358815918,0.6619362791420241,0.6104992229597029,0.5186841688310051
975_108,0.2443559618196305,0.2587897374669207,0.2720270911116714,0.22382734192686693
975_190,0.7809153457761826,0.6149336877573431,0.6253711190227564,0.5665511780833983
975_277,0.7084915147245543,0.6482861905526371,0.6125816626779224,0.5019367325542609
975_377,0.19902856011035686,0.21508571585363598,0.23426065277170938,0.1472351801135508
975_415,0.5430703231482945,0.5158539722059194,0.5127041723837392,0.42593462346925576
975_470,0.6487153061794574,0.7551378473089952,0.7344145049070812,0.5180943424540932
975_506,0.22560447363253788,0.21839354766413355,0.22801396854855277,0.20562295399298194
975_59,0.7886181662271652,0.7802864232272555,0.8080034871020728,0.7463901761499608
975_60,0.4846907819635523,0.47947156187905077,0.4736885522742937,0.4272276964032992
975_99,0.1638414921166151,0.15840127884467917,0.15985791634443178,0.1329564167367409
976_155,0.15241200152225826,0.15073419439497884,0.15607138769653012,0.1413147089394499
976_156,0.2428902650276083,0.302899099810712,0.24565127865497807,0.22335793198337994
976_229,0.12366222744913041,0.13367855402352619,0.11859656604371366,0.08837930944001413
976_243,0.1514618348738514,0.147659115459865,0.14366728369203055,0.13085807438143737
976_244,0.2034759852429039,0.19697069841568318,0.19059117286761776,0.1803782601596757
976_246,0.326454115997274,0.316855774400862,0.30695322647719636,0.2887379263629478
976_432,0.14249683783594755,0.14541008291559224,0.14123751024241815,0.1296050417246174
976_458,0.3177154261604747,0.31436186219291234,0.30335527548494456,0.29060102992375164
976_503,0.8214230204921469,0.8851036221835082,0.8525203332151907,0.6743732642866829
976_505,0.7853560096005553,0.6804996202151358,0.7262346608215096,0.6126349234406159
977_155,0.16073235010005674,0.1479785857836195,0.14178474088542664,0.13528170482544455
977_200,0.4802201165592907,0.49115808799041094,0.5445679585974158,0.40853817823345
977_246,0.3013855374680673,0.30413990056367896,0.29814372926973076,0.25618428238563756
977_432,0.0907841437617715,0.09019404996476109,0.0865402885309145,0.08075001303576104
977_503,0.5363360268117471,0.5836839602795293,0.5778189503705661,0.4020673948074355
977_505,0.4397639504957505,0.43663791700850313,0.41767697233684004,0.3685729623127474
977_99,0.23925924525513315,0.19271959358544632,0.2024613104182283,0.1858636632448506
978_154,0.18763675095441248,0.21905344999014767,0.2017118449723934,0.1633916709446549
978_155,0.1544358203825581,0.15357809706037925,0.14667285187497095,0.13315577738958698
978_244,0.13829954512725384,0.14917513391861734,0.14838885675551308,0.11708403434993458
978_246,0.22415099455608178,0.22054233361687117,0.2052535156744395,0.18577655079335664
978_432,0.13773859029930904,0.13155770246347062,0.13470009460077703,0.12803944036227458
978_503,0.4416268271002297,0.5145367784570445,0.4990553506023763,0.37175857218423364
979_102,0.5249895409963519,0.6147434818503119,0.5075959804343562,0.43843241270978733
979_155,0.1265694746291182,0.1235523861217661,0.12391482693711978,0.11790741751940656
979_156,0.33368486356367666,0.3699090940923815,0.33187991403449313,0.2856763084490832
979_261,0.12645578427796264,0.1218163855039917,0.11919588555156944,0.11199862237704138
979_503,0.9600317952833741,1.028714267356123,1.0994699233328988,0.8638514733246097
979_99,0.32155828482929394,0.2734673239681095,0.2723622493650391,0.261846591144558
97_135,0.26637227059268825,0.2712727753092621,0.28491961157648127,0.22366340370422672
97_155,0.1888880179169684,0.18337703841028324,0.1844732975263715,0.17469615509403838
97_244,0.16097275268348743,0.1610549248423604,0.15808364190374496,0.15120216129761258
97_315,0.1556053231249796,0.14111830531676195,0.1340758860284638,0.11621951957674262
980_155,0.13371861962193765,0.129363576176136,0.12103241988813274,0.11511412873214374
980_246,0.23283215190286657,0.22559576189938127,0.23160685411846338,0.2077787724799289
980_503,0.45849251749240694,0.5119025450014731,0.4608941854856188,0.37556369604215417
980_505,0.3549782762645093,0.4130993124639646,0.36952410126050295,0.28036452990156474
981_120,0.4435131804208704,0.38451448959036194,0.38009335226242835,0.3706992058372523
981_181,0.5657006341874771,0.5151406528099114,0.5781628563225522,0.47386549901459446
981_238,0.1050161856092289,0.09649013593672837,0.0863809637317077,0.08141657932298355
982_120,0.3123683162837237,0.26682487484032186,0.2691634322938024,0.26341661297273655
982_181,0.5004731856547159,0.4236733371371179,0.43500966668984964,0.41039241202676835
982_238,0.1109337297057397,0.11264203721972277,0.11334602400836744,0.10625345249144241
983_108,0.34216665670010077,0.318820851301979,0.3162029640210597,0.266435861384577
983_185,0.2953297938640647,0.2743202842527465,0.26637406996776436,0.24646167235336205
983_262,0.43620201763987715,0.45619344671467776,0.43970686549568655,0.37850206489939525
983_331,0.5812709204314546,0.5614742313842833,0.6006251558160254,0.545266926575698
983_546,0.18543422514246644,0.19161483617954758,0.14458587903472944,0.10589678600529819
984_193,0.22083101082897963,0.20888538700103584,0.20957018837988317,0.1952062668510129
984_238,0.3252784087234259,0.28767848328382417,0.3335700508973125,0.2747531828060238
985_172,0.056663652152080426,0.081742020441826,0.0508148519960417,0.00016697281734870704
985_238,0.25395129496668084,0.23432421885779245,0.2420663228540284,0.2236816341399915
986_172,0.5633508812132849,0.6029767399881025,0.49522361062075637,0.3403677219179265
986_287,0.17415669093082578,0.19069870670167446,0.16654353632226013,0.1385930121724001
987_120,0.3025960429689494,0.3000782751064561,0.2961188391908664,0.2738889947111297
987_181,0.47156444561618005,0.4727993699916234,0.46919068907780825,0.44231140344083775
987_185,0.12785459981149222,0.11845353058117089,0.11768968451023468,0.08574993573484649
987_193,0.3180159958547799,0.31125705844860074,0.31310060479516577,0.2845161104896823
987_238,0.15068279581423655,0.13621401972788091,0.1328488573857211,0.13153329543496348
987_371,0.46771285855478634,0.407629023860889,0.40509593606918387,0.3757467302792269
988_181,0.11985619257469832,0.11102351620041946,0.10722363274190333,0.104158051242818
988_238,0.09819979869159556,0.09235598578392529,0.09132504468557216,0.07968531101575455
989_108,0.3329222197300209,0.2961812057253796,0.2955451234848528,0.256714703845659
989_167,0.3080279503153634,0.27805193038357795,0.28312488867290214,0.2642448332461388
989_184,0.7427273365435761,0.7609812778522851,0.8029062893598918,0.5869662878418259
989_189,1.3882560373443522,1.5802143244979296,1.545864206276241,1.1259471175914728
989_208,0.2613789212530915,0.2507641074197638,0.25591206144294115,0.21817081402783323
989_244,0.17727128263635242,0.20985573231854418,0.1898216306007356,0.1617607537022889
989_266,0.1548708568370352,0.1369612917796194,0.15067172707677814,0.1114844342765343
989_295,0.2904791344271726,0.28755116418722926,0.29199154150374684,0.2256791523941389
989_377,0.27973752784143285,0.2881151777365306,0.3090504654565323,0.22668236363021302
989_415,0.343921238365682,0.46404170841130665,0.40817214096207516,0.23569836300073532
989_463,0.1310730045110914,0.10666613494301345,0.10301341053532466,0.07491787581504233
989_470,1.4615858526315848,1.614283908997931,1.5690636239997173,1.2852271978339842
989_510,0.48639052857301857,0.4661099611670188,0.5264257778964239,0.4546399949744633
989_59,0.7768159763809186,0.771820393410749,0.7917106852311997,0.6305214672022238
98_102,0.7592634099486621,0.7874330609559773,0.7866201157169214,0.6649986411355192
98_104,0.20607394189093567,0.2052981515814353,0.21111737807172185,0.18603879760375813
98_108,0.42161590839770247,0.41223872249858146,0.41516838888772034,0.3781521298547148
98_132,0.2539809785315473,0.26552212468988357,0.2624947026373262,0.23252423372235734
98_150,0.28313075828466455,0.29523420710590953,0.27143027299779293,0.21879512622019107
98_154,0.2520711034477354,0.2655457339539729,0.27077226142999644,0.23225730857874685
98_167,0.1061960417263679,0.09549776227642284,0.08780216266900062,0.08414546209789377
98_184,0.5580815951740818,0.580481050822292,0.78403178498162,0.4089889831028359
98_192,0.28131433691069474,0.25325261062492416,0.2574383148734685,0.21528191304151978
98_200,0.4709770967752484,0.578693205696807,0.5530204598594572,0.41233205140876095
98_277,0.8737216960351674,0.7748409981787097,0.7615170610623723,0.625072884831797
98_295,0.2177963081852636,0.1822846738681873,0.2041977646512934,0.16831759652171824
98_377,0.2844149245802253,0.31742599117712145,0.35633769733137105,0.20839789406869702
98_415,0.49468349487396907,0.4005580428132717,0.41336745255987684,0.3338705394187381
98_463,0.17214493293088218,0.1647890140068768,0.14663156541954747,0.10959277153710237
98_470,1.1994792314174836,1.270429934138864,1.3534081077358822,0.9764300799773667
98_510,0.298799335013268,0.3161241857539727,0.3225798363623336,0.26577554804423514
98_530,0.08487607216875434,0.09740170729544763,0.09203232804201061,0.07275648465246859
98_554,0.46015152389526376,0.44843702883052283,0.44111383317162806,0.3538638936418448
98_59,0.7230524878997047,0.5891291098579388,0.5861175517900804,0.5631443907223068
98_62,0.22507926639074338,0.21230740917328467,0.2017935733928275,0.1869341095133418
98_99,0.11747832047592582,0.12163638847978318,0.10919246426004409,0.0973168585223566
990_193,0.1304925374830342,0.1303877716474218,0.14782084461582093,0.1014563207734805
991_238,0.13693712507522673,0.1321657200906979,0.13089562218666004,0.11488993273577772
992_238,0.2806096220119454,0.2636450538173753,0.26816161410886513,0.2383518090669646
993_181,0.4611579420698335,0.43561253705956315,0.43742302821545664,0.4238296852020648
993_193,0.15026633599215528,0.15321781710677482,0.13761422702330625,0.11981185797671892
994_102,0.6606639829114953,0.720187077243543,0.6630944590501826,0.5427003452839839
994_104,0.20423585023486285,0.1902302924897933,0.1884258678020812,0.17697986510686906
994_108,0.5345571208460376,0.5954290548348092,0.5759070536617265,0.3639637625532209
994_128,0.2538385724525704,0.2332300749963951,0.2357553416449441,0.21417631759569034
994_132,0.3518683372861042,0.3471973478066607,0.36001459982248746,0.3215294457421033
994_150,0.241440880682218,0.2690576133880634,0.27569775309742256,0.20250939354789865
994_152,0.16348406314996067,0.17672678089365126,0.1847786069079613,0.13296246523729013
994_167,0.16845909595712008,0.1512011038790548,0.14035339211029982,0.12528508032085528
994_184,0.49722731925725916,0.5113595095413314,0.5323397625869977,0.41529479084994025
994_192,0.5265898700983701,0.5475928341807078,0.5425454548277029,0.4418990314406235
994_204,0.11968443467209619,0.12639974314269734,0.11881319765646466,0.1071997934086813
994_209,0.10665080514499875,0.09169949442050433,0.08962602434967212,0.061106968020174485
994_244,0.2993232580145095,0.2987072552367589,0.31682120965198224,0.2648944635968396
994_266,0.09374741607607937,0.09054620493125286,0.08416765820444255,0.059227290867437846
994_277,0.6905623609373606,0.7013928368567316,0.6846445174458731,0.5539270856036941
994_342,0.1358236498908055,0.14740154125030056,0.1369955433819946,0.12807883781428553
994_376,0.19894396800579778,0.16011701045227017,0.1602894598783187,0.1394428003370768
994_377,0.23343441120204617,0.24156184074030682,0.2576040314041536,0.1743248909251881
994_415,0.7387520856992867,0.716498808056159,0.7223367592555989,0.5419685411489354
994_433,0.2329114718260026,0.2225490191472523,0.2346851206284799,0.2092622404022061
994_463,0.15218156156947804,0.13284773546565112,0.12034856556609519,0.09822583459904767
994_470,1.1719428302973072,1.2345314754145982,1.272017441115683,1.011403275125234
994_530,0.08865746376537374,0.09296552318875526,0.08811589305352625,0.07114844903387707
994_554,0.6153660063739864,0.5431522068272806,0.5617776197334549,0.4993646790223909
994_59,1.011977676230684,1.029960812206921,1.0499610499364374,0.8945929822376847
994_60,0.407179601003104,0.4409386990613781,0.5144915903754816,0.37730090903300983
995_155,0.08977099233379145,0.09153750360657426,0.08670713007993777,0.0818106455778881
995_244,0.15573176410713085,0.15996864371461844,0.15513910675000656,0.14179913652070278
995_246,0.30951786206831394,0.32182625200642634,0.3142881321812055,0.2662315411791969
995_253,0.30278694462537115,0.28449162540149286,0.287049661900429,0.2610292204193024
995_261,0.1334721769780019,0.10811386529795612,0.10634824955025181,0.09291473033317812
995_432,0.18120333993164178,0.16654223831363119,0.16493224862764244,0.15481866861027183
995_503,0.6683927942416967,0.7213204417109806,0.8178968133082279,0.6076997220372254
995_542,0.13456673065620217,0.10884803167234079,0.10397428334599984,0.0865444843977285
996_155,0.10919670410217547,0.10716096736180931,0.10088730132631132,0.09216293376157605
996_156,0.2637309023183268,0.2599733346582403,0.27303744018490667,0.20333903536739473
996_244,0.15251668425694215,0.14184055438554666,0.13858725826258775,0.12206409414953923
996_246,0.21998619578239734,0.21551419675068573,0.21219631680720352,0.18901119930340654
996_261,0.08743345659694327,0.0824073704627577,0.07910882265922732,0.06518185727251412
996_503,0.5269820481216254,0.5616645106330509,0.5064087823041148,0.43112475025134667
996_505,0.2363477143793757,0.2666504449644012,0.2370048981104761,0.21359042450885418
996_99,0.15549967164351247,0.15722984892492692,0.15296413931303976,0.14451930224481865
997_108,0.33847571084067185,0.3132096747411907,0.3355402163369667,0.29733153250332717
997_132,0.2956910524944003,0.29124876146106726,0.2980389829192968,0.26730949612508886
997_244,0.18464082990930686,0.16459343243017557,0.16547335701979327,0.14926112939909122
997_415,0.3042817705394976,0.33016236061525783,0.3165475559489283,0.25113864176868167
997_470,0.5513415497106036,0.6056380457841702,0.6128862526421104,0.4835208430298322
997_59,0.3941707844029383,0.41170705227669085,0.395707220328432,0.2869421508125851
997_99,0.12531960008547827,0.12881676084892535,0.11842357147109311,0.10610397290355723
998_102,0.5346451116810207,0.5525503436864662,0.5518263789162532,0.47132691787120173
998_108,0.21931380778395096,0.21795074032800116,0.22508136679250873,0.19336259116717908
998_189,1.5275564089231721,1.8566366314009544,1.822977286015347,1.2266524770065295
998_266,0.09918893364540296,0.07033241978554779,0.0764940055607091,0.05326817328786934
998_377,0.14514927655638435,0.1148893051367901,0.10998415860612763,0.09736666198327143
998_415,0.4144342971790236,0.5317707239892426,0.4463120757998801,0.29087570773251714
998_432,0.15789749449943,0.14778258320344706,0.14846966812505913,0.13500068498936507
998_463,0.09415835280086896,0.07923961044792634,0.05322029087183946,0.03468755795684016
998_470,0.5915807367909593,0.662644355484994,0.6386091444819173,0.46420806535780046
998_503,0.8349300309117614,0.6558200979246301,0.7157275988117058,0.6088216160179863
998_513,0.22187282046427556,0.21872865917027678,0.2374369170540881,0.18599830998286238
998_62,0.18571323532635867,0.1911202814120717,0.19049808102770718,0.16991540202162186
999_155,0.11713465447374055,0.11376037158810735,0.10706698697767777,0.10196486373812304
999_244,0.20461052928377507,0.20235006330375127,0.20219917369365203,0.1762035744242546
999_246,0.2519609323199061,0.2490063081518662,0.24563915359283892,0.21849990188208523
999_458,0.14879051089789408,0.15052500053944484,0.14396971845194775,0.13545859842382085
999_503,0.5859068569854977,0.5545904566096374,0.5479056082781139,0.43534881650945867
9_10,3.35507215422371,3.225813598994199,4.238785020414356,2.4733878948007892
9_132,0.2739465444063427,0.25853985796645934,0.23564925211729923,0.22105208032272497
9_154,0.2843491807360111,0.26863143228101144,0.2684664501770444,0.2507335093161741
9_155,0.17408988615033144,0.16510682597452842,0.1661979115505721,0.15171157079527758
9_200,0.7344640976555206,0.7757125601932002,0.6880360651094932,0.5270823657648874
9_246,0.20718643251156962,0.199623949855482,0.18850927221824676,0.16863048131049044
9_295,0.2390671524229075,0.31595896353807773,0.27329717434147693,0.20394291571375506
9_315,0.8575079230850877,0.7588461692302859,0.894292608075361,0.5883151200648891
9_501,1.3370489755095714,1.3066977428435114,1.2938195562158774,1.2095390663743235
9_530,0.10057531969603531,0.11271937298165641,0.11204774944100859,0.08981607629769393
9_99,0.1930606624421687,0.19567024252826656,0.19375927791382477,0.1859566030858988
