series_id,alpha_loss,p0l1,seq,convex
10120|United Kingdom,15.543123130841085,12.445878957810939,12.161179096695298,11.748127736165078
10125|United Kingdom,29.099239813245585,25.77146711119809,26.033983344103657,25.216774502019735
10135|United Kingdom,11.585316884236368,11.48825916196684,11.874611061068842,11.263970753289051
11001|United Kingdom,20.32934250292658,17.92600683694593,19.31250666302579,17.125233048091317
15030|United Kingdom,105.72940077290043,105.74481515123024,106.15136788578857,104.99835716103104
15034|United Kingdom,95.02174515668202,92.83364297644594,92.11719583532758,89.24359808866426
15036|United Kingdom,45.43599685769272,17.92515118364613,18.38661295454037,17.420798394904203
15039|United Kingdom,17.43468078346337,15.542668952142375,16.992465069868967,14.07477767249474
15044A|United Kingdom,1.2582850235881848,2.463360737687675,0.24522732371358014,0.23510804754150197
15044C|United Kingdom,55.596917731265506,7.94975104169409,8.133125772987487,7.645808512302809
15044D|United Kingdom,31.215686811830274,11.046785459428236,11.056609477784477,10.764345291529816
15056BL|EIRE,1.8602730144951,1.51322568728392,1.6187541561390146,1.4427962932859044
15056BL|France,4.822323126113623,4.8733084044765125,5.227543941611952,4.715957871353848
15056BL|United Kingdom,3.155535227936778,3.0677892546746133,3.1034832660472387,2.967353476379629
15056N|United Kingdom,2.80647715346558,2.7538768647657945,2.877349081774616,2.68339179869961
15056P|United Kingdom,5.30414671327531,5.3165110176836,5.3171857013703265,5.204233559829612
15056bl|United Kingdom,1.5539436259969466,1.092101967068414,1.0559281962367792,0.9296311539599065
15056n|United Kingdom,1.7891492705460383,1.6966000987841152,1.6735849356899246,1.613140254547697
15056p|United Kingdom,0.33335890765493936,0.29475946145978443,0.29516861167227915,0.26827886959828867
15058C|United Kingdom,7.032668605813741,7.005061033779324,7.090182169804899,6.771498872998627
16008|United Kingdom,571.6431105149683,568.155801265876,570.3105434936715,563.6248222367847
16011|United Kingdom,20.15980837469188,18.702735853424365,18.814117471639758,17.739248745462152
16012|United Kingdom,37.34473744540144,34.3460092204229,33.04173747862972,31.30282805642957
16014|United Kingdom,55.04680311728563,54.857073935545344,54.775205468213755,54.33286712758478
16016|United Kingdom,90.06803104249911,21.298717761386484,21.60731794304236,20.835300995271187
16045|United Kingdom,5721.356071894599,5657.620975870113,5747.305546525921,5319.226079348637
16046|United Kingdom,32.40455665533855,17.67191886057014,149.67088588862336,17.59195619205488
16048|United Kingdom,14.351163885944569,14.368936791291642,14.119060258279873,13.78117643308368
16156S|United Kingdom,9.534624299580855,3.946369060868884,4.125050477144971,3.6284728980620296
16161P|United Kingdom,3.681195895929897,3.126062460675143,3.1006325569596127,2.908149071532003
16161U|United Kingdom,7.36771474795513,6.838887342637265,6.887712391484214,6.744337918594066
16168M|United Kingdom,6.326430810217898,3.195494918583643,2.9339895170348083,2.6841114232466285
16216|United Kingdom,2156.324391561572,2108.5070440496334,2109.2865559195584,2104.8889840888514
16218|United Kingdom,658.0396654901489,475.7634806409474,475.5792664626131,472.0770807349817
16219|United Kingdom,2225.558760183738,2268.3636016139753,2273.612305557366,2179.6431233543667
16225|United Kingdom,46.452305810753565,45.9661713931369,46.59809051424912,45.57161863269445
16235|United Kingdom,48.56733012048235,47.78533880885724,49.50677350521947,47.052784200254834
16236|United Kingdom,21.530078667180668,21.624602413528844,21.552937435486584,21.027743703231003
16237|United Kingdom,25.841054011584134,25.538653219174577,25.59348599104436,24.78004440633264
16238|United Kingdom,24.03494280022474,24.915373067696706,23.946024698837377,23.40245618320084
16254|United Kingdom,0.6777707676269853,0.6701862842449221,0.6704873080353587,0.6513068975393057
16258A|United Kingdom,18.079743410303227,7.320623869503875,5.315503508178835,4.830057828088298
17003|United Kingdom,23.450851768762426,22.719863707331506,22.23623671267676,22.01641877547668
17012A|United Kingdom,59.258747941966995,58.63299345254786,60.7368579299363,58.25287178882073
17012B|United Kingdom,83.11972128264551,82.2798153790108,85.59540195228082,81.93997489269378
17012C|United Kingdom,24.167000487941785,24.020356820444576,24.264453043869313,23.86401829984227
17012D|United Kingdom,1.1197774004733325,1.0371153103363762,1.0121883976470083,0.966241010391976
17012F|United Kingdom,42.77384693380178,42.58047020402311,43.43945049069528,42.23256965122064
17021|United Kingdom,341.03347033241266,340.8156699584708,341.7422926214341,339.62660945525744
17038|United Kingdom,57.573963242754445,57.70590284561586,57.6775932040256,56.17830314565364
17084N|United Kingdom,10.691857473318823,9.362938382146407,9.316078547562386,9.162769900787868
17084P|United Kingdom,33.5132427847207,21.002328940876833,21.141665884337456,20.214084051728868
17084R|United Kingdom,36.83470795168918,4.94158397241899,4.801544380860697,4.650845565930472
17091J|United Kingdom,13.930542069025112,11.686827783135868,11.772731191204546,11.276932432280317
17107D|United Kingdom,4.33821105722823,4.433074151780875,4.437248512140605,4.301736835851632
17129F|United Kingdom,15.16145122745961,14.76884565854,15.071724320814736,13.837050116417746
18097C|United Kingdom,7.824735546989842,8.346098204704155,12.282606669108741,7.617314908037766
20615|United Kingdom,5.185381101595279,5.195609224841915,5.166678500211384,5.095284658903805
20616|United Kingdom,11.54931449071663,11.564902795155703,11.44785320960954,11.320171132549222
20617|United Kingdom,1.3295911782422807,1.4002682713182402,1.332360535472028,1.2645006403174344
20618|United Kingdom,5.0201859347675875,3.0348947439280534,2.843884264998435,2.7057868437918233
20619|United Kingdom,17.38311984192797,12.217909519969307,12.148887364022276,11.970649220295508
20622|United Kingdom,11.225001091305952,11.315505803620235,11.251649377592491,10.999160302149416
20652|United Kingdom,0.32958529664930336,0.31547755842285574,0.37917474419564834,0.2853862357345991
20653|United Kingdom,0.6261355950541755,0.6139472654734468,0.6516118757931193,0.5847160925997937
20654|United Kingdom,5.241238222366874,4.839860991291328,4.987238991230222,4.620816337919793
20655|United Kingdom,6.014127390543427,3.1661461759145824,3.299793171386936,3.021759581744379
20659|United Kingdom,4.106961348548021,3.750892782637242,3.860312556091692,3.6635056934841055
20661|United Kingdom,4.1709078427631665,4.036119447023382,3.98923925534693,3.916419230639908
20665|United Kingdom,8.570028592092754,7.391392110549605,7.149265606433597,6.845352995372758
20668|United Kingdom,77.27256731273881,47.72297372320143,64.32421410343089,44.96831477989752
20669|United Kingdom,4.817034975079141,4.899318130739772,4.8986873097541,4.545617987507135
20674|United Kingdom,4.34293590650914,4.5004506711507855,4.531377146485333,4.265732964011937
20675|United Kingdom,5.038043926833799,5.132990115721676,5.266782556988167,4.9531922075092565
20676|France,4.4068386582627355,4.6445732105513216,4.6050276561563255,4.26615825168208
20676|United Kingdom,5.142750639903165,3.7224824657457654,3.950669546492689,3.653904893256256
20677|United Kingdom,5.427553638223731,4.824453811937936,5.144067552558523,4.661255553017264
20679|EIRE,0.9211340804230768,0.47295532944907226,0.4577297469614146,0.41983531455578155
20679|France,3.5830309775410902,3.602502144354976,3.78231908874905,3.5176742420573164
20679|United Kingdom,1.5649830134459402,1.5783444766727033,1.636203498620847,1.4966323701551723
20682|France,45.2658592938082,9.648020529255922,9.77907636139664,9.373152708587519
20682|United Kingdom,7.853281975077958,7.581062306063523,7.449186234935668,7.171840807007943
20685|EIRE,12.642348258274332,12.550461713879239,12.716889563743836,12.25719706558003
20685|Germany,9.155143458866991,8.879471318620785,9.266939966746342,8.633388267056961
20685|United Kingdom,12.17920826996527,10.681830140168277,10.983473856260956,10.18499046557546
20686|United Kingdom,10.778933280112446,3.968009959981843,3.865138692225236,3.708148415456438
20699|United Kingdom,1.1938974967009417,1.1600836981304543,1.272657760470459,1.0593390943130396
20704|United Kingdom,8.016064723790542,8.01031511345789,7.994329220188168,7.818314404763878
20705|United Kingdom,5.725353203789339,5.683495322666818,5.725614940866281,5.571520639228481
20707|United Kingdom,2.873600285703995,2.9134586474841284,2.7510487150191008,2.584958500265403
20711|United Kingdom,13.567531177220618,13.731823154287152,14.07442854260735,13.22696994506817
20712|France,16.802507364452126,7.755791009471819,7.730278893941109,7.568876621565181
20712|Germany,31.41279084065252,31.36655387958551,31.361541644937763,30.961533598167414
20712|United Kingdom,6.518208176945931,7.02574051314025,6.906464120386762,6.1318179283726835
20713|United Kingdom,10.062098463262329,9.947608558363088,10.017924237918972,9.412712680178455
20717|United Kingdom,1.5358833713736306,1.4327668491309131,1.5718411836876813,1.3539877202429003
20718|United Kingdom,2.7872779249007955,2.5452354478801964,2.904558977217005,2.3718987866149153
20719|France,48.764286291954605,48.726796779927334,49.87194098479488,48.35548595669152
20719|Germany,4.433633742535294,4.504971765518641,4.409049764567698,4.254512298587446
20719|United Kingdom,7.707000537878053,6.191640910573647,6.20716991363523,5.363131565617791
20723|United Kingdom,7.684354133860064,3.622378120001047,3.498874571748899,3.2589553601756722
20724|Belgium,77.04845450657892,45.93598819447354,46.21138175915124,45.34549235720434
20724|France,7.25592613189542,7.287210010682693,7.419513393550446,7.04531560179861
20724|Germany,16.3616943417743,16.16716172094188,16.487197463797205,15.889027141326254
20724|United Kingdom,8.073528464709907,3.3456640033372596,3.2257089553796323,2.934597174082773
20725|France,14.834905833003157,9.679825874462491,9.961461172016556,9.11110946806172
20725|United Kingdom,2.394965656012113,1.6858795495306742,1.7108166880948088,1.6037157539984548
20726|France,35.06629939326771,24.82223469968824,24.763946528956193,24.245353515713457
20726|United Kingdom,1.5149481023240694,1.4463049677598987,1.3776316716312058,1.220752449084358
20727|United Kingdom,2.0224989553559163,1.4945383428360834,1.4250920993215004,1.3524897829046176
20728|United Kingdom,3.3402150629376255,2.2437072838169163,2.2566536964477297,2.1187627782910856
20733|United Kingdom,706.5237169444144,747.1869885376223,704.2297965660707,697.3151859691047
20735|United Kingdom,103.36895822651412,104.86562199913531,107.40396320016299,101.7897735089484
20748|United Kingdom,0.07574620651920909,0.08610765325628043,0.09676207206429896,0.06925598616352374
20749|France,1.203394564674617,0.8635602330730279,0.7557636886800281,0.7156080568132759
20749|United Kingdom,26.61402483381608,26.042865437584883,27.809071125485822,24.780222551563867
20750|France,2.612771667244035,2.3905601316897322,2.359367323960724,2.2189807961385006
20750|Germany,2.0869630946833717,2.0290615165225176,2.093096579001404,1.9534713937236658
20750|United Kingdom,4.191945735331118,4.420744640776579,4.356180504381189,3.9270763027642794
20751|United Kingdom,3.491898026722009,3.4658586718095568,3.4242072249454605,3.2786746355247125
20755|United Kingdom,5.639198761420278,4.219201816706763,4.251578156766587,3.8693579242386766
20758|United Kingdom,5.0774879324016124,5.155416948969399,5.0547366971607595,5.012496740980671
20759|United Kingdom,1.0725550325223547,1.0097604745400257,1.0794272251992787,0.972644487187001
20761|United Kingdom,2.323941214100005,1.844306672314579,1.9132641634410084,1.664482963830779
20762|United Kingdom,4.270618153685067,2.7164775711125566,2.5552739226882726,2.3155598146639216
20763|United Kingdom,149.86816319244375,7.406780496173448,7.33568406310065,7.277083286775774
20764|United Kingdom,1.2144257173478357,1.0016942430752729,1.1721857948357919,0.9392964715202256
20765|United Kingdom,1.5619361746079055,1.3573799275177756,1.47928619463734,1.227303922993423
20766|United Kingdom,2.3265002066482534,2.3895119384462546,2.3543545028501196,2.2212305557740937
20767|United Kingdom,10.676888896415118,2.601802133442526,2.403054650411154,2.3076790627775154
20768|United Kingdom,9.587461922068416,3.47599797475943,2.6010192038640776,2.454756428687913
20769|United Kingdom,1.1452616345188897,1.1127788828438367,1.1055741331139308,1.0071385699197009
20771|United Kingdom,8.092628520152825,2.30545930253295,1.9264196950364,1.7742663527303044
20772|United Kingdom,1.2647969034165214,1.2429966134361021,1.316920277478376,1.1557690648592909
20775|United Kingdom,1.4855863395850644,1.3132925693248627,1.1141025280841186,1.0036078054071846
20777|United Kingdom,27.402144544251502,27.245749591740193,27.381552988632528,27.088275161745898
20780|United Kingdom,0.8239893356121135,0.40752606012061326,0.4303302929733358,0.3540077217262137
20781|United Kingdom,0.21048424918692651,0.20732148716965243,0.20889810531748954,0.19578594150743298
20782|United Kingdom,0.9894472526682598,0.9404716854548223,0.9700555342868012,0.8917718583321638
20794|United Kingdom,1.3791545791023245,1.344839562056472,1.390646513855713,1.3020807703733905
20819|United Kingdom,0.24864013586823486,0.21467430730537185,0.2316048366206435,0.2004622568495764
20828|United Kingdom,5.814395324445851,5.748791406430766,5.797225804122664,5.543631330573207
20829|United Kingdom,18.485553833715898,18.56842881114095,18.31542368204782,17.87304674588057
20831|United Kingdom,1.985378931409868,2.000059118329379,1.9358049292455692,1.9065018064709183
20832|United Kingdom,55.526118149869745,44.551952038215944,44.77366360142363,43.82755397692861
20838|United Kingdom,5.74973708411347,5.778065334980744,5.7508552533818476,5.419172794639447
20839|United Kingdom,5.278549717254529,5.159198304113016,5.056855810065502,4.952287099170469
20840|United Kingdom,18.27195584462091,17.90168146197047,18.271507162260455,16.646520621766218
20846|United Kingdom,20.692820854828412,19.96715527760388,19.648640380083677,19.104564415411737
20866|United Kingdom,22.923240312260766,22.709331047118436,23.6768793871179,22.66741277689774
20867|United Kingdom,6.906851326070076,6.880122147279329,7.025666896000921,6.848725255795225
20868|United Kingdom,182.24349678758563,69.77214669104754,69.16980059904364,68.86032749667085
20869|United Kingdom,2.0376507692501753,2.061210673839342,2.0501465819383293,1.9407832852110962
20893|United Kingdom,199.7050833264944,199.8926504667368,200.8206237517241,194.67570599582947
20894|United Kingdom,2.0095084782067705,1.6813655637961937,1.640364464263301,1.5699094977179004
20914|EIRE,21.262657823823773,20.646715833510648,21.5271876337233,19.989614064217633
20914|Germany,3.64626738571922,3.683083978039815,3.754999390265132,3.532802452966233
20914|United Kingdom,1.6219498280067843,1.5162693760456343,1.5250361990098957,1.4315463772761081
20931|United Kingdom,7.669066594492806,7.610401603536411,7.6783576264438285,7.14122039187797
20932|United Kingdom,1.3352932358520464,1.3527799918828611,1.330300680663748,1.2189766025353912
20933|United Kingdom,0.6949290454456291,0.26173568962067184,0.275769318971343,0.2570871343754456
20936|United Kingdom,1.1401593353298027,1.1213013867335075,1.2005009741192878,1.0935501963166403
20956|United Kingdom,742.8360535230709,738.9299457968526,727.0587218787829,714.4052679001721
20961|United Kingdom,193.6281625854225,35.44542449514461,38.09839532893963,34.77458071463369
20963|United Kingdom,233.84417928426308,47.76465581585966,53.27377997896152,46.00294784674073
20969|United Kingdom,41.63194328801607,39.087610544971206,39.11443250183175,38.53698996166032
20970|United Kingdom,2.9488869678537464,2.074237591328215,2.0237491821353832,1.7694003491020718
20971|United Kingdom,7.744800449146472,7.987285877790001,7.8936169141016155,7.628130103117225
20972|United Kingdom,5.927967585790722,2.9086586389238516,2.51527959845218,2.4009986755834136
20973|United Kingdom,9.582056513657635,9.520224672163028,9.230819044774709,8.687502882719247
20974|United Kingdom,12.698818133800415,12.70604115376219,12.70434118138216,12.00183738088274
20975|United Kingdom,2.436406889640338,2.545390376804665,2.447436025741391,2.3821443776108713
20978|United Kingdom,7.140931381894528,3.232467515295574,3.2090048787821197,3.0428071738748597
20979|United Kingdom,5.030823464266059,2.8851009866562287,2.8650433121049983,2.630524048211343
20981|United Kingdom,3.2533004434215775,2.7700190602940604,2.795115008295079,2.650409769367438
20982|United Kingdom,5.386589359538572,4.172701598739277,4.2370304081032275,3.8784812015351946
20983|United Kingdom,20.383847428282365,6.164374578427337,6.3168657156586505,5.963316457365531
20985|United Kingdom,19.137697663144564,19.294551609367037,19.476330984740414,18.78720550728666
20986|United Kingdom,95.43668476957907,96.8181756466274,96.79254347383966,93.59469510696859
20992|United Kingdom,30.620094249462284,29.49464260199393,30.04238655347757,27.78075119695136
20996|United Kingdom,19.75830636929596,8.980538049261035,7.98785021133681,7.838382562701223
20997|United Kingdom,0.9966946251628536,0.31476691340215385,0.2851953661040014,0.25085775153417167
21000|United Kingdom,0.3178104590978014,0.3322919246694626,0.33124235007495495,0.2523633084013943
21001|United Kingdom,0.9174560731534387,0.7627617142394638,0.8044443758356707,0.6905524996397951
21003|United Kingdom,0.17492370626839154,0.16203381665661562,0.1727053379882363,0.15585727303215713
21012|United Kingdom,5.0157016416348865,5.037406098775274,5.219394375728694,4.760770335768075
21015|United Kingdom,8.772044380603548,8.796022001470993,8.864694650567952,8.483425963826729
21025|United Kingdom,4.243258225986718,4.09831110234733,4.101344521065235,3.722871945027122
21026|United Kingdom,4.6857437676783285,4.646540151943378,4.998900275670853,4.47467425023434
21028|United Kingdom,4.985103166595809,4.861548675081145,5.137268945250494,4.556886279698862
21032|United Kingdom,1.373400037331437,1.3572930422088954,1.4012970891124914,1.2874451291316167
21034|United Kingdom,5.050242423854212,3.59793287537958,3.443057644253838,3.0743729286684456
21035|Germany,43.23028593813643,43.375434423944924,43.26183961976234,42.94097797864049
21035|United Kingdom,17.663759834931245,7.822319905068667,7.801375231262473,7.400400903748519
21039|United Kingdom,333.5670141511757,43.6545439504217,45.44908400467831,43.04696273837324
21042|United Kingdom,14.107521972522283,13.373485349871629,13.533879758446647,13.086653479479914
21051|United Kingdom,18.610317747671488,14.643081333752125,14.079192699515893,13.18493191007718
21055|United Kingdom,1.3686405883196076,1.346136900548051,1.3481361388235455,1.26708501392682
21056|United Kingdom,2.607117399707961,2.404374652251953,2.478056768240139,2.334289477900588
21058|United Kingdom,9.854171385507358,4.705058116465746,4.691586719589424,4.492526496650203
21059|United Kingdom,12.440665538160728,5.995173063629292,5.925467193641828,5.844430515833532
21060|United Kingdom,13.862994450925852,4.986162287201383,4.12328768173703,4.061153650276375
21061|United Kingdom,5.110508442244732,3.340189310252739,2.834518523415981,2.5936336151330166
21062|United Kingdom,43.49866210260749,18.195155811320227,18.119326834439867,17.39697072728394
21063|United Kingdom,11.305140223746825,7.400374674765457,7.492130260889223,7.194322636998815
21064|United Kingdom,637.3121298460529,636.6995436005476,634.5344030790757,634.0631926919409
21065|United Kingdom,55.470215217333056,54.817339019818554,56.75703876055905,54.644573744720006
21066|United Kingdom,0.7810893912324843,1.0693993801007833,0.4792813255749901,0.4069807997856839
21068|United Kingdom,16.130948670716364,16.120422503768552,16.15121749935455,15.9196756763398
21070|United Kingdom,2.1151250623447146,2.161131999433861,2.2879945534109636,2.0476451148915493
21080|France,14.281154659186399,13.52077393476862,13.708630454189667,13.09493436603647
21080|Germany,22.669664137951592,22.5164326413439,23.271466282316066,21.863500786844
21080|United Kingdom,1.9213223363481857,1.432844751101285,1.445920234055607,1.2324232336235648
21084|United Kingdom,167.38191679213367,166.1399356629563,166.56871574550064,163.17662525021234
21086|France,30.150550533696446,28.97881073291254,28.634142864067428,28.263743633588728
21086|Germany,14.712283027500057,14.151399657465692,14.3180887779308,13.85837662826187
21086|United Kingdom,14.498957315889998,5.422970678786327,5.376128091517765,5.205865358101876
21088|United Kingdom,29.59048679988279,0.7966042713929377,392.3686840002264,0.7011872441219312
21090|United Kingdom,48.08894681164585,48.94150965995305,48.142176895633526,46.73898929207029
21094|France,26.611078921992956,25.696848886645167,25.69468913643645,24.944538380644847
21094|Germany,7.062198253071354,6.373196516756906,6.881830178377995,6.057260147617878
21094|United Kingdom,4.984600788416708,4.063598079120714,4.088245146970842,3.9573576664721077
21096|United Kingdom,38.51653618903455,10.391916401681618,466.50686203696245,0.916767331106362
21098|United Kingdom,364.0837912962966,374.6007317921612,449.45692979938997,277.97870056934653
21106|United Kingdom,20.1048173008059,5.002753770781585,5.069480791736192,4.791633056179119
21107|United Kingdom,30.78280717956447,29.775944610005595,29.727200052778173,29.54696525574879
21108|United Kingdom,795.0768342913839,796.9759899487248,828.5081647497354,786.0221791338811
21109|United Kingdom,143.91937425245501,141.1668682525893,141.51111684807793,140.48915497393034
21111|United Kingdom,71.17337451824986,63.706398390392124,63.280396694802256,61.72226367619677
21112|United Kingdom,341.9179453145578,346.4975287173083,345.49961941789854,334.48343553125056
21114|United Kingdom,1.1720101019111675,1.0942705012732814,1.1210243741741612,0.9765402193061158
21115|United Kingdom,1.6176437159025134,1.2655287347820867,1.4222301395403862,1.1559911772215292
21116|United Kingdom,3.5009362856297037,3.2334267454683365,3.2379689741144455,3.0258026033191596
21121|Germany,42.00708510264256,21.372566873305797,21.86366766049879,20.642031579032384
21121|United Kingdom,15.634898339340461,13.107441411611127,12.93026636729426,12.482725141789743
21122|United Kingdom,14.042189052462007,11.920823299554138,12.160141109724567,11.538885503155653
21123|United Kingdom,12.057043480679788,8.166348169759654,8.235909258520202,7.880305687211376
21124|United Kingdom,6.013894002552994,2.8432097546664066,2.965053079724116,2.6534837131230655
21125|United Kingdom,1.031331263918358,1.035816862906532,1.1015871901633476,0.9680868279385544
21126|United Kingdom,0.7702723160221393,0.7761575078458943,0.7966846755348362,0.7382474243210377
21129|United Kingdom,0.5654802242312896,0.5592258440574606,0.547524690029699,0.5265409635143669
21131|United Kingdom,66.08993724489733,9.128944583896894,7.842343405248005,6.766792613626397
21132|United Kingdom,0.5788057979604123,0.5641188473778641,0.4075999871341124,0.3876496779146404
21135|United Kingdom,4.598469016151572,4.097339515345613,4.1888231420186814,3.9130896557566626
21136|United Kingdom,7.370561797574731,7.282418438999907,7.409411957549221,7.002227163487553
21137|United Kingdom,66.81011554484198,64.81381597775783,65.38662583961627,63.955449819596524
21147|United Kingdom,73.23593506418882,71.82608846627326,73.4189522692712,67.15424873791568
21154|Germany,4.0106857972932595,4.161578006700913,4.0388242975871735,3.8173713500609643
21154|United Kingdom,104.56710224800179,21.719567030648697,22.252961396343352,20.939533431563955
21155|United Kingdom,50.28338641732521,9.078200097584682,9.349538734679207,8.631676107884768
21156|France,11.471700814468935,2.9535785127666334,2.74664819768437,2.4530227812062932
21156|United Kingdom,29.364965688898092,25.6971104406729,25.135097325579657,24.678821246246326
21158|United Kingdom,10.460759578390409,10.164191269502519,10.299001661981155,9.86713486518942
21159|United Kingdom,14.06736276364371,13.66405083492247,12.83845857813862,12.069367196640679
21162|United Kingdom,19.07250312054267,18.463191522329357,17.632906294465634,17.18512899868437
21164|United Kingdom,2.4665193523973787,2.38614385665963,2.438929388821274,2.2930182042427933
21165|United Kingdom,3.7223596287111045,2.3758919607761113,2.3806995708068537,2.1496850143248016
21166|EIRE,24.253648972164697,23.47855341750956,23.58433179655105,23.134405193269895
21166|United Kingdom,6.643944481073862,3.743175914419317,3.5614125125009855,3.3923397572054004
21167|United Kingdom,82.81153868051727,18.987566566459762,19.11887511111953,18.69652892864386
21169|United Kingdom,7.474617690197704,6.387441328600184,6.50242207411709,5.8277929242485085
21172|United Kingdom,4.42689614933785,3.3141421901576473,3.4682114593314672,3.160770549826525
21174|United Kingdom,1.9966572797378406,1.888009235184985,1.8873502728116998,1.7401144884775492
21175|United Kingdom,37.42821803407738,37.22005750056067,38.085895649713706,37.0271920252402
21181|EIRE,9.127552728693624,8.474521070392708,8.664856841819807,8.330086965609157
21181|United Kingdom,5.854322980702021,3.9981539874934464,3.7663185688967635,3.7201242628179267
21189|United Kingdom,21.82245120492834,20.24008254122907,20.002140611242734,19.01510713760327
21191|United Kingdom,188.14751487223546,129.73472156903824,211.8515206525492,121.667397659512
21194|United Kingdom,19.668283094665114,19.945431679779222,20.25125780500482,19.47781170836424
21200|United Kingdom,87.00758636641424,86.73170483162954,89.01231912495605,86.02678902318456
21201|United Kingdom,4.691017551308037,4.188908751949285,4.389754393838377,3.95955048708697
21204|United Kingdom,3.2709719129065062,3.2505698972626513,3.245484457576657,3.0448454357459553
21205|United Kingdom,3.5717018919525834,3.6235758635494872,3.5832681935437734,3.4127680535849834
21207|United Kingdom,1.680955886818313,1.712807933877191,1.6711030819126058,1.6426390588924331
21208|United Kingdom,60.23894655332612,60.898522301093344,61.13691731128071,59.74798887452622
21209|United Kingdom,149.6562437169166,148.47427084847095,151.03171277008397,144.53045090935672
21210|France,3.9778965715943975,4.01571165239503,3.971586827011276,3.885768672687747
21210|Germany,9.504482111725984,6.254016828168233,6.3316187058407785,6.062683196044987
21210|United Kingdom,2.910061480732009,1.663632467284709,1.662489844808253,1.5653753268897814
21212|EIRE,10.305802746632619,10.423374393325778,10.359729321987396,10.219417819753687
21212|France,24.699995339439685,23.269553752324605,23.295197397914528,22.93714922727282
21212|Germany,14.102698158014055,9.010178736522562,9.02472834215363,8.747909041730967
21212|United Kingdom,3.093893421492817,2.412788624235484,2.4835644603506806,2.195735921603735
21213|United Kingdom,4.117366675668818,3.7931155712875455,3.8039362896934756,3.566415300034839
21215|United Kingdom,7.483966644179877,7.636030890962366,7.386268926072495,7.217526238516878
21216|United Kingdom,7.3225423384750785,3.6864624691480095,3.7917826871877804,3.6264664080851596
21217|United Kingdom,1.223685926429569,1.3102040672028863,1.3142137886661418,1.1578248288195867
21218|United Kingdom,2.1714396498156647,1.9996336510598764,2.0178696983106303,1.966255591338663
21219|United Kingdom,41.7050650049921,14.439527367323421,14.26388827918581,14.108331192505736
21220|United Kingdom,11.293217676248512,6.801726994119633,7.010996085842919,6.6544352236854145
21221|United Kingdom,40.55018650956666,12.775174560609411,12.288122503518764,12.04450399902872
21222|United Kingdom,21.27096368330662,5.995741257714935,6.148023971379908,5.566940169230403
21224|United Kingdom,14.986655137476959,4.3185690325805295,4.246956256111669,4.22294117187262
21231|United Kingdom,3.130947702511491,1.9516768649681937,1.9513257711622767,1.6830098576097496
21232|Germany,61.9907996903944,22.21551734281717,22.336155952426314,21.635469786186988
21232|United Kingdom,2.149621767778166,1.9598188298904065,2.003879863242102,1.8355354013336305
21238|United Kingdom,3.604890035066183,3.481534024647841,3.5482626466632605,3.378105538692603
21239|France,4.5953288747382794,4.62728646642951,4.63647165183374,4.496997550153869
21239|United Kingdom,3.132881296504416,3.0251271706925715,3.0310422790252414,2.959541211641387
21240|France,2.569809758325362,2.6089493961288235,2.638331766025123,2.507813533485036
21240|United Kingdom,12.772724346048273,12.761995871260135,12.933253544343211,12.630911545173968
21242|France,2.0071147779021024,1.9995158519533451,2.00409300925308,1.9044393919453748
21242|United Kingdom,6.735697368099821,6.460694256159165,6.466417328060753,6.221684805660511
21243|United Kingdom,5.523725694813828,5.36517349889829,5.4404957681851736,5.231759574580307
21244|United Kingdom,11.823369414806356,11.845517924319338,12.245422248100054,11.362796046127835
21245|United Kingdom,10.188156290990944,10.140470923118112,10.117865364398707,9.805754912337427
21248|United Kingdom,10.178390204598216,10.449240792914631,10.228740637778158,10.018918988982406
21249|United Kingdom,1.9239313310812842,1.938164830152817,1.9551817207834081,1.9019749025104435
21250|United Kingdom,6.939716805580935,6.826310355674362,6.719291596903267,6.64359417238072
21251|United Kingdom,2.213214029857884,2.3932748412728633,2.152629355426238,2.076980048659488
21253|United Kingdom,2.0970475433495293,1.994163504056437,1.9250357881320868,1.861409356471452
21257|EIRE,0.5110933207725302,0.40722673164978335,0.5804608060294951,0.3565500265807365
21257|United Kingdom,20.015961589816758,21.965209801125294,21.758734903730076,19.7672427348262
21258|United Kingdom,44.17313573094333,43.6077365086708,44.16581058059869,42.956745392085516
21259|EIRE,0.60534138578241,0.6060612843829021,0.6132901754849078,0.5845136934965109
21259|United Kingdom,22.62439495043948,23.203813686058222,22.783385627139197,22.055608967056912
21260|United Kingdom,4.923331423275781,4.945744912620987,4.848574660517817,4.811103751718616
21261|United Kingdom,1.7307787882732437,1.3561979398484958,1.4320125870137645,1.179746441917963
21262|United Kingdom,15.916045021451176,15.693165432595883,16.503609856599653,14.868615833343926
21264|United Kingdom,3.475162627747956,3.3367618424422147,3.561653789146342,3.207218100839827
21270|United Kingdom,0.2018475634391656,0.21807667962838945,0.22728424345045306,0.1735013246527295
21279|United Kingdom,6.6404744934048106,0.7881372947492725,60.68271809227744,0.7784107461637134
21284|United Kingdom,30.129692651689002,31.109296244469274,27.527002949507587,26.418111264556256
21285|United Kingdom,15.054510598531916,15.393511005779494,16.16025680834892,13.079602672212328
21286|United Kingdom,11.03207392537761,11.279513118561333,11.597216199721716,9.791433524053124
21287|United Kingdom,132.24669203972022,18.89610174350426,18.897596180741694,18.685940684376064
21288|United Kingdom,2.739352782823022,2.716750130680135,2.801960797978028,2.633233381142259
21289|United Kingdom,9.868778123930444,6.165274266635817,6.193252093789821,5.959192419038946
21291|United Kingdom,34.89762480513156,32.0821639293131,33.03372709600115,31.123736082332634
21292|United Kingdom,2.1576336625182027,2.217978274399766,2.281514550254501,2.1123528450397253
21293|United Kingdom,5.504012344041902,2.151294539005253,1.9902153250368901,1.9032694353766837
21306|United Kingdom,7.6033855676533015,7.53112608680089,7.53909881628615,7.402742826956269
21311|United Kingdom,23.550837081218326,23.66473664902175,23.826399267982286,23.0224295238204
21313|United Kingdom,15.153487367465138,7.24616385260207,7.180023754007305,7.140935783307823
21314|United Kingdom,2.9658027685259154,2.742091893403052,2.7020147680142017,2.4988872212947766
21317|United Kingdom,1.1837508888998591,0.8811513561938402,0.787755599564028,0.7406564724220654
21326|United Kingdom,30.082721169925247,12.523735674655256,13.055890824776217,12.06727944522476
21327|United Kingdom,6.252103114220649,6.809915489166219,6.631144600575928,5.855852561646906
21328|United Kingdom,39.53109294245282,24.320837427782415,23.466775918292186,18.877507133494323
21329|United Kingdom,29.991431150901917,9.087171218263357,8.678132848829277,7.842002026141428
21340|United Kingdom,11.437229720208487,7.732007707847696,7.419153808701495,6.972556295021475
21344|United Kingdom,0.05468341323521562,0.05286937761192656,0.05996050416258974,0.04806839853727671
21351|United Kingdom,57.19454121252436,51.88996477940976,54.71327497430147,43.286984947552696
21354|United Kingdom,5.220891871931803,2.4067156730064925,2.438862222052139,2.264637086584788
21355|United Kingdom,1.8866040388662764,1.3073861516273289,1.4187538502380526,1.0829050922626022
21356|United Kingdom,5.510713846713243,5.128591869387631,5.398825952456699,4.9366494505553185
21358|United Kingdom,6.853432564889129,5.281334781253998,5.077729821185511,4.986775638097591
21365|United Kingdom,10.698454344264244,10.512328763787743,10.321007757251143,10.133375366008387
21366|United Kingdom,2.808093209440659,2.443260390882482,2.0107079133065104,1.893740243402392
21367|United Kingdom,2.454067007040273,2.4927979918793084,2.4669638531753213,2.3147984055916258
21368|United Kingdom,2.4216538870782087,2.3709552112926184,2.4103822062304086,2.288638969138808
21371|United Kingdom,5.548180364390181,5.531512588670593,5.429568329552797,5.186774974165895
21372|United Kingdom,0.6917831786056888,0.6837004689284485,0.6892610615759125,0.6628717190295053
21373|United Kingdom,22.436948602836164,22.25816745249234,22.2432704004775,22.063045653597506
21374|United Kingdom,48.940544753837365,13.149789459664033,13.357292090367586,12.733108443391764
21375|United Kingdom,0.7167154067423132,0.44425661640046205,0.3359672888011989,0.3044186705928958
21376|United Kingdom,0.22833536803470572,0.24208718357952153,0.23324490469864678,0.21853480312485413
21377|United Kingdom,1.7526237192425436,1.6331005867278345,1.4748625164474887,1.2763911308542146
21378|United Kingdom,1.7026949937162321,1.7008391531001317,1.7158460590798177,1.6675510649900058
21379|United Kingdom,2.7696988051673666,2.766779334574754,2.7906900893271325,2.7284593718632433
21380|United Kingdom,9.215538597778613,8.517331282837887,8.847609326770765,8.429134672008773
21381|United Kingdom,3.0551581948906166,1.9236999337584502,1.9029687023568798,1.8345645296699453
21382|United Kingdom,79.44640859221106,76.89529939646432,79.07763869402221,73.20716486385935
21383|United Kingdom,8.143018906429921,7.806809315711198,8.065453020664378,6.9188271294805155
21385|United Kingdom,1.7674558773376192,1.5968906502567735,1.5312262986640608,1.4999209600067394
21386|United Kingdom,81.83495936248521,22.419246767421146,21.884324345269402,21.30961950402602
21389|United Kingdom,8.518821826263878,7.114544927762627,7.388723501643939,6.687056539013955
21390|United Kingdom,2.1300425750236673,1.2937074045698922,1.2633743942039304,1.249379984673234
21400|United Kingdom,129.51746018697648,49.26701860746036,49.528919558638286,47.78998691754566
21401|United Kingdom,142.85952732500567,63.73807988607801,63.83707540724002,62.12329144593012
21402|United Kingdom,84.65514187402897,84.69534627618853,84.51254115892631,82.35270957948099
21403|United Kingdom,157.76217371844945,146.96179327303972,145.60213725950504,142.63113165005652
21408|United Kingdom,1.568349515907856,1.5088033453910814,1.220134985739376,1.1673198129909916
21411|United Kingdom,0.8119783063580371,0.8385453396135608,0.873987599508053,0.7402100711637025
21415|United Kingdom,2.9641471704744182,2.9084999360309833,2.9630132168603303,2.7962637513974933
21417|United Kingdom,3.0618067871616987,3.0628648660595847,3.1164516588844027,2.8703227551053327
21418|United Kingdom,1.0029351930187795,0.9896793986432115,1.0148520512819363,0.9486370826955254
21420|United Kingdom,0.27205017463193676,0.23097597812101503,0.24919259325639637,0.20106472893964067
21422|United Kingdom,25.003221914323913,23.73331908348071,23.58106383946009,22.988053314468612
21425|United Kingdom,0.6494534474096795,1.1666236074744247,0.5919256911801623,0.46048368115364596
21426|United Kingdom,6.314183401977115,6.310434066541616,6.401101789735294,6.133968063909612
21427|United Kingdom,1.1937689992504936,1.4128452967317062,1.0932573082547414,1.009710329860484
21428|United Kingdom,7.385453155565369,4.094389385753676,3.427733301045861,3.0735082305719086
21429|United Kingdom,4.350242764775043,3.8490338859749604,3.7251624395423883,3.467142880494243
21430|United Kingdom,57.29410787167686,47.43066281534167,49.54310476921544,45.47443380718039
21439|United Kingdom,228.32127352432406,227.7747470348315,226.72444192071427,225.42410191710084
21441|United Kingdom,6.269037146604972,6.2750096332939025,6.382066586799301,6.081708190043244
21442|United Kingdom,21.974107823740518,5.555811502716356,5.848848115476567,5.3683956471890575
21446|United Kingdom,9.05268599731922,5.506607775999009,5.696009616790822,5.275875043554723
21452|Germany,3.1356999379782278,3.1760756952482483,3.1868059260734296,3.0278748180922155
21452|United Kingdom,10.784198836643895,8.583793997492561,8.464461661811574,8.056799167963279
21454|United Kingdom,33.36046491722642,33.44597668606457,33.59080130013269,31.793117392671054
21455|United Kingdom,41.28210164593487,42.27067587491016,41.47475497181653,39.42397347015627
21456|United Kingdom,4.5331978025320145,4.636339804238092,4.471112127249554,4.447904601138985
21462|United Kingdom,1.6658506727289075,1.4958938097207437,1.4486273884173226,1.316131116876529
21463|United Kingdom,45.028546952700104,14.619859881884045,16.788722002786628,14.418692381123968
21464|United Kingdom,10.464305615766156,8.3656004038762,8.430983847473733,7.853920261188953
21465|United Kingdom,2.4373726915756375,2.424716877150798,2.4469628806361206,2.16408989186918
21466|United Kingdom,7.98039308726691,5.896841250898524,6.072791113980493,5.77077543878415
21467|United Kingdom,1.4803889434117135,1.3769542835408146,1.3585784075592242,1.3343153949466597
21468|United Kingdom,1.9725790028039176,1.99579840252138,1.9879349954630636,1.8537488824531332
21469|United Kingdom,2.0132825444697557,1.687807685647446,1.6025931207063462,1.4333036999650461
21470|EIRE,3.5722308430783696,2.202519214632661,1.8483950689610498,1.7432847166746168
21470|United Kingdom,2.7062273298122768,2.3368725376607724,2.381052795200391,2.2067376485761168
21471|United Kingdom,22.03571004971786,21.717472797666584,24.415785422599388,20.731505835086278
21479|United Kingdom,614.1669375408921,542.1560289073414,529.6799545811136,519.5148519032468
21481|Germany,15.520813883326676,15.568370226812302,15.77790938549087,15.057549219573442
21481|United Kingdom,15.869123618271503,13.286294040204044,18.406447686336815,11.860630842412693
21484|United Kingdom,16.496871032394502,17.637083307976884,16.92329669358417,15.793200450212957
21485|United Kingdom,8.053069507335122,8.649493824539743,9.181540318830956,7.727486274521933
21494|United Kingdom,10.847587208755957,11.3028140465197,11.15978371083921,10.623263033665758
21495|United Kingdom,5.800945294506003,3.9260099132507245,4.094155076877241,3.640705078059689
21497|United Kingdom,2.8782882759779636,2.7037399490327485,2.6273335175292125,2.488620163789376
21498|Germany,18.40207315242229,18.078259258864712,18.58351411940782,17.529775350761287
21498|United Kingdom,2.7755493147240076,2.2121595723853638,2.3038056440449695,2.0729324850355386
21499|United Kingdom,14.75694662728686,7.600445113799198,7.718541438217532,7.35529126575688
21500|United Kingdom,3.081685937413387,2.614494984598709,2.6685466592082046,2.498931315923805
21503|United Kingdom,11.441029768564869,5.270240986767745,5.376822536297131,5.155238827761729
21504|United Kingdom,5.419600241196114,4.459293002087618,4.580471583300177,4.21046092541204
21506|United Kingdom,6.089238430062122,5.844200984445774,5.997685575127948,5.347292432692172
21507|United Kingdom,4.692790719699787,2.8710477220343282,2.813166091102741,2.741193507939143
21508|United Kingdom,2.0843350725474377,1.8545611799260964,1.861854260549366,1.803249470903257
21509|United Kingdom,3.9029821926058026,2.449717548279652,2.4377755287910583,2.3880769100343175
21519|United Kingdom,3.3541175633683324,2.9715305425829373,3.0501799766446234,2.8234293621608666
21520|United Kingdom,9.44638286075994,9.39556887315587,9.546428635608851,9.254909998393465
21523|EIRE,12.897484531173655,13.05416870283965,12.94760838118043,12.717816214758507
21523|United Kingdom,27.99042756927253,27.624745659854504,28.0735325198397,26.969173309701482
21524|EIRE,11.914749879161997,11.922297708375114,11.992737506371087,11.639505828853613
21524|United Kingdom,1.1660805536737981,1.004590917955607,1.08797294925014,0.9332770164306942
21528|United Kingdom,1.2900218556127216,1.237127805877541,1.168960930960511,1.0355794026729854
21530|United Kingdom,41.64947445957941,33.391492810727314,33.93251572578539,31.011417485552247
21531|United Kingdom,5.236382471508308,5.362198201401477,5.262053468712855,5.14747906657927
21533|United Kingdom,1.5833614617496146,1.3085369127325772,1.3747054213160095,1.228773317095892
21534|United Kingdom,4.373152230701523,3.209880828545969,3.2917214998088755,3.0370546479028926
21535|EIRE,1.6296259313678167,1.659899021631265,1.719981109425841,1.54189959111944
21535|United Kingdom,3.3937494365222496,3.4226699540668815,3.4193284043379197,3.253503650220329
21537|United Kingdom,9.849068463577085,9.494553107480588,9.995080563923088,9.29475301492558
21544|United Kingdom,1.5614545385014298,1.4666716509397164,1.437082682264248,1.3949794517002365
21555|United Kingdom,215.0620259132928,214.29725525271778,221.60203495798294,213.73387358248246
21557|United Kingdom,6.642924557368101,6.5671770955436966,7.5809399599771785,6.278544839573732
21558|France,3.0234186732732926,3.0222817904175607,3.0343868945439474,2.927002123774445
21558|Germany,50.6052503299184,47.20967662156417,48.01681327299098,45.34526827241295
21558|United Kingdom,6.975750522156357,6.268748408301456,6.311578098496097,6.193831585457179
21559|France,9.290391820977474,7.207853286705183,7.387573377916245,6.945795783165295
21559|Germany,300.7283040708925,33.42106350157848,33.11866862392978,32.791559923501794
21559|United Kingdom,3.7996769617587765,3.5447395834136177,3.610030130518401,3.4232158233300582
21561|United Kingdom,2.3567930564752326,2.4672966946037818,2.4567878048985357,2.240090356251474
21563|United Kingdom,4.2552232011209705,4.222219611087861,4.3744598238812955,4.073680257907387
21564|United Kingdom,3.2864916436620653,3.4906670688990147,3.816026857356095,3.089389327014709
21576|United Kingdom,17.932663416373494,5.036523490130597,5.218045001244012,4.8199001361726195
21577|United Kingdom,7.095251713569928,3.9477348251874127,4.019338384702253,3.5352905472941534
21578|United Kingdom,135.70047758795926,137.30083892398162,136.53684286048744,135.42482172807107
21579|United Kingdom,1.34261299047933,0.9419478670752517,0.7158099049001749,0.6804766705672368
21580|United Kingdom,3.829039163281022,3.740802701367382,3.7226324162886764,3.5865889605316954
21581|United Kingdom,2.337184455721467,2.1309386933535794,1.9602232958334231,1.7787134162298486
21584|United Kingdom,19.34903934803784,18.626795272336498,18.133274248044714,17.280864695866857
21588|United Kingdom,40.26734785474735,40.59061290763967,46.071929038385484,35.919448262327435
21591|United Kingdom,106.82808298499918,109.12604117973298,105.53742360803166,104.78528188363865
21592|United Kingdom,7.931983862615659,7.041675581325228,7.106828202409923,6.733181626816004
21615|United Kingdom,8.828808202558065,8.797374578998188,9.170941655354309,8.491042977734683
21616|United Kingdom,4.683484543438082,4.496064388663598,4.661368949118127,4.259036409915697
21619|United Kingdom,8.495359743622828,8.297191105089581,8.544611660937782,8.054093872727588
21620|United Kingdom,15.2094524472705,14.99217912573775,15.414891366835194,14.676133424348048
21621|United Kingdom,3.8423377876804596,3.7936387309603847,3.9279675045571856,3.663818242966352
21622|United Kingdom,0.2983806118101468,0.31135143902097495,0.28922292834580604,0.2824283122180056
21623|United Kingdom,627.1907054889984,625.1148253376859,628.3688957786771,622.9173737366626
21624|United Kingdom,0.6355026145419127,0.6184978062147686,0.6687040294769458,0.583891330112642
21625|United Kingdom,4.906290651306245,3.8719254002093066,3.851762650811597,3.388988715355254
21629|United Kingdom,0.30695409275903635,0.31285958559770544,0.32626438788151957,0.29004180161812804
21630|United Kingdom,0.3175497217165107,0.30457154057318114,0.3076313892812934,0.2833765606460463
21636|United Kingdom,86.34536181344997,85.58169456650245,86.36156242134851,84.55711817852732
21638|United Kingdom,2.7149443455494855,2.1894421916922915,2.2564872607853435,2.075708437524152
21640|United Kingdom,8.703778358125744,8.539215594111417,8.544020208297674,8.085704041192308
21642|United Kingdom,54.8805107627824,53.982933095716774,54.02957562754265,52.874880891330776
21648|United Kingdom,16.03759803591322,15.722208254584425,15.823481550189959,15.032182167645566
21650|United Kingdom,82.95522882786506,82.08137059801506,83.05491374600149,81.40569583912924
21666|United Kingdom,1.2783087217799602,1.2856327549813313,1.298506339255841,1.2657020606307514
21668|Germany,8.607187610441045,8.477717838432028,8.954473913025595,8.148000877103136
21668|United Kingdom,5.117183528384533,4.6324174789662145,4.631071574459459,4.337853443249258
21669|Germany,6.221612491891231,6.289940384928616,6.285046974223621,5.8965083009088834
21669|United Kingdom,3.6980919091456976,3.33180545207661,3.2390928832880967,3.1018147895321806
21670|United Kingdom,4.074429162743731,3.8570549398618823,3.690054704523558,3.5015966931288602
21671|Germany,5.001974655560596,4.928387504641591,5.060411161468709,4.637378899995456
21671|United Kingdom,5.436596409129347,5.216603077287705,5.253666451407954,4.9784352080545595
21672|EIRE,17.315890884264526,17.078064801446846,17.51101289118698,16.857513806119638
21672|Germany,7.452230514896325,7.8247487902536745,7.5428567586238495,7.264312737431522
21672|United Kingdom,6.067400335231455,5.653284885825132,5.73207564291084,5.495894930428412
21673|United Kingdom,13.614086494370595,5.821760802498968,5.755954719088114,5.5222213500847595
21675|United Kingdom,3.3235949892427805,3.1321882488243884,3.108128177156846,2.98034428339386
21676|United Kingdom,2.730945841538718,2.484308897907424,2.0404828154031764,1.9516460592082683
21677|United Kingdom,4.775265551607439,3.7006984379055083,3.8476170944200923,3.4643303851781106
21678|United Kingdom,5.188208162370191,2.8994706422459475,2.1971811303299997,2.123594464136336
21679|United Kingdom,1.192069959161588,1.0094986970542577,0.8114173999848173,0.7302860857066664
21680|United Kingdom,0.7679690593356203,0.788793161352645,0.8867234525815716,0.7352557202628919
21682|United Kingdom,7.804034921823659,4.661362578161521,4.594371492665806,4.486113681009398
21683|United Kingdom,10.925534337164716,10.696688401396106,10.764445090028026,10.261709081437012
21684|United Kingdom,38.47067375208319,38.39213479006901,38.6502075263774,37.709619880708736
21688|United Kingdom,70.90167285629423,19.271002932513998,19.978023875648898,18.349992010348736
21689|United Kingdom,1.6737568766980457,1.5935323563553658,1.5999565018603858,1.5431635036106663
21693|United Kingdom,19.597976834057516,19.27619705538379,20.711886966167032,18.917033980999257
21694|United Kingdom,78.8454266405279,78.49636022206906,78.76851189574873,77.84544990204475
21695|United Kingdom,43.93845070479054,11.273300777888986,16.793417338975846,11.076020251709368
21698|United Kingdom,2.194012700186626,2.201561796933026,2.1426127018181154,2.072292181800659
21700|United Kingdom,1.4816659447227627,1.4269089288465306,1.442589524120385,1.3105060412913865
21703|United Kingdom,41.530590554183306,33.113192608226946,32.919421570263985,32.440663978342236
21704|United Kingdom,36.29606330683413,34.87270573335928,35.81151759401659,32.04764471069499
21705|United Kingdom,83.57846986939144,83.33747171027997,82.02980641841081,78.72671068630919
21706|United Kingdom,1.0969478056697433,1.0631877681193451,1.0559370903358476,0.9374206080663467
21707|United Kingdom,0.42339295986408165,0.43107552923863945,0.42870575766341146,0.3840472211608163
21708|United Kingdom,2.0371075714767892,1.9884336699751595,2.0226938311665705,1.8945824067247818
21709|United Kingdom,0.5228310420389379,0.5107291413890103,0.53345203374231,0.48321631709060703
21713|United Kingdom,2.3567023405685075,2.3329026359096505,2.341303906042704,2.2717527589990913
21714|United Kingdom,2.7703422236451964,2.159165663521084,2.297197092715235,2.1055603532272578
21715|United Kingdom,2.303741653490859,2.1065843262687745,2.097571482604706,1.990967798382914
21716|United Kingdom,2.9360437815130074,2.664968632828808,2.6980723589907356,2.55946541271635
21718|United Kingdom,4.668752550150459,4.478003713083752,4.512359841116012,4.300047551817182
21719|United Kingdom,83.87682442826264,18.948057790400767,18.95607567289603,18.62603974791984
21721|United Kingdom,8.220066034707058,7.979262954560044,8.336569217810426,7.6580013327809
21722|United Kingdom,4.939135353302636,4.795147873001926,4.844147105135957,4.564772718239252
21723|United Kingdom,16.754047828439965,16.71474512909011,16.977796334812727,16.554270025402545
21724|United Kingdom,44.158348581852,15.08255374944401,15.618350533934896,14.789512024821205
21726|United Kingdom,3.6034202758412306,3.2319401437589743,3.275179514186664,3.0650508760514983
21730|United Kingdom,145.0733509657308,139.662401716716,157.8338065066376,124.2629622698453
21731|France,13.265731062153902,14.077631467045673,14.816440846958917,12.544968653472196
21731|Germany,38.940978322399424,14.745162606509915,14.755579785503862,13.787229835248112
21731|Netherlands,18.148120773139865,18.053627103094215,18.44113787057785,17.478501834027206
21731|United Kingdom,19.079575611973027,18.57762753379403,18.89197649288355,18.181303532988053
21733|EIRE,39.23858463001315,39.21011698024918,39.822351345698515,38.47008625394264
21733|United Kingdom,5.481211175322513,5.272385969833219,5.44115645933857,5.1060192292066695
21739|United Kingdom,5.45444370946565,3.9649799053699732,3.6727753596504717,3.4151635424365754
21742|United Kingdom,2.134668088413154,1.8046265362356182,1.7848310591008998,1.7069256355943874
21745|United Kingdom,1.855865470289262,1.907940319038494,1.8124352788626084,1.6358808561405676
21746|United Kingdom,11.100802387277895,10.815238214179564,10.814103487181978,10.381987311334866
21747|United Kingdom,1.4117618153918678,1.3898570732641482,1.3252815906754067,1.297174726715414
21749|United Kingdom,372.9140996657709,52.43216725876221,52.441068198048384,52.24915122616862
21754|United Kingdom,1.1775611905365404,1.0470381163851155,1.0888848963132103,0.8799677038843141
21755|United Kingdom,1.1777615907651937,1.1011613385538164,1.0803119531554501,1.002898193796535
21756|United Kingdom,4.597178480614766,4.241702347335832,4.343460155338017,3.987244889365956
21758|United Kingdom,0.37091595934513644,0.36940089127279074,0.3693864707046716,0.33862070879911377
21770|United Kingdom,2.7694463034136363,2.512528728276719,2.340750017820828,2.1547212784064893
21773|United Kingdom,29.78317420011127,28.984912385505808,30.75370385011837,28.088092772142403
21774|United Kingdom,12.102456398423929,8.808849922348715,22.12902567696865,8.47001962477695
21775|United Kingdom,5.1267849906075735,4.99665479190123,6.165964895268606,4.755691188165021
21786|United Kingdom,10.314634534320584,5.756487000312749,5.360630964248867,5.172389739756661
21787|United Kingdom,4.07391065892888,2.8567009020092637,2.74449931255032,2.5434777362652494
21788|United Kingdom,84.57836699376908,14.152196202258772,14.852832435726075,13.953825139605835
21789|United Kingdom,8.78368047862324,4.528920189619712,4.307754965568211,4.250657753574901
21790|EIRE,38.24138191653843,36.222168915759624,36.63694622124505,35.954866538519695
21790|United Kingdom,11.588159270960723,8.430482106433292,8.431618019759773,8.05443848432929
21791|France,16.68853703313262,16.523261712447223,17.04802655523499,16.39101153193786
21791|United Kingdom,18.63536912906361,18.38161234576301,18.802518075102007,17.496679744454283
21793|United Kingdom,4.706588125724181,4.587652723223759,4.54853376977017,4.476969451162527
21803|United Kingdom,145.30693425924218,159.8394522884015,133.94938204243635,124.81192739344354
21804|United Kingdom,10.623104290769156,10.279034137811534,9.958214783956336,9.520137363436037
21808|United Kingdom,61.03952963715873,61.9087931514053,57.919446543879886,54.994340305698614
21809|United Kingdom,118.47447850942604,118.43735427284449,121.7578414268637,116.1914985366318
21810|United Kingdom,109.02920328801878,108.82505453137836,105.78552479699471,104.50332614835798
21812|United Kingdom,15.353174003642376,14.270959159769669,15.33390857934171,13.186913196347092
21813|United Kingdom,7.38721780859188,7.168957217394665,7.088494636448491,6.393035645072887
21814|United Kingdom,27.408412733284322,18.76659727665757,17.979744851706506,17.05528067578407
21818|United Kingdom,38.99396961734827,40.04511498505107,40.99834116028041,37.87709035813227
21819|United Kingdom,121.43125919814355,102.58309508633369,144.12743780087436,100.77512465942816
21820|United Kingdom,30.87530434703469,30.771438466687602,30.687851612800856,29.292594571996965
21821|United Kingdom,25.61436244644654,25.847527768609872,25.641005231087103,25.35977713324256
21822|United Kingdom,20.8003946895406,20.541310724829078,20.64020177773506,20.282215162200714
21828|United Kingdom,17.673693882503933,5.670590341307095,5.854452290080759,5.583887154743065
21832|United Kingdom,2.0564936782101895,2.002851007457803,2.0382372107569973,1.8758895506381716
21833|United Kingdom,26.137709546955207,26.816717882797874,26.95672563156364,25.197907794200233
21841|United Kingdom,29.020568574031458,28.919182042354983,28.795477250675972,28.48051694636602
21843|EIRE,186.64972613727588,186.67555691889328,186.35171607326424,185.69007500922874
21843|United Kingdom,0.8380962565701822,0.8282537144495705,0.9060919459630852,0.7914143031888943
21844|United Kingdom,4.159461014775035,4.027312787882775,4.082254421241931,3.995176247414665
21845|United Kingdom,63.344366808431246,62.67374777431322,62.579612366008774,61.01176096894254
21846|United Kingdom,4.431681603310145,4.694084520141231,4.623712288663706,3.974226991380397
21849|United Kingdom,59.106997278599806,47.87233648561592,47.81876902003863,44.466927776986104
21850|United Kingdom,8.549455338749416,8.684385490519086,8.561561863678074,8.282460288615965
21851|United Kingdom,6.106941742476978,6.009066862439667,6.189255645658438,5.693610722607186
21864|United Kingdom,13.87805111369827,12.803759179505853,12.969094746911308,12.572068260493598
21865|United Kingdom,3.6476114232952495,2.4920887462580805,2.4038428572124038,2.3100203774712003
21866|United Kingdom,6.814633337200259,5.711167426912517,6.069275591186351,5.479638186809918
21867|United Kingdom,16.30739381984529,15.286878260400556,15.102331662788218,14.55270405499337
21868|United Kingdom,1.4578724294747003,1.4032057286271788,1.406873318553635,1.2452328423920187
21871|United Kingdom,27.116777137504528,26.36929997324631,27.031541163067192,25.724773373451153
21872|United Kingdom,0.4932151057460438,0.4076399768708416,0.406222038718245,0.2892988685790876
21873|United Kingdom,221.69690460734765,161.53078190199324,160.7988108211185,150.42135746229945
21874|United Kingdom,3.2282656109416434,2.917580746216581,2.927669709119201,2.6811084341306795
21875|United Kingdom,26.755106378277592,26.712724143690576,26.804590096318066,25.92302901523423
21876|United Kingdom,51.09020599942221,50.64774985510658,50.134086967301144,49.26348692178777
21877|United Kingdom,17.420341187786256,17.444593405053904,17.46380677274692,17.4071548423621
21878|United Kingdom,8.002085573293337,7.814268607819461,7.465682258347091,7.309653897778268
21879|United Kingdom,209.2441350471875,210.43370937084956,211.58224329814973,204.21090296362675
21880|United Kingdom,89.5088916243945,88.127180396825,89.07504928798174,85.94894307491198
21881|United Kingdom,98.5702517244608,97.11349869238286,98.68228926118681,96.20065507326107
21883|United Kingdom,92.6792811434862,93.64669461659872,93.7203401936024,91.1898185654679
21884|United Kingdom,117.17060814809977,115.88864677437437,117.35767368131646,114.96469588024087
21888|EIRE,7.621780175817451,7.5754484232082495,7.662596004572484,7.510898112032805
21888|United Kingdom,4.508656251679472,3.768469821905251,3.5974534340297115,3.4452068048913222
21889|EIRE,37.824861351391924,33.0364765310197,33.12429457584007,32.86959132859513
21889|United Kingdom,20.245614786502767,19.24621693897403,20.029545410448943,18.088385954545945
21890|United Kingdom,90.20808781959146,89.31887761573279,91.07006120813139,88.57683151478622
21891|United Kingdom,258.4919383054241,59.37032440320672,58.71674657227155,57.09439305731733
21892|United Kingdom,33.78225971590818,36.66046087936919,35.14035183188151,32.822876656466555
21894|United Kingdom,6.686922176173131,6.701190244921261,6.581740902384273,6.4516309056047625
21896|United Kingdom,85.30604356902083,87.40839407410978,82.98631676518113,82.7521390456258
21899|United Kingdom,4.2247138417316545,2.2982131339184426,2.3383087301619105,2.0893821865261657
21900|United Kingdom,1.5376746222328164,1.0802629039071703,0.8410327285360165,0.7745830919262622
21901|United Kingdom,2.222054804673878,2.2464977075660313,2.3574139990764933,2.097985545015659
21902|United Kingdom,3.973161747143286,3.9045246504649445,4.033045156458165,3.739548501514942
21903|United Kingdom,44.44803731462926,6.505462267730387,6.775239587302043,6.259562935324598
21905|United Kingdom,12.692161248861945,11.138007327649396,10.949015615721486,10.484405907032261
21906|United Kingdom,2.938439325170682,2.9717170054146944,3.15251579287723,2.49441594622126
21907|United Kingdom,3.896745853687731,3.380441729349285,3.5003330117160316,3.22797639232705
21908|United Kingdom,2.80684016420578,1.8802056831380622,1.977215908028207,1.7537592303333416
21912|EIRE,1.1238524768545528,1.0700660984716606,1.1294473663858244,1.0551526847641821
21912|United Kingdom,16.241998021769533,16.268030205688028,16.248376275259492,15.44722077101981
21913|United Kingdom,4.177973240502665,4.407044402181,4.1836113813713345,3.6443489995874163
21914|Germany,81.74456668284787,80.81641067863059,82.27720147653864,79.85422984626213
21914|United Kingdom,43.380275873984914,48.80564646766372,46.635550679579076,42.31066965046751
21915|United Kingdom,96.96942351496173,87.59147628866039,88.37451440150437,83.5282805083603
21916|United Kingdom,25.8492234153434,26.04168649429606,26.632373529626083,25.10949674307729
21917|United Kingdom,10.278899031416225,8.735610799393244,8.715907748119529,8.493175164758
21918|United Kingdom,9.940703639571336,9.776841219097154,10.182518073047607,9.396676782158423
21922|United Kingdom,18.21683452176512,15.878343406132254,16.25098990710684,14.876823993423834
21925|United Kingdom,6.296962790078635,5.487928577019943,5.332967321561672,5.146725259293858
21926|United Kingdom,9.944002107567021,7.366308716847531,7.240345400676063,6.972509332152257
21927|United Kingdom,9.614421326759661,8.970906103451211,9.28706467612331,8.734932428574275
21928|United Kingdom,4.879660609851694,3.874958172452748,3.952744526159076,3.6003290125974114
21929|United Kingdom,3.7996803448505982,2.857559468482363,2.790576997222875,2.559478041782084
21930|United Kingdom,4.338780598872386,2.8611628654452406,2.9464416540562883,2.6416184523679864
21931|United Kingdom,1.9623314794799311,1.9685747150499624,1.9761815887616896,1.7904318981879281
21932|United Kingdom,33.20074213097021,30.95663572611149,32.398311361511986,30.04928579477871
21933|United Kingdom,26.66285125555025,26.96410400279997,26.441939861621854,26.053262053286694
21934|United Kingdom,2.319916913917491,2.1231168191440055,2.274883065599227,2.0112911802216837
21935|United Kingdom,1.8583326594086458,1.4580119519944548,1.5387710095513851,1.3692751947187247
21936|France,18.801463226998823,10.315797653187671,11.459051840425364,8.09751700809157
21936|United Kingdom,25.374658364437053,5.864057218736492,5.290062791528469,5.21052375333538
21937|United Kingdom,4.34946321335018,4.418237608271802,4.290565504403038,4.212280090943147
21942|United Kingdom,1.558112258990897,0.7163525370979689,0.6181505791318685,0.4682490244724425
21943|United Kingdom,9.866936242696747,2.08290318438129,2.341752966563033,1.9267136822237256
21944|United Kingdom,0.23878250096906475,0.2336954379857259,0.26064349539366016,0.1937874328384215
21945|United Kingdom,0.841074319652054,0.8366693106280998,0.916829096382745,0.7694212993967602
21946|United Kingdom,1.1362852895588924,1.1285790575143402,1.0918963391454097,0.9929576741890165
21947|United Kingdom,9.93154356657084,5.930418406341238,6.054143112405643,5.353664112377231
21948|United Kingdom,1.3962258991125547,1.3549706311634266,1.1599750990286084,1.0671033437373674
21949|United Kingdom,3.283532733039328,3.2299823159617294,3.22372495622919,3.0908073259687345
21955|United Kingdom,15.766656823194735,15.79185955911992,15.756546408136728,15.70685939554349
21967|United Kingdom,28.467630203562074,28.53077178285574,28.485592188169605,28.292057303303878
21972|United Kingdom,6.185032221191549,4.542316931055631,4.4301521457003865,4.29599839893711
21973|United Kingdom,573.6288601471138,76.07403700040598,83.1931647384897,75.21685045803287
21974|United Kingdom,2.31220311660108,2.193333521241301,2.1773904796291683,2.1326586501471563
21975|EIRE,7.64076009285355,7.641159028967735,7.78348578485413,7.51837288466833
21975|United Kingdom,6.705211730651864,6.384944888777088,6.62765146589555,6.121096970860492
21976|United Kingdom,2.704608854676879,1.7970100671547,1.901942781609805,1.697831510718398
21977|United Kingdom,4.108757655797157,3.884978301269377,4.075420735604067,3.7440102453100743
21980|United Kingdom,0.43937584590616097,0.5225163043624791,0.38144827311339224,0.33296269701188586
21981|United Kingdom,0.799678980962087,0.8219866979571486,0.8070212991966013,0.7617792008658457
21982|United Kingdom,2.943067427485825,2.9694356603989625,2.9856697354875226,2.8859149993091053
21983|United Kingdom,3.318841175063507,2.03442093208046,2.104685100615172,1.9846224825501366
21984|United Kingdom,0.14546070776479117,0.1467873459083608,0.14907840163525743,0.11482298616719189
21985|United Kingdom,5.176832161468674,5.171337882383729,5.283158906238836,5.0267987956756635
21986|United Kingdom,16.71857291124173,16.37942750747706,17.008758166191587,16.061124392138037
21987|France,7.846547619821267,7.85688080779314,7.856108087237279,7.7055179760212855
21987|United Kingdom,1.8754731355520933,1.9120639959583032,1.8926286206660687,1.840031922024034
21988|United Kingdom,1.6791122356815444,1.701893270051543,1.7118636493145223,1.5699725093628478
21989|United Kingdom,1.3829141372569071,1.16826572697366,1.3240346552781903,1.0405024653847639
21990|United Kingdom,28.694762420036113,28.15885254525747,27.934427891949188,27.40058430772781
21991|United Kingdom,13.630145098348443,13.576274566741752,13.131060801728893,12.417346838090882
21993|United Kingdom,9.12278134759881,8.966983696884395,9.459427051034465,8.487084031552595
22023|United Kingdom,11.001005581397019,2.3900349048096445,2.329753142536608,2.197085683059904
22024|United Kingdom,33.05387327535813,5.101799047596254,4.973298336022678,4.690068253428835
22025|United Kingdom,5.800265313395048,4.575221872667708,4.649217037438758,4.504390110121163
22026|United Kingdom,6.186203378489075,3.2209598624754054,3.2052585048724174,3.0045158807806107
22027|France,28.69839753416134,18.343669054908922,19.036220831253925,18.116749020102016
22027|United Kingdom,1.4457968355578454,1.26560687169909,1.370652922133744,1.1832433240707438
22028|United Kingdom,41.19973994996309,7.304859997942562,7.03077886075945,6.623005662734409
22029|France,19.68630574711729,8.066639206715077,8.29623799494572,8.015785527553085
22029|Germany,5.156296348194125,5.012607773625279,5.133738390519693,4.854552322288314
22029|Netherlands,101.66958993644583,102.43201501679384,101.68198607236059,99.73616531581153
22029|United Kingdom,3.0238808200010556,2.8732319395272494,2.76332434559159,2.6408278388419064
22030|United Kingdom,7.269561231990871,7.000420702196999,7.095230784572271,6.703932408780713
22031|United Kingdom,30.4585142215404,5.248986171221002,5.301893454491,5.010061627055606
22037|United Kingdom,3.030095059579832,3.2422730087100597,3.275540818956384,2.9598486574918557
22038|United Kingdom,19.318449303523558,19.043690785963637,19.257180075474935,18.711119466446164
22041|United Kingdom,32.11206793760644,26.597173439845783,26.680905692925148,26.02975937031654
22042|United Kingdom,170.60609234544106,83.5759739693298,87.47267107269299,74.77695004249047
22043|United Kingdom,125.04439669741376,42.25062273734538,48.70582867255741,39.59129507468151
22045|United Kingdom,9.185347036833823,7.30845864309042,7.415100637658766,7.059928873248465
22046|United Kingdom,4.006601760243559,3.232137281098469,3.2836335981299567,3.0501511209226027
22047|United Kingdom,5.146865810628453,4.934020328742236,4.946973538949925,4.751685149525277
22048|United Kingdom,4.43815817602712,3.4175153510640306,3.408148285446306,3.2599123992634245
22050|United Kingdom,9.821945210510593,5.065082316284014,4.95977795110508,4.843747599347606
22055|United Kingdom,5.117486449665755,2.158928434370101,2.1031066973751895,1.9507436754204863
22057|United Kingdom,2.431530573059071,1.5636261895491184,1.763761114042783,1.3812320578384016
22059|United Kingdom,9.755228636929065,3.747913540275748,3.758996681269047,3.432564844493897
22061|United Kingdom,0.595960805147461,0.6150026419355249,0.6238866122679165,0.5565340672593686
22063|United Kingdom,1.4648331852038738,1.3807886337790174,1.381274835707383,1.3242682928657692
22064|United Kingdom,4.178527842982638,2.9645050509786794,2.9153041649049616,2.7070100640890176
22065|United Kingdom,133.10143356482118,27.416622583062544,47.25862494524064,24.666324509847577
22066|United Kingdom,19.566951285477327,19.070452682468257,18.980407006132427,18.376248064210714
22067|United Kingdom,4.327336120557253,3.743316035431971,3.808361638482465,3.477931155143463
22068|United Kingdom,5.264343184699853,4.909662138080689,5.087500011093295,4.802686252101093
22069|United Kingdom,20.679210745822715,6.847113156709339,7.088769847598177,5.924092872496708
22070|United Kingdom,4.975015984490678,5.02493632600609,5.099370447108842,4.796985801261112
22071|United Kingdom,2.3391453872154897,2.2571876242210926,2.4513301628067024,2.0975680817822857
22072|United Kingdom,2.210738268105946,2.224549829301466,2.211364434092593,1.9957224800591336
22074|United Kingdom,75.61238130173365,74.50231420987598,76.50163660952109,72.9930450909149
22075|United Kingdom,341.7513338161491,179.36842022254885,419.67520089786944,159.52450491972212
22076|United Kingdom,6.694829143083258,6.342427381684958,6.394842308269926,6.043797568818989
22077|Germany,39.90612601919919,22.572880962107046,22.64365373642137,22.08434779812792
22077|United Kingdom,6.075633828312618,5.568508305776137,5.433193555790211,5.1364335640101295
22078|United Kingdom,4.810313533795966,2.787630571571884,2.670628705885017,2.527721642654779
22079|United Kingdom,2.101351654560869,1.4927072263199124,1.5656070902531083,1.3920047325462912
22080|United Kingdom,15.953804966389662,15.776165770925,15.866385440864272,15.667810271630016
22081|United Kingdom,14.407989978412994,5.761078279886476,5.729604036843665,5.602876803311922
22082|United Kingdom,4.30475099931324,4.262780141802592,4.325507441980565,3.86468115474251
22083|United Kingdom,1.6419609174064234,1.5248307114558117,1.5040054651072365,1.3835647435965304
22084|United Kingdom,21.66214401681522,23.744684911619622,25.1052308649711,21.20461790902566
22085|United Kingdom,2.3452543922915137,2.36674174097121,2.339749879753608,2.1912098224761185
22086|United Kingdom,66.23047770270553,69.98038484826063,67.08956050258774,59.22991026382791
22087|United Kingdom,7.190708284442215,6.872847015489203,6.795081601932527,6.4030377875180795
22089|United Kingdom,3.8370369739244015,3.3212230803464795,3.5759594400058754,3.1617045938771278
22090|EIRE,6.814575077539189,6.765683015737394,6.822900927483867,6.570366411973217
22090|France,27.708520689388653,27.950936070625062,27.12045488102838,26.661422528004632
22090|United Kingdom,2.0963766052009514,1.8836175371730226,1.8891230217190365,1.821034622155267
22091|United Kingdom,20.35992169133106,10.350666438276042,10.577316439005171,9.718227538467316
22092|United Kingdom,12.42471971487405,12.43398057042847,12.443890357127957,12.125134759609812
22093|United Kingdom,78.88139439395349,77.39541191697735,77.872837056755,75.8585079394626
22094|United Kingdom,41.89489415279076,38.965498447645984,39.331174085789854,37.57187894942601
22095|United Kingdom,239.98255093301407,239.972989602059,240.9286266138885,237.92037345736196
22096|United Kingdom,17.05191269926921,16.919437564789725,16.90466605228697,16.65171470491212
22097|United Kingdom,33.02658471935084,32.42301377104209,32.82594000110876,30.710972189169986
22098|United Kingdom,34.61834911722062,33.88195366978998,33.40898490334701,32.11152144720666
22099|United Kingdom,41.50536631363301,40.367667422354266,40.99858932018487,39.42749540293872
22100|United Kingdom,19.765750316755707,19.55767138509797,19.406769139857705,18.8655424651294
22101|United Kingdom,117.57200084951445,48.342724581320866,53.29601836411463,46.93666662813549
22102|United Kingdom,16.877213712905625,2.069847120423553,2.031480518320736,1.849792234147581
22104|United Kingdom,156.91869735213226,30.367541190899512,218.5079526506171,29.669836467505668
22105|United Kingdom,1.513336393819272,0.7275433171230955,0.7442125530372947,0.5912513334321363
22106|United Kingdom,15.843352633577771,2.1727413697932785,2.011931304055214,1.9145040294159668
22107|United Kingdom,2.6942657295930688,2.9454990567116557,2.583917537614541,2.470330653034835
22108|United Kingdom,1.7702700998719818,1.80699175813989,1.8855955437126721,1.7263710441849123
22109|United Kingdom,7.330529796414589,6.343623493735693,6.294623833236726,5.704965383364006
22110|United Kingdom,23.26220649336916,13.470451265826979,21.870378780080376,12.490703957177098
22111|United Kingdom,11.071729349784182,11.297126844372787,12.631719356063828,10.04361579427831
22112|EIRE,25.822809785792554,25.951611605168267,25.924226160421014,25.44139442891925
22112|United Kingdom,21.729683261787493,17.034373013341543,25.77690547198273,14.196060363094876
22113|United Kingdom,42.66579542897417,42.90304652604525,42.65414054555747,41.087487737331315
22114|EIRE,11.950996865103711,11.804383141890074,12.041102163366485,11.54335611822914
22114|United Kingdom,29.83457918418097,29.309201693509586,32.27172251525619,26.86367208562656
22115|United Kingdom,8.840577391261982,8.32318909071423,8.12556451953537,7.624487559541766
22116|United Kingdom,9.150051219617499,9.142361120093625,9.186428630305675,8.878971653098969
22117|United Kingdom,196.70248824687167,195.86526960335817,196.7682491378642,194.5242441634398
22118|United Kingdom,5.418614632769165,5.457687955399909,5.611153100755849,4.951583009935006
22119|United Kingdom,10.774096909154117,10.007490810665104,9.327363010632844,8.84738618834617
22120|United Kingdom,6.9280819465105195,6.826970895934305,6.7206477708530645,6.067466113769523
22121|United Kingdom,12.865703645315234,12.917984538135594,12.019687048194921,10.56560260379335
22123|United Kingdom,9.825865635398534,9.01830326331695,9.111622659354929,8.722341686311575
22124|United Kingdom,0.9939143562218484,0.538887192095003,0.5403126917372637,0.46763639542904645
22129|United Kingdom,9.412680072084294,9.582870985328864,9.392909134226898,9.146482961856046
22130|United Kingdom,283.8321845643234,290.361563278141,287.28265915444854,279.20176174197036
22131|United Kingdom,2.1566056639740996,1.7862387960954296,1.7360824898811424,1.68184427456295
22132|United Kingdom,5.63978788632,1.7060640401444034,1.7537880636129919,1.55769135032272
22133|United Kingdom,12.713554223290345,3.790361120805607,3.8845018731036354,3.5929579951156714
22134|United Kingdom,2.253477047592437,1.2895137909224992,0.6228908847160678,0.5840826666111663
22135|United Kingdom,2.233354622002284,2.2679537875797906,2.3276959345900083,2.212953720630617
22136|United Kingdom,1.1882574881732673,1.2660986817762558,1.2167132130678706,1.1730449549359983
22138|EIRE,2.1199591886593074,2.1086028653166564,2.1611621066848388,2.018965797048306
22138|France,2.8133645005253545,1.520692701795181,1.0960208122727224,1.0151561527979955
22138|Germany,0.4817363853738849,0.49871167574895586,0.601753053746862,0.4418365785487347
22138|United Kingdom,2.2043749489733213,2.214146762205197,2.0597178099661386,1.8166449342068052
22139|EIRE,3.4945577840728914,3.0953946622370374,3.049010367603029,2.96125255925394
22139|France,4.472600211606766,4.228381751205228,4.297125335869137,4.113064637173153
22139|Germany,2.8074800284939,1.6404567977363627,1.5494850172885444,1.4436576066237294
22139|United Kingdom,1.793833216002321,1.6322212394391085,1.6701918758313055,1.4830443156049924
22141|United Kingdom,383.93895197819535,383.23270332717016,409.7138736122202,368.0596163964376
22142|United Kingdom,107.2907186194891,144.61387719444426,155.92029774007113,100.03934335937731
22144|United Kingdom,342.4479798539972,487.113837266292,473.1843947507817,321.41113757922966
22147|United Kingdom,5.004824743602211,4.971526098068998,5.017520404363157,4.819216592880514
22148|United Kingdom,111.33255465010889,117.12943275076799,120.52196768604557,107.53972580791334
22150|United Kingdom,1.779112851646595,1.766960024465475,1.8064309020789449,1.7098924026966673
22151|United Kingdom,42.84105299333655,13.95422982504145,13.536579864591552,13.346942995109453
22152|United Kingdom,24.816696151754734,24.939424027557482,25.298365956291846,24.36644449919782
22153|United Kingdom,60.84825515780064,23.828658682887397,30.501005597228534,21.4387862901886
22154|United Kingdom,626.7735764131434,617.4756289288919,585.1968726637765,567.430652505206
22155|United Kingdom,30.062844445722842,29.13851965809634,30.768005666651863,23.40004644157709
22156|United Kingdom,10.100813455721019,4.0897707140760975,4.004125404673588,3.8655032708368426
22158|United Kingdom,138.40577561471434,148.07736979289962,146.09362264095344,134.79382066547888
22161|United Kingdom,87.13075883830794,86.7673750945001,87.74646234339609,83.27724814532013
22163|United Kingdom,4.608778534351323,2.8740662114371274,2.923263291025848,2.6111048476171312
22164|United Kingdom,13.687017593374529,13.023566862002248,13.227051910624828,12.926070285993086
22165|United Kingdom,11.316740650021037,5.605775541103785,12.526236060826726,5.302270985357557
22166|United Kingdom,2.7882841697000704,2.764570059793458,2.8179766063109426,2.744300902979399
22167|United Kingdom,6.11485628297302,5.847205800282037,6.112328072527504,5.211353718515067
22169|EIRE,0.4245309150797357,0.3319272327508325,0.24750707973715624,0.21766956333775894
22169|United Kingdom,3.424411511641532,3.443863694671209,3.4451861420313508,3.2266854672709355
22170|United Kingdom,3.833550436990385,3.5156037454200706,3.44781340085977,3.3846147851615607
22171|United Kingdom,69.31441949824507,69.05244193108132,69.67275768609903,68.78436828132645
22173|United Kingdom,3.893835961104292,3.4418351691020903,3.5280308953591506,3.181530878883612
22174|United Kingdom,675.1423400256358,668.8084530535267,667.6369162341749,666.682993439707
22175|United Kingdom,2.5449101538282197,2.553689003415944,2.6153010677368957,2.2914928830172943
22176|United Kingdom,4.8656277759671935,4.732536762428471,4.885149742767391,4.534963401316662
22178|United Kingdom,15.441815649115442,14.199745045383208,14.252247820159035,13.813429042294867
22179|United Kingdom,7.044904401902307,6.550400011578759,7.0859886590029015,6.163761084095041
22181|United Kingdom,23.148398148741144,15.3098043077704,15.321220463531464,14.780994818642746
22182|United Kingdom,20.021593099869946,10.0961610613006,10.185281864132472,9.281468458436114
22185|United Kingdom,5.81680144913462,2.120131746354512,2.114392149088035,1.9927578425410895
22186|United Kingdom,140.06254483704743,35.62191101492233,42.48342922500343,32.88386810423826
22187|United Kingdom,24.134864553179867,24.894892456713393,27.35193236185801,21.967495329797803
22188|United Kingdom,392.3921232853292,390.03190091547845,395.7983186953246,387.80387091363394
22189|United Kingdom,205.63521592146625,204.27592068690763,208.0855990449676,203.0856311844581
22190|United Kingdom,35.849883006699464,34.73334348422318,35.901849612475445,33.78816617915446
22191|United Kingdom,268.320928628674,265.582325089154,265.41524553293556,263.58848097219874
22192|United Kingdom,8.048853637566955,8.14370378886225,7.956367177215873,7.515343553512299
22193|United Kingdom,10.355249247564771,10.305269916700524,10.257933318412642,9.84787576747
22195|United Kingdom,2.7866125637287973,2.592035388578501,2.590538854790269,2.4034774412435684
22196|United Kingdom,2.7715288190924294,2.635263291186156,2.650625461992096,2.4622656835936727
22197|EIRE,34.76597746989054,34.4872599616478,34.29538168888185,33.780249666874
22197|United Kingdom,313.1346903448118,39.56366258053181,37.794193234252575,37.25648887430959
22199|United Kingdom,1.7507513326162,1.5244754841127306,1.3475111234529804,1.2244698225325918
22200|Germany,3.7202408894784194,3.7694753125230482,3.7746086070290263,3.6347694017399865
22200|United Kingdom,15.69165295720625,16.27603442806939,16.245798867709212,15.304349748427759
22201|United Kingdom,1.3100495639823364,1.108079353446173,1.1125963405216455,0.9598992098496305
22203|United Kingdom,1.4514950715039805,1.0949728601874158,1.2217914591522065,1.0149221771737773
22204|United Kingdom,1.6965830676583422,1.3946238587124897,1.4684169100439322,1.2687825238103219
22207|United Kingdom,16.237234953840115,15.610180643706157,15.887840160097747,15.505808846228952
22208|United Kingdom,16.147091186408506,16.182878823922046,16.038041251606032,14.897093802127907
22209|United Kingdom,24.76894032110394,24.93369137572751,25.21831218299278,23.591939647232778
22210|United Kingdom,12.954865212597664,12.602843765630036,13.129781434023506,11.56130030227277
22211|United Kingdom,29.256645813007424,28.895222728873314,29.476170565730804,28.433178466949393
22212|United Kingdom,51.516929572642894,11.456776905910246,11.317214106904672,10.788796929155128
22214|United Kingdom,3.4282231326445882,2.476580655696024,2.035110213105462,1.8497844355526882
22215|United Kingdom,0.7924733625313951,0.8064736510110935,0.7792012410494049,0.7380520314447542
22216|United Kingdom,17.877210106001467,17.768094354739617,17.967847452452148,17.393405411881112
22217|United Kingdom,3.295157504265909,2.5748212961952515,2.457092178621702,2.400548620765858
22219|United Kingdom,2.4258230760485606,2.4843645557594365,2.3689450878501246,2.281638719501797
22220|United Kingdom,1.019095365523356,1.0986176887413994,1.1089445139461762,0.9857653895136935
22221|United Kingdom,0.3586061674798384,0.3239933294119376,0.2028294050200517,0.1739979767519329
22222|United Kingdom,53.51495312729149,46.17554771249211,47.47996240108683,44.866733851086096
22223|United Kingdom,43.73886489395939,16.80073127029378,17.42798985613115,16.37176735115776
22224|United Kingdom,6.093542637847257,6.056974406733695,5.937197245853296,5.694339321489753
22227|United Kingdom,2.673463528849643,2.2921285423166164,2.29599937325905,2.139886435432803
22228|United Kingdom,18.08328890874483,10.122997243234533,10.080644244263537,9.01877719012878
22229|United Kingdom,16.01836095130996,15.29644853818443,15.110309085475071,14.358525010083163
22230|United Kingdom,52.85818113936569,47.261983874242404,46.67711365121207,44.71956309333575
22231|United Kingdom,13.286936712694253,10.185801034955839,10.504664753807937,9.766684244722427
22232|United Kingdom,14.942242361212168,14.948142020102422,15.146895759810093,14.348288249700463
22233|United Kingdom,22.651301996833237,16.799305934665714,17.357725205100042,15.795447071546334
22243|United Kingdom,7.7519323040615,5.687662174127762,5.4575898151109055,5.116792918698163
22248|United Kingdom,19.276650515460624,16.005771577913105,16.12296061645306,14.848007442297902
22249|United Kingdom,12.10223207538385,13.301049289093985,13.238170661531845,11.659437440721828
22250|United Kingdom,22.68813689233508,16.16996691641444,15.316303494852328,14.730801711486967
22251|United Kingdom,6.964848901663997,5.746837156625775,4.788067472253526,4.376828003624795
22254|United Kingdom,15.592685348656184,12.004348806258884,12.093280417223596,11.788809607306115
22255|United Kingdom,22.772711988544224,17.436136412863224,18.12020099910005,17.257596952690342
22260|United Kingdom,4.3968337693672455,4.346414211358433,4.337605568249823,4.081807864120487
22261|United Kingdom,1.325090892913202,1.3075274816873685,1.2955813759131276,1.2415960944507152
22262|United Kingdom,7.530551382944771,8.106413770551043,8.743342238788998,7.156129670333832
22263|United Kingdom,29.084626907262475,29.359874205792487,29.47888717869446,28.65863359129438
22264|United Kingdom,298.1635188552389,294.71005704526794,294.794636537394,292.66431254852967
22265|United Kingdom,7.324569951997707,4.769482877913008,4.496980190171147,4.28268864589095
22266|United Kingdom,37.06129655195768,37.10590265626937,36.16865610622628,35.22033579038069
22267|United Kingdom,31.67227560804501,29.02308210277448,27.83454954032766,27.344970290544907
22269|United Kingdom,7.271453950620617,7.126838656887754,6.97908374052882,6.617236830189336
22273|United Kingdom,48.25065407247245,48.66585377185132,48.5076632336166,47.82856915366527
22274|United Kingdom,1.9174735858448757,1.5023847404345048,1.5876349303572252,1.3924737074839426
22276|United Kingdom,4.142061612144181,4.323039397936572,4.50564119707303,4.007611845884357
22277|United Kingdom,26.477917272070933,25.92695332380215,26.058684632461095,25.66424544285986
22278|United Kingdom,11.090600903659123,10.994919282671782,11.038738773571605,10.65482243970704
22279|United Kingdom,32.1978065269528,31.1472155698887,31.50705087221738,30.670348940983388
22280|United Kingdom,14.133835565898114,13.343713848309674,14.15862021511919,12.69322879158051
22281|United Kingdom,1.415797842258538,1.0557155282167994,0.9268691994930849,0.8365254340658191
22282|United Kingdom,4.809985859490629,2.5004390305808863,2.376940982879743,2.3077061945087705
22283|EIRE,0.24192383971354514,0.253557517936591,0.26288822920318833,0.23178054403539672
22283|United Kingdom,8.020165444578327,2.601010906079006,2.5111854149096633,2.3434541188681712
22284|United Kingdom,3.359915521083453,2.9089522179142415,2.874707603107841,2.7198329714524823
22285|United Kingdom,3.726412027123267,3.3992852219428404,3.2635035813229307,3.1622236603024714
22286|United Kingdom,34.09406896432399,14.666222381412759,14.170333740632909,13.885243543181394
22287|United Kingdom,27.344819761591022,21.54623507693971,20.299260664122656,20.063804506025864
22288|United Kingdom,9.533020930251354,6.790011468075786,7.105467598440111,6.345059342241259
22294|United Kingdom,3.1363426084991692,2.3224110640048528,2.329401253080418,2.23451828240219
22295|United Kingdom,2.520351252660118,2.226037837987628,2.182311268815183,2.0128742240053246
22296|United Kingdom,1.9937264087233662,1.8434967345638005,2.0064873523611273,1.6636979678504233
22297|United Kingdom,3.120436704521123,1.6814541302484107,1.785017273621791,1.5847629379924912
22299|United Kingdom,3.7121406200117963,3.6237155563032246,3.7942802670802913,3.4501791428217015
22300|United Kingdom,1.0903172578387836,0.9869735346251096,1.0303699949134766,0.922965032268391
22301|United Kingdom,4.025446822352909,3.9252925601496247,3.966894339052533,3.777964772405514
22302|United Kingdom,7.516485359528703,2.0478415556865803,1.7236726227769157,1.6971058028458468
22303|France,12.72617031329704,11.162928296816041,10.988077382256934,10.25756110894259
22303|Germany,20.634536172817604,17.542383288326516,17.584988180733628,16.81718701907354
22303|United Kingdom,9.311903826074355,2.558187629177095,2.449765176393233,2.391635271109618
22304|United Kingdom,1.199546706421378,1.1715326119953358,1.1505208345219349,1.0903776193254258
22305|United Kingdom,0.701138034481446,0.6937705737107996,0.6275479740470384,0.5710987959824313
22306|United Kingdom,17.011084028846376,17.33105038349093,21.95266673834886,16.32103703411941
22307|United Kingdom,12.315582933420117,10.670448315859167,11.49634954496926,9.815462795379299
22308|United Kingdom,6.715229607422436,3.526432193927377,3.0331955305963803,2.8749505233675974
22309|United Kingdom,96.32909057642306,7.168833808824857,7.155439899591446,7.093680869031761
22310|United Kingdom,85.98391107559992,54.72105514347899,80.16937614858745,51.452015164304385
22311|United Kingdom,208.15134151112844,207.98903337689086,209.96201733898008,203.11726188533805
22312|United Kingdom,12.623827914669588,11.22315755979298,10.928178270470163,10.382154095244513
22313|United Kingdom,7.386051775571655,7.23619739291242,7.431987981016757,6.912922718953903
22314|United Kingdom,21.557343673389866,21.29526609305351,21.441050967512304,19.974354044540565
22315|United Kingdom,15.958932508206605,14.566018042632244,14.921629050026503,14.251358497657261
22316|United Kingdom,112.22414813783554,113.09461836132141,116.91115426806556,111.43783931863153
22317|United Kingdom,2.343966475201516,2.312390097760309,2.455182270402241,2.202366134492457
22318|United Kingdom,3.9518002761663737,3.1318092399784807,3.115658709428851,2.909097469667149
22319|United Kingdom,16.857145908372033,5.840059567976393,5.854410024938206,5.691245009221412
22320|United Kingdom,0.9291054092321134,0.8380933371510957,0.8574536938348656,0.7947193701045239
22321|United Kingdom,3.768259277521562,3.8083702312568573,3.730301128293994,3.654391282170184
22324|United Kingdom,6.671243247811081,6.701457792662965,6.722575462057457,6.418226860602605
22325|United Kingdom,2.0613206862731133,1.9255965419009715,2.1173304397457846,1.7910985519692413
22326|France,14.45961826425493,13.729105709415926,14.406343463331446,13.506587435776371
22326|Germany,15.65994490400561,13.607060361897474,13.635832703886228,13.355911684843852
22326|Netherlands,63.839335871369585,63.74640806926285,63.603750284587754,61.34946587142286
22326|United Kingdom,2.4119639424234642,1.8050947497122374,1.7594056803283247,1.6400973497600586
22327|United Kingdom,1.4254787661125035,1.41821763635354,1.3558898514552817,1.2775570958245055
22328|France,4.532503896051129,4.41677158185036,4.505126516449269,4.187333662753265
22328|Germany,5.557028374561226,5.587140770182298,5.669856001907195,5.2177962917285505
22328|United Kingdom,5.471443735427206,4.620081951791394,4.519862372490407,4.344380821324355
22329|United Kingdom,1.6400736692555584,1.4274288494110516,1.4063003817979358,1.2059794030457267
22331|Germany,14.419467002583177,14.056791958553697,14.347307560532105,13.275261534179052
22331|United Kingdom,2.9082835541830074,2.9035089478177083,2.9553408897344386,2.748221182394575
22332|United Kingdom,0.3537596685135865,0.3771410391820363,0.33515613061733074,0.32694509139133254
22333|United Kingdom,7.557693260429967,7.472931264949663,7.561943717239659,7.2603166694772385
22334|United Kingdom,3.9444202128869907,3.4013591481085714,3.4150837848435978,3.2683133327127307
22335|United Kingdom,7.204035938861968,6.2522154219112664,6.409295432688516,5.815673401853513
22337|United Kingdom,35.39189947384184,35.81620274416108,36.095152691234844,33.62689216423376
22338|United Kingdom,26.80495322059075,18.70109233295195,18.3740838886906,17.92413962939718
22340|United Kingdom,22.611965327737302,11.669392791756344,23.6734310972572,10.977402767326005
22341|United Kingdom,1.634859575706951,1.2923425947079983,1.3323863599072525,1.1914667598644053
22342|United Kingdom,9.126216900479491,9.147163334361174,9.140673226027737,8.869520753715875
22343|United Kingdom,24.46498672120791,23.591295017518686,25.35944773282688,22.441006789998582
22344|United Kingdom,28.011755869155365,27.617149004448027,29.013374484743263,27.02427476675447
22345|United Kingdom,30.053302628851952,30.07773802593974,30.52061876725118,28.771456751780224
22346|United Kingdom,27.504823046033515,27.65646512791162,28.245236571060744,27.154323751396404
22348|United Kingdom,1.807781705438166,1.623482703214869,1.710003670175699,1.5113204892443717
22349|United Kingdom,3.736200183772278,3.7017922983740275,3.6811270084385876,3.543991923988392
22350|United Kingdom,1.7224133964064496,1.6728280680539678,1.7363988796600935,1.5981922284942796
22352|France,5.695031779345029,5.76801902139701,5.826877851332481,5.445152062387775
22352|United Kingdom,1.6571278513291905,1.5613299205390494,1.611101264285487,1.4863008013363
22354|United Kingdom,3.1677675992977803,2.467341068774347,2.514906165067628,2.4001005287392605
22355|France,11.904769695339422,12.355732855900175,12.046345839720694,11.403986737640793
22355|United Kingdom,12.835023370975541,7.32068214453968,6.8818219682564115,6.480628137727988
22356|France,11.384722375495606,11.607897955887662,11.579356232332731,11.054814057142071
22356|United Kingdom,6.68123081331561,2.83498661223598,2.8748485464286144,2.645032215852549
22357|United Kingdom,1.727048483543288,1.4572043097047453,1.449425617573027,1.3907325281466194
22358|United Kingdom,1.4155848875139685,1.3973763250870173,1.2875932124874536,1.0979820878560131
22359|United Kingdom,2.4188020881652945,1.5697533049179253,1.5334084577787397,1.5223858539355382
22360|United Kingdom,12.696032124934256,12.486068155283135,12.444549095689672,12.108562543377593
22361|United Kingdom,11.863831011005434,11.836852885672522,11.855074113482845,11.749148012653599
22362|United Kingdom,8.077097743053729,6.050907573920347,5.850163945309635,5.57555139823334
22363|United Kingdom,5.043432554407091,4.963863190222678,4.911001631777429,4.741244080442244
22364|United Kingdom,6.995963529975129,6.507459634979201,6.581405524649308,6.387628021539978
22365|United Kingdom,4.6208939409531595,4.618006686943291,4.636553517847238,4.375060900026848
22366|United Kingdom,2.5783870954358794,2.0020312663371573,1.3142955328901247,1.100881007619436
22367|France,22.973218087932747,14.681497928893817,14.68335604402345,14.406358266859172
22367|United Kingdom,6.655301536601879,5.380769308892455,5.4197408029763245,5.125666161970496
22371|United Kingdom,13.076610722020988,14.765850930440466,13.490654954908727,12.3772355231947
22372|United Kingdom,3.6640303493141,3.5391905809386945,3.680958325565468,3.3144681339093136
22374|United Kingdom,8.067931878579477,6.894289375128819,6.7473705873871515,6.406587331393959
22375|United Kingdom,4.791696789074532,4.59943888606897,4.605367807354592,4.415970976429789
22376|United Kingdom,5.480003370991471,2.8400436230292385,2.978760545787333,2.6539332352746197
22377|United Kingdom,7.635791524735069,7.727672675429162,8.017086985184442,7.377808815169754
22378|United Kingdom,39.96453775067251,40.94929421209205,40.70290164017856,39.32225320599901
22379|United Kingdom,12.138978152079213,11.987541370315519,12.266910418156263,11.897235956093043
22380|United Kingdom,0.7752141498865098,0.7971403111597039,0.8067871069779406,0.7496929440183696
22381|United Kingdom,6.433312457788599,6.541693228431041,6.4912960608189225,6.32039709631819
22382|United Kingdom,1.9210660450253871,1.8568648715578067,1.8971880650771134,1.7556928737241935
22383|United Kingdom,5.213813218892856,2.550065765035695,2.2925737486584032,2.059330718071845
22384|United Kingdom,2.8117847604747004,1.9821164941613216,1.9681646731563762,1.8244654870023038
22385|France,14.224650067274045,5.366365727071968,5.293695171591866,4.944909441241117
22385|United Kingdom,7.80986371649942,7.8361347834206345,8.044036306603997,7.703115252230938
22386|United Kingdom,5.072197978309359,4.669912894947689,4.823261594001668,4.502531536735131
22389|United Kingdom,5.542837747549856,3.998474964507813,4.28235452884544,3.7895417963040816
22390|United Kingdom,8.80428202931806,8.672426216800693,8.724017231487458,8.582679356656758
22391|United Kingdom,13.113464779742953,3.476237838347957,3.9072501390155603,3.3329622777765424
22393|United Kingdom,14.494227856268926,6.648934788710173,6.6106668611955985,6.449341005047367
22394|United Kingdom,26.840510035432832,18.80026548120047,18.73677271141308,18.39823816502084
22395|United Kingdom,1.5674913885445527,1.6235626704384436,1.6480127324436702,1.5344963241926781
22396|United Kingdom,37.2434057776442,36.773775972757704,38.80869465843799,35.37691812355738
22398|United Kingdom,10.161365605688262,9.492697849085246,9.406040572794337,8.948012765233655
22400|United Kingdom,31.934370727517496,27.368613137104933,27.992483136496567,25.62893597167918
22402|United Kingdom,21.40302427262994,20.249022427457184,20.907133839688896,19.086620050364512
22403|United Kingdom,101.37838655639531,99.00712141544915,99.36835978464018,97.72057575106666
22405|United Kingdom,2.7201376795929932,2.573252601994541,2.525217120570945,2.271282191916497
22406|United Kingdom,3.419192891407038,3.37538789351992,3.2681548090093897,3.220141831475763
22407|United Kingdom,1.3044187347226464,1.3144568740069584,1.313908623770328,1.2740037916616795
22408|United Kingdom,3.316646412461848,3.321849294591858,3.3684291534638993,3.2260857833189025
22409|United Kingdom,4.632868665361239,3.783808477038293,3.7984064666442583,3.7279527540027786
22410|United Kingdom,1.9931482415668131,1.9201391991744035,1.9482707270214858,1.7472306375795723
22411|United Kingdom,2.250763922436628,2.207429418289565,2.2719331109629257,2.1227328451587364
22413|United Kingdom,4.860464292369226,4.717427147726902,4.8312497208189455,4.5050860950772655
22414|United Kingdom,0.35532536774222984,0.26028909743204226,0.15470339217049245,0.14255900854623582
22416|United Kingdom,4.264400402271814,3.7341175992771816,3.5277036952166005,3.3827111881337717
22417|United Kingdom,3.0723038728092287,3.0898568841721796,3.0944300765736523,2.8361430046283718
22418|United Kingdom,13.782725205213039,14.688775582774257,15.483981765919488,13.41770355067318
22419|United Kingdom,42.80547896605079,25.484925291412793,25.51222214385318,24.50462582462832
22420|United Kingdom,342.49543009608806,85.4564332823922,83.77052203605683,82.88559857862742
22421|United Kingdom,21.569625771743695,20.109597721517282,20.0984073368911,19.14466014081652
22422|United Kingdom,11.711151452648094,11.636363457675603,11.763054354390935,11.187414664531083
22423|EIRE,18.83500888892508,16.812093973929834,20.17632668656492,16.411867096883498
22423|France,2.383334402126098,2.430522278630717,2.5231025556689195,2.3408486481391235
22423|Germany,96.59646877485447,43.39403318971432,44.69989397423086,41.11048244902296
22423|United Kingdom,21.470643291821396,10.532456234555816,24.138494161986586,8.470095207210328
22424|EIRE,1.174111178223802,1.1604655579926022,1.1712323446217654,1.116367116733179
22424|United Kingdom,6.7040442184559375,4.380271629950755,4.107439410721107,3.753362775341907
22425|United Kingdom,15.62757170586011,8.47337158689127,8.027303777579172,7.920074257958171
22426|United Kingdom,11.589530094677041,11.370134263809994,11.378960653408475,10.924385708446424
22427|United Kingdom,15.102340117783248,8.239970743612513,8.36537963157842,7.1725628250119895
22428|United Kingdom,5.648051567429056,5.6725304208575125,5.634233215923776,5.348200803003165
22429|United Kingdom,5.175592742816991,3.879139079086933,3.8566912544405216,3.7408774039777786
22430|United Kingdom,85.56307318620772,6.899258211146715,6.67796228960962,6.5521193185319015
22431|United Kingdom,16.866630206677673,14.048716272564192,14.87938979107822,13.526341042020695
22432|United Kingdom,0.4943526109010098,0.5447022407988451,0.4529672988878343,0.4019534021631247
22433|United Kingdom,11.256369089903682,9.990690466461718,9.798099155651746,9.462434827585394
22434|United Kingdom,4.653163941976115,4.602351877448247,4.596440173400883,4.26809818162569
22435|France,74.64906207990543,69.21859809890569,69.65243869358511,67.98289030732414
22435|United Kingdom,9.34860570445867,8.891709093719141,9.195861544962053,8.71784534908225
22436|United Kingdom,18.28612996044429,14.090785513986624,14.390009658797917,12.942897530706798
22437|France,23.197518599009303,22.57696000993965,22.571032394206558,21.74714189088035
22437|United Kingdom,1.611725819001749,1.4563808320349325,1.6983758391062471,1.3387567062065064
22438|United Kingdom,30.742283518193986,30.702079734278087,30.59504673614572,29.668714500859203
22439|United Kingdom,16.16495410212748,10.189324424047069,10.221808378288376,9.074236193535315
22440|United Kingdom,3241.75385945594,515.6441055118268,516.1157956794171,511.47741745343694
22441|United Kingdom,3.0457189520079444,2.4230179030956362,2.3961615577391435,2.2178266619189757
22442|United Kingdom,1.3497875497234946,0.4327420727886385,0.4212038899176341,0.384541607610635
22445|United Kingdom,5.820769378564509,5.472003794903291,5.273508725737006,4.798744800144037
22446|United Kingdom,1.25687300998732,1.3267302680533666,1.4177573495074547,1.1462661492379524
22447|United Kingdom,1.288073949785448,1.342767582304126,1.4479944045630768,1.2245322767093667
22448|United Kingdom,2.7616482784537446,2.7514385747105945,2.8364682793948655,2.656108755893009
22450|United Kingdom,14.291974173510843,8.121364274588329,8.040082581195184,7.573999763489981
22452|United Kingdom,209.02665685232992,79.22659614949993,83.61503548011481,74.40189289974033
22453|United Kingdom,194.46190624897534,58.04486485890665,67.26526197106381,55.02452838370434
22456|United Kingdom,1.439561368202153,1.32693865105885,1.3952129110142257,1.216165224923384
22457|United Kingdom,4.355113113592903,4.735191212401151,4.695855217041325,4.074087968876679
22460|United Kingdom,16.387156530920844,14.499702168746175,15.342390919348011,13.548762183169883
22464|United Kingdom,3.297868046221391,1.934354622112613,1.8265625897909663,1.7314038232391504
22465|United Kingdom,4.305651604894588,4.238516759123097,4.074412233494851,3.78428853626612
22466|United Kingdom,639.6888205515564,635.5788905907971,633.8940852123246,631.9655291842527
22467|France,22.57894274106176,22.7871877455248,22.475778141347902,22.102114154748406
22467|United Kingdom,88.7667383540523,32.94421129114232,77.16284156414251,30.256257399435306
22468|United Kingdom,11.87128049012564,11.16847520730176,11.130917530560446,10.90097534887909
22469|United Kingdom,19.776235265054495,19.663001866013477,20.480516353660246,18.49069737390979
22470|United Kingdom,26.05015905489697,26.599560350139924,27.189192325299345,25.477153828036432
22471|United Kingdom,12.24258581565014,13.070273723102908,12.828039786710143,11.866200532925173
22472|United Kingdom,1.860803079897189,1.8340499062501934,1.8719999440641668,1.7926556923759316
22473|United Kingdom,18.33688690387815,19.427381171446044,20.501312435883076,17.618225004779127
22474|United Kingdom,1.8063298767503528,1.8961649588135252,1.9067655628536073,1.7249888266658615
22475|United Kingdom,2.4540977363826473,2.373132485436053,2.0721125529346325,2.028366093224157
22476|United Kingdom,4.351327402032649,3.573718732389825,3.1174886580707994,3.0052929887800035
22477|United Kingdom,184.40582542925824,192.12210496215857,173.75529061931982,169.7214051729577
22478|United Kingdom,136.1208953079882,137.0260863137151,127.07594774267454,126.87197516309705
22479|United Kingdom,279.83949530996114,289.6755257867744,259.3689884284561,256.3371481266573
22481|United Kingdom,24.604851084196607,23.883344095632978,25.101463683391238,23.513467450821704
22483|United Kingdom,28.613364156582698,10.360444383091146,10.54822559409338,9.901256164247805
22485|United Kingdom,5.551362058632692,5.548983293591424,5.698189588111377,5.226583566113548
22487|United Kingdom,4.638292299544329,3.122025048748453,3.1978991959957304,2.8930782266977624
22488|United Kingdom,3.8125748533570447,3.7628108122637434,3.761585559555504,3.572745795615951
22489|United Kingdom,4.046358678992977,3.8103638037150223,3.8337802097405196,3.553309395458944
22491|United Kingdom,9.280579298922811,8.787169607778807,8.801779410589594,8.084677981220446
22492|France,70.85971173749482,67.05698598182218,69.57252708846448,65.35233338449021
22492|United Kingdom,74.32450213696342,69.90618240251297,74.6605104511229,67.85451147256879
22493|United Kingdom,61.81132558275216,58.36268813023634,58.23810477593731,56.91553975461289
22494|United Kingdom,11.314539494785006,9.676989651211501,9.981973627194678,9.385573557910481
22495|United Kingdom,2.416179131561215,1.775842610272652,1.7630924088538544,1.6419883291255577
22496|United Kingdom,1.0645733132827806,1.115049680802665,1.084811329037679,1.0505227301457554
22497|United Kingdom,8.897133795832088,8.590613949714063,8.568533939503423,7.950295770382539
22498|United Kingdom,2.2461847871879423,2.0172442890672793,2.1302948219050126,1.8331273839323832
22499|United Kingdom,15.111924906066422,15.131528968705773,15.285169053480416,14.888059894008876
22500|United Kingdom,2.485141122965215,1.7840086337998808,1.7876292141056556,1.7461252451452083
22504|United Kingdom,9.718931546051248,9.036416203274689,9.054199899453343,8.516999335711382
22505|Germany,3.1667976726146474,1.2594917410563458,1.3800446119557583,0.9883171327635962
22505|United Kingdom,12.580349395877837,12.481902741917509,12.531094690386775,12.294091797214797
22507|United Kingdom,200.50995433269642,200.05916420545594,202.47279018281156,198.41082412414676
22508|United Kingdom,1.8330097940894048,1.8544993920923905,1.9643852597005786,1.7179114023288065
22509|United Kingdom,1.1463958623443216,1.0985120441057756,1.1370151791524827,1.073767371085967
22510|United Kingdom,12.688966633508572,12.521053545325117,12.69082987311711,12.318959571671492
22511|United Kingdom,9.673046758866585,9.354843815878736,9.864287459543782,9.207306613714739
22512|United Kingdom,2.1697423842007177,2.0725699662765065,2.1515497210530636,1.9321823215986964
22513|United Kingdom,0.8693616549927309,0.9725062434082995,0.8175301844655078,0.7429941274331956
22514|United Kingdom,0.9670319531200187,0.9112421344258083,0.9164586076368697,0.8704717401437481
22515|United Kingdom,0.8368808409631272,0.8286980624649071,0.8269903908022298,0.7688273351171584
22516|United Kingdom,0.5892140006812353,0.6103913691437737,0.6202592336208861,0.5553469685073517
22517|United Kingdom,0.7091625161889623,0.7296487925565418,0.7605759294713633,0.6719283295005006
22522|United Kingdom,4.001255611994881,2.819082018365839,2.975145624113821,2.6597348921173842
22523|United Kingdom,3.527218391122693,2.7955767046732256,2.798957087613179,2.529081636959668
22526|United Kingdom,5.555542681383681,1.3209837072158337,1.2282810038488159,1.0897746578052272
22529|United Kingdom,5.116238906218443,5.137077606044863,5.052406666317932,4.838685494928548
22530|United Kingdom,5.325552508173576,5.463881109965059,5.304397296286849,5.209531289477611
22531|United Kingdom,4.487264066858132,3.8494516204779634,5.177784504694353,3.528184828883663
22532|United Kingdom,45.380831276887605,45.26965171377055,45.58120665345413,43.061326798131894
22533|United Kingdom,16.98333603992806,16.89529561466728,17.010366855685405,16.101542691226356
22534|United Kingdom,4.416721250531311,4.205151123456288,4.1224199376290445,4.070613651763143
22535|United Kingdom,14.277066404128751,13.509441929699152,13.553917842615782,13.018125527748493
22536|United Kingdom,64.24347524081362,62.80277089831345,64.84778082433485,60.893299416582394
22537|United Kingdom,6.432502716063973,3.7590625259681594,3.6085189143537852,3.439627103482103
22538|United Kingdom,10.366268932982674,10.411217141105453,10.293674663761914,10.104459040310742
22539|United Kingdom,5.975751419389025,6.152155619829236,5.804237205296848,5.61014055518065
22540|United Kingdom,9.936133618046055,9.995033554001758,10.122236351572004,9.562311400833071
22541|United Kingdom,8.387991319998001,8.341538711233161,8.253194863395684,8.05342970355219
22543|United Kingdom,1.3721891606000571,1.4381969161651642,1.37697188326917,1.3289597275919565
22544|France,13.842542704307819,14.560918214407987,14.52824339699068,13.51472640604731
22544|United Kingdom,4.504060063195339,4.057296292643105,4.045629520831136,3.6532451644425805
22545|United Kingdom,2.2052956113548703,2.0143654723916566,1.935864683503211,1.8778383850556797
22546|United Kingdom,2.21186990737193,2.326365265419401,2.1498441064391307,2.0948696535649054
22547|United Kingdom,4.59971712283507,4.7126006607009465,4.512522800820758,4.356659555043888
22549|France,50.522429053836724,14.331785116335144,15.006113126740082,13.93978085056722
22549|Germany,15.359134839058008,6.520489386666361,6.275711392345262,6.030719237413797
22549|United Kingdom,15.412851646522746,11.717695682337807,11.888325993170405,11.425670660527851
22550|EIRE,1.6954478810982179,1.6687106725846514,1.6727018502268243,1.646532060618721
22550|United Kingdom,84.3430208374075,81.11383548013725,83.47585342260257,80.3509871434595
22551|France,38.666799445022235,38.77510129603926,38.97286412007312,38.137911676522634
22551|Germany,36.98017406032446,30.512137105579168,30.948857750817474,29.33797590858646
22551|United Kingdom,13.59521853692689,13.5682498951377,13.675452103451882,12.807759908767425
22553|United Kingdom,7.6448007669631535,5.5469567992125315,7.771219043397084,4.441680229123613
22554|France,39.52573545022119,39.40325273614797,40.361975215482076,38.61379173131496
22554|Germany,28.18504731473963,11.59190460578863,11.601206502644665,10.959572811657933
22554|United Kingdom,6.2250699725513625,3.8213219622485144,3.5877804282642103,2.9528893433014543
22555|France,43.86681008686765,43.90013097682145,44.54041044488798,42.73658685327148
22555|Germany,47.720044203397975,15.318958658787864,15.103214784655702,14.88756826896484
22555|United Kingdom,32.83106705873432,16.472483563471997,17.246541024810643,16.22044659316533
22556|France,19.241351971236643,19.323737787757004,19.607820987553893,18.68916652251406
22556|Germany,37.437444897864374,18.68512034147386,19.032801736003314,18.228096677685624
22556|United Kingdom,10.748384625963265,10.640072148862554,10.85690946723756,10.332464695849694
22557|United Kingdom,5.8458526384705785,5.782767814912883,5.685218791558025,5.422032018055115
22558|EIRE,93.18433918915974,86.82042725125717,87.01520494102675,86.31992454799376
22558|France,84.47997150978645,54.70847208024035,97.05691169189453,53.26090371953852
22558|United Kingdom,1.4361697711485588,1.5341598572035915,1.3182381335032938,1.181990872618937
22559|United Kingdom,5.108934385099072,5.046309238926996,5.021526670476625,4.674766281371846
22560|United Kingdom,19.351855676105526,18.12578699819399,18.345234401252167,17.634824118415914
22561|EIRE,34.20931243399477,31.504902677656688,30.785076347131874,30.028838962121338
22561|United Kingdom,13.379018322587878,12.215148023014414,12.344883537486798,11.972069073153856
22562|United Kingdom,150.14517824500714,152.7207587136906,155.18127289484215,143.11651523928288
22563|United Kingdom,161.7356565317622,75.82626473519423,77.89995032373706,69.04285894370265
22564|United Kingdom,118.93553811434715,77.05702518956095,77.70589219538743,75.69649639344894
22565|United Kingdom,33.58628310139604,32.181183542465895,32.05708341017157,30.7937909821294
22566|United Kingdom,5.115249001568897,5.092081314689402,4.8673191348500815,4.177320713191196
22567|United Kingdom,21.291628415520577,21.393443853471084,21.520902821267164,21.183303927015125
22568|United Kingdom,43.202665018294866,42.02633650340759,42.07055194315483,41.007556586238316
22571|United Kingdom,497.52738960945055,497.77938853871,519.6127364230381,430.30242474169955
22573|United Kingdom,131.01007953737457,120.0262176193415,130.33003275315372,111.59432322073513
22574|United Kingdom,312.80843670604884,286.2529778233501,263.80867609800515,263.07232934112545
22575|United Kingdom,329.72202240694793,323.4051154201736,338.5314743746584,309.6831088364103
22576|United Kingdom,255.5156251467313,231.73190834691184,217.6351979048456,217.3672238837809
22577|United Kingdom,83.2941738538857,73.6914689539202,74.74028000269344,66.3593919716369
22578|United Kingdom,113.62099741465921,98.80085870371198,100.13435203593555,87.89061581567418
22579|United Kingdom,103.30590974219898,90.91181249062363,88.80844942149545,81.39090630077936
22580|United Kingdom,48.6346607180006,44.931510978532344,42.257366680202516,40.78864383685695
22581|United Kingdom,29.143508867801952,26.31686286663482,27.93897729005349,21.673378224031406
22582|United Kingdom,9.954083142265036,10.644219504891836,10.308769630937531,9.020858186291493
22583|United Kingdom,10.351451999767711,10.15343628191973,10.130915757223097,9.775755376777711
22584|United Kingdom,6.291173386423452,6.3054326053885745,6.390877015913906,5.781730855782715
22585|Germany,506.0668458052179,502.8077395992742,510.02184000237656,497.42338916442503
22585|United Kingdom,10.875064257398423,12.115011643634874,11.784533581824553,10.497575758578131
22586|United Kingdom,64.30675337030253,18.991216897736464,19.68635144426956,18.50670244779402
22587|United Kingdom,29.82687772364011,30.023466866494598,30.673086116259437,29.167475765394425
22588|United Kingdom,8.756774680719296,8.7180516046813,9.189358074748188,7.962175099939911
22589|United Kingdom,33.805564654370215,33.48471310794995,30.841919914398304,30.485509351950142
22591|United Kingdom,19.318073628572773,18.76616212797323,22.22043940900825,17.45043467857098
22592|United Kingdom,21.96383229453136,18.483676433633775,25.092239540457214,16.33622076824088
22593|United Kingdom,160.10417083960462,151.78264379578988,165.20620593306202,139.8067974135157
22594|United Kingdom,52.85106633926497,51.60302479346538,54.49322973008174,43.720026160865494
22595|United Kingdom,24.486674466687525,22.590932546906526,26.970163600850842,19.577664404503516
22596|United Kingdom,1.5092358763088212,3.7309757246147868,1.2696072462936612,1.2314186835376688
22597|United Kingdom,140.77616053579845,136.69010059044263,147.9204804355567,131.7317437541193
22598|United Kingdom,72.87380718757882,71.95116889852491,76.29414329209153,69.75885842665328
22599|United Kingdom,98.70996338401797,94.79491920676628,90.11186510693021,88.95655647624454
22600|United Kingdom,30.309122784553356,30.309278625825797,32.45597313925074,29.517819020163827
22601|United Kingdom,43.442044066953,37.5732442550469,44.485400823665344,30.226776718361197
22602|United Kingdom,11.751981065224918,12.919001880147555,13.140344843100022,11.159069816444342
22603|United Kingdom,42.65583838218969,43.487921288456306,46.004649979829,39.87103250155639
22604|United Kingdom,8.538756859545833,6.358155159685313,6.491254381073448,6.227322264718916
22605|EIRE,2.237348587288936,1.4173990939448569,1.3595739488980036,1.2585946169957354
22605|United Kingdom,4.761828856512112,2.8297014648142857,2.8780897486335584,2.6775999445154652
22606|United Kingdom,4.619068463015847,2.664811197273509,2.1713766720898153,2.026291893380701
22607|United Kingdom,8.368960868739235,8.18710030182237,8.595750344141912,7.733420242232302
22608|United Kingdom,507.3674324961829,505.293148472117,509.671999137023,503.42133973155705
22609|United Kingdom,60.66309526590255,59.861580241539855,61.20236251965376,58.39883573482128
22610|United Kingdom,16.85259312444055,18.93915563277066,18.941418684764358,16.687731831910842
22613|United Kingdom,3.308774229279713,3.123361080732103,3.0691614317176916,2.9285765367397563
22614|United Kingdom,9.926270692445875,8.343446351379756,8.732644849731962,8.052225284278
22615|United Kingdom,15.600197410938904,6.79878526907576,6.501799657680039,6.36508077848374
22616|United Kingdom,131.0727513276931,111.9013944786671,114.01433647139126,109.8620878040838
22617|EIRE,0.6148842295315506,0.6104165003070645,0.6101233970981256,0.5765036991350256
22617|United Kingdom,18.897341358392865,18.97252964459382,19.2040347805896,18.581804404169908
22619|United Kingdom,59.873176814045934,59.317519776961426,59.33626062639102,57.348377040090476
22620|EIRE,56.31411704561447,25.044681672992855,23.87657724275333,23.675402528091524
22620|France,31.84924337588095,26.82499159529733,26.875003837995468,25.58069247455056
22620|United Kingdom,152.86374237643307,36.65272629919691,36.32331854601884,35.17042339343466
22621|United Kingdom,13.933289449665352,5.968982535136793,6.004880277489738,5.022028289077065
22622|United Kingdom,183.55352507375733,165.27397269416713,191.37226975254652,155.5334808099035
22623|United Kingdom,9.590080752929506,9.22210651758088,8.414588949469266,8.02616316766363
22624|EIRE,4.849532093086028,4.639267170281297,4.855778932046352,4.5401027910027825
22624|United Kingdom,12.569799471107874,9.423037267032495,9.707507616313555,8.720315933081011
22625|EIRE,4.019762658457785,3.868643812170409,4.0351473945958185,3.742052669773638
22625|Germany,21.959774562177753,14.053366094727455,13.595362580452967,13.078281939585287
22625|United Kingdom,16.66011891962389,10.8171234395802,11.555690524907048,10.044417528619258
22626|United Kingdom,5.9658937225023765,5.293269433155992,5.450966003289119,4.806739774607967
22627|Germany,1.4487033825729765,1.4226379721539724,1.5075473584570385,1.325981021952404
22627|United Kingdom,5.596506709247775,4.453692154023347,4.431623221091085,4.092333104736454
22628|United Kingdom,9.758256154362016,7.474660866475713,7.681997343787405,7.117616197329348
22629|France,35.41867809835397,35.61423339881006,35.6718724271892,33.56241110275021
22629|Germany,56.63952051539495,48.015469201807036,50.56858243398138,46.56193839216394
22629|United Kingdom,53.37542293877945,43.764666405779394,62.14280013736516,36.0144162160385
22630|United Kingdom,23.123690841406525,19.825137098591178,19.639044362602764,18.739613804116964
22631|France,25.594755066071247,18.77300616931841,18.894825736665883,17.179445432797493
22631|United Kingdom,10.564749349025831,10.161932964416467,10.337384536144922,9.39469764750106
22632|United Kingdom,2490.63234138137,2406.8881768896445,2364.6447037811927,2351.834076991092
22633|United Kingdom,2311.8626005594137,3059.735467446608,2676.8743645614936,2183.390555630036
22634|France,0.643012957571972,0.6682448189703957,0.6832430577564781,0.6190210565313081
22634|United Kingdom,10.481945951043473,10.07770988795617,9.70485884968595,9.267933658217311
22635|United Kingdom,25.164877324612647,16.007628729473836,16.071603595766796,15.535379435533741
22636|France,1.2578851691746498,1.163481944400184,1.139354887830434,0.9567990709718384
22636|United Kingdom,3.4072586478722906,3.3803510669548835,3.6567244159767816,3.2819676702655753
22638|United Kingdom,3.07925029971569,0.36405025743463465,0.3515198760336934,0.3158629638629867
22639|United Kingdom,2.70375493640721,0.5479023778537705,0.5301764754478494,0.4392300735343443
22640|United Kingdom,2.7575490784557433,0.0799064503532895,0.08126659358503648,0.06840687009188551
22641|United Kingdom,2.8189687956923475,0.14060407300995892,0.14565339327802823,0.13418024062066428
22642|United Kingdom,2.771452866679067,0.2948377971543217,0.2998038436932454,0.2702159193226235
22643|United Kingdom,2.845824893374294,0.14567453681465975,0.12991533989062878,0.11771624538524951
22644|United Kingdom,12.002106893524793,12.030205234692033,12.6486560995222,11.668669785393664
22645|United Kingdom,23.202791935568882,14.3244182865971,17.94993788653167,12.814591321857648
22646|United Kingdom,13.03252913730831,12.47820470346634,12.58133392765486,11.986466828371768
22647|United Kingdom,71.1425793985265,71.20670683471647,73.83900537391442,69.56967894556959
22649|United Kingdom,4.27535696638658,3.8042353816738492,3.814965187779263,3.624040288603765
22650|United Kingdom,19.21865687153041,18.805039545406764,17.56825018152063,17.40812734086738
22651|United Kingdom,174.55527392478876,172.45756807221377,174.90077913970376,167.53849267071413
22653|United Kingdom,29.839561897648554,26.97608609406536,26.332032514502043,22.890234950551566
22654|United Kingdom,103.25910547864176,81.29637384331164,113.43113134755438,73.56438055976008
22659|France,49.04218385607176,42.793044580355954,53.513549395961654,39.026039024290164
22659|United Kingdom,223.9112502368306,197.21362516384096,254.31145638846795,171.79452695366376
22660|United Kingdom,2.8659342639487897,2.6557258262234176,1.8023779167506244,1.6046480330953672
22661|France,19.391225966847102,19.532349931208444,20.21846131436031,18.93500603749577
22661|United Kingdom,48.72947487097467,20.624095459016388,20.3772454927301,19.031498158471546
22662|France,15.840746069067343,11.542457910827324,11.817482250896171,10.235943852621823
22662|United Kingdom,12.172599446460717,11.771057778420763,11.419273331359655,10.740909087943704
22663|United Kingdom,11.886727409368653,11.541856277891451,12.32173503889309,10.857297475466666
22664|United Kingdom,14.706854167541264,14.70758566724242,14.905902199598806,14.233781562050174
22666|United Kingdom,39.7364324919075,36.31168186468142,41.096871328843825,34.438305279033294
22667|United Kingdom,10.772449155307584,9.945514871681828,9.902200528913461,9.054476888467805
22668|United Kingdom,68.70333699603309,16.684737189660677,17.54558745893866,16.400964891869446
22669|United Kingdom,15.074538252032337,14.262532364629964,14.808978525248753,13.881790366752808
22670|United Kingdom,72.169552148434,48.71434787724454,50.666050984693236,48.042895522788285
22671|United Kingdom,29.059049428995834,26.684012189015355,25.013938178759435,23.219292816358305
22672|United Kingdom,11.524388662061092,11.476751547164886,11.818898670167215,11.055543561447248
22673|United Kingdom,42.50684412646108,19.536762195670605,56.52495687459973,17.850401895504067
22674|United Kingdom,17.836724548447606,15.125024379196738,14.562292023777779,13.871555228747251
22675|United Kingdom,39.74376539802858,19.533235299939502,17.632079984525667,16.489600910021675
22676|United Kingdom,43.517817314269216,29.1399832042766,41.84263933181923,28.45620629270435
22677|United Kingdom,24.72488651667408,20.686176631352197,22.066996731908503,19.20588504477164
22678|United Kingdom,23.711498275579558,18.213362041915776,22.123432829043963,17.339067407425105
22679|United Kingdom,24.662916794274764,17.939312796055805,22.227355949490086,17.432058020929393
22680|United Kingdom,33.35026846189632,25.113744625227216,26.207674168043013,23.06532910226444
22681|United Kingdom,24.979749689957714,17.466998290296466,17.784235446187203,16.136037852141463
22682|United Kingdom,26.268842403563294,19.136950732081427,23.055817998561785,17.84515725449294
22683|United Kingdom,25.25514123144893,18.971750884526283,18.757677051458472,17.062971386612432
22684|United Kingdom,23.586731346273417,14.800154837962825,18.83552562253134,13.466759306682043
22685|United Kingdom,30.06960477128512,22.74677119002153,27.39629831085085,22.465294500738537
22686|United Kingdom,60.346469686524905,50.88195290727007,51.39572466264579,50.105275606668584
22687|United Kingdom,4.512141573975887,4.153080136855243,3.6560200427054332,3.4110190956998445
22688|United Kingdom,5.159800098855417,4.80382803417341,5.0742976217879425,4.571174022578418
22689|United Kingdom,32.18322392389653,25.252101925766873,25.232730177668902,24.016483607534383
22690|United Kingdom,125.44351520443128,129.1188666771355,131.6046985234594,122.4753133423943
22691|United Kingdom,4.204974823318544,3.7814690053769544,3.8723737214265808,3.3402944512545143
22692|United Kingdom,11.316555396288848,10.945293375449463,10.564894007591578,10.045861264098102
22693|United Kingdom,25864.528421998373,25518.852228490476,25522.0292110469,25448.60944392686
22694|United Kingdom,200.41216453636585,203.26609167687914,198.04798958678393,194.33744455469866
22695|United Kingdom,36.71331803864331,29.805170916262284,35.563641588476386,29.342886235455662
22696|United Kingdom,38.22456785053192,36.88434650229017,39.74921754117667,33.780928685094324
22697|EIRE,33.330327733218645,32.57956087006575,33.391744617380084,31.658380812017445
22697|United Kingdom,62.691818097259834,60.841784820627964,65.67798339909048,57.840066256366036
22698|United Kingdom,19.448456656979857,20.07539125964124,20.018594306263257,17.661299104846325
22699|EIRE,117.95493859336835,121.17725738818227,121.53422460717755,112.2537102359089
22699|United Kingdom,61.0403503778895,61.9182670877835,63.967167491504924,59.33594228069593
22701|United Kingdom,21.210761813419428,21.271899213710327,21.947677860760237,21.018813042266945
22702|United Kingdom,64.18377039286078,63.233381019720774,63.57655001078917,62.479165307322106
22703|United Kingdom,3.481455591861378,3.212216812148844,3.517488365124613,3.061623383416947
22704|Germany,37.20485682779201,37.476980854806136,37.70046762148772,34.495169005833866
22704|United Kingdom,19.678487536120628,17.050446687186803,17.843107233981538,16.341117569793273
22705|United Kingdom,17.12336550849327,16.57364427111092,16.505771124548474,15.308380082668034
22706|United Kingdom,21.431303293558322,19.496078877082958,21.85300050472279,18.732831115534072
22707|United Kingdom,72.20085584800115,33.61365030798447,37.341457616591065,33.2033222376389
22708|United Kingdom,48.59429456780452,44.7800879978911,50.034789050904365,43.18962790219936
22710|United Kingdom,24.98853572114423,25.35034241568658,25.77640249732222,24.713385343718063
22711|United Kingdom,31.15794402022084,19.233726996348608,19.204227778468915,18.512684178801557
22712|United Kingdom,14.433882681325137,14.891856834112389,13.625673798596894,12.902873777619464
22713|United Kingdom,43.68124002114096,44.170317703309,44.42410263064007,43.11760609107732
22714|United Kingdom,21.67772576900176,18.32581369681693,21.097124020061674,17.650560477206536
22716|Germany,7.549519161247582,8.362232561520434,7.885037736300082,7.341485930400733
22716|United Kingdom,15.76225055706478,13.266238128377722,13.968940606550072,12.831777974206215
22717|United Kingdom,27.59741698733265,12.967692205641024,13.131086619764819,12.755508931124004
22718|United Kingdom,44.3034348122382,33.21694387933565,36.24985733531643,32.96495602249016
22720|EIRE,20.109125013439115,20.522312045251287,34.75773641142988,16.096239030314134
22720|United Kingdom,254.860221634094,253.5886247420767,280.2202986131328,251.74370094619755
22721|United Kingdom,66.61635490198746,63.04223712727601,64.58044729003649,61.149174814222796
22722|United Kingdom,182.7857515657099,182.7006414267541,190.13439318838766,181.223330005001
22723|United Kingdom,75.81454121687102,71.15229621851263,73.74699901773388,68.72210757169408
22725|United Kingdom,82.47423234949937,76.03554538426378,84.89939666506012,65.7234656810813
22726|United Kingdom,387.65807831370654,226.89274709464596,243.51325956337917,198.75057134177803
22727|United Kingdom,369.8290520936053,401.0702642125249,351.11647936581403,301.46187199532517
22728|France,17.955363298423073,14.843255181272106,14.877669725085903,14.52074600383105
22728|United Kingdom,282.0154815575787,246.13382012751234,279.4110215296486,231.99052611364084
22729|United Kingdom,130.3253659367802,122.79612319172595,135.5845485907488,114.66454259632845
22730|United Kingdom,147.36516153835612,151.05028437932006,145.74586414869322,138.49530380642747
22731|United Kingdom,111.53378971297488,111.72617494443996,122.47699853400432,103.04092472850775
22732|United Kingdom,103.34624590048242,116.10426343002882,136.31562683911574,78.73990921355667
22733|United Kingdom,139.4279190819802,134.541976666964,142.58518329530366,126.6105165518935
22734|United Kingdom,1069.8889071281733,1061.2743864452516,1165.0143069418823,1044.5513733834352
22735|United Kingdom,22.523150786960393,20.830052116176006,17.679173972468096,17.341815427995087
22736|United Kingdom,69.50653140687194,65.74231283090117,73.1387814748505,62.84761315778345
22737|United Kingdom,156.96957673168777,152.10001748602048,166.79165318030263,137.6947133177236
22738|United Kingdom,350.48358431121073,350.0363944185899,354.1501453727222,301.81531278395505
22739|United Kingdom,126.74627919071548,122.68187199138174,164.10453355893785,107.13976215626319
22741|United Kingdom,578.4634230058923,413.5128014206918,417.6730573581852,369.8904648864895
22742|United Kingdom,17.971364390628608,14.21067260781228,13.982889662004352,13.505842389241073
22743|United Kingdom,29.556907549498096,26.979405861800352,27.65147622764816,25.51943982584526
22744|United Kingdom,26.950891737744165,28.81077666127933,27.85688461324945,26.045846204042967
22745|United Kingdom,302.4832285161534,295.1764072033063,290.49825552871636,283.2222780805845
22746|United Kingdom,126.38575289116888,87.8410265168434,117.74799932110227,78.54771378691163
22747|United Kingdom,42.206723209790084,37.6931354258528,50.93609097400062,29.657202339870896
22748|France,9.37325088197955,9.789944321227372,9.83949377982484,9.166811069184412
22748|United Kingdom,336.0909199580252,333.0401519750498,335.2499601219645,314.51102980638484
22749|United Kingdom,144.6230376632894,140.84121823446347,149.0961467916343,133.8999935005379
22750|United Kingdom,78.47307549098582,82.25905349871843,78.71327094127619,76.1079001589329
22751|United Kingdom,21.494900601638236,21.084830982238138,21.575070553071154,19.434456153443964
22752|United Kingdom,4.421925737227409,4.761095582056703,2.3894389464642196,2.193959071712124
22753|United Kingdom,0.6089097440090692,0.30804425758701254,0.295907013781056,0.27444635132867246
22754|United Kingdom,0.8030517971775171,0.7025478095082593,0.7275358242823045,0.6617448363033334
22755|United Kingdom,0.9990777274461098,0.8364537865923687,0.8551065093027237,0.7994770403546744
22756|United Kingdom,0.3765822225518035,0.09063697774483506,0.09589830395381553,0.08138244582150746
22757|United Kingdom,2.149187726121315,1.9086571862801536,1.9400328884540659,1.8899180613804765
22758|United Kingdom,1.4157360013897144,1.188009699955824,1.1858263384136178,1.1659688904420742
22759|United Kingdom,0.8964496384325114,0.6138102818757896,0.5769972382100437,0.5210871786303409
22761|United Kingdom,0.4110509795642229,0.4174709629437944,0.42083654355557765,0.38159884992324855
22762|United Kingdom,2.454721929790682,2.423290645418808,2.415978855590061,2.3507386476456236
22763|United Kingdom,3.02332001053186,3.454988741924131,17.500360958395916,1.4835004764339563
22766|United Kingdom,508.971405667897,523.76722817938,506.4606614636737,501.3912984185467
22767|United Kingdom,16.45594221849162,15.126076035042884,14.269033975599788,13.53799995758282
22768|United Kingdom,22.295843287096027,23.63147867905566,23.777183167837574,21.72291850801008
22770|United Kingdom,0.5396306470024914,0.36551352206094845,0.3405135667580699,0.31179238116550834
22771|United Kingdom,379.56803711959816,383.55142547713336,387.07300542777944,373.58324454936724
22772|United Kingdom,307.6992559610749,313.0764315485733,324.93139765395256,302.52076259994885
22773|United Kingdom,242.5054488509578,217.99852171914233,221.31194866256848,215.40885081511706
22774|United Kingdom,361.61949861797103,360.2783733466285,368.16872461776825,352.7834399421165
22775|United Kingdom,224.84848266548605,214.68086284648678,220.62849627074124,206.90086808742342
22776|United Kingdom,48.98505937454684,47.048226729332036,49.152332087731786,45.33475980100987
22779|United Kingdom,812.4449492281128,812.078400410325,815.7571743364128,810.5762456886919
22780|United Kingdom,878.4090260217833,863.4645362194774,849.94385379815,848.0095330157851
22781|United Kingdom,51.234513318238584,25.85725162474385,30.149896497473794,24.4399215173962
22782|United Kingdom,9.710509813807393,9.422765279169372,9.659134052180715,9.252696474842036
22784|United Kingdom,47.44521612618779,38.579337479998685,37.702930164316676,36.154990256366496
22785|United Kingdom,18.99051199482068,18.78141972309426,18.65380533091806,18.485066478394337
22786|United Kingdom,4.2014490199099805,4.08047287500435,4.125707093103028,3.9483687617548995
22789|United Kingdom,63.18243332390619,61.320776181175965,62.0572256144134,59.15431477367825
22791|United Kingdom,1310.5313174150606,1242.090734416426,1215.6843596008157,1205.071531135509
22792|United Kingdom,212.049058504938,221.5859815669749,234.04634231731325,204.66689303251394
22794|United Kingdom,3.983585961545046,3.876177909282402,4.037436538228764,3.6701942278958697
22795|United Kingdom,40.46479619949324,38.38837180626426,38.893587275547844,37.449449810229346
22796|United Kingdom,10.305011194863832,9.700202540469348,9.922221098413267,8.559858345513579
22797|United Kingdom,2.3262770773716177,2.2184963980727472,2.180818525681696,2.1108816663536336
22798|United Kingdom,110.0180511129119,118.50948995798201,109.3697859629735,105.59162141894207
22799|United Kingdom,12.261653554926536,3.149945407829696,2.969970894302767,2.859924754775525
22800|United Kingdom,88.76341415107531,89.90700692897332,87.34861309086867,85.68901785125838
22801|United Kingdom,38.55360965691934,39.01616834368198,38.186450367449865,37.31873454447825
22802|United Kingdom,1.0805180966829289,1.1189296287261528,1.103184323104043,1.0362547858413746
22804|United Kingdom,773.2051998175026,810.2604333410043,868.1089224414285,736.0013174484909
22805|United Kingdom,189.3559099110486,152.1413792605641,154.4262515478293,148.80517820614304
22806|United Kingdom,14.35132202010059,13.456298307049206,13.437079793312554,13.197770810209152
22807|United Kingdom,37.063644766928604,38.68997443570003,35.649254740989356,34.97028117049131
22808|United Kingdom,13.5563878325337,12.124153953564154,12.029486298260908,11.914353919958565
22809|United Kingdom,51.82403939580698,52.33047233124481,57.92374727894651,39.968956241258596
22810|United Kingdom,114.63992645652444,110.68216680393148,123.08091331099276,86.42569461651085
22811|United Kingdom,58.10116423958196,52.536516394491144,52.97368986438315,51.614962675977935
22812|United Kingdom,239.51279823604239,245.3780512612256,263.1859415947767,215.52111380405987
22813|United Kingdom,173.48555207116635,165.78970117228315,150.56174176622787,149.82972149370482
22814|United Kingdom,58.40194798793037,41.035252834919255,41.1901037235992,38.59667075662106
22815|United Kingdom,84.46525376769779,80.21495550582058,73.46778561311548,72.00510979017498
22816|United Kingdom,1012.444674908112,1023.6825781216778,877.6731436834485,831.0421501025619
22817|United Kingdom,99.30069910987095,86.8283576466808,86.11251277831799,81.78595746044132
22818|United Kingdom,450.3621428905914,455.7084533212541,532.7279000030727,442.4926651647786
22819|United Kingdom,84.28932478392655,71.47219212071118,76.56546409353892,68.88671653421729
22820|United Kingdom,57.73800155590933,50.016624774096925,49.70366437134576,48.413674226193805
22821|United Kingdom,64.44958112517902,57.57209990686894,58.579246738776,55.54504062405229
22822|United Kingdom,9.445179838100175,9.18126702628586,9.118097321952074,8.936029370695147
22831|United Kingdom,26.954949586912406,18.177153395146473,18.4271665858272,17.94120883285983
22832|United Kingdom,1.9220888977396027,1.8609207536705423,1.8931385476612965,1.7922479885812892
22834|United Kingdom,6543.461983405309,5685.424809898962,5458.919091820361,5163.6049544362395
22835|United Kingdom,273.78974562077883,290.21186174110625,272.1531295311203,267.84246877726815
22838|United Kingdom,15.584069295417729,5.307433384568842,6.175500392636893,4.269665570761827
22839|United Kingdom,11.65389400519179,4.001793642617647,3.5772921371052737,3.1505935540186387
22840|United Kingdom,94.31491912888053,89.0362675201716,31.347721527856322,28.70272131430896
22841|United Kingdom,19.12279474535857,17.04024302984952,8.50767997645104,7.6454962702562455
22842|United Kingdom,37.0894040437831,38.36520485292498,12.453077293809365,11.95833856503919
22843|United Kingdom,10.863963272593463,4.943655827634687,5.126455989391861,4.298017902931658
22844|United Kingdom,40.07085951253979,39.66619163392191,40.50181292924144,37.49595132958247
22845|United Kingdom,26.063660908082554,26.641171432140084,27.0559795911526,25.504823902767868
22846|United Kingdom,7.23674070427712,6.928704716292451,7.097409419667667,6.222071053742535
22847|United Kingdom,12.952386324465046,12.61236768764077,13.096637524016561,12.021403390777243
22851|United Kingdom,29.649576189334667,29.93035999766773,30.586815919552848,27.727049296546078
22852|United Kingdom,167.96947051868375,15.40264736375486,14.021727831286851,13.737635545851095
22853|United Kingdom,47.78625183567835,15.639590172418492,15.733592649118087,15.159057292671939
22863|United Kingdom,37.73408998397145,31.962480685819937,35.22863216909969,30.85713252182691
22865|United Kingdom,2831.9267418513173,3850.4351031477604,4338.914085477158,2598.1061294149526
22866|United Kingdom,4623.9987707103755,4183.589055037339,4597.292651153841,3841.7495304701174
22867|United Kingdom,5682.569481600713,5337.353069214769,6249.774304388087,5131.369650174237
22869|United Kingdom,1.834009840399941,1.7674200089973038,1.7782530596892845,1.729379095557213
22870|United Kingdom,1.8520217104581722,1.7284042844794705,1.7723253319656602,1.6567179993665406
22872|United Kingdom,1.6802296854484684,1.5856021164933924,1.645431208089932,1.5267312692391408
22875|United Kingdom,1.3463314860100573,1.3402244402211116,1.3540741934834637,1.3222662109352183
22881|United Kingdom,3.122594009893347,3.284202372256578,3.268842223759211,3.0503847407898306
22882|United Kingdom,3.145733453158267,2.89150731164384,3.1330890526311985,2.8268396589121774
22883|United Kingdom,3.1435779842409994,3.1404037487435463,3.253117467985257,3.107327415766583
22884|United Kingdom,2.859325255376021,2.829992347063487,2.962527641511173,2.780175097471856
22885|United Kingdom,3.2343364459970845,3.2050193889896157,3.347126895003025,3.166246567639021
22886|United Kingdom,2.8200914193099638,2.8325928128593283,2.961721094238969,2.694309360775472
22887|United Kingdom,2.9373747722107875,2.6828360452809608,2.927477637879228,2.6315169419234294
22889|United Kingdom,39.096241214279864,38.09359778086369,39.27605674095485,38.03591828912445
22890|United Kingdom,86.09289871750106,23.855175991359364,25.738750213020754,21.02552592805035
22891|United Kingdom,116.83472974692452,20.954457878619998,21.27739136444394,20.06076112564819
22893|United Kingdom,106.97271560514616,118.92655186104074,120.65642993081343,100.40158273667674
22894|United Kingdom,3.2753298353377267,3.2549651474405303,3.2681575585235354,3.0010105562188985
22895|France,6.863079055154587,7.245771485484365,7.038813127022314,6.712765823233834
22895|Germany,19.426072867520332,18.00878525364415,18.249225960693852,17.006080750918173
22895|United Kingdom,5.062296732564728,4.57816395154883,4.206362213021848,4.018389451216806
22896|United Kingdom,74.68621613741828,49.86738645123191,73.20212631193266,38.197419034029956
22897|United Kingdom,48.99366522808896,31.028879716942566,25.462646118077828,17.56474333083385
22898|United Kingdom,54.20837708837089,53.894075432141435,50.4680559228917,49.84117863648717
22899|United Kingdom,183.82146744236377,23.645001761109654,25.392110099829406,22.117969455760246
22900|United Kingdom,342.40244922403826,344.05145576987405,347.07397326354726,338.7036413376003
22902|United Kingdom,70.34309117388194,71.02240790398827,73.15093973528361,65.599126040246
22903|United Kingdom,111.51573858455873,12.274708541123202,12.552346402357712,12.11636345123757
22905|United Kingdom,16.368634795268143,11.200396596114409,12.313627365854128,10.712771255570594
22906|United Kingdom,421.06579234172017,402.91408888640007,360.71512761078475,350.4784866810825
22907|Germany,58.24670163606439,27.179266500901193,26.8534005667119,25.045572806952876
22907|United Kingdom,49.094504543890686,51.92144272746733,55.193335230028325,45.0922389969314
22908|Germany,77.73262436431547,30.01978899729622,29.542995628826944,28.529635443383103
22908|United Kingdom,222.80316666217448,66.35333179728474,57.67987279313245,54.330516780497966
22909|United Kingdom,187.94081380671744,184.19168034941652,198.51951374467072,163.73114229484327
22910|United Kingdom,389.49328756633463,397.3421089821594,450.31224876989313,381.27004376139246
22911|United Kingdom,33.30540736972411,32.37057215455874,32.06316461719769,29.861179007021228
22912|United Kingdom,8.41427694926503,8.383151534871391,8.334208323997544,8.27600094887622
22913|United Kingdom,10.40812086456071,10.460497954922962,10.290362806202932,10.225780570239726
22914|United Kingdom,13.612809730958526,13.309663834854055,12.966100911114099,12.777027461147059
22915|United Kingdom,255.04653779340123,226.38353359467598,226.21251434228785,221.4495930429839
22916|United Kingdom,126.71761386064331,131.54145422461016,137.98221739564255,123.92446113063278
22917|United Kingdom,128.73152204090644,132.1644719032018,139.62783298618214,126.20777916260045
22918|United Kingdom,134.24194821278456,138.25693642264008,143.53294284043895,131.0294984537034
22919|United Kingdom,74.60447064538292,77.25290907536919,80.75304940241617,69.34070625611213
22920|United Kingdom,4266.045025763192,4258.952192578752,4273.890197503762,4240.97228033369
22921|United Kingdom,142.24121166036537,146.3100175444105,153.11146086698122,139.62937169290512
22922|United Kingdom,369.20244302273017,364.6446982652175,364.9259512323575,361.9420613751129
22923|United Kingdom,340.119881285206,261.0227453847839,259.3692612761702,257.3228034827858
22924|United Kingdom,257.61316321699854,251.91587559770363,251.3153461395251,248.83358101223607
22925|United Kingdom,8.855209362016984,8.121626895878796,7.761073019927577,7.609617477928515
22927|United Kingdom,29.951176008858987,23.434338298484874,22.99094546600633,21.38817846896216
22928|United Kingdom,1.357017616820976,1.337955701038579,1.3705151795732162,1.2708271169806848
22930|United Kingdom,1160.233335139777,1157.7944796064428,1156.443096900821,1155.0153329856112
22931|United Kingdom,975.6056752678659,971.6610134084842,966.7961640763118,965.9814050592737
22932|United Kingdom,1059.1493185903153,1061.1502980825353,1063.2440894155527,1054.9743580800898
22933|United Kingdom,415.43894285359124,419.0744415322825,422.229052613546,412.1381824474314
22935|United Kingdom,971.2127906800308,969.1421162610051,967.4814649424317,967.1355543299
22936|United Kingdom,10.09054120517866,8.393596411674476,8.308524303995704,8.229944565377798
22937|United Kingdom,294.83143894264265,292.5374193702399,292.2577661024433,291.0587637064543
22938|United Kingdom,112.38878276315333,95.96226601491753,97.49419167365815,88.83712434727828
22939|United Kingdom,4.522090806183334,4.601372711262333,3.2505722776867523,2.7492028745411323
22940|United Kingdom,166.2856319384473,155.36804653404067,171.88881364286303,146.02971788552898
22941|United Kingdom,337.6163592763365,328.9439830064314,320.26037731808447,319.6650503037447
22942|United Kingdom,127.98291286220261,126.09510695651046,131.56702793828825,122.63100602891569
22943|United Kingdom,884.6168048391864,843.7719322031732,988.310468025286,771.9157775256631
22944|United Kingdom,349.145970135595,342.41299468898814,349.3454937320514,328.5470195867885
22945|United Kingdom,794.2321160329923,787.7839418967941,819.6840381561268,752.7516978393148
22946|United Kingdom,71.24963144741659,12.0462043559497,10.327356648379963,10.074932721138277
22947|United Kingdom,16.021661412838373,9.658822796355205,9.615080824074374,8.845546330215903
22948|United Kingdom,71.5783490291313,62.195358605759516,60.92341822114171,55.18807992725494
22949|United Kingdom,14.559113548166133,13.1234087692325,13.964654811206275,12.455187227540465
22951|United Kingdom,127.01453952483196,114.56803021709935,126.30531826928683,107.6575849226436
22952|United Kingdom,976.0433250749933,981.463543870726,962.5880579586818,851.9464385066907
22953|United Kingdom,295.9535976886115,295.5127135190652,294.4220753338146,293.86704919359215
22955|United Kingdom,85.60277047556613,87.34221898945685,86.87137636660336,83.66204476355342
22956|United Kingdom,209.66702174520574,106.1152511730353,105.42046009150792,101.9866767477791
22959|United Kingdom,770.7485242115268,1105.7694173257955,1373.839030127028,720.6787083048545
22960|EIRE,247.81553979279334,245.27285816817127,249.53825506255313,238.81244829677968
22960|United Kingdom,628.5580493374533,615.9083822204207,578.158155440758,573.7879539910122
22961|Germany,131.9519179972948,131.0626242364764,132.37711296492387,129.20228734383875
22961|United Kingdom,1783.9828670227532,1817.4126386301568,1818.9271031733015,1726.5461143696707
22962|Germany,157.32927753802548,144.9293837315176,144.77582552113793,143.83150581187599
22962|United Kingdom,504.91415845925764,452.4918905131079,449.24319123905013,447.6971026543505
22963|United Kingdom,282.5432678707445,263.25711611442074,265.1756260153301,255.75335261964872
22964|United Kingdom,210.06531554921148,204.6401922239313,195.25005047801196,189.7705925675097
22965|United Kingdom,206.07666463643562,204.62606512706753,205.67661361023931,203.58616917568062
22966|United Kingdom,717.8696662787938,737.6368554987673,690.705444870073,678.2183684965913
22967|United Kingdom,74.3302808902705,67.4395800770832,67.27145879255846,66.07484934998352
22968|United Kingdom,35.38187849193488,30.27129348096217,35.301428732167956,27.870899098604674
22969|United Kingdom,3926.6617470089673,3966.100535244045,3848.561416412394,3847.0868960937664
22970|United Kingdom,1705.4722833471849,1699.0791624325782,1699.9965508436583,1692.7526116016209
22971|United Kingdom,154.3722874192619,159.87156444195116,162.42561518099544,150.32414607662045
22972|United Kingdom,86.22974221294763,77.19491153886872,83.08834956615169,71.28869171476624
22973|United Kingdom,140.76981857462255,50.243093904062746,108.19564205429523,45.50557321579664
22974|United Kingdom,79.04836079772939,69.25145712340988,77.26942003286489,56.958994966707095
22975|United Kingdom,57.00782985808517,47.94167205058618,48.07540441987473,47.16791447375936
22976|United Kingdom,563.9200535514292,125.92519480232758,124.23221550938555,123.33400235634524
22977|United Kingdom,73.95991923855097,69.47957217955428,69.02306226958609,64.55151289589776
22978|United Kingdom,510.9639750617628,512.4928429789553,524.7630138292807,496.8494123381366
22979|United Kingdom,449.1482078505913,439.0948232067876,501.61181206658193,421.3001006444816
22980|United Kingdom,252.76411744924295,260.8077092845039,273.08881244037474,230.68730569590176
22981|United Kingdom,24.379894387807926,7.48366550827349,7.38802721505781,7.181430969299036
22982|United Kingdom,144.3175519087052,129.9964024688883,129.4567380077202,126.52215911190926
22983|United Kingdom,216.25399179424178,206.61581765750145,215.72494413733472,186.22885326248763
22984|United Kingdom,60.37461131433156,42.12498948615965,42.43410710155676,40.46650189708726
22985|United Kingdom,146.62207179600097,113.85147014518235,119.27561360744306,102.4778839076584
22986|United Kingdom,136.29047907444263,115.29332859627728,116.75454737084254,113.61949785578628
22988|United Kingdom,2724.9995316568707,1387.5613424578537,1393.7123472372266,1365.234322461654
22989|United Kingdom,568.3704573900742,580.1371757619946,587.7385144581605,563.6472856361509
22990|United Kingdom,7.225157668141281,7.206712104767431,7.010679073952526,6.777170534118923
22991|United Kingdom,2318.090710016218,2326.1550597279656,2329.2221841438654,2299.2888477023266
22992|United Kingdom,2048.52833574198,1965.93571752181,1978.6718396625474,1953.5851211264908
22993|United Kingdom,1461.4701913261435,1521.8061780480496,1584.2243011169355,1367.0285925131668
22994|United Kingdom,330.0360820412529,347.6028880160511,344.333829914736,327.0548951961455
22995|United Kingdom,447.75683012903227,447.4263551711487,443.15456113522896,438.88403414083103
22996|United Kingdom,1727.364817486443,1638.484355376693,1704.0032849326092,1635.5440167073948
22997|United Kingdom,278.6405698317346,223.4588549425326,230.94005719514257,217.94613484116485
22998|United Kingdom,4074.7564806298574,4017.0248425994955,4333.7797116373295,3920.567729447059
22999|United Kingdom,1239.9514670844712,1290.3940221019054,1306.0065125524827,1226.8241146115129
23000|United Kingdom,291.8448361753744,252.61245204835555,258.15878591412195,248.44657422832822
23002|United Kingdom,261.4434667753505,259.91483773934084,259.16757304260676,254.70137423701325
23004|United Kingdom,234.88233579549293,206.882197149023,212.1962263190825,205.95981291296815
23005|United Kingdom,2045.502391729645,1993.634420978028,2060.3494477764925,1965.9399951416892
23006|United Kingdom,189.84316659051504,182.14451624535067,184.83497253351345,181.7128575128206
23007|United Kingdom,2.4759597415016645,2.2389011177657556,2.335568373901192,2.177743597055783
23008|United Kingdom,2.949565816408491,2.9974110427339817,3.1386726284807636,2.8398877153867508
23009|United Kingdom,4.260145106967515,4.174409406494847,4.167489607586084,4.141178195584329
23010|United Kingdom,1.371247090672121,1.3732993126952553,1.4048314368870862,1.298778073031744
23048|United Kingdom,4.875841215842787,4.436009403617842,4.434475514181975,4.317585717430133
23049|United Kingdom,8.68340370460681,7.73620675171095,7.976367595760668,7.1794016230293805
23050|United Kingdom,7.308274625404084,6.2014052665153665,6.552026091754423,5.772044352503766
23051|United Kingdom,8.479568986389696,7.853022957758708,8.052113210671829,7.416102943470137
23052|United Kingdom,8.031089687253044,8.344187088222691,8.886336604986443,7.426531450574333
23053|United Kingdom,2.681168170491473,2.5213753276458797,2.6680731202646446,2.255664355034617
23054|United Kingdom,3.6434381622284184,3.200018676925653,3.202897367501745,3.038093997714762
23061|United Kingdom,79.94025294295015,73.46102232398661,78.68591009277122,72.80648262041858
23067|United Kingdom,8.973779200329346,6.106051232260887,5.856976026442845,5.830087410310302
23068|United Kingdom,64.71835959438437,62.934334730962476,64.09197484193591,61.71532287777284
23073|United Kingdom,1.8642139529294064,1.84131361135472,1.7773790107286882,1.7736407848636424
23075|United Kingdom,30.7544036346776,25.48060391752436,25.360637411693432,25.21262514752955
23076|United Kingdom,699.7365563530267,702.396591213793,784.9344885722708,665.0249225565333
23077|United Kingdom,1421.3626303091378,1342.5363959437586,1407.7507685224825,1335.570708538515
23078|United Kingdom,1764.3392456041001,1447.0821422780718,1346.463992434452,1311.8235349548333
23126|United Kingdom,17.55000736227269,16.231619563198866,17.49936452010816,15.291467723610447
23127|United Kingdom,15.497468362273075,15.228158296976202,16.476494831009834,14.609777618705627
23128|United Kingdom,9.38394232441684,8.843546464957585,8.792165336517057,8.38835061459366
23131|United Kingdom,46.74584095082373,45.97594554685692,46.16863677676176,45.78432239077909
23132|United Kingdom,41.68410575012153,42.22787226237284,43.09948804413405,40.183364341749005
23133|United Kingdom,39.95680216120229,12.077876006775755,12.157131774636628,11.801677958477391
23135|United Kingdom,2398.4579262209663,2410.7340567510846,2399.5627037482946,2394.7034043441554
23136|United Kingdom,9.332644780810016,8.927598591344259,9.125502320008456,8.742718457707493
23138|United Kingdom,678.133090296933,664.0427059559852,676.7021657818908,658.8546088435337
23144|United Kingdom,1525.9783145941294,1506.4417943133517,1550.2925380561944,1462.508729130867
23145|United Kingdom,126.34377216655247,110.18241444621769,119.64471541124054,107.6842538714943
23146|United Kingdom,17.2909294615631,16.82730381707149,16.552690831864908,16.245575763809118
23147|United Kingdom,132.3752205375262,99.30590826374569,119.40990632275336,95.6910860861511
23148|United Kingdom,182.37891072135784,160.31858466310064,184.55353978361455,155.0329540015053
23150|United Kingdom,1.7430108476503081,1.6855770248528685,1.6409020530864389,1.627596720939306
23152|United Kingdom,13.892193220135033,12.8401985675458,13.790167344275144,12.464304050429277
23153|United Kingdom,15.33020305066197,15.085359321042327,14.800137968524885,14.756680808178974
23154|United Kingdom,94.3299066119301,78.52980748777478,87.32883480501216,75.1187971078572
23155|United Kingdom,314.30067597100845,309.32060559253233,324.2930047789976,302.1848911374525
23156|United Kingdom,103.65914636452018,84.7795341691753,77.70209672699482,75.6361783953651
23158|United Kingdom,221.78393270508496,210.93372450515827,216.74440694432536,206.77877903810327
23159|United Kingdom,231.52043235911074,173.45647999270778,176.46391384774924,171.42966450795078
23162|United Kingdom,60.09518274444147,54.52611405419961,56.90801124726659,54.01811266542515
23163|United Kingdom,567.9598734316281,145.25917762755657,146.27486218996984,138.4886317598125
23166|United Kingdom,409889.1162420309,0.028825851222576016,1673762.0305823933,0.024903547260245937
23176|United Kingdom,34.46291802014084,28.216715504883236,28.74873115654543,25.040997909632207
23177|United Kingdom,47.57730301921791,45.01879055911567,48.510482397485674,43.48477001137355
23178|United Kingdom,7.164187290630626,3.511232878254726,3.5074609731953075,3.411277108547925
23179|United Kingdom,16.179390853367213,7.642328466574611,7.8251183131566115,7.388144522965276
23180|United Kingdom,0.9175381060533678,1.0116238783539226,0.985851062850655,0.8759917959627342
23181|United Kingdom,3.986161896603801,2.923489308322634,2.9162806087777438,2.764255709318257
23182|United Kingdom,756.2631133970903,733.9102295569519,738.022653051863,730.6703377956425
23183|United Kingdom,2.0413500427527924,2.000562806374725,1.9364598917471725,1.9056229638071
23184|United Kingdom,20.099906801819607,19.853623095116987,20.110767354948074,19.186386587431564
23193|United Kingdom,84.68390982983068,67.48647422533276,53.671059992620194,51.52775570530084
23194|United Kingdom,94.45466721102645,96.82379953674,97.81171652324126,91.35127719562853
23199|United Kingdom,3318.4674156947854,3287.030802841219,3318.952475923544,3247.8145256718954
23201|United Kingdom,2036.816215153993,2021.4773103453974,2001.7223074164501,1991.501503635815
23204|United Kingdom,2813.7544609457914,1222.6170473848645,1173.0449815324698,1134.0339987694222
23205|United Kingdom,759.6047625453402,777.5746456170971,775.1970539928391,744.5230824048507
23206|United Kingdom,3879.3093488812387,3842.9396144366897,3883.4950820684285,3814.373434054215
23207|United Kingdom,4651.523829209877,3435.4722660581474,3439.6609118387128,3387.102252077473
23208|United Kingdom,1362.3028441153672,1297.482662863977,1309.7765100975178,1265.4122193256608
23230|United Kingdom,818.5802942548008,928.484972249149,940.7181742969634,762.7587930540082
23231|United Kingdom,538.083347260566,583.0715600853815,588.7531024716268,516.8087708549723
23232|United Kingdom,582.6778916827833,553.6141495425971,558.3752197811921,544.8287228784021
23253|United Kingdom,3.8739547302120507,3.3724244107990997,3.5279847368166632,3.243581317065718
23254|United Kingdom,15.860936792848227,14.318122931258923,14.845808022252958,13.58055311101698
23255|United Kingdom,9.252295255857355,4.876167202712732,4.881966782162733,4.610385032339093
23256|United Kingdom,58.54708306249934,62.18015845161874,59.957814962187356,57.77004450392656
23283|United Kingdom,15.84683454668858,15.574306646769656,15.292339669319052,15.051608721347584
23284|United Kingdom,1427.7968796955147,1499.8437419105978,1601.0065453338623,1375.3266470455562
35001G|United Kingdom,81.9214959407062,24.599743364064626,25.101126091724332,24.059938044274418
35004B|United Kingdom,16.290826044438344,16.33032521298692,16.28294319297027,15.758171432337
35004G|United Kingdom,9.679306022280981,2.495274074877909,2.117480739295949,2.0660130970033252
35095A|United Kingdom,127.04094740243153,126.48397957128151,129.59078234587986,125.93984018196758
35095B|United Kingdom,87.20291363626113,86.8173633288705,88.57069159237871,85.88746559312548
35471D|United Kingdom,56.12721748246278,50.53413742083871,50.8241187183806,48.01611771517523
35598B|United Kingdom,19.034008014487668,18.866739392221504,19.359702609898473,18.697902326734344
35598D|United Kingdom,252.52375326081204,251.7933070612295,251.4719935594447,251.11700957849578
35599B|United Kingdom,1.2399854276360698,0.7616814007811543,0.6899655465300696,0.49631920239559985
35599D|United Kingdom,2.721388302622756,2.4942959945931586,2.7061786897141773,2.4066575510431516
35646|United Kingdom,19.88661442589067,19.529847503758,20.286939789256557,18.530458904287666
35648|United Kingdom,52.57708145190993,50.932876126030706,51.78504667506129,47.58421671479342
35649|United Kingdom,0.1500460231054626,0.23772189465390753,0.06679020875993802,0.050608499212596414
35810B|United Kingdom,2.4433938812697424,2.4483938162605745,2.4475170925174212,2.366451440006427
35923|United Kingdom,348.8199897685413,348.60821425505793,349.4300352749914,346.70678605381073
35924|United Kingdom,496.5877362143283,55.90392174055288,56.208673675802046,55.19459968992573
35953|United Kingdom,33.82070322969206,33.82785859240898,33.849560169752806,33.130362640913646
35961|United Kingdom,3.5496577166675056,2.9718267277136743,2.906709957828035,2.645182375640889
35964|United Kingdom,39.622323709112955,38.30951811588257,40.636260867457544,36.916016750016034
35967|United Kingdom,17.250932361113662,16.895868216259615,16.900475574341545,16.46827098295738
35970|United Kingdom,54.52961103928266,23.853528639752074,23.800684869087128,21.56858131291078
35971|United Kingdom,7.484084403197676,7.548145144079677,7.7552113252976085,7.414610730932689
37340|United Kingdom,73.92618817942922,15.248170767781183,931.8604284124916,14.69947589169848
37413|United Kingdom,7775.9902235834625,57.34723911968384,45955.207654636724,53.29361473320332
37446|United Kingdom,7.675774548116026,4.974953593522304,4.162686896225967,3.955077112915811
37447|United Kingdom,21.456768414644138,4.1377940062484315,4.268416160077976,3.8817670135553084
37448|United Kingdom,1.8974891634606428,1.1122365649830261,1.0826856009254722,1.0053744156668998
37449|United Kingdom,5.593718838295608,5.383414494128711,5.440959733827274,5.22278104075139
37450|United Kingdom,7.806993229893757,3.0784412217119925,2.9678278454461844,2.7744703115292326
37462E|United Kingdom,0.7382450131356623,0.7266288220112194,0.7062313532639646,0.6627695609004727
37475|United Kingdom,1.3153088206688621,0.5275110359733307,0.4944224219859771,0.4644923054560331
37495|United Kingdom,2.4554542512349538,2.1391384669450226,2.1244653923220125,1.980219711153187
37500|United Kingdom,2.7113777103061594,2.548261287147757,2.490997512502668,2.3330444919207074
44234|United Kingdom,5721.278002247659,304.90513876944954,305.0195503071501,304.8411540304673
46000M|United Kingdom,6.080093919794834,6.046859996873391,5.9433444141059955,5.763317258994864
46000R|United Kingdom,1.9651397777186217,1.9776553285730532,1.9525815077723552,1.9332180169240027
46000S|United Kingdom,12.832771198771383,11.282272283738527,11.141362793422804,10.860373751419335
46000U|United Kingdom,2.5963020017622687,2.6008482349460444,2.5923449376603585,2.481455926355697
46118|United Kingdom,3.7496194731868706,3.8255543184800667,3.9792658703388093,3.727418681121206
46775D|United Kingdom,0.414525217680625,0.4092226209828121,0.4272427471603173,0.3861834457102977
46776A|United Kingdom,0.5171046621980178,0.4904399167693042,0.517597957094356,0.42689219021705976
46776B|United Kingdom,0.899118563370312,0.8986085115963921,0.8194596501862881,0.740580727056105
46776C|United Kingdom,0.6216256229006102,0.602195657327916,0.6245528058669888,0.5505394796319092
46776D|United Kingdom,0.6442896131526038,0.6230199682944012,0.6459277742222028,0.613933262669739
46776E|United Kingdom,0.25548408601920314,0.2528774575384662,0.27263716874049354,0.24554304558894502
46776F|United Kingdom,1.0866049966598426,1.0447954692589971,1.060788395956305,0.9357043186163513
47310M|United Kingdom,15.000525198175934,15.047703634769688,15.042268803365321,14.824052390298533
47420|United Kingdom,23.36710699189746,23.315053316364047,23.478420198167523,23.07325607165122
47421|United Kingdom,131.32515147824208,55.15777094796379,60.884269358624856,54.07860677526767
47422|United Kingdom,8.251163097550302,8.217146403914999,9.370428283328474,7.6560777277360295
47469|United Kingdom,98.83021779732573,98.98268732437833,99.17882492698942,98.27146754971712
47471|United Kingdom,77.24892153139876,77.90626561240543,76.39859748057171,76.26294869054568
47480|United Kingdom,67.4604552331254,67.46852231787346,68.54233814040504,66.24169514185299
47481|United Kingdom,83.23609599617,82.19564052312427,84.57558044407479,81.57912502366625
47503A|United Kingdom,2.068805160489266,2.1012602095139354,2.1175602813890126,1.845914201326523
47503H|United Kingdom,9.709454660574968,9.52079143547437,9.923283761737986,9.3742510270374
47504H|United Kingdom,17.21241895221092,16.852331646309235,17.115296722432888,16.12510891816046
47559B|United Kingdom,19.964569421041,3.9894720724521213,4.050417328805365,3.722047485002868
47559b|United Kingdom,12.934725997914283,6.326953478609964,6.02249242306974,5.473110062985763
47563A|United Kingdom,5.19768703942543,5.0693821519641125,5.139160506387901,4.8988175933099845
47566B|United Kingdom,7.866771395596617,4.299709250216438,4.1113993653957515,3.842634609698629
47566|France,4.038720838293011,4.025062774838709,4.023080029533758,3.937069521649108
47566|United Kingdom,13.125537073821057,6.342342893684884,5.9860591047845695,5.634056668315869
47567B|United Kingdom,14.137067568653222,14.158066730527255,13.453495197261697,12.520950886540003
47578A|United Kingdom,3.321000740031332,3.3202573613409903,3.304438425900452,3.18175433238509
47580|United Kingdom,1.9176128827054575,2.4495044185543247,2.009973076559139,1.7654644354020452
47585A|United Kingdom,1.0091540419112637,0.9951653700792408,1.1312480215219023,0.9806004394861136
47590A|United Kingdom,5.506461014481674,5.30538040874968,5.481936539864833,5.092207451792114
47590B|United Kingdom,3.9182446262669552,3.7388520710400743,3.7551667867138168,3.683019748513376
47591B|United Kingdom,6.721834854714321,5.786146239446448,5.946157654480144,5.635178297978109
47591D|United Kingdom,2.4612877985928523,2.312029042117271,2.4007510931139198,2.16316674708422
47591d|United Kingdom,24.160359431948986,20.786102366262153,21.21543054717853,18.654013682565946
47593B|United Kingdom,81.02940789158143,79.36506031658807,79.73074541963456,77.99108762638164
47599A|United Kingdom,15.539798961017684,8.388387544584528,8.445817910837707,8.148925385434701
47599B|United Kingdom,39.16932741700602,15.349261984155119,15.623855921141987,14.980480055453452
48111|United Kingdom,0.3869976633612198,0.3962322541825293,0.37361948073487017,0.35867231753336615
48116|United Kingdom,37.51180737043616,21.601252265304048,21.60337575797297,21.214725931048353
48129|EIRE,2.489830036278267,2.4851255787954485,2.3568842018692795,2.3025710429479833
48129|United Kingdom,1.2926417967258437,0.9597087401936604,0.8348187650761516,0.6977682205570184
48138|United Kingdom,4.3452915079245225,4.24370722837506,4.240541464698519,3.967807346682071
48173C|United Kingdom,66.33777758538743,66.02605545052309,66.51850118946545,64.26352528270051
48184|EIRE,42.6450304381073,41.76968932409466,41.25599221176415,39.70406480264321
48184|United Kingdom,8.763134236375848,2.634459737159633,2.3817429626877664,2.2253135835185702
48185|United Kingdom,33.77528917259452,34.01138285976117,34.19411041579115,33.14279643140728
48187|EIRE,1.839626199521471,1.3512454554791504,1.2448612445247647,1.1203587956526204
48187|United Kingdom,26.736519674646658,24.384420986832826,24.70376808920219,23.837045320184576
48188|United Kingdom,44.2059176175983,44.23815330958078,44.26738789255131,43.10433669872358
48194|United Kingdom,16.703791189219785,16.36322985481182,16.745899338443476,16.063660199847394
51014A|United Kingdom,10.081069297867096,8.799070670076665,8.74593935146947,8.41838791814405
51014C|United Kingdom,17.373738361024845,10.077771573267958,9.81752173991777,9.692171132049115
51014L|United Kingdom,10.997169433043846,9.227545346287146,9.315895346536486,8.692766289260033
62018|United Kingdom,51.39351757102405,52.65345585200592,51.33484506249364,51.06300555894821
70006|United Kingdom,27.68670474724614,27.41183371399251,28.668503723603244,27.325830741188323
70007|United Kingdom,159.58056945716885,164.17880733000982,163.45498811199377,157.64836068472664
71038|United Kingdom,108.71476209662495,81.10428347762209,81.24437277930635,80.21348859346571
71053|United Kingdom,4.755830401165607,4.724821281241303,4.768172539072853,4.628562657451595
71270|United Kingdom,6.6183544390169615,6.4096154079156245,6.753578522797174,6.262945380845981
71406C|United Kingdom,12.486340025230975,4.786370362455677,4.573550404207335,4.507908140520207
71459|United Kingdom,2.556427633195945,2.091379973942407,2.036736440479097,1.9643530631632165
71477|United Kingdom,90.54197255015683,65.24939931351432,71.46727791474135,62.976386306326425
72122|United Kingdom,12.061448772097878,11.998273964745533,12.20002588101561,11.717415719321682
72128|United Kingdom,7.649665612346128,8.559560768908852,9.749974438871938,7.4139794080331605
72130|United Kingdom,19.69725946633747,19.722888431313315,20.180454352249235,19.546377487427698
72133|United Kingdom,0.8143720722982817,0.8237223527619945,0.8202998594854486,0.7985730991222939
72134|United Kingdom,9.393667908843323,9.318765785341316,9.326585271613673,9.138677303791965
72225C|United Kingdom,4.325412144670456,4.367002955803267,4.318841627200434,4.13160214118125
72232|United Kingdom,118.25039900010523,115.89547047404375,116.29960094377799,113.95231621498199
72349B|United Kingdom,12.183100238636921,11.999692429332178,11.840720660301914,11.585342823042646
72349b|United Kingdom,2.991503003032026,2.9720249378791928,2.9028451008754352,2.6307905661584896
72351A|United Kingdom,7.610924787842148,7.617869148117285,7.6712279982025,7.330629254807808
72351B|United Kingdom,10.604265733474179,7.884551236103554,7.994474890847207,7.715339863347012
72586|United Kingdom,11.056623353335734,5.44314481461814,14.570348303166472,4.051852565433112
72598|United Kingdom,8.758791412565438,3.5564534086405732,3.4375973433127807,3.1114261426891527
72741|United Kingdom,2.7477549505956875,2.105418611914699,2.22061509825404,1.980656668496229
72760B|United Kingdom,6.998263414213187,7.067712979686803,6.95094039562859,6.8268106697389275
72780|United Kingdom,12.229774686116354,5.804444051954217,5.747205153717702,5.370615987561823
72799C|United Kingdom,2.262057702402014,2.2487530788073276,2.273119603548257,2.2325760283746074
72799E|United Kingdom,7.094817603485676,7.187412284617253,6.625640617572201,6.426511292518967
72800B|United Kingdom,3.8538056778536407,3.811809429669262,3.7415068390222594,3.5940222639017105
72800C|United Kingdom,6.310623610271532,6.391353047309442,6.191743881748331,6.0485920928141805
72800D|United Kingdom,4.673500396675632,5.0260291374881385,4.276734500279153,4.150608882418471
72800E|United Kingdom,14.981025644410819,14.6180600944653,15.207438974688232,14.293182302808724
72801C|United Kingdom,5.010499706521035,5.0351314381621926,5.188031519808997,4.916678229763408
72801D|United Kingdom,0.9615424319545883,1.0181105476596983,1.3028477604168454,0.8617429195963947
72801c|United Kingdom,0.31842599451944376,0.3055181120977835,0.29235972939168,0.2699549937211647
72801d|United Kingdom,0.6056540987888094,0.5491780085464288,0.5529693947246358,0.5148354616913754
72802A|United Kingdom,19.97735080466187,8.617323831508704,8.779465795680744,8.156621189329668
72812|United Kingdom,0.48263003867269166,0.4788619042352805,0.479176762447457,0.45906218264706516
72817|United Kingdom,46.102245438862354,36.79911476218407,55.59570865224406,35.735728189482735
72819|United Kingdom,1.9227127562672228,2.424297781115808,1.7632578759223763,1.580311216119794
75049L|United Kingdom,23.421096828200216,11.888631412500217,12.557885934481595,11.171610373133223
75178|United Kingdom,164.80058494697525,164.7185359618515,165.18755640333393,164.0172777176689
79051A|United Kingdom,89.62532949029267,87.63724819728915,89.98065284694206,83.76937538880763
79066K|United Kingdom,12.929928173407028,12.798276070620428,12.91405727056396,12.093405208634364
79144B|United Kingdom,8.543480451923086,8.515154749607754,8.630187016272739,8.400087484540988
79144C|United Kingdom,3.5708190122039634,3.570929859752468,3.6531253000072073,3.482224040180361
79160|United Kingdom,118.9775065015405,83.84107291126048,88.43495168474203,81.6710115824463
79190A|United Kingdom,53.43002904722587,12.36387408613583,12.297478367127486,11.784363003378425
79190B|United Kingdom,116.28333088443239,112.34686945045033,112.91164566350106,111.84033594576647
79190D|United Kingdom,31.193303021158915,12.15991653383722,12.161681811286437,11.627952238538619
79191B|United Kingdom,1.1813878619270999,1.1942098416127516,1.1945103397448125,1.1401765265445816
79191C|United Kingdom,157.78610521988142,157.95780193910866,159.04372845238746,156.318320076109
79191D|United Kingdom,0.32133994867698723,0.3151362602590476,0.37577382024470124,0.2866737587967726
79302M|United Kingdom,37.29505117249618,37.20230871003493,37.60727639596929,36.907227287160694
79321|United Kingdom,54.943659321415865,57.762799073714795,57.82711517922303,51.366033292994175
79403|United Kingdom,3.4745749481746415,3.4933206346686103,3.524799674558188,3.341362957601085
82001S|United Kingdom,23.614888549790752,17.959202279861678,17.769154863810673,16.943101576425914
82482|United Kingdom,3.265314054442185,3.074126679336026,3.1782615739321916,2.910245226650405
82483|United Kingdom,5.698875189974906,5.594617321935074,5.601455415290527,5.230680711140303
82484|United Kingdom,332.1897838874874,332.55257400584645,338.12383278687605,329.56022772304135
82486|United Kingdom,2.6963772222314875,2.4980314635060106,2.370114763247518,2.1834077674126573
82494L|United Kingdom,1.8931575143888406,1.8758417975137671,1.8343651992009526,1.7496787363494775
82494l|United Kingdom,56.53270068395989,31.61983356135683,32.85037653974844,27.213959855740192
82551|United Kingdom,10.186203505819641,9.916111991404868,9.719041470247923,9.495159928566984
82552|United Kingdom,9.301784483484353,8.544299307359935,8.760584731795031,8.147937871398604
82567|United Kingdom,10.117638588028031,6.926647115993961,7.249651945257897,6.751789388204501
82578|United Kingdom,3.2041852745865995,3.052965306087684,3.1336006576698257,2.9766368893925885
82580|United Kingdom,13.315960353688688,4.135276269660399,4.44349414859985,3.7557804874969998
82581|United Kingdom,7.537437658188875,7.448088573155098,7.478354778692076,7.1872981799039195
82582|United Kingdom,10.806549013505009,10.627825434625656,11.121587405217563,10.250705618197136
82583|United Kingdom,14.57368309184931,5.7428875985912,5.79863973730525,5.191511354264076
82600|United Kingdom,4.333204934789073,3.621857291813693,3.590925681559744,3.3368842874178686
82613B|United Kingdom,23.320117667128997,24.133294598316798,24.231703889790126,22.726857517280862
82613C|United Kingdom,29.97896301400271,29.330104968142603,30.911948667006698,28.932493597726925
82613D|United Kingdom,35.03783686360415,34.61188149329332,36.0311708724518,34.34804980896554
82616B|United Kingdom,16.723537139069084,16.30102600699889,16.18368484451591,15.628978020340039
82616C|United Kingdom,15.856209152091115,16.230911006812274,15.926922789059278,15.712678016039453
84006|United Kingdom,22.198567933209986,20.173445954220494,20.245581796174996,19.444012188358627
84012|United Kingdom,23.16111716955824,22.999679547644007,23.65264623598653,22.20839189368899
84029E|United Kingdom,79.5839491148485,69.84218289111726,87.91760850591926,66.15653142434658
84029G|United Kingdom,67.59486895569165,35.202740884274654,89.10861400189673,31.00795424545681
84030E|United Kingdom,95.03835402919582,92.11031244247539,99.35773055646489,88.20145690074298
84030e|United Kingdom,4.938722574027043,2.1168309264929666,2.0287899757327295,1.8739506100911372
84031A|United Kingdom,49.66214590240519,20.389070960161046,64.27891212224765,18.47969534246498
84031B|United Kingdom,24.735650139972766,9.26235061400804,19.897720071093016,8.512607897013787
84032A|United Kingdom,13.70817406811251,11.686576984811264,15.760833647675891,9.903298622919612
84032B|United Kingdom,19.07700010778444,20.105199632780405,18.760177350397,18.07822955612332
84051|United Kingdom,12.399514356478607,12.175283280499904,12.51305651597874,11.55460498442653
84077|United Kingdom,36.38724265724227,25.575131238597006,25.723535058223685,25.30574415751936
84078A|United Kingdom,5.520833204497453,5.444316972780417,5.597878401780857,5.308386428489196
84086C|United Kingdom,1.141859298792405,1.1065467813665253,1.2325396184941222,1.0250726305221471
84192|United Kingdom,3.5246340253718014,3.516069763451921,3.535433924390089,3.4367584883049216
84199|United Kingdom,8.926216260281443,4.582310318056702,0.9787834721716033,0.9319341031484496
84212|United Kingdom,11.97343620148631,12.192136765802909,11.969776160450536,11.867698286417964
84228|United Kingdom,2.0396426729756536,2.022921403678249,2.017673731222255,1.892134470651724
84247E|United Kingdom,98.69659175111468,98.84620783065985,98.25831117939472,97.1190339251823
84249A|United Kingdom,9.69550070500933,9.863278232182548,9.736327088040477,9.551153846731914
84251G|United Kingdom,6.788019394134671,6.792686564638032,6.926103195750745,6.50206391541211
84279P|United Kingdom,2.987854660793096,2.5857316071040173,2.5549635081133726,2.4258647552454997
84347|United Kingdom,2063.788185529462,2046.0188028009065,2030.294801201316,2023.8164278780023
84356|United Kingdom,10.796701376543059,11.148783509919362,11.124044735417275,10.194888874128132
84360|United Kingdom,21.057702595106374,21.01914224728342,21.389952730669282,20.965113755782127
84375|United Kingdom,10.17821777453733,9.911969175969663,10.04518194991335,9.633588303078547
84378|EIRE,342.6517288539456,337.6618787440149,337.5763455094,336.63426039539723
84378|United Kingdom,2.719886323745261,2.6080357392721027,2.8804241571214,2.469048077889452
84380|United Kingdom,40.372903728395684,9.003779323658954,9.492252909745154,8.838471364139345
84406B|United Kingdom,4.439869874958529,4.28687636262647,4.319014886335103,4.028966550064129
84429A|United Kingdom,1.0710324392322388,1.0848091665774156,1.081570468158486,1.014276533851936
84509A|United Kingdom,7.986181590999433,5.296053955452389,5.035721497315317,4.727774385000327
84509B|United Kingdom,1.7198934317422456,1.6505869896077559,1.7242746883308198,1.5563989162783736
84509C|United Kingdom,1.2057421501090326,1.003924344491166,1.139542944859942,0.7780427970458966
84509E|United Kingdom,4.546803684883995,4.518778719000453,4.557208579203081,4.453120933533166
84509G|United Kingdom,78.62766099757812,77.96366756188029,78.32252576151866,77.11268479666141
84509a|United Kingdom,0.9265038428937914,0.9285576721759805,0.9071753836050864,0.8550035526961219
84509c|United Kingdom,0.6995056026816554,0.6280340282322096,0.5964815210198233,0.5553510358943511
84510A|United Kingdom,134.66164505459258,6.43572843205828,6.257935138169623,5.969783286727925
84510C|United Kingdom,1.7676643464819886,1.788248823305516,1.8323394472204066,1.6751249531744818
84510E|United Kingdom,0.2624348089792543,0.13509648045790193,0.09788138746763586,0.052259743640584305
84519A|United Kingdom,11.355283700190402,11.552046519156887,11.439804846404291,11.139782732866998
84519B|United Kingdom,4.276374010970878,4.142574995951406,4.343371475602091,4.041300220383013
84535B|United Kingdom,17.01080072641269,15.217253546176753,14.972124746324052,14.596609899919953
84536A|United Kingdom,14.652111137167484,12.396082574174464,12.49049747105759,12.022438556384696
84536B|United Kingdom,17.532138478570914,14.436160608826611,14.505433375536272,13.535219395904543
84558A|United Kingdom,3.838732909616349,2.6865475553201286,2.366740493607537,2.2049198622347146
84559A|United Kingdom,10.210541806558888,8.558216662796593,8.840160796591327,8.265817584752815
84568|United Kingdom,51.26610056675104,52.597563510569806,54.63728823398463,50.26698035626086
84569A|United Kingdom,23.591240861971034,10.32507952424737,10.41385038904425,10.0100288057345
84569D|United Kingdom,22.594403712269898,14.835110946500514,15.202862659337207,14.130846053821653
84580|United Kingdom,4.719247325569851,3.8232677935854107,3.985962453140643,3.5478056569578573
84581|United Kingdom,1.3256927102025384,1.4033320084776195,1.372008127749268,1.2713382171613226
84592|United Kingdom,0.9734371288258722,0.9826709666267059,0.9981044813422587,0.9554123268023387
84596B|United Kingdom,157.31766638342384,51.35748626224762,52.113739570789825,46.67066186284651
84596F|United Kingdom,154.48780430784916,52.74096112568766,52.810193848120804,47.69273048001608
84596G|United Kingdom,576.7389244521306,150.0474304477582,152.17389387705964,139.13394905741688
84598|United Kingdom,44.973448986520964,43.76979940609265,45.02478528220682,43.13561475701508
84600|United Kingdom,0.11280856767792466,0.11429416751161267,0.12719904253464634,0.10744807312233101
84609|United Kingdom,0.3689421190244533,0.3219887463709894,0.3416076621665549,0.2887635990776747
84625A|United Kingdom,51.27783032403973,34.10494304674613,35.12658792103354,32.84766611657628
84658|United Kingdom,1.2930617071529475,1.2735355712833512,1.3268111064839863,1.1990768308700948
84661A|United Kingdom,0.177184861304523,0.16610787284084177,0.17320913379733957,0.1490405746528263
84661B|United Kingdom,2.3431022703863253,2.329848106771935,2.385323436819742,2.313265464329623
84673B|United Kingdom,4.427500515723083,4.111873043340632,4.074987983894393,3.700682263824166
84674|United Kingdom,3.940293090796061,3.8254993313097194,4.000697995848559,3.696732974564379
84692|United Kingdom,3.6081920282407562,2.7341828284148235,2.692938867159235,2.5665480065548483
84707A|United Kingdom,0.5254448658529264,0.5018695941622079,0.4895984620783966,0.42794259770324894
84707B|United Kingdom,0.11275220117811299,0.12501326781058855,0.1261697802091718,0.10535965920231523
84708B|United Kingdom,0.3242839678494496,0.36468179155239105,0.3616813424031706,0.31652299479537055
84711B|United Kingdom,0.09929616269810763,0.10231990425435203,0.12082515385303709,0.0882521088979114
84712B|United Kingdom,0.2668912008678697,0.2287443542300139,0.25620625335531666,0.19757662221574518
84748|United Kingdom,2.1005806212914764,1.2610878842728326,0.7904130622004257,0.6957562749408043
84755|United Kingdom,1.1466387518051544,1.0862300992985705,1.0941202427570902,1.062442425020011
84792|United Kingdom,1.855239313412227,1.1538299588341583,0.9839919136778001,0.9141736363575718
84796A|United Kingdom,0.689264597384471,0.51919538637066,0.43727462572420833,0.40336188015912766
84806B|United Kingdom,13.088331067712778,13.078560205772158,13.118818201215582,12.658428178779186
84813|United Kingdom,6.811246222915091,6.714830799206977,6.803434115016726,6.568083444035476
84817|United Kingdom,246.29116595610492,245.3003560507203,246.60203811714246,243.4480747168756
84819|United Kingdom,226.78419680787812,225.25733910881337,226.1733983403214,224.6700048294944
84820|United Kingdom,35.74968311722113,36.263888186400905,36.529600805724016,35.32696866169365
84821|United Kingdom,194.87719099892536,202.89305979744955,204.40145945227053,184.9267264285664
84826|United Kingdom,346.77501653143025,346.1834224139784,348.16859316152636,339.4537534134282
84827|United Kingdom,159.71926443533224,158.63087135965418,160.06003336364282,156.8367380803494
84828|United Kingdom,10.985208653447323,9.671969849068672,9.893731297628065,9.288709247333289
84832|United Kingdom,7.963803729931052,3.890172857761035,3.678787958022935,3.408666290737402
84836|United Kingdom,1.4372603098171357,1.3354417687290634,1.407798004542683,1.305596048370534
84843|United Kingdom,0.442573042033004,0.453531835827459,0.45755820618431997,0.42214315981165007
84849D|United Kingdom,2.8931952189862082,2.6989970962549132,2.7255027578907427,2.644043269016185
84859A|United Kingdom,14.354200696712837,2.334173511965389,2.3174368273251975,2.266201931684832
84859C|United Kingdom,2.0497891896039833,1.8105465209987313,1.7630904997965564,1.7019802167011744
84877B|United Kingdom,64.95031937870651,8.621763458811301,8.626096592111828,8.317115913269676
84879|United Kingdom,17.092866832938647,13.533649291194855,13.302861106334587,13.023026128749436
84880|United Kingdom,4.024909090449727,4.350710505418196,3.9543230519888377,3.6000219967706295
84882|United Kingdom,0.20238798757887236,0.21548251519599088,0.21141659766933368,0.2010802551532457
84884A|United Kingdom,1.5736919839986674,1.6441231344021336,1.7232559414618678,1.519712136837448
84884a|United Kingdom,0.6700059651709777,0.682275790927163,0.6841369908174151,0.647206004573715
84912B|United Kingdom,1.2473645929000503,1.4073456301992708,1.133316776511522,1.0483382137218875
84913B|United Kingdom,3.4487149953903917,3.4308286732828766,3.430300789615595,3.245836530930787
84915|United Kingdom,4.307843268313433,4.1801562482259795,4.293851147287943,4.139524388444438
84920|United Kingdom,6.315333157473862,1.6147645000315218,1.5452788557194235,1.4669149544507818
84923|United Kingdom,1.5381628866326158,1.4933296015116766,1.4789199036384972,1.4312804883372758
84924A|United Kingdom,0.8917339507650617,0.8786606586467384,0.9152344756588293,0.8447451280205903
84926A|United Kingdom,43.79306317598097,43.20447785121556,43.020090218329806,42.95764333038505
84926D|United Kingdom,69.69692693862925,69.37042149460373,69.26085544641681,66.78041790522325
84926E|United Kingdom,205.58600619599923,204.4494929627918,205.4365423565224,201.33553281342196
84926F|United Kingdom,57.792283749805925,57.75672797991334,57.71641621802228,56.85232581483999
84927F|United Kingdom,8.619982776078013,7.089988376286997,6.948411833597459,6.742130975041095
84931A|United Kingdom,3.224388202567239,1.3241230775580173,1.2199835338587885,1.1005979143844544
84931B|United Kingdom,1.3371359793484963,1.3236874635950124,1.3390253260586065,1.275128112660973
84945|United Kingdom,15.396551459631546,15.605296136180211,15.159919384486464,14.783096857762665
84946|United Kingdom,12.740458056736868,6.077208426518988,5.808572352254924,5.189107570367912
84947|United Kingdom,7.277564087390928,6.285929156305906,6.271397503013668,5.942655028269985
84949|United Kingdom,13.44810656500907,8.619606037288419,8.602247753331923,8.45047537516905
84950|United Kingdom,1815.8295163242335,1812.8245671827867,1811.627770989687,1808.579903222942
84951A|United Kingdom,14.992310370701022,13.771884812085204,14.354899143554361,13.251813073371922
84951B|United Kingdom,25.686692286362398,25.46536313520632,25.50806167458523,24.438480328593087
84952B|United Kingdom,71.52380572923094,71.85943009084866,72.85088420634378,70.2104266686278
84968A|United Kingdom,1.1982476660036743,1.1769152005983512,1.4451149216835153,1.0836736544451278
84968D|United Kingdom,0.43660956354967106,0.24133022108662056,0.35012454593033526,0.23414786835739138
84968E|United Kingdom,0.6341616392575816,0.6274776664064603,0.6548849833659404,0.6094854622053301
84969|United Kingdom,10.556159185718132,7.561208083386477,7.789176261912429,6.862182577168724
84970L|United Kingdom,2.1651757518006796,1.3794909800153237,1.3811297247945762,1.2569242222183168
84970S|United Kingdom,2.9154435144375395,1.383208633724249,1.2925155582209689,1.1855034512542186
84970l|United Kingdom,10.44856181823319,10.596605031821026,10.615410328900648,10.40339334339071
84970s|United Kingdom,9.325827539550241,6.079279993880615,6.297693055022462,5.769126530190177
84971S|United Kingdom,3.4008632561505756,3.1498631238188057,3.1395468034058243,3.0770766972376093
84976|United Kingdom,34.25513390829329,33.960422399873764,34.28510325057546,33.43771918341455
84978|United Kingdom,6.191933715532909,4.959249258290126,5.070940739650971,4.750073591571909
84987|United Kingdom,3.9371533132512635,3.939814722248606,3.761021428760289,3.4575391451571083
84988|United Kingdom,519.4871192937346,518.6681333119917,522.7942827298081,517.9923548177844
84989A|United Kingdom,0.017790824756832323,0.027857141892166315,0.03950036274238881,0.010047417016230664
84991|EIRE,4.782781955449062,4.751449266853489,4.839490665710132,4.563020754613343
84991|United Kingdom,2.184908219727149,1.9095724161253185,2.0226061114895044,1.8515068513979562
84992|EIRE,6.16630772724211,6.179962414445435,6.268667471282589,6.043925991323643
84992|United Kingdom,13.700005231018215,13.799568380534353,13.743415553009791,13.21054899422829
84993A|United Kingdom,7.872425543581305,7.584719255999257,7.635395405095687,7.278027285259788
84993a|United Kingdom,1.0187449144902547,0.3136593091011711,0.28047469145939136,0.2628999721789606
84997A|United Kingdom,15.608626859402879,15.901070967784127,15.910080568421515,15.101066569595766
84997B|France,2.6457390178368287,2.7152784255530964,2.690539976809118,2.598827239901594
84997B|Germany,2.257003829909694,2.2282895078217084,2.363675741585956,2.181359651142942
84997B|United Kingdom,10.193372107281894,10.038070136157797,9.979020148352836,9.688701454958474
84997C|France,2.6574881905831234,1.382179831858289,1.158635411005602,1.0831685031465847
84997C|Germany,0.984778271276448,0.992664343322037,1.010663773048586,0.9507887564861386
84997C|United Kingdom,3.1498843465059316,2.795560474848425,2.8771632759988646,2.6388436708105676
84997D|France,2.9264551267207555,1.5515734337863378,1.447311626872012,1.394670930639441
84997D|Germany,1.5355914324378095,1.5607341539052504,1.5907140453037085,1.4877672025370403
84997D|United Kingdom,3.223665140344403,2.9831066393462575,3.073970716537798,2.8703040454606183
84997a|United Kingdom,1.282458530744404,1.2763477183626244,1.2090135365484322,1.0113971598757965
84997b|United Kingdom,40.95388591122544,15.743856948840763,15.072579980803132,14.349281742065834
84997c|United Kingdom,12.041575562844184,5.952686958081395,5.840380397579381,5.646770244865287
84997d|United Kingdom,16.010209272282495,7.424601384010994,7.753443851982354,6.423610756390049
85014A|United Kingdom,1.6260396427639945,1.5396926147107608,1.5655796286580403,1.4724613119803545
85014B|EIRE,0.365024476840632,0.36233444338370496,0.3699002056550213,0.34569472235925414
85014B|France,2.9465448316622824,1.4737651995235777,1.5123592923188454,1.220938987889953
85014B|United Kingdom,9.348164873603336,5.670062165537315,4.801143888270215,4.744333455489744
85014b|United Kingdom,0.7740886160473828,0.4276904249274467,0.43967065279220807,0.3975774387636645
85015|United Kingdom,45.312047844039334,34.88018647500043,33.67939407826103,32.55083972490683
85019A|United Kingdom,16.573705395370254,16.458351331873033,16.610788891915753,16.170195523736652
85019B|United Kingdom,11.512717347721486,11.585818814347922,11.51334159812319,11.37157185369923
85020|United Kingdom,5.920628989043356,2.8207142211813263,2.3742129394283795,2.3258777578235277
85023B|United Kingdom,0.07446543995957987,0.07508094132488703,0.0957863884773987,0.049714512530078046
85025B|United Kingdom,0.7781173793990633,0.8219977968700446,0.8061345723993205,0.757749531538176
85026B|United Kingdom,40.23950075102013,39.93889376223225,40.84325567293859,39.73976751700943
85032A|United Kingdom,183.18035921893934,173.24146184537287,172.56337016355857,172.09375334135046
85032B|United Kingdom,20.443968533721577,8.33105519206633,8.32278416429711,8.13666503042259
85032C|United Kingdom,7.123504079751037,6.722491471644236,6.553699406355246,6.310655261030799
85034B|United Kingdom,12.330449255122367,11.168836872913475,10.927433602444133,10.151449919120935
85034C|United Kingdom,6.955390428647267,6.888977033165479,7.37161842133375,6.704511289773204
85038|United Kingdom,12.922738166690719,12.834270347534202,13.041989441942654,12.649876539921785
85039A|United Kingdom,104.82896571575468,105.06044278858207,106.33114030097119,100.15251924638049
85039B|United Kingdom,30.71854107093778,30.97646010137578,32.046343830928414,29.979607181357373
85039C|United Kingdom,14.374965600209512,14.177349219199037,15.151081057623786,13.632977191500032
85039a|United Kingdom,0.3915289610493011,0.37420822123189135,0.3834551290536525,0.34339694247828434
85040A|United Kingdom,4.646029667219235,4.427944148269192,4.478640927717392,4.118217280381054
85040a|United Kingdom,0.40168903248938576,0.2791669120202187,0.21988935000935303,0.17016817856074545
85048|United Kingdom,158.0287739830529,122.17493727813161,125.39028767602652,91.09998137945465
85049A|United Kingdom,43.62058363022952,42.13041269203623,39.58262901438357,37.82739582073758
85049C|United Kingdom,3.822030654173884,2.4738775097961843,2.504787374511612,2.3492481967060033
85049E|Germany,13.051929839525982,13.2825305364691,13.192645260285502,12.29033698645853
85049E|United Kingdom,10.8172495487341,10.174214429384577,10.416143953963186,9.013575845467837
85049G|United Kingdom,87.58109363872393,10.44753927260624,10.501075733810575,10.139727253789701
85049H|United Kingdom,2.952585134619506,2.1081477040665604,2.064349589896735,1.9190079942484506
85049a|United Kingdom,361.1610672913233,97.09433284607613,101.37885133647879,89.19898456908392
85049e|United Kingdom,15.784185631701591,18.00284889199966,20.384704908201947,14.97665075610453
85049g|United Kingdom,2.85506830394355,0.5757700962891943,0.5159875085573484,0.4885301925949521
85053|United Kingdom,28.613699321228594,28.49077534600496,29.373791146089438,27.3662244111464
85054|United Kingdom,22.44137213505163,22.28892510124105,22.955232143962135,21.978638086185224
85059|United Kingdom,6.687748853558529,6.412149402267567,7.411500832688377,6.22303651165362
85061W|United Kingdom,2.6441401092048418,1.620221801139613,1.545382086864941,1.4442325475558342
85062|United Kingdom,4.071145604336685,3.9666848609994756,4.0555114168563255,3.8538083497263265
85066|United Kingdom,16.12105598769141,14.767408612972197,15.314335575602975,14.495296706816996
85071A|United Kingdom,39.67850269485659,39.52310803370028,39.13257705662904,37.99287690124673
85071B|United Kingdom,31.00257859198175,30.84350858514209,31.04556776898558,30.526022781161416
85071C|United Kingdom,4.190274411863688,4.177559231509242,4.167415230666211,3.963652501994247
85071D|United Kingdom,6.106136615205044,6.201480625450811,6.006006570505098,5.766305589097399
85088|United Kingdom,2.140510753999959,2.191839284595098,2.2129201226965574,2.0989584624039455
85094|United Kingdom,28.545700905090023,28.99454069671727,28.62640977390469,28.21117461884172
85095|United Kingdom,2.4288959315755587,2.4280006423302796,2.5319064755712533,2.273959387427606
85096|United Kingdom,10.369712559576937,9.714437278342485,10.059658100223952,9.358569818696743
85099B|France,22.62630756735536,5.68151541936834,5.808014596779723,5.320207379558091
85099B|Germany,24.500621377880925,20.128942881272913,21.044237545115486,19.561804262221596
85099B|United Kingdom,2.727280069414663,2.7062638809891215,2.729196522147803,2.578577852790759
85099C|United Kingdom,4.176019666068363,3.300734110161236,3.4374171777605533,3.1578401186035854
85099F|United Kingdom,5.363061518923066,5.0986446429480266,5.181276054305043,4.994581647991463
85104|United Kingdom,84.72338534758599,84.64511125314544,84.63036977950544,84.16383737395631
85106|United Kingdom,603.5426958479187,603.3383278287683,603.5295120235235,602.6669151382733
85107|United Kingdom,5.995571227222387,5.988026892590658,6.004181935280101,5.8863893499811155
85111|United Kingdom,4.22288777353362,4.2263455198007795,4.163047380632001,4.058620084128496
85114A|United Kingdom,395.1775788992593,280.63948980730294,271.99980255920775,269.2197344568856
85114B|United Kingdom,5.4053441258614265,2.8424054642755014,2.754900667414466,2.576980450017441
85114C|United Kingdom,12.778680416943565,11.503234850745498,14.720510690290148,10.13444144956314
85114c|United Kingdom,3.56447362716802,3.5395490128444402,3.5952862064235944,3.4294615139673588
85123A|EIRE,15.534041102434268,14.948763914404275,15.254407817203003,14.5140031427256
85123A|United Kingdom,5.397743468493297,5.420424837044121,5.425303886666304,5.2557115873514135
85123a|United Kingdom,133.453842611178,79.74196519338116,83.08426951870773,71.94142063175936
85127|United Kingdom,2.532767384871468,2.5337069907119942,2.6802506039919796,2.4437102498848353
85129B|United Kingdom,6.6087746045775715,6.6161393391564385,6.719365780593198,6.369806495162602
85129C|United Kingdom,10.85947136310057,10.83029521770044,12.277918452704151,10.334984962201935
85129D|United Kingdom,2.8406363839209594,2.82487221286966,2.89906599755978,2.6524465027188815
85130B|United Kingdom,88.3096677039882,87.53875991012978,88.12491733544104,86.39551666473184
85130C|United Kingdom,33.968115803035545,32.951537681631955,32.377615777598194,31.613815251619638
85130D|United Kingdom,133.9623551560094,133.85314169665617,134.33526331247256,132.69279053880322
85131B|United Kingdom,19.71537983210229,19.66029385067175,19.808964512225923,18.652977854309754
85131D|United Kingdom,28.34271702433371,27.34088569466938,28.62210120723892,26.609837672501843
85135A|United Kingdom,0.09737156114196847,0.09320848321901698,0.09979575362901325,0.08793695343469839
85135C|United Kingdom,1.894997053173391,2.0364796977052277,1.9854212772654616,1.8131372255340128
85136A|United Kingdom,1.183925045182925,1.0316040233002837,1.1227580828913495,0.9514506721450398
85136C|United Kingdom,1.32314328133627,0.9803320201129578,0.9818001669811343,0.8517047736941362
85150|United Kingdom,20.802474503663422,8.127461501065333,7.9249963638197904,7.666241439017591
85152|United Kingdom,4.389816821772503,3.706934143422827,3.7340314063377775,3.6076003831134305
85159A|United Kingdom,19.719433728359036,20.015948574379294,20.419774920817932,18.89268457689244
85163B|United Kingdom,1.42921625266223,1.3942609818099734,1.4415399560331976,1.347235609882625
85168B|United Kingdom,0.07031741988827389,0.11007766315673903,0.10118558035352812,0.056764405190179806
85169A|United Kingdom,34.98061374528251,35.87111851160195,37.458051155540915,34.679376949150516
85169B|United Kingdom,27.49891144132901,28.113841444811627,28.964292377514337,27.167655870206126
85169C|United Kingdom,62.15648869148664,62.89306030531053,62.33039284355339,60.72524931432655
85170B|United Kingdom,7.813967907443985,7.725740024474642,7.909113440659812,7.605807221343791
85170C|United Kingdom,7.060681676943867,6.878384109429572,6.935105142107318,6.72741792658168
85170D|United Kingdom,12.052656727288442,12.062403586882388,11.981695647117048,11.63182511074141
85172|United Kingdom,7.962205644577569,7.822406512668694,7.898879151694948,7.679137985566413
85173|United Kingdom,15.766697936885818,15.744745635008037,16.46074708506521,15.561894006073452
85174|United Kingdom,8.805842079321241,8.895920071753807,8.94116301874326,8.710740076755481
85175|United Kingdom,3.3011803980459615,3.278127424244922,3.2283975381965355,3.1414062323028293
85176|United Kingdom,9.961545098009822,7.628036386693111,7.6299614797024935,7.299676833748965
85177|United Kingdom,70.84069561014006,70.62259143690932,70.8171123680752,69.84650225622357
85178|United Kingdom,13.702044530852872,10.750055988068627,10.758632049257976,10.06510541535551
85179A|United Kingdom,0.7292876877078249,0.5093059105132117,0.30419510446604925,0.26310361992998654
85180A|United Kingdom,50.14519560226896,50.270607041079955,50.454377463748756,49.468627728429425
85180B|United Kingdom,27.06985380111183,27.176701186237104,27.37142555995618,26.165681659428387
85183A|United Kingdom,8.934753441592706,8.91309228610205,8.973668995210296,8.590528931485455
85183B|United Kingdom,53.319527118703675,23.127891265964568,23.656432655642448,22.46547375660471
85184C|United Kingdom,55.268506014398675,54.21992412557162,55.739348472155555,53.439109095534896
85185B|United Kingdom,138.7427448810928,138.12079300282997,143.33515387553922,137.86860361774384
85194S|United Kingdom,26.58454126518473,26.893038216993077,26.223587245661545,25.025842532571385
85199L|United Kingdom,22.3537976399209,18.23219448915292,19.423980032009155,17.67533021257908
85199S|United Kingdom,7.677591708191683,7.5258218373002626,7.226140623533734,6.578980071974818
85202|United Kingdom,31.121461409729964,14.450241234997142,15.100498046951145,13.856406634255897
85203|United Kingdom,33.76825658227798,30.456356443221992,30.39759761948906,29.851685063266
85204|United Kingdom,998.521337916011,995.675676872476,1001.9605747875371,992.6533716499612
85208|United Kingdom,4.96880681021975,4.334139803529315,7.525759020148235,4.193249833968986
85212|United Kingdom,348.95501750156177,349.09868126564896,350.39021068186617,344.07643716718417
85227|United Kingdom,6.2000399707842675,6.28835636071806,6.299208817964861,5.9244712094789564
85230A|United Kingdom,24.95018326113936,24.891047976248085,25.05583780439878,24.403697104321274
85230B|United Kingdom,37.11998581809003,37.071425689557465,38.405035259867994,35.69062220147887
85230G|United Kingdom,81.60194532161793,80.50732998277837,82.2989454481259,77.92835597976452
85231B|United Kingdom,15.307481179939199,13.350304878687096,15.609758701273575,12.103733798875306
85232D|United Kingdom,1.3846704988943546,1.2907991544376791,1.421151698710432,1.220377684050343
90003B|United Kingdom,0.05152401559736675,0.057426497448858416,0.06219854253978648,0.04652542343103428
90003C|United Kingdom,0.06071599176255712,0.06975583373095284,0.0674513196679947,0.05597541440144153
90003D|United Kingdom,0.10823709022466364,0.12073405112009741,0.11781439517653602,0.09995606363299177
90010A|United Kingdom,2.549149894902323,2.5424208142927043,2.6158644960485016,2.535650626786728
90010E|United Kingdom,0.28480672854112726,0.2869108864687572,0.29380448882290533,0.2802124357478847
90013A|United Kingdom,0.2564716148334769,0.23616789849675707,0.2487875305246338,0.21725596350177528
90013B|United Kingdom,0.49286239523282355,0.4823650080888123,0.4989058106341033,0.4684041038439829
90013C|United Kingdom,0.2173035374341949,0.2236442531229596,0.23764794032221553,0.20910104086425185
90014A|United Kingdom,0.09787408455894218,0.10507187199350333,0.10515687242940867,0.09095651610127174
90016B|United Kingdom,0.07798582895708593,0.09187280519425545,0.08761768776123849,0.07597363348810317
90018A|United Kingdom,0.22062294055729867,0.16369838961791505,0.15531223113570547,0.12704012590514105
90018B|United Kingdom,0.07460358496453899,0.08696950600210356,0.08123752937409466,0.06542150234014321
90019A|United Kingdom,0.16914270968923942,0.1844166046033489,0.17773169855101323,0.16165841011639093
90019C|United Kingdom,0.07013667662985298,0.07249466761941041,0.0779919443686021,0.06107194270431741
90022|United Kingdom,0.20961302308205892,0.1650422257796554,0.16305442317583843,0.11652028505550087
90030B|United Kingdom,0.3773992790499926,0.28131985602725307,0.337480043281585,0.25483914152109427
90057|United Kingdom,43.86131097409648,43.79760165333752,44.018939129775475,43.4529621077663
90059A|United Kingdom,0.32067330782384434,0.32960143916076406,0.34549054901262305,0.30433749895796375
90059D|United Kingdom,0.054149063844164354,0.06479663049876463,0.06471453159178245,0.04869797113861482
90059E|United Kingdom,0.48313177263826546,0.21848900552906914,0.3137069448416546,0.20267722654934928
90071|United Kingdom,0.36642778216738103,0.35440464293698937,0.3741582547989967,0.34808595497736916
90072|United Kingdom,0.03250165673473629,0.04321361794170321,0.04768599522261294,0.027026030377995867
90073|United Kingdom,0.24256694564364834,0.24118588509527727,0.24712778841343092,0.2353663047718365
90081C|United Kingdom,0.7156907456443773,0.17416479088197084,0.17684230856591276,0.13409824591236094
90082A|United Kingdom,1.7010660921213396,0.7633388052688936,0.7402953706431582,0.6694463754712167
90082B|United Kingdom,5.181266197169209,1.5173827109633022,1.2124140954561473,1.1654205777417461
90085|United Kingdom,1.2717721609699681,1.2744717649366677,1.3107941195433055,1.2023631235909074
90086|United Kingdom,1.4403835805508407,1.435498843868666,1.4755565155957049,1.3668020516733845
90087|United Kingdom,1.2387597637527898,1.235218549923633,1.293557166612068,1.2120159823618257
90089|United Kingdom,0.597796918238043,0.6019092909338983,0.60954538554094,0.5909502051173519
90094|United Kingdom,0.5050193647749059,0.5044867826134158,0.5098269477729934,0.4798985481868172
90101|United Kingdom,6.7661535241249595,0.6318915193397157,0.5091744617330882,0.47758192607787464
90103|United Kingdom,3.823200285000519,0.4803579426924526,0.2910720878466902,0.2777760242407804
90114|United Kingdom,1.2774797875559072,0.9752694763199179,0.9593888206808595,0.9038841126661958
90116|United Kingdom,0.2797576938518953,0.27149994368420116,0.27015248109038537,0.23478621267115754
90118|United Kingdom,0.09825015897459045,0.10406138778654805,0.10428669875163704,0.09006226474988868
90120B|United Kingdom,0.0995923514471267,0.10311731804809336,0.12331441924517667,0.09228342430886989
90120C|United Kingdom,0.3213841967827046,0.29068453501165625,0.3312520525299225,0.26628700503719477
90122C|United Kingdom,0.1917303202026449,0.15772209596985365,0.1838275755617901,0.1404324665089306
90129B|United Kingdom,0.9041825928643458,0.804969420658293,0.8456888980642909,0.7889762204150653
90129C|United Kingdom,0.7443707983027023,0.5740645816055658,0.5384680288152395,0.4620433642497061
90129F|United Kingdom,0.5447597929869887,0.5338486469370741,0.5434902071221345,0.5133856848432615
90130B|United Kingdom,0.1722531914948735,0.13336380828421163,0.14789862046853752,0.11611519494176996
90133|United Kingdom,0.08825380184690107,0.08853139429662779,0.09330889221099885,0.08244506838095976
90134|United Kingdom,0.41623886558880185,0.39336276541652526,0.4125056137190218,0.35992706356097515
90143|United Kingdom,0.19163074201868638,0.19775465139078396,0.1968052533641821,0.1857099419365125
90144|United Kingdom,0.09285121639025148,0.09877176260192083,0.10319517665006267,0.07834032465461022
90145|United Kingdom,0.36829212204307593,0.36496952614629696,0.3740655309671893,0.348936388553254
90157|United Kingdom,0.09078393780005033,0.0990991417906837,0.09467595786327779,0.08367156281541142
90158|United Kingdom,0.16132615361918862,0.17140994136985277,0.1673336545605063,0.15657791729428439
90160A|United Kingdom,1.11320928024168,0.39756571270174745,0.28452175712663946,0.2572102680204546
90160C|United Kingdom,1.183906621020918,0.5106049190885766,0.3402332376041606,0.3149719415708479
90161A|United Kingdom,0.18736694185889563,0.16957422916437656,0.1629285436784806,0.13966073922609196
90161B|United Kingdom,1.2353152967401937,0.4691845407807682,0.3801257489044915,0.3478661332748656
90161C|United Kingdom,1.1886415939532722,0.40529191435585893,0.33412350690261194,0.2490397574311416
90161D|United Kingdom,1.9641588467444626,0.5088649141871451,0.36655940805065634,0.30860581768098555
90163A|United Kingdom,0.0489787705809693,0.05373615235259135,0.05609348280062909,0.04483467708920133
90164B|United Kingdom,0.049899017273205226,0.05297486555365964,0.05823808888189968,0.04378416774685781
90165B|United Kingdom,0.2146498355912663,0.17018583990600025,0.20776337007133977,0.1558340460900417
90166|United Kingdom,0.08260099852417466,0.10338195023963813,0.09602658111550379,0.07564204075562571
90170|United Kingdom,0.8711463804065781,0.8635587629634203,0.8920718811184467,0.8314198254093301
90174|United Kingdom,0.19789849718931737,0.2084647548813596,0.20705050129016153,0.19130802887510534
90175A|United Kingdom,0.22707351257801298,0.1978600666604113,0.2025036851664026,0.1631918495408028
90175D|United Kingdom,0.34779807922936024,0.3161256037824413,0.29252338881354234,0.25583236391479647
90180A|United Kingdom,0.339103154481649,0.318309202851427,0.30991913279189065,0.28324724735081497
90184B|United Kingdom,0.4743780645240212,0.4571284998641083,0.4701351843656332,0.4420333164382736
90184C|United Kingdom,0.29403184754312245,0.2859349006870924,0.2516521413387307,0.22584974413503175
90185B|United Kingdom,0.4150158140661058,0.3814602725324006,0.3956787071523672,0.35609801449751544
90186A|United Kingdom,0.15470830642832134,0.1526043251082516,0.16169918461157284,0.14280814617875526
90186B|United Kingdom,0.04518844938948003,0.04570932531843261,0.052912247373402284,0.04105074820657929
90190C|United Kingdom,0.10054924445866975,0.10362518992170228,0.10355032088482143,0.09123505412005212
90192|United Kingdom,0.5903010172201815,0.5439804932409085,0.5630150319817693,0.498333286163066
90195A|United Kingdom,0.6046990886475009,0.3846815280860292,0.5966699805583532,0.3514750173957685
90197B|United Kingdom,0.0744531041869854,0.09794558281166939,0.08533417343401989,0.06278662780592864
90198A|United Kingdom,0.6179669360572633,0.4221129084189554,0.4405006003589482,0.3597384647278485
90198B|United Kingdom,0.27287353869127373,0.27530656543370624,0.2841949934371954,0.264053986088778
90199B|United Kingdom,0.03640370644497421,0.039193914620553494,0.045891376859592166,0.030293209666967753
90199C|United Kingdom,160.7746343371826,6.810313936251718,6.849006591568143,6.786749723254974
90200A|United Kingdom,0.6273847897660649,0.6077721180263818,0.6110779277325913,0.5617954673945788
90200B|United Kingdom,2.4698013597140975,1.1731228038649606,1.0945799332731145,1.0515005015598093
90200D|United Kingdom,4.681742817667225,2.0906274808243044,2.1144996571528534,1.9832203480321147
90200E|United Kingdom,1.0711001852601059,0.7076098249328755,0.7025953576873059,0.6725069012092602
90201A|United Kingdom,1.3513941938679348,0.6825201466387485,0.49703860884437034,0.47111364783710336
90201B|United Kingdom,9.392222356641275,1.6846896446026405,1.412000977824582,1.3506116458629722
90201C|United Kingdom,1.6138107666973793,0.7704136787664534,0.7542954013437705,0.6254326685961613
90201D|United Kingdom,5.518266098527344,1.2140508263063505,0.6972942077595169,0.6417992677244643
90202C|United Kingdom,0.11623542648229786,0.08743312830860354,0.10471719459493148,0.06594178252425739
90204|United Kingdom,0.10524190833172069,0.10431606103123116,0.10857576477904755,0.09846007343960173
90206C|United Kingdom,0.28078898225601556,0.2451836742382619,0.26129228524390513,0.23267121532301493
90208|United Kingdom,0.20665782246504577,0.18332835873380313,0.2389976036039574,0.16242342190232303
90210B|United Kingdom,2.9326188289174344,2.9388368266184814,2.921589455419227,2.8594039602576933
90214A|United Kingdom,9.66132233345734,1.7243004736752658,1.5710101586374108,1.4409156451652463
90214B|United Kingdom,0.2338751774944519,0.2369947260658679,0.24801300569269977,0.22103265459444557
90214C|United Kingdom,10.612630162239645,2.2854582524255793,1.9984869200493809,1.8530005555591005
90214D|United Kingdom,9.600598073865962,1.351246610169162,0.7736013339729738,0.722210971019374
90214E|United Kingdom,9.03854655279629,1.1270862982184484,0.9527747889007411,0.8793454632907334
90214F|United Kingdom,0.08125243118948301,0.09126967938330546,0.0847975146092253,0.0736647141153518
90214G|United Kingdom,9.480262488613127,0.9436657364608505,0.5625468523474078,0.5165286448160443
90214H|United Kingdom,0.32245185752750305,0.26136775072230983,0.27273925949500166,0.22202646026738193
90214I|United Kingdom,0.6689745283039277,0.6642451921962116,0.6652916041962326,0.6351574527523182
90214J|United Kingdom,9.047505922177182,1.0146382155646887,0.9670350273709621,0.8362749639109145
90214K|United Kingdom,9.37840756651213,0.941671009748741,0.8647348201580773,0.7883266541791552
90214L|United Kingdom,10.154022041513503,1.4988535494987032,1.2868194220179836,1.2293277023997542
90214M|United Kingdom,9.787249425458207,1.4464128401172784,1.1101532815506392,1.0237666847848814
90214N|United Kingdom,0.730684862980997,0.7382088356348763,0.7460918569954201,0.7032206389869851
90214P|United Kingdom,9.58102064740951,0.90002351678095,0.5929977333882059,0.5391584707919667
90214R|United Kingdom,9.289442805786628,0.9467882374114923,0.6085770939673619,0.5539048606822671
90214S|United Kingdom,1.1481246711281332,1.1441282110774333,1.1461253438388737,1.0979508851731454
90214T|United Kingdom,9.374618133789125,1.3822342598998545,0.4469289154691901,0.4130198714157326
90214V|United Kingdom,0.12795539784340998,0.1197470043022691,0.11371009803411211,0.09131576042329385
BANK CHARGES|United Kingdom,0.08742126843867208,0.05130043826053088,0.07911419418718589,0.03359362073694212
C2|EIRE,0.9210403114747113,0.4815851772607518,0.4718471256892118,0.4516886916476759
C2|United Kingdom,159.17806161732716,158.7414329575696,159.07160523946433,158.32367471675474
DOT|United Kingdom,385.36992466844964,386.133722568544,384.85106887393175,383.5040541341784
M|United Kingdom,5.7185004573828815,5.1645905757474715,5.141487127896602,4.811193504773482
POST|Austria,0.5652521339242738,0.5839988278195569,0.5942226915441181,0.5548073497397142
POST|Belgium,5.341681619725292,4.238806170172998,4.135673037760771,3.9898305909939173
POST|Finland,1.0654060816078232,1.0642175553158504,1.0687175779894076,1.0337285391994864
POST|France,11.4186519584023,8.747361391422562,9.959592388987843,8.322129605584356
POST|Germany,9.901211056079065,5.647041972949337,5.831856106694778,5.168291448358762
POST|Netherlands,1.6320509562502155,1.7619618590158077,1.7499029754629347,1.6021833680127768
POST|Portugal,2.714494644660527,2.5190186554322054,2.7734218925962413,2.456557789623218
POST|Spain,2.3268968687244618,2.2679715160707468,2.273631187733118,2.156517537498294
POST|Switzerland,2.6053164092822954,1.256418608237331,1.1124834011891298,1.0280824935712454
POST|United Kingdom,2395.4041120747916,124.52642702240652,137.17525668371192,124.19389479945166
