series_id,alpha_loss,p0l1,seq,convex
1005456_2,0.3879894221044597,0.38454447909148604,0.38571703028883375,0.35112786818876845
1005456_45,0.35417704051662163,0.3382708393258367,0.34178701468888145,0.3162848218120802
1005458_44,6.2102113894740745,6.129114956556531,6.746514929974236,6.0319111273845065
1005458_50,0.5780809529177966,0.5719670740704451,0.5693687193012841,0.5255069662579906
1005461_25,0.03957358209087963,0.021195249640962643,0.0324485426043769,0.017989788514821747
1005461_38,0.021867183587619892,7.803208569305684e-06,0.012596208115347889,0.0
1005461_6,1.2792778786963284,1.2466315500049892,1.2545834687745125,1.1849781988082546
1005463_17,4.846388105060341,4.021761836817137,3.983558175537558,3.815607056471808
1005463_27,0.2246784591799523,0.2307863615764555,0.22558844015503351,0.18950823467518965
1005463_30,0.35807824236863456,0.34673290426368175,0.35482740271257823,0.3085551145163387
1005464_27,0.611973042832843,0.6772210411672678,0.6633355071947519,0.5885669711685065
1005465_30,0.19967034117014623,0.19662774892745175,0.19701524223532116,0.16382662564834086
1005465_50,0.987877723163908,0.9532661289096306,0.9681545999718358,0.8604187610580313
1009539_12,1.0435895269767836,0.9827518779802303,0.9908214012436476,0.9605709410948041
1009997_24,0.6728547366136359,0.6633667655098068,0.6651093720716938,0.60531886100036
1009998_46,2.0262548357988273,2.1340603508647393,2.0671449444641756,1.975878398428592
1010752_44,2.004233795725771,1.8088854884746735,1.974106850585823,1.6081474729028988
1012787_13,1.1599823517458525,1.0138740160157635,1.0099622994482582,0.9929581766257206
1012787_4,0.9803321192125658,0.9761337193707482,0.9825459094335907,0.9064859774274411
1012787_48,2.4879777505049385,2.523373789382909,2.561075935531966,2.4054955182734883
1014864_38,0.07423557638635056,0.08037075169902164,0.07310839837966046,0.06192006509680118
1014865_24,0.16099900733906455,0.16208850026060512,0.16207067234573147,0.15207715191018048
1016067_16,10.060090156740959,9.787744822623468,9.592605047381824,9.48203700518956
1016067_43,71.19140106764368,69.3986114057309,69.3095063808668,68.08091495539766
1018617_46,0.4399608136745862,0.43291030632927735,0.4318326748599315,0.39628605965865926
1018878_49,0.345987526380189,0.3507557003099479,0.3202533032981651,0.23839894071322676
1018878_50,0.5461315010668839,0.5410012298616828,0.5312954247319035,0.4858575003897296
1020940_41,0.6613153827798365,0.6686066799764724,0.6699063818172611,0.6068877181647139
1021281_54,0.6050895468831483,0.6115261110246027,0.6149703503159676,0.5809800008356671
1022053_6,0.2326362603744766,0.2404451489474961,0.24360318040274487,0.21634352643689644
1024975_34,0.7699029569072401,0.801259081439358,0.7251211431271942,0.6197699431882101
1028589_25,4.8157800225909915,4.765219925060446,4.6778052089727185,4.510616660642092
1033395_41,1.6850745967308864,1.6893872912348613,1.6942607300400807,1.598360114284669
1033395_7,13.969928611011076,8.75875037604567,8.702864078447497,8.595577784731425
1036320_12,0.14431923590582266,0.15094955985910655,0.14237462427691036,0.123520359925074
1036689_9,0.5318116782889868,0.535833702687327,0.5325799465616989,0.5155244537250284
1037412_46,0.75613526976566,0.7546743680061002,0.746958891633183,0.702769620668891
1037412_5,0.45757729518789286,0.485176409806729,0.4696525368162745,0.418107229867215
1037654_16,0.15329113151446772,0.15818084493314524,0.1601445486501916,0.12935817334589628
1037654_49,0.21758559765398558,0.21871071151474467,0.22756072351985682,0.1887149691348966
1037845_5,0.2956086737134122,0.2814791878545277,0.28869765168017797,0.2692226716390472
1037846_24,0.8908248206488896,0.8905000066405954,0.8821554125228833,0.830751208648698
1037846_4,0.3175354774990855,0.3215248512845818,0.32286698172003875,0.2927351556359213
1037846_47,0.12201533377735911,0.12150697557497829,0.11922376290814189,0.11502157805922426
1037857_33,2.100666749206731,2.080836204712235,2.1089611803715393,2.04433593183396
1038937_2,0.4122029087628996,0.40853302811107167,0.40665006745928406,0.39085387747241335
1038945_51,0.1920293561795774,0.19212182460750107,0.19085028641725507,0.18172597887448758
1047674_26,2.7783148960590953,2.75694500567312,2.7159867670686695,2.6661287855683438
1047680_48,0.2181519405987408,0.21887491311577165,0.2182780889251532,0.2048100969445327
1047681_5,0.328144195763533,0.33221362646873837,0.3302113833352108,0.3039118439827107
1047682_3,0.8641607901196124,0.8683467642453985,0.8677454305466513,0.8313701952431405
1047695_37,0.5302065799236428,0.5339130935949378,0.5276305409984602,0.4934825422693661
1047709_26,1.8222136292552562,1.8400241631223047,1.7902971006295976,1.7511345556185332
1047709_32,0.6792384542021539,0.6748228407965579,0.676788416098006,0.6537428250705732
1047717_11,0.6264370135220878,0.5217626590322683,0.5279274199057263,0.43327100068900015
1047721_8,0.645195064796,0.6101967877271502,0.5996110063772703,0.5443136383741572
1047734_46,0.6587045504275246,0.6604660575745681,0.6485156318269906,0.6293010160978494
1047740_14,0.4779357645632547,0.48089174806784746,0.47992136327420437,0.4657540022602611
1047740_50,0.41216080330586674,0.4117852050482189,0.4082124797759497,0.39788620966309557
1047743_40,0.35676450661337283,0.3663737617691388,0.376232959061402,0.3207063226803011
1047757_28,8.177832925789962,7.913867838978818,7.74230532861552,6.891446899215588
1047757_7,0.6099036780666617,0.5958574664697407,0.595445465524914,0.5785039532686068
1047758_11,2.1437934914851295,2.1673884980435747,2.1816851513866937,1.9841592854677295
1047758_46,0.712414775945933,0.6905698355684837,0.6775449923276424,0.642986389820921
1047772_24,0.23172795720506448,0.23430893915664575,0.23243341793659256,0.20875477714164437
1047775_41,1.308005718996993,1.2466732118600075,1.272284787281978,1.1968079008443473
1047786_19,0.35372325864364657,0.35415867464306044,0.36210325885477296,0.32688161554005807
1047786_33,3.5477677541604558,3.662554258877764,3.638640134631841,3.064853038950955
1047786_37,0.24105190365073012,0.2463901911516656,0.24377236941543193,0.22456728776074755
1049595_32,0.29327673021882256,0.266367005129821,0.2837645380935173,0.25944528607378275
1049595_43,0.840228349877552,0.6262093850445142,0.6273740202232351,0.6002177259075264
1052563_8,0.2083156030991027,0.20606205528022328,0.20832502037820746,0.1960219861466649
1053944_12,3.807197926837148,3.9239715781619933,3.9007426416382778,3.6478600194297033
1054129_1,0.5650881446633905,0.5524716050666467,0.5429552309555046,0.5003051991227546
1054129_2,0.7431248708753041,0.7449924715841422,0.751571621258775,0.7244561274113588
105693_35,0.9872569131988995,0.9854571742329488,0.9811438076352186,0.9179386047155983
105693_50,0.48631432769085237,0.48351083939889006,0.4824361496427489,0.47578780086314226
105693_54,0.4733017238546844,0.4759470605097304,0.47886521222870054,0.4569012108870984
1057033_48,0.3459095369278083,0.357504425071425,0.34414668765126044,0.2291635635807406
1057034_32,0.24263558307196062,0.23965081235387356,0.23383818242291174,0.21641722244715123
105737_38,1.1672151795685428,1.0972875728128997,1.1034204183103151,1.0753455066027435
1057490_11,0.22084467731015164,0.2238122392527723,0.2210339477776018,0.21354611319580227
1057495_47,0.5850013092569702,0.5948708346536647,0.5709409794997817,0.5439934866917443
1057515_31,1.2815278977520577,1.2520451974239506,1.2435337327110205,1.1987281146942224
1058820_25,1.76829221077387,1.7748446769005743,1.725158228880358,1.6946117629587316
1062338_47,1.9375719680504984,1.937141481043233,1.8793486369236223,1.7817095009712105
1062926_48,3.1070841441454617,3.040288429933561,3.1071273387205234,2.845721599777484
1065599_31,3.6424981683309134,3.572036580778248,3.499702160506296,3.399766253878728
1066900_47,0.20508642690816212,0.20735865157567346,0.20072999039468478,0.17787217817994702
1066901_19,0.976914063656909,0.9697124854658948,0.9713934598937465,0.9303769043856639
1066901_44,3.441204989090051,3.285035445472824,3.2506595950762076,3.1338761425920154
1070962_13,0.6996862356674288,0.6868147066973385,0.6870254434218439,0.6226923698989595
1070962_5,0.43391092652024993,0.43135904885880927,0.3983708446646417,0.33821795195891385
1071928_18,0.33050471650219954,0.3271103569573153,0.3228604102489459,0.2786491946858169
1071949_48,1.779298137529785,1.7667491800370552,1.7732445065603528,1.7121460781166054
1072167_1,1.0255507161946626,1.0184207685882478,1.0243625550943976,0.9956191039603765
1072167_23,2.8275404542264613,2.929542663328123,2.801176851633621,2.7176010985217918
1072167_28,2.316558322434199,2.2538374943828896,2.206068564200163,2.1370019429468408
1072167_30,0.4460201189754433,0.4433860496948645,0.43672616617310384,0.3506171942430781
1072173_3,0.8221960105764253,0.8112752263961244,0.8135380394388793,0.7935850244389143
1074327_9,1.1939850585611547,1.220692930102169,1.2065074734605703,1.1224166779235487
1076065_19,1.056868377194828,1.0570100683878063,1.061156500071275,1.0143622294576808
1076065_30,0.7214052132923063,0.7167031295084022,0.7057456303172175,0.6614479872593598
1076066_44,0.23924996945021146,0.24671416724908948,0.23932987957869178,0.22466502104788574
1076066_8,0.3350888103730265,0.3306536012930335,0.33598130665633824,0.31562496129378964
1076155_39,1.5681733104793742,1.5153701793811984,1.5195244112280157,1.4600625454304492
1076155_6,1.0315999178758881,1.0425943148810701,1.0405006951035323,0.9996928022870084
1079214_14,1.3908632680500153,1.3948242298339355,1.4011377039643005,1.3657360909467362
1079214_46,0.7750578009700484,0.7582207191644413,0.7691310985933351,0.6982993594120671
1079215_32,1.084059985064791,1.0816303532117175,1.0836855253988806,1.0500981565070722
1079257_41,1.3977767066181697,1.40371474593391,1.4973146090555425,1.2347675606929365
1079258_11,2.4376136521247234,2.4502973557435626,2.553365796609579,2.264618547539433
1079258_51,1.001920919512113,0.9516004814978367,1.0111299857504714,0.7624656831770777
1079329_15,3.789491239644793,3.818223115399516,3.7342892268295755,3.6729647172052076
1079329_2,3.415494936187359,3.5256385957677563,3.3577851419813207,3.3062039436470556
1079329_3,2.0325011144454437,2.0078344555039687,2.029858875380768,1.8752776797008863
1080001_15,3.5172891939891286,3.4865537988354944,3.5165358219970657,3.386918500074511
1080009_24,0.3320855785578754,0.31939492175997836,0.32734939733140456,0.2960743822769852
1080021_25,0.4600253331188701,0.4585223929891784,0.47861334904295366,0.37890997096319756
1080756_16,0.4438141212345513,0.4629878960105389,0.4525393115075857,0.40403137483073576
1080756_6,1.353086180046981,1.3653907089895794,1.339062615106607,1.0326212558572734
1081359_23,0.058278984901633475,0.05412047065161243,0.05830667574849747,0.0
1082907_45,0.41776099405106853,0.43357403732950633,0.4126294076617913,0.37697575734651356
1083196_9,0.18501336985124148,0.18524402486390323,0.18539033448709788,0.1767673523486346
1084365_23,1.7763299199228062,1.8075934666548996,1.7680541606999796,1.7426073138179712
1084436_25,0.26880995563564775,0.26747257770230753,0.2560962306840738,0.21385306381722435
1084881_33,0.34561105143160703,0.31569948198121184,0.3105756561768971,0.28958892383372514
1085148_28,0.8987136615625536,0.8840530197462133,0.8856982693321419,0.828441203223417
1085486_28,0.7728969467123719,0.7753254283383116,0.7811002324825379,0.7317864356389765
1085486_30,0.13387924309525215,0.12503222786559956,0.13191280318822177,0.10564051413872831
1085486_48,0.5252895072585896,0.512971169845289,0.4996607600970056,0.42750307275817506
1085486_51,0.17722173262350527,0.17711460354350228,0.18146199931749438,0.14980536459879507
1086172_27,0.09295109794849966,0.07642402628554305,0.08090840861101438,0.06710581457256691
1086172_38,0.5863387491280628,0.5832322896841592,0.5770223484465687,0.5406873409934229
108696_47,0.2577017278971996,0.2541875464845354,0.24923493046180034,0.244803409697283
108698_19,0.9070921691797449,0.9106099377808102,0.9101746335463728,0.8864390441826168
108701_54,0.6970209069059482,0.6980310144993961,0.7147843338092956,0.6765942389942093
108831_5,0.1820913984867639,0.18568585870478957,0.17759481305447258,0.16836277759325577
108833_12,0.5911986502216622,0.5800450908114126,0.5832270549012784,0.5519866459275445
108833_31,2.9068002969170372,2.8228614242686727,2.8836044620432824,2.6688088788921234
108862_37,0.21364257293558023,0.21607460743345622,0.22311439745176886,0.1995922566013465
1089046_7,1.2758873949601879,1.2614470178213648,1.2573421321374456,1.1962232965628619
1089163_33,0.28148545330528935,0.2832465938767394,0.28457747812718526,0.2756717580197489
1089820_2,1.278648773687414,1.2789216951905351,1.267569363408738,1.1490415132644636
1089820_6,1.662471915606529,1.6203924100101723,1.6366077297591406,1.5686200324916049
1089843_4,0.8996768145725969,0.8895066620715794,0.8891846507337536,0.8522791436230476
1089844_41,3.3558028104480573,3.315276456436354,3.2971010899002393,3.239353538901474
1089845_15,0.4218312392552081,0.4131506048548355,0.41034434711165857,0.39528547047470886
1090419_28,0.6615696106635813,0.6671943305298389,0.6652213291512745,0.635831735034566
1091333_5,0.09494884506337513,0.0882021348065758,0.08691170973802069,0.07294925769358118
1091366_48,0.5100488891146625,0.5340256563943965,0.5108266606217203,0.46626640202437586
1091367_7,0.5941524381280077,0.58788045050813,0.5861345246101618,0.5512529248052245
1091368_40,1.0973595320989653,1.1128559609559947,1.0944947881566127,1.0035171772102112
1091369_32,0.6282813765115625,0.6230878377173598,0.63149547275636,0.5896194530279291
1092008_6,1.2706147226760267,1.2537684835256653,1.2700456016482706,1.2255842995159656
1094235_25,0.18267773853032157,0.1722875414418191,0.18061346457022598,0.1485456818175411
1094235_33,0.02393120509101776,0.0049044267416794,0.014962321668552611,0.0028825681214824524
1094235_7,1.0108546721246816,0.9902864111665068,0.9950011818485635,0.8637637814752227
1096235_7,0.3532062117504257,0.3443851692389928,0.3415616663684266,0.3241024718817435
1097187_34,0.5302456189386104,0.5205830259634056,0.5257996926978677,0.4564441521458422
1097187_39,12.288931460164635,12.269132645434416,12.255337924070682,11.344760209973883
1097187_45,0.20508677706894773,0.21155296971858437,0.19559730224576613,0.16349853369917208
1098624_32,1.8589440984312322,1.9030175183218905,1.8543342150524855,1.7805307481672143
1099990_50,0.6936306502230639,0.6923570995132137,0.6998528020400049,0.5157404858045953
1102268_24,1.0909800580493927,1.1310807858859475,1.1097636054227475,1.0334317042935888
1102971_45,0.35046178210600143,0.34177250154471367,0.30746246454200743,0.2629888097092384
1102975_15,0.6112417690880534,0.6171444020716736,0.6266031131936861,0.5457152900873775
1102975_26,1.1920535254316442,1.183035330797398,1.182488120837735,1.1421370901262
1104598_11,0.547957250058725,0.5412324570012982,0.5506425614434266,0.5119515959193405
1104599_24,0.26218090756084955,0.2689088618858095,0.2629993988454474,0.24170693353821113
1104650_49,5.164867769921975,5.115442738017964,5.283348887407779,4.763822570948412
1104725_54,0.9026217211474855,0.9114914753483463,0.9030166508986687,0.8643124336902996
1105212_40,2.527419059839156,2.5004254960978467,2.473865813398428,2.413483582154172
1105213_3,0.6562449665515796,0.6003258904110091,0.6379077930541313,0.5585858456339271
1105213_41,1.0907821356010368,1.0764367049133698,1.0885178820759,1.0462765542744346
1105215_3,0.7253937092995547,0.7173129793727336,0.713363843094915,0.6727596263614976
1105299_7,0.9124197546989384,0.8870858731734099,0.870131171080374,0.7342525002602818
1109116_6,1.8820966559666374,1.9602442799001096,1.883728509565964,1.7973037465925612
1109325_39,0.5572351349721146,0.5471849102865266,0.5485507476169352,0.5334229864169757
1109325_45,0.4314329356387114,0.4292923360986944,0.4300593456760671,0.4178328533572205
1109390_51,0.9034478997565502,0.8912782252573684,0.9017775108728355,0.8438702066906143
1111202_17,1.7559204388002358,1.7186694980136787,1.7084699322027028,1.6568203838930504
1111202_23,1.5750534999975934,1.5241093564359325,1.5204046886826585,1.453171028181977
1111202_34,1.0388738234980899,1.0478742317941399,1.053864944752131,0.9358955298409057
1112839_6,0.4270461535276624,0.40268730901518895,0.4202602345529935,0.3585192906393422
1113852_37,120.27351672600942,117.49890084059365,117.77046143755969,115.03838122449265
1113872_12,1.1738374805965304,1.1709541931678502,1.1675609385489594,1.12550480549468
111397_30,7.223293140430802,7.050695137396733,7.073644114803911,6.850462323170489
1114567_39,2.779533854440252,2.7677139374327133,2.756895055672363,2.5847224720784214
1114749_7,0.7585921457725203,0.7105096867281423,0.7273013035722679,0.5978982451866518
1114761_48,0.4247767781601566,0.4248083479251111,0.4283889453597465,0.41777948901192435
1116113_12,1.4021309381089024,1.3686464340595104,1.3488178573441536,1.154406505990819
1116113_25,2.997847067066294,3.1705940025573445,2.9791416235288573,2.7675755677448315
1116370_23,0.3986529295834697,0.4010003341247272,0.41864851268005115,0.34552916859840416
1117662_48,0.42463802152510577,0.4287423459155752,0.42927312490165637,0.4088237710009614
1118683_27,0.5898002106524742,0.5685176466701953,0.5959004475493496,0.5063336943801329
1118691_24,1.1437914035334515,1.1411495099098696,1.140017195727982,1.0958639443076346
1121513_26,0.2149833485032039,0.219196552518614,0.2196959788320231,0.19014229255612022
1121514_41,1.762334851535942,1.727823608579533,1.7146804013951107,1.656790715437675
1121615_31,0.4386864888267676,0.41187382798232086,0.4181076314024664,0.40446313750655233
1121615_34,0.11868638409016785,0.12345431676829866,0.11799961821397821,0.10983122360621804
1121615_39,1.847303237638311,1.8195634364347377,1.8400839205355155,1.7379429490329663
1121615_46,0.6269674553457152,0.6595764148302544,0.6438755853379918,0.6141767043548851
1123722_41,0.2588779849475637,0.25102621969924593,0.25190546011171716,0.22925767025658791
1123722_46,0.44600491648311097,0.453664074082109,0.43507490302313306,0.3851045937688957
1124164_5,2.080263027492784,2.0566767140936246,2.084822275722075,1.9744893388603593
1124164_51,0.19452479093373562,0.19899527756199212,0.1920199875272106,0.16638690020970712
1124164_6,1.1834970101463533,1.1515641760297892,1.1512547672455484,1.0854332540289284
1133955_37,0.13638364678459355,0.12766042451699586,0.12960969380868545,0.11371930055474522
1133955_7,0.2673050565330611,0.27913583551870264,0.2689405037007071,0.2522676224840716
1133955_8,0.29365266762324754,0.2910795260734234,0.2854212189055545,0.2638767165281893
1134971_34,0.45308680092970016,0.44286402189867785,0.4447558679523779,0.413794268543125
1134971_50,1.8710788312540947,1.762738075167894,1.7236436612510417,1.6225676235821853
1136979_24,0.7471115371572429,0.7558796445905879,0.7209968788887212,0.6371405788014981
1136979_44,1.047163873932876,1.014097506462327,1.0049225227784033,0.9705682947748654
1137146_28,1.1922752117656765,1.1819278103620554,1.272969037889853,1.1471696421881463
1145597_46,0.39343658385589125,0.3937639974759864,0.4044951598057151,0.3700389997088753
1146496_24,0.46654288614665296,0.4658297354428728,0.4673481465422706,0.45392458990216994
1146784_19,0.9641130895052642,0.938507296250778,0.9417596086589581,0.8985290836477272
1146785_3,4.968805607999076,4.865906207652176,4.810325388002104,4.672829879572394
1146786_46,23.932640601163694,22.442201275611136,22.225852630632293,21.06763903493582
1146786_5,1.8548598926338296,1.8345706132595394,2.0346403643353734,1.7672824268994185
1146786_8,0.9230395868203827,0.9154737513872568,0.9211953319189997,0.8989056305243328
1146787_23,1.783248443908391,1.7368103650436142,1.7444872468252306,1.6435622552506397
1146795_14,0.2591829613686975,0.2586822599734644,0.25450766406508185,0.23982505360910633
1146795_28,0.3999581794033433,0.4076143372397765,0.40786149279035294,0.36673078611445104
1146796_25,0.28793309488509583,0.30690137869978207,0.29165956243294083,0.2624064271867002
1146796_49,0.12090798308718753,0.12252980458238166,0.1221082838567697,0.11246227250694664
1146797_31,14.36295910192105,13.89425914055741,13.902697525431897,13.831803557807937
1146799_39,1.7268108082957563,1.7206724324766596,1.713437641725003,1.609730203888505
1146801_13,0.2697659365820672,0.2696357501794858,0.2769398708086966,0.24625107032003316
1146801_18,0.7372903091870063,0.7430905655404761,0.7292566509111008,0.5892516002700078
1146802_1,0.5726203220234791,0.5679057904304569,0.5785446019110931,0.5522946249703103
1146802_4,0.3846132236594055,0.38224348299996674,0.3864151592835814,0.37401056761632034
1146804_50,0.5924110290759654,0.596555618434749,0.5973172901415177,0.553418090165811
1147731_54,0.605834378955482,0.6014963731865111,0.5960716327317411,0.5774484637130098
1147731_7,2.759620432745177,2.739561694151773,2.7484812441200357,2.664001806307723
114778_16,1.3800538897665033,1.3642843946061805,1.3752969776539612,1.2466185150145426
114800_24,0.7414131288841684,0.7282186822694721,0.7344125714173989,0.7172776765373498
114800_44,1.8333264462563015,1.8337167326992498,1.801680869209444,1.7848722448496224
1148972_28,0.7823150919424723,0.767040592219538,0.7658071001790642,0.7357317801834259
1149069_25,3.6553124749709673,3.675435407969706,3.746272415948208,3.460147952050427
1149579_28,0.32954709650002667,0.32559642483218226,0.328253247418375,0.3139142128365502
115267_35,0.6649364818430193,0.6582281399598021,0.664032822093132,0.6312852256463418
115611_8,0.18442120506628015,0.18588183939323613,0.16856832720629808,0.11579801493638271
115850_1,0.6493975749184169,0.6419791768294588,0.6395901488526796,0.5890463096506579
115850_14,0.08066418786718856,0.08498508499880136,0.08326990481674831,0.06689537832879862
115850_49,1.1085034840840686,1.0744371131208927,1.126429634181623,0.9519203539174383
115892_32,2.4515277214505997,2.359905503062125,2.3466771883493394,2.1893010008973963
115893_28,1.288994587165153,1.3177397894842058,1.330754772298528,1.2173203190049462
116018_13,0.9257411356027648,0.9382352909639485,0.9325122283707824,0.8901802123658441
116279_40,5.4083089308425825,5.213521220657692,5.190443191850915,4.999358755018636
116279_43,1.100630584137973,1.0930530440466393,1.145275606668999,0.9883764966611953
116279_5,0.7806132474296742,0.7716039276583997,0.7725323078128293,0.6686048634923524
116279_50,0.6894416205899659,0.6878638660421305,0.6777489459491192,0.6156766528005729
116311_24,0.25799495633991226,0.22688383220659514,0.23199103498768656,0.20441710335066207
119023_41,0.9363981196328597,0.9028593035641794,0.9489371022909109,0.7999777246583867
119023_9,1.8518088309938052,1.7428393652296528,1.7720573547499587,1.6532353739857666
119141_11,0.496912999429338,0.4853630023246914,0.4930159799664562,0.4590635816055955
119187_54,2.390985535945348,2.2622054327721806,2.2539875675446654,2.1714557789748414
119193_13,1.2770449074655759,1.3030809381185955,1.2595053462464663,1.1997446202438162
119624_41,0.47515641110635953,0.45469109879657443,0.5081080583454016,0.383378946535893
119624_50,0.5172857329256678,0.5310314129909957,0.5222669443964235,0.4922114517735961
121964_12,0.5143332459859076,0.48543074943178016,0.4929254331795663,0.47434548769372936
122425_3,0.3664201874745328,0.37194613479621297,0.3596477774310107,0.33628337901963096
129296_35,0.9713383137925247,0.9279726826545792,0.9304508444113683,0.8903304480312467
129297_27,0.337820869608574,0.33749618867188813,0.3359208637955578,0.3253066887636283
129297_43,9.178165824796059,9.135623349940367,9.116234645980912,8.956284380111265
129635_51,0.2594608456278606,0.2542818537671623,0.25076710932924057,0.23429784244347907
153239_10,0.021867183587619892,0.00022659031939466237,0.012596208115347889,0.0
153239_37,0.9693236053630018,0.9537440906812206,0.9574444333014359,0.9004452181131147
153398_39,0.4141336165842011,0.40976881810690485,0.4166239464565189,0.39218073538173
153398_5,0.034791936198179614,0.026721985323145566,0.05555039245482446,0.013418007757055345
155500_31,0.1845891158317653,0.18828385521165747,0.18345779906647974,0.17280209683962197
155500_9,1.2664957712649982,1.2676895628641882,1.2618492233982597,1.2452929235709804
155607_27,0.4892624700775568,0.48555067097292404,0.48396218005943864,0.4657773889754016
155607_37,0.697474039658073,0.7100827979397533,0.6907367670933008,0.6683306545200263
157956_40,1.3536340457826477,1.3209641934251637,1.3401307536811162,1.2637941275268123
158788_23,1.6201758783415448,1.5832052673008823,1.631507751668851,1.4937719519026598
158788_25,2.2668526883889766,2.200414299657504,2.1811190563065526,2.0431927313084572
158788_39,16.558958320090905,16.305033022942293,16.34701824839705,15.766477281397483
158789_49,1.7273514597228095,1.6862534700051146,1.6941053926013334,1.6372797932877974
158842_1,0.921193583670861,0.9431272570765229,0.9518928319903569,0.906349004044286
158875_1,0.9757413471807705,0.9589992983059936,0.9680733642615879,0.9261455525223887
159156_24,0.1778736163464657,0.17901818777539535,0.1771345820364513,0.17026981922382392
161288_27,19.999074882703564,19.95850025550273,20.52139412992928,19.272865659100805
161288_46,10.503435015831725,11.001748153538232,10.907904713176793,9.809937777022428
161288_9,13.853859593247007,14.23371265862172,14.496787471556113,12.835786282980733
162066_54,0.18446437435143714,0.18531462535358464,0.18440041263749676,0.17734338712858452
164037_24,1.1705142071800319,1.1959292987861512,1.2081797498403337,1.0260489438208753
164088_10,0.021867183587619892,0.00011059481100719221,0.012596208115347889,0.0
164647_14,3.9584535069998688,3.7950685011164063,3.8801369667041374,3.75590124405538
164647_18,2.5650773480817923,2.383413397795168,2.631126384008099,2.279707598189967
165594_48,17.309139018664805,15.885344655346975,15.952073678667501,15.829647492662495
165704_32,1.2963635329808156,1.2782788440827797,1.2585295612063052,1.2231374808214344
165718_17,0.5570037401114466,0.5565927148867195,0.5661910540282943,0.5419282026058662
165727_38,1.0803140480819569,1.0826569066848493,1.0835512335159614,1.0287186435862392
165727_41,1.0458025770649086,1.042955382282923,1.0473141816904732,1.0256861984085146
165988_11,0.8674536513602948,0.8632972334805133,0.8629597022709586,0.8215188742257945
165988_3,0.2710029749148217,0.2770221417147511,0.2792026603235869,0.25516630926461625
165988_37,0.17254017202283678,0.18123377981655697,0.17621594418299125,0.16100733079367968
168927_23,0.3938432435105725,0.38607504479220417,0.3756693593145137,0.3537937791421704
168930_2,0.1736234878561027,0.1752916862444256,0.17376166664823078,0.16491766556976914
168930_4,0.21697720576488178,0.21643475573867918,0.21878211033558206,0.20588955965175734
169028_41,2.0056804782985154,1.955599242268195,1.9855007386169727,1.9051620693585594
169028_6,1.6059217487289565,1.583040596859331,1.598095652181563,1.499344396704391
169028_7,1.493054225151634,1.5056231071512762,1.4954168159005758,1.4574605207300024
171890_28,1.5358589808238357,1.5154596014075257,1.5233821357535655,1.4881487919094019
171890_51,2.6889772461243098,2.6289728527974363,2.5807260002345846,2.3877343101796975
172184_41,1.469272503142431,1.4637792159543304,1.468766675356177,1.410871274193729
172343_40,0.1545180261361941,0.1609881587283812,0.15716779292353805,0.13859743698233293
172995_34,1.1881093806096346,1.1274071190642714,1.2623571576805206,1.0803271683444937
173113_18,0.25948061467870076,0.25577183259083613,0.2524636318041578,0.2414196553170135
173113_24,0.2513975150907824,0.24432266552806237,0.23841619282766943,0.2127684224017358
173113_44,0.27972360141912683,0.2787268077197821,0.2918625500694108,0.2686003653440582
176411_45,0.6971115350158453,0.6890203965455074,0.6982761541502462,0.6555197826963723
179564_51,0.9403501577466781,0.9212640152375094,0.9219099922606125,0.8715703532799717
179564_7,0.954031088849765,0.9546052901938403,0.956984713672956,0.9208612659094465
179579_43,0.8261568300238119,0.8086607891574175,0.8015332369934907,0.7423490361806043
179600_2,0.6320204186778707,0.6396638027961429,0.6468857820543293,0.5795880747201316
179600_5,0.8147216871675478,0.8080099972845481,0.8302664229670187,0.7186080739533978
205387_1,0.48852024078348527,0.48704770745021236,0.4940768597232584,0.4717740949119172
205387_44,0.36352556495866645,0.3598948261422347,0.3568987428407478,0.2942703081243418
205557_45,0.49872077523903435,0.4958580265835905,0.49636707028500776,0.474778363639929
207857_25,1.264196323984937,1.3238554072887083,1.2993194574388036,1.2320618591504202
207857_41,0.9876864613964967,0.9515078065339394,0.9603858465655538,0.9199716072340949
208386_27,0.6512770967841014,0.6589832647838133,0.6617671219679179,0.6250952383550283
208386_37,1.0064941667734604,0.9914176273162748,0.9861124133982354,0.8917572140808478
208426_43,1.2314859174628097,1.2245218309016852,1.2198825463636098,1.162237336121624
208498_4,1.4046731638549284,1.3972064715060186,1.3865531724835087,1.3351307515127333
208514_14,1.5612458252376882,1.5264780628503933,1.6170748724098487,1.4678114340369108
208539_5,0.4076640012256609,0.4086951956128872,0.41334934894126846,0.3934651359044507
208659_50,2.8024186587897546,3.643128563074573,2.591057893149897,2.338644955233345
208699_14,0.021867183587619892,0.0002727891414947365,0.012596208115347889,0.0
208699_48,0.9468440934237257,0.8908885378958522,0.8900385100257556,0.8675019790871358
210520_1,0.8353838011488933,0.846071565873732,0.833178415226762,0.8148529787185224
210520_4,0.9011310555343738,0.8845336877528883,0.8987417077442391,0.795335014287433
211999_18,0.9862456549617967,1.05347624903014,1.0768971424976572,0.8901834430017651
212552_30,0.6247308415452224,0.6257330977585497,0.6171344604109028,0.5932673846825806
213788_3,9.96358246632337,9.293469507301287,9.650972952959487,9.034004381912693
213788_41,0.4503441173034406,0.4493836148861153,0.4480575647296554,0.42699170863466684
214862_13,0.22166703709620703,0.22219431906610396,0.22194853644828508,0.21430449251739905
215304_34,0.9745089890222642,0.9533744731471377,0.9628025219955282,0.9131314779942655
215331_34,0.3617888171159012,0.36454582220554393,0.36350571767020395,0.3381585001639429
215356_10,0.6997388061626743,0.6987362206623051,0.6944590251643769,0.6658610054236163
219152_18,0.4035204554804981,0.39404792340403727,0.3941538882936309,0.36899495852008085
220432_10,0.6664070838721524,0.6576293065726605,0.6485355395947057,0.6183101773425977
220435_11,0.2724461435920597,0.26893800051979083,0.2626512350975621,0.24715180194159128
220435_9,0.890562572844343,0.8692952471955957,0.8682043953719375,0.8419097176181957
220613_2,0.31470417912143495,0.3144749329894592,0.309245962162317,0.2716614523033605
220613_34,0.031129249799745184,0.02714604834086513,0.010717736992811104,0.003454332407416647
220613_48,0.35651853612347223,0.3499123752218747,0.35239108072455944,0.3286884492180202
221506_27,0.021867183587619892,0.0072867176416341675,0.012596208115347889,0.0
222975_33,21.112368502886106,21.934303626773538,21.54756614524617,20.873564641463712
223068_11,0.522084718109504,0.5551844019133184,0.49671219027325847,0.4808270087468894
223136_7,2.7933447241308165,2.7473042274320214,2.7357296927402177,2.6840322657494613
223434_25,0.5289802029834728,0.5328023939096621,0.532466491941224,0.4587827091693743
223434_26,0.4270932010243018,0.43296810952961234,0.41867015321328066,0.404695718249324
223463_38,0.6832417766139675,0.6709402871491043,0.6602008543966339,0.6219871611285971
226126_50,0.5806530169270394,0.5807791037901721,0.5804449450328951,0.5701899913202645
227728_13,2.2697090807377767,2.2851809962399336,2.2867137510244224,2.2425439783337326
229368_38,0.8049868398323357,0.7937234411999396,0.796306219408648,0.7679397281133307
246052_51,48.22122885670484,47.40081215225675,46.593823820535704,44.989276228876896
246052_8,2.5245898895871997,2.5237635819888316,2.461295928474281,2.3568105441839484
252698_1,0.44250640582083706,0.4387869210017867,0.4477402398856833,0.4339478945509978
252972_45,0.20087640273179852,0.19886648119636177,0.2032597960546861,0.19289493458898344
253103_2,1.0563422862958165,1.0388034815764249,1.0425338763805116,1.0164415100161666
253103_32,1.120414820480957,1.1222063631604378,1.1339072206675609,1.0541526603500062
255161_51,0.33252560187645264,0.3323574627817873,0.3217228244280695,0.2904424547409215
255198_31,2.2101233781310183,2.218369452049792,2.0091288234947675,1.8760579295595818
255202_45,2.0297336326492927,2.0262838313630174,2.014460549627462,1.8564171372155178
257847_38,0.4853358979328843,0.46587151767278384,0.44263031793993707,0.40756926592593046
257848_12,4.024683276310827,4.138233747092532,3.990663094538549,3.8692546197252145
257848_14,2.459398015684909,2.361635648882771,2.376130297688792,2.272731473710455
257848_18,1.066667716554292,1.0640015856725682,1.066190787955157,0.9792471284405119
258268_1,0.3752387454787973,0.3657769721340416,0.3672252951479377,0.3376895599732841
258268_37,0.09501878219667448,0.09640350823320387,0.08778338088662674,0.06500029487776143
258395_12,0.8710824432062356,0.84445015775785,0.8450774664216163,0.8299696810600347
258395_19,0.4977697680259608,0.4925457972103337,0.4898732435827997,0.4802327127027564
260669_40,0.614704856968352,0.6059747495034672,0.5927193672502108,0.5172534118877136
260669_8,1.0970325472852551,1.0830901010733616,1.095888139256761,1.0636643503874135
260893_46,2.5279365976035715,2.510619665826908,2.5815883631334025,2.3624665388364288
260893_47,2.1899090461084487,2.156873979791708,2.145768689339777,2.022871202257311
261053_4,0.6434730432733551,0.6402154637509191,0.6401468656083578,0.5992562855743112
261700_31,0.16219886708734924,0.16198663096611307,0.1621615993083819,0.15245616255857222
261700_38,0.8674108118551943,0.8543295060051156,0.8608949434125003,0.8344508366138065
262358_4,0.3445680057655512,0.3523721948872885,0.3473403064116894,0.29345886050298436
263583_25,0.6973074059648225,0.6970483309587238,0.6949797861954395,0.6573383568399332
264299_40,4.752954292794892,4.762985726903935,4.8470117992024315,4.685788424416107
264300_4,3.5152770249601795,3.7421566793198076,3.6109341144950764,2.8776765861706672
264751_27,1.1959082233102096,1.184110323390576,1.2385149743110682,1.104812359203794
264751_7,3.56078440958388,3.3884772671822865,3.3711957427275503,3.326682814288572
264752_51,0.29289444919414226,0.2940591274944155,0.2925085472466016,0.28587887669617607
265266_25,0.35749651968510543,0.36671670305710347,0.3681585502031946,0.32524211333812025
265672_25,0.20714244948775454,0.20294490243515007,0.2564537311484251,0.13184158861223214
265700_34,0.8197472879344908,0.7272239750819915,0.7167920472494487,0.6601064415998791
265700_41,1.007944756185614,1.0020807413981878,1.0032465282940444,0.920314880042226
265700_5,1.0624318450376007,1.0686790723152753,1.0719408255212939,1.0358140938269542
268443_4,2.068394457961444,2.1224898008058033,2.1126059724861306,1.9219507909705378
268662_44,5.594621931589894,5.588372190435561,5.427006297882296,5.371590458760359
268664_8,0.8222582945871473,0.8169124576211887,0.8027724795193794,0.7859035993579462
268676_40,1.568680695806257,1.5557873371761548,1.6054389680117802,1.5166710825235945
268676_45,0.5765875392278242,0.5783740263060447,0.580818637863856,0.5254122121479122
269036_4,1.981886484455526,1.9473862311975194,1.9850217541816724,1.79370148065488
269036_40,57.69678215969416,57.25932486820333,57.298709662598974,56.88790366264518
269084_23,6.919093521538405,6.783870608809692,6.7683217990676035,6.738726020059377
269084_4,0.7634312041799808,0.7531654813483185,0.761517909540195,0.7212005255291151
270522_1,0.516949429909452,0.5061232500609368,0.5171970550437331,0.4817427260196703
270522_40,0.043449478201818624,0.026556211724311597,0.036127381462247976,0.01415021871522616
273528_11,0.14491477531120683,0.14432041390446612,0.14707220033480123,0.1358846099062185
273528_32,0.19056839878908952,0.19677762689615297,0.19014336935420506,0.16661735257185653
275823_37,2.3790947913503504,2.319097141214856,2.310783281155614,2.218251382031807
275823_51,1.8567664647841486,1.8359334724106258,1.8193897236888399,1.7625367075036393
276560_2,0.46379130339043156,0.5191630605845318,0.4693147287766373,0.4134816276191913
276560_27,0.6502883132644394,0.6574795746751886,0.6405354762657601,0.5888278554196834
279125_15,2.847359306190023,2.700239734135399,2.6908310061800624,2.5139915402964217
279125_34,0.9818898813327251,0.9836398267845153,1.000179343889106,0.9231186932950574
279157_23,0.7372997611836056,0.7480334016485051,0.7453714262899954,0.7018233476806474
279157_50,0.43271152314756334,0.4501164448305603,0.42464990989535445,0.3559316868880744
302824_18,95.32765144593532,95.33626669047862,95.30621003521516,95.17469097790358
302952_34,0.5505385851168156,0.5413642571830735,0.5486883247137758,0.5257033538160497
302952_51,0.4529550722643248,0.439890284602724,0.4459996569561162,0.4237395109556444
305079_46,0.5280897443176258,0.5246834088320433,0.5358533298816299,0.4975242538756776
305081_6,0.33045003757973024,0.3271791288659567,0.32613482951676215,0.29074434264395144
305227_25,1.2837175407860582,1.2878111650128965,1.2792863469860134,1.2198008279241839
305237_10,1.0852382726809464,1.069898550918309,1.126803542853845,0.9783113861381124
305344_34,0.7179147339525075,0.6524785659114495,0.6465853885621706,0.6146503946782627
308726_18,0.6981854250023559,0.6337313221114901,0.6398720165650075,0.5790014247792186
308726_51,0.2535434950172533,0.2536972086739924,0.2519557536343032,0.24384432937995235
308766_12,0.9164999790433935,0.9026825144590563,0.9225962322921452,0.859879829470113
308924_13,0.7211248838192148,0.6978673488870935,0.6990566015104531,0.6460238699757076
310671_14,0.8613051168175282,0.8481479177535854,0.8390352829794808,0.7975681132331404
311954_40,1.002735068090593,0.9596396305073643,0.9741287668159305,0.9384282943500878
311954_54,1.5419814370144775,1.4947326454772865,1.5066481927684432,1.449431524279811
311994_47,0.05454666050879756,0.054697454640128436,0.0539261571422808,0.05354923601581326
312113_48,0.6111399853641407,0.6034360474929856,0.6070061885650855,0.5932944190858301
312317_35,0.46317068728841737,0.4711737662118367,0.47580711931409675,0.4375651300545081
312596_37,1.3121679684346534,1.3037189368338238,1.3147168754626983,1.263772115997061
312596_51,1.474182735405386,1.4801907807118804,1.4655314331289298,1.4278119512155947
314880_38,0.30444903869990364,0.29883060452980686,0.28496670639191357,0.25801015507825303
314881_32,0.2125940178689406,0.2178967025992126,0.2118575572197374,0.19390154539047666
315179_51,0.22804802186382248,0.22805237129843048,0.22268369289293954,0.20617732039311
315179_9,0.8747609517563982,0.8668313989494142,0.8428516805878014,0.792162029945411
315180_3,0.5572662381972985,0.5424354819722146,0.5218254336883187,0.48332467601733936
315220_4,0.41565549139029784,0.41433506290363264,0.41346307003514277,0.40429534872472606
315221_1,0.24860788042664836,0.23413766742059583,0.2376101415789751,0.2220089838920519
315221_39,1.003136046635085,1.0376929821725598,1.01434196430261,0.9776771122788636
315279_35,8.736846458272053,8.693203825578502,8.517947663968728,8.422049786323774
315279_9,13.446797891597654,12.585509783278104,12.474213469838729,12.418981519102532
315320_6,0.9902955850669867,0.9501705193761177,0.9640598439991512,0.8934930531213029
315322_51,0.13868164083539222,0.1470198478468706,0.11556643741921778,0.08855732011888207
315460_43,1.2468330339749694,1.2473885792160997,1.2605086275641766,1.2266162159552179
315463_16,2.81696522496901,2.7442572027689587,2.709261452933115,2.560217169146974
315463_9,2.0538954203632596,2.284180110874058,2.0830250017914174,1.7922690205637142
315712_38,0.5122985251913522,0.5251932861823188,0.5148941779700937,0.4944927743453012
315713_34,1.0930712438269106,1.1070010813085918,1.110121934786215,1.0515288313485078
318932_12,0.4415172418016393,0.4335431909702577,0.4409385930549734,0.41750764066456864
318932_4,0.021867183587619892,0.0002225423637633485,0.012596208115347889,0.0
318932_7,0.021867183556116224,0.007965543422181635,0.012596208078857684,0.0
318935_51,0.7907707678631858,0.8032750868582879,0.7871308335381051,0.7336308837678494
319093_54,2.2442513519926783,2.2324234651383614,2.1843517944246185,2.0991181980115172
319094_44,0.1738756410913501,0.172902219306681,0.1738685417354973,0.1654717336220398
320681_11,0.38104734814222313,0.3741164143890086,0.37818791844176136,0.3423159621960541
320682_15,0.105924813459837,0.1051537928012971,0.10413808543031654,0.09943641104562816
321798_48,0.510082551563234,0.507382205975097,0.5071564103743721,0.47470279952792876
322094_12,0.756055621913434,0.7535348723089682,0.7536635505273918,0.7328583781732544
322094_28,0.7991314817334976,0.7737653723441683,0.7778896061551861,0.7159634057641684
322095_1,1.0443752450712414,1.035062679564508,1.050004422690695,1.0047576772469942
323217_46,0.8701570141924577,0.8731178177669613,0.8884622316618365,0.8272583121022498
323227_47,12.682582143711139,12.17067540490982,12.359850985264245,12.048189768389319
323227_8,0.809551003164389,0.8183038148120035,0.8266620152814274,0.7791113068510408
324206_28,1.5567609676864462,1.5381084031291028,1.5409966826691457,1.4901033308674052
324206_44,1.4203140910595096,1.3951715774688855,1.3889923605220733,1.3445370492190205
326951_17,0.48366643279307325,0.48194514254548254,0.4772977979841487,0.44446563765200214
326951_43,0.9107391351311004,0.8827502516233275,0.8784205832101959,0.8352722248890627
329070_34,0.47206062482252203,0.46765110938700166,0.46992518092915186,0.4400011921274927
329071_16,0.8059813271697754,0.8094593123273671,0.816511126452359,0.75066674212575
329071_8,3.4021491436130677,3.431923688956672,3.505738008404578,3.0662910460121395
329365_31,4.213600542354275,4.183139461502233,4.259028316916377,3.5853743255296417
346065_47,5.1368508582878,5.1182568771637955,4.950842905080331,3.839465143893316
346066_24,3.0601726256893027,2.9485644785557383,2.9488413198630195,2.851129255678499
346066_41,12.88354190828509,13.050221438343579,12.876362749829056,12.477247741161376
346406_6,2.5373749245254333,2.5073516096066992,2.4196099460313523,2.3499538505043933
352513_30,0.5955641518427982,0.5944965910573874,0.5946388163223946,0.5747205149331642
354918_14,1.071419229075737,1.0597823404924296,1.0648521368956199,1.0304291463386377
354918_35,1.7300802072948516,1.6685331502634966,1.7006836825159384,1.5899815293677022
357962_40,0.18161816346588655,0.1748779260589147,0.1775983328862765,0.16735978007109584
357963_1,0.5051327576873118,0.5055666522198932,0.5091495182755262,0.49630678090475344
357996_26,0.022451610530430516,0.009500537017821374,0.010416089084760416,0.0
357996_39,0.3661212311796193,0.36402713911902146,0.3611194335090591,0.3428815582193531
357996_7,0.42273716457294014,0.41644172302592314,0.42286671461213615,0.3762219836285449
358096_26,0.7075176733968506,0.685576959525738,0.6901720214660118,0.661714929933413
358134_18,0.4490617479289758,0.42431829105035795,0.41937352544899614,0.33871756642719175
358231_31,0.23145920860233696,0.23166148151953428,0.232396698471086,0.22078172191562775
358232_39,0.24064506115169973,0.2377660686548114,0.24054655473281897,0.21795747983699487
360314_7,0.3223058903879936,0.3198148163252492,0.3189602899928363,0.2954196443882963
360703_1,0.5275821691746994,0.547029880505789,0.5607218194624181,0.47760040000169796
360705_43,0.5871256851746863,0.5860674055884512,0.5789539660827513,0.5656611113230966
361502_32,0.37151804192955457,0.40229638457765565,0.36818236702216495,0.3396500558655784
361502_37,0.26299660827173904,0.2625347896210167,0.2619802818420191,0.25150852988596606
361502_5,0.3951336242958557,0.38162286225928327,0.3749182752256166,0.3450753721876378
362548_13,0.5311396816511581,0.5249002667348094,0.5259800794518058,0.488183822906515
362548_54,3.594067638674393,3.377405615888735,3.5177150106804285,3.216038330670022
364413_12,0.18327248742201027,0.18212315893172834,0.18367660096075034,0.1746968491077222
364606_18,0.5684930091110373,0.5991809963892895,0.5961081380298975,0.41058608586073514
364606_39,0.3068029805729124,0.3044031741773208,0.30455029858276944,0.2765172540420761
364724_3,1.117800476484393,1.0959419373824932,1.0952422967383757,1.051120157855775
364829_11,0.7568779841217806,0.7614013354116094,0.7569461024353402,0.7152842808167351
364832_33,0.3312135450414119,0.3283122500932937,0.3128746176938573,0.29129267821757376
364865_24,169.36027752380713,160.30449831753825,160.23393563362535,159.9218233154362
364865_45,0.5996864417929044,0.5705219411360777,0.5791164158082763,0.4264533957257322
365138_44,0.9303844267105147,0.9438745805170181,0.9372440917636086,0.8357380750549416
365139_3,1.6525338434749208,1.5764970411020232,1.5675720532932227,1.4771400563732762
365264_40,1.1837325742534388,1.1545643996239778,1.182763860773624,1.0734203683396173
365264_6,0.18078326942312997,0.18314003696522071,0.18599604612478107,0.17258702705014425
368140_7,1.0167323325318296,0.9857943989377026,0.9995743768727415,0.9520221685716611
368260_40,0.22003524439096564,0.2238152270534448,0.2176639661960362,0.21119680583546055
368260_43,0.7765814977029925,0.7482160369644801,0.7647920337464985,0.7132749601010872
368424_38,0.3898422049584054,0.37290836448480175,0.36510700829806675,0.3275206661706766
368624_9,0.4338623102480427,0.42174665821395824,0.4291907672682806,0.3943147967758145
369432_39,1.9272587630673053,1.8847378029828719,1.893073426945324,1.8225381854733165
371130_11,0.4360144673103783,0.4479797930432683,0.4381615373636319,0.4044982785776919
371130_49,0.2197972483763293,0.21966342588379248,0.22192780131197265,0.20605203817240988
371437_2,0.28533111376514153,0.26734037129111715,0.28373633960270295,0.2495057956305183
371437_4,0.3480244969306368,0.37456927170049825,0.3466065888417067,0.3212913039802469
371437_8,0.924218352388217,0.9209110764426738,0.9185220151653347,0.8641797562533312
371438_41,0.6534216281124096,0.6542122435655029,0.6604842471412963,0.6369839799468192
372924_38,0.522867931369736,0.5213541080549601,0.5301958598000706,0.4917589247948189
373152_25,3.710664024989089,3.7280262324335336,3.6967637690980086,3.520779699389726
373152_37,0.8283109694658607,0.8297333705025901,0.8241425333846891,0.7921151136572023
374464_24,0.610361755382722,0.5949035785978102,0.5954281516721679,0.5607641685011084
376427_44,0.117232357720583,0.1144132022576038,0.11518176532354135,0.1116614474071917
378330_19,2.4746779972782726,2.357086521310751,2.3775357148972187,2.1920043564939973
378332_47,1.2162027691750121,1.194306697785571,1.1981180845129444,1.1438494850974146
378685_19,13.56497680473401,13.090414026885774,13.79844114324625,12.0883872024763
378685_33,2.0820866364007604,2.062570334754652,2.097529895895881,1.9752406275707157
401817_44,0.10684093099138099,0.10709090130481619,0.10676858327173018,0.10193519510904865
402136_1,0.8151342234432027,0.8121885088151028,0.8042744373634028,0.7810255699738656
402136_3,0.3174636768689703,0.3129479008079505,0.3122126549650097,0.2997022446203433
402136_46,2.2134014237984263,2.288077070290867,2.1804404536316855,2.1305953317232134
402174_6,1.642043603077398,1.6612662286931734,1.5994078595093326,1.536717884497434
402175_54,0.2706376302159878,0.29015268606053846,0.2855254089320484,0.24491910842615908
402299_47,0.6202537072333759,0.6392081110743127,0.6229756434347967,0.5749476915395895
402299_8,0.8225890275507218,0.8252148572528206,0.8089456988860096,0.7527346947826096
404332_31,1.2043041640382464,1.2053109749265198,1.1975027006144987,1.1454543475603418
404333_12,1.1726702197230838,1.1212062348908984,1.1460639776343033,1.0232551131895622
404442_26,5.835842803853622,5.002794203430805,5.061851638392929,4.901985151742988
405304_26,0.36242315013752907,0.37846392049312466,0.36108587228819194,0.33677450054181896
405304_31,0.4392370706681182,0.4423814548401776,0.44218327251446926,0.41122946023817236
407499_26,0.36424372302158914,0.3686939332520462,0.3715864563398878,0.345662824251377
407500_35,1.8051612554739325,1.7951319792575025,1.7767090352939892,1.647854968063202
407500_39,0.39815317013090085,0.39470597468698476,0.3955316969593399,0.35464750320452443
407533_37,0.3953035356609444,0.40218473653947195,0.40051895514907493,0.35047420012198627
410866_30,1.0631687090822461,1.0672557871162391,1.0741141728832722,0.9707002880703249
411487_23,1.618657601969798,1.6318893680284123,1.7410510209712229,1.5092618478481088
411555_26,3.152151614485296,3.0760918327847775,3.072315953851282,2.9739638781658226
411557_25,1.6025215369660586,1.609196422729496,1.5589507958637079,1.4914316010804418
413557_28,1.6485146429425015,1.597234127713475,1.5945376963453342,1.5445788166748455
414305_14,0.7535229826069035,0.778454112048343,0.7807346629185957,0.6774458123804443
414353_27,0.23379498243408392,0.23523970499152747,0.23446344657813112,0.22721918335175076
414354_10,0.7837634204630269,0.7685083759352002,0.7661475905822658,0.7295579501510562
414620_39,1.2947860026045304,1.3090762529980524,1.3375283588663054,1.2583171472347345
414620_6,0.2666682394004117,0.2693270295977246,0.26347611589641134,0.24731015826156288
414750_50,0.22396249180582964,0.21905806035914913,0.21686180508253675,0.2057132023630003
414752_16,0.4789125529229478,0.4785390489776158,0.4779909863849426,0.4476435439019266
416252_50,0.13475672999361887,0.12004977058347295,0.13045822412746652,0.1075219614022941
417763_32,0.3686897131388533,0.3663570018849039,0.37071790639341756,0.334691419057116
417765_23,0.7332777283821579,0.7357643214498252,0.7262762660842149,0.6876376365251297
417765_4,0.305296073111282,0.29868599927950895,0.3008162500727987,0.28977531890057356
417765_50,0.40244883676447857,0.39133355316179097,0.39284893003061344,0.35750227176121924
417835_10,5.950502830925328,5.879959884502352,5.782108333338577,5.583060469554021
417835_12,11.806751954966897,11.488342245237058,11.715610846625863,11.236188093197919
418024_47,0.5951035910301398,0.5686985984125222,0.5779527425653134,0.45808776601089324
418024_49,1.5769994300108132,1.5278806657636406,1.5606149316064937,1.463992750496092
418026_33,0.44982186806155694,0.46124353237536525,0.4504968536676943,0.42471629011929307
418235_50,0.547668191311406,0.5382603383171883,0.5417853470939312,0.5022370886608497
420720_25,0.6763213912811047,0.6742713668489456,0.7158162408922877,0.5933764590180218
421066_7,1.0636796687299725,1.056957481629217,1.062197461855661,0.9974858936398681
422452_12,1.7598588580264494,1.7528194207757597,1.7545954371237766,1.7196961901699621
422452_38,0.9797594728944139,0.9651057447207979,0.9430121946834243,0.8947742834418883
428054_38,0.6490741811965357,0.6577657415225198,0.6610106938742056,0.6280093782796919
428488_47,1.405085499128303,1.3620999695971292,1.3702524567005991,1.2471486356932915
452022_31,1.0759839521004553,1.003923510807965,0.9724944059277864,0.9068964195201435
452022_5,2.9489475091389736,2.9418051687553315,2.942569857987238,2.8763593141569337
452078_14,0.6399812673061452,0.6163642056281963,0.6223136810946079,0.6009003199392627
452078_30,0.9434034121474868,0.9370833691149899,0.9498013546429145,0.8988247479525916
452079_13,1.6202571843621474,1.5776919758302335,1.6419428642789426,1.497723892972324
452212_40,0.08883058603385548,0.07685221253363685,0.09496474183124315,0.06620881539655199
454326_48,0.28258784870394055,0.2783925884977146,0.2786491194502014,0.25896531408135454
454414_54,0.7302445769283735,0.7244713780830181,0.7223066456125595,0.6878948098001563
454416_11,1.013456193682498,0.4828144599305819,0.42297130721864856,0.3999124389492754
454426_43,1.7002217078231856,1.6490005823642255,1.6750685078733711,1.560652837408516
454426_6,52.07175922375759,54.33035041370255,54.992183150098164,51.8692594835532
454593_46,0.5485620395796773,0.5453138717506202,0.5408713538682947,0.5162401227170687
456870_32,1.81377003637642,1.810676946548404,1.7975013320396032,1.7666182276769027
456875_18,0.8248492191488191,0.9115450298829163,0.8891656858914582,0.7023242074071315
456875_19,0.48644916626910484,0.4640307432428004,0.46080620769715347,0.39762289604890655
457425_50,1.0322172297401024,1.0272422156014087,1.0276688382220773,0.9914971892538014
457425_6,0.39126034515532354,0.39253923901642906,0.39189738598823526,0.3791329805928263
457471_26,1.070481652654244,1.063186603569284,1.0484005161394645,1.0113426597324764
457727_3,0.5802052672975698,0.5736972450649719,0.569387729322504,0.5296839178786339
457727_6,0.48602954403574755,0.48264324497392525,0.4828883324752527,0.47030009831995506
457928_44,0.19251436010152415,0.1925507122517035,0.19292572664434504,0.1780016046638522
458029_27,2.1264100084643167,2.1208457588418606,2.1999017911997027,1.9142417436439443
459801_23,0.5812811879357241,0.5804287594001349,0.5903551241165776,0.5665083092351054
459801_38,0.34739883987430525,0.3464001849083058,0.35221900691036884,0.3324712177893239
459801_39,0.8785074309148128,0.8835333754970333,0.8869552926647812,0.8574365683475259
461432_26,0.35378118830777466,0.35512186109390304,0.3606925157573437,0.3207306158481387
461752_8,0.021867183587619892,0.0018042054047482544,0.012596208115347889,0.0
462673_10,0.7102794708704233,0.6981753461905224,0.7144181401051691,0.6725060750484676
462673_34,2.1250013208357372,2.1256897295845247,2.132412799562968,2.02412988680159
463458_47,0.3373951378890681,0.3456410979604931,0.3401462640213912,0.3066630996316196
463598_4,0.7350805591375832,0.7292051974004067,0.7327362349861866,0.6823980910904118
463816_35,0.06247794367245013,0.04455420259078618,0.04687863891839736,0.03934087671941909
463816_41,0.31751411823033354,0.3141316261467974,0.32826851016087816,0.2907090667687262
463816_9,0.6383859340761754,0.6386423904518091,0.6381286439077104,0.6249537028951541
464263_17,0.5853148210436969,0.5406502575292677,0.4941388517503767,0.3853636154477929
464263_30,1.022595551810033,1.0627023799874802,1.0486063163899775,0.8811093861455174
464263_5,0.12094526980167204,0.12078638273922622,0.11054484592880048,0.0775550991025687
464334_28,1.8875311520223332,1.8957738125065038,1.8957549094362358,1.8010132662742624
464334_44,0.3071954306360292,0.289796756773299,0.29287899690412733,0.2643421405942946
464336_26,0.6592636550160066,0.6659056267745899,0.6517838241070537,0.5742830651295688
464336_30,1.2909776106666813,1.218008704749599,1.2236585028869318,1.1376966885483066
464336_54,4.54216923244827,4.365037998920163,4.761593143961993,4.278305672999367
464339_51,0.5072758403476231,0.5022904797645708,0.5059969987230925,0.45756956359603956
464536_37,0.1894111699638342,0.19007562191178504,0.187382216273529,0.1760587525787185
464907_14,0.5837331573288691,0.6011336597598349,0.599599893828254,0.5593638227591486
467808_16,0.25161584371139006,0.23019833474550597,0.22919447599871648,0.1987462418588886
467887_32,1.3237441845767008,1.3455971638018909,1.3183985191371497,1.2581489008414202
468058_48,0.3099041345483667,0.309374597900102,0.3105472577790302,0.30298448470419964
470624_23,0.030414793121164917,0.010094499350104567,0.02421989173551124,0.00019170526466149394
470625_39,0.8069064928980496,0.8003005752181708,0.7987020764291447,0.7789830209216045
470760_44,2.5611110586762003,2.497748861828763,2.487202408194486,2.388686243796189
470762_10,1.5772631147300153,1.5753039094027148,1.5849934756473258,1.5281886994702447
471980_16,0.18663545962622563,0.19399185534732877,0.19461540401447255,0.17080753630433398
472314_34,0.9273963767603894,0.9380532243089741,0.922582478277374,0.8670935986651767
472526_24,0.5061171758664634,0.5070662886122093,0.49103997687070255,0.4621514254654339
472645_49,0.6337922069327092,0.6317536611572088,0.6308988290424178,0.5791329986776427
472645_51,0.5623580202251255,0.5635351329245949,0.5678110270191931,0.5470484642442343
472658_24,0.9440107852887275,0.9147050543511028,0.9157081236850795,0.8483002457218506
472658_50,0.43237380071069165,0.4315901870522196,0.43407542967371865,0.4079371032485362
476261_44,0.2950171038412011,0.2952305498601832,0.2955276026198515,0.28048118391589855
476707_2,1.4118704249549625,1.4103602273486497,1.4142751799320408,1.388602237682545
502182_50,2.435290544031156,2.447048042493017,2.3967820640722626,2.3220954434793026
502224_5,0.22946144213538303,0.2191394804502529,0.22293503627903685,0.1823031568360288
502224_51,70.37278212159863,69.12046544975546,69.04768598756154,68.99824621106103
502227_18,14.149193870602913,13.171034642921361,13.208247547664806,13.017275735503617
502230_16,1.8091167765281055,1.796168402267652,1.8134583087807414,1.6915702459558506
502230_32,69.78123787830971,68.35927351551426,68.33913384692697,68.20097249065988
502331_11,0.15342729142340553,0.15774884754510485,0.15951057875022107,0.1458772996946656
504457_39,10.707344793181008,10.332064192449915,10.269802623389053,10.109220472016661
506717_48,0.46050654995973755,0.4599956779979551,0.45802522006605817,0.4351706844019601
507354_51,0.6901727085514783,0.6880119180918561,0.6947998353520783,0.6713172823593753
507457_54,0.7874410388714429,0.7948183959593331,0.7772813922494276,0.7635611502786204
507927_15,4.561735218063041,4.559773221805649,4.4534434621944925,4.270065622148709
507958_2,0.9457416169472829,0.9373447928299173,1.0067836114427742,0.9053553742664299
507969_24,0.221447886251785,0.21799680978908598,0.21734458314288016,0.19415310190357737
507969_26,0.13917548218353715,0.142118135044626,0.13681133559602696,0.11606094705090353
507969_27,0.18149858642181663,0.18112140778632368,0.17563602698837089,0.15530053579534922
508947_34,1.933052706037305,1.940394538537988,1.9236826654252805,1.8527913218070176
509877_46,0.08570820768393565,0.06856457378129095,0.11746355889762645,0.05657890367465846
509877_51,0.30775387018078193,0.3080501963518812,0.30207255070945577,0.2727045090987457
511172_10,1.027892517314803,1.0240024621578228,1.0127041853948213,0.9808661275056485
511172_15,2.185901061070083,2.2439638668841577,2.1606719024538172,2.0472327329938134
511172_23,1.7438797229239362,1.706570623578881,1.7104892688153803,1.6341589085720793
511172_8,3.9165881019902398,3.9099865768510544,3.8960687524571767,3.5992869688185265
511397_51,2.632418271147333,2.6118148405501542,2.6350283328724236,2.5230382606327337
513379_47,0.7169555981118295,0.7661692243956323,0.7046698680347191,0.6337175845455413
513379_5,0.8122370134940405,0.7600601873774112,0.7940459283110005,0.7119772107099912
513853_50,0.7757821101594375,0.774449632897873,0.7707162042128037,0.7447687948637857
514149_10,0.9926775814268544,0.9902044485877385,0.993647296789019,0.9353279213934859
514149_51,0.09163112973153863,0.09736149979593776,0.08663037940346398,0.07034927537551207
514445_39,0.884750766851568,0.8897414324885752,0.9044157227228381,0.8490825411705171
514445_9,1.4085704418078608,1.4055459972050661,1.3548702607643757,1.310517886720341
514597_23,0.669051718053423,0.6635750993562041,0.6754742431784639,0.6123882938489659
514729_2,0.6729402136446033,0.6192602386364106,0.6251537729303887,0.5603706735770851
514729_23,0.5011230621996572,0.5008202228649475,0.49960299129112845,0.47277036313372295
514730_33,0.691296461257289,0.6798679783518847,0.6809236445171738,0.6477628041263314
514757_30,0.05010410821666525,0.04074563845840449,0.04056985737076404,0.024110141769492777
517903_51,0.3574204580221987,0.35533690592093237,0.37239159858085474,0.33849156366477384
517904_43,1.0406478650669502,1.0081749687258903,1.0182310196513136,0.9559674184061655
517905_23,0.47911175248400756,0.477118578509319,0.47814529894199564,0.4727778503199622
517906_39,1.4016360716144558,1.3762079022502949,1.3813711062887604,1.308775220898076
517906_43,0.99082001961783,1.0058879576010138,0.9946575241194365,0.9471626627685242
518091_28,8.265449936205078,8.475469903397935,8.064570855739978,7.827048551597501
518091_4,2.8183712832206207,2.6714922631034397,2.4982856184469604,2.3168649215776997
518094_3,0.43066299466568186,0.41236885839465204,0.42125825854105137,0.3854391844819543
521818_30,0.6815107618187376,0.6409345390771709,0.6429804743591739,0.6073108681989791
522383_25,0.8395360937385549,0.8457242573664338,0.8523515784650258,0.7709009421337228
522721_34,0.7255384489280944,0.7171140064106784,0.7132285285372912,0.6494364663222548
525887_13,0.6197083632901731,0.6343089663637859,0.6372318924006203,0.5932299590661284
554048_3,0.3728999217431739,0.36633966091020304,0.362838643026657,0.33400665571295085
554049_24,0.5933087504224448,0.5973529084915431,0.5814178317029688,0.5545695292880152
554144_15,1.1001612854967215,1.09990217162159,1.0996548234246346,1.062079061563604
554144_32,0.6295623093774513,0.5922399390380554,0.6046704091941871,0.5602707493604767
554152_46,11.221224764644445,10.939485937830002,10.904616447112188,10.811825438003256
557241_19,196.34985330421372,196.69249702726327,194.17270246488297,193.3860208882169
557256_28,0.3761807232227013,0.38470723069344914,0.3747348663708903,0.3660437255553007
557256_6,0.11384689580437535,0.11390464954283798,0.11338933126544888,0.10792990396131884
557286_11,0.021867183587619892,0.001059348075794969,0.012596208115347889,0.0
557305_7,0.3690020953407975,0.3681088610189014,0.37515643215280886,0.3416201072050787
557408_3,0.1694350803658077,0.16378748893406195,0.16423538135322865,0.14431981933296953
557408_48,0.5178044499846847,0.5098070747063798,0.5202023632915143,0.49236270829122414
557408_49,0.2589300288492146,0.24595755676871958,0.2556019392237185,0.2300148146387175
557810_10,0.5361680643983407,0.5376928819401917,0.5466859323391099,0.5115878787699663
557810_46,15.930990758255737,15.315780407575298,15.315728756544674,15.297407824892845
558730_3,0.23026760367521948,0.23190650993516684,0.2247197712291671,0.21161924553515124
559044_3,0.38118448406316446,0.3823276934765249,0.379415231457847,0.3650241524989611
559494_34,1.1178792048335546,1.118483346481254,1.1135127177103685,1.0477214830723638
559680_33,0.7929323160202366,0.7917861147652762,0.7838052894360513,0.6957768242734814
559682_2,0.7526608704213887,0.7424589295950091,0.743984876776142,0.6677907723502937
559682_39,1.529900798714096,1.548193787420878,1.5297820961721011,1.4833926853333603
559872_18,0.8233468962608806,0.8671485580866077,0.8177864446536965,0.7385782505812544
559873_31,4.969236527004793,4.80942745435705,4.8151339330703316,4.691240487994295
563654_25,2.0576776100027927,2.0653312722994346,2.0993538489463357,2.028767125140238
563966_38,0.36998044386915857,0.388876624741834,0.36579049829727134,0.3272257813468106
564110_10,0.2791392397701691,0.2831671780725937,0.2745080151613385,0.236690569801459
564287_41,0.7023562826964437,0.6976252839526246,0.6823564430978522,0.6476846670308787
564288_11,0.02187000606168815,0.009849336977978072,0.012600077195358968,0.0
564288_13,0.08397970365577449,0.07507855670397089,0.07523155526366863,0.06123504257694423
564288_3,0.9256589370816276,0.9707374505413043,0.9676632533691002,0.8945014677099974
564533_26,0.23457800406690413,0.2358196766148721,0.23352873078704275,0.21722439964196383
564533_30,1.0041444903537022,0.7784974152871463,0.7812062161316787,0.7591608034424572
567579_15,1.6405488095541882,1.6078799999227735,1.601956832259033,1.4916866463242184
567579_32,0.47487453952673264,0.47249154618552097,0.46962497479659854,0.4549751440814123
567623_1,0.5959619225752867,0.5914760428267783,0.5944059047295627,0.5679652624216226
567623_6,0.3472126879580801,0.3449663513432755,0.35013965020688625,0.3130586419094994
567644_11,2.3102388384748607,2.262832474225449,2.307671019726925,2.1586605223660107
567778_11,0.7169760229013745,0.7073838917825238,0.6934271306193424,0.6696723909190775
567778_13,1.181176582033439,1.1649440586494875,1.1883398469147306,1.141819496954411
567778_31,1.45437097307373,1.4216546896751268,1.4062019863182942,1.3059249588844313
567779_28,4.0154263352755,4.031457722311693,3.8772258300350746,3.8174528118560764
567787_8,0.2937701804808829,0.2919787811990692,0.29658203986518894,0.2826770121245639
568133_15,0.5602669882501291,0.5519773355254273,0.5502647155724093,0.5090040772501058
570869_46,0.6694612618532404,0.5884849677701787,0.5846508597541448,0.5617687660339967
570870_44,0.49864276697992077,0.5041804603599139,0.5070482686230837,0.47679334074539265
570870_5,0.23867799048441432,0.23416425547230746,0.23767997099759863,0.2117118701660837
570870_7,0.6593592389136534,0.6555632045125349,0.6607671361694244,0.6284808288691278
572838_2,1.0055622498684134,1.0062861267066792,0.9568792847196739,0.906494419204866
575630_54,0.021867183587619892,0.0004329955497478187,0.012596208115347889,0.0
575675_35,0.24738600424679616,0.23442602932434164,0.23532034472261146,0.16983032631086156
575863_24,0.21615929910227127,0.21670242678343443,0.21873126523467087,0.2003934008628133
575876_27,1.4964086601263287,1.4886085931912092,1.474230728307651,1.4039579296860323
575876_48,0.3909011252238736,0.39121864832780534,0.38545597464259035,0.3766571041320434
575876_49,0.7828973897954676,0.7848155398846526,0.7723351100192243,0.7317712005951904
577740_18,1.0262139734466342,1.0239943913261955,1.0325908517064635,0.9200661596469729
577741_14,0.6831719839118322,0.7042687677139096,0.7110046045634194,0.6427502350407829
577741_5,0.3327959846628206,0.3342537929920682,0.33687142200702475,0.3244057923532871
581078_38,0.0771134446384586,0.07673759773019062,0.07654044698892619,0.07343602865286011
581078_43,0.35948435868301964,0.3554057368723005,0.35443975009113204,0.33254274049314686
582864_6,0.18947905397988832,0.18466728093448673,0.1865105813308776,0.17628579651313966
583925_38,0.3157707100738372,0.31028985121639713,0.3217474700012622,0.2840935689014825
583927_7,7.562114191944062,6.971035931587214,7.113371902358286,6.59596786288941
583968_8,0.39993499582302766,0.40169230495367203,0.4025565157697594,0.3873058623669896
583977_31,1.2801994971447983,1.2591110419517568,1.3278580092694285,1.2160437157324588
583978_10,0.9506283694917995,0.9187515779322628,0.9139553809104216,0.8314767632619383
584028_45,0.09961134742624761,0.09892034835872081,0.098800108909199,0.0944326319619131
584030_10,0.14728924611554586,0.14885550482119803,0.14993147323565686,0.1378733616518163
584077_41,0.46772223254776324,0.45894291212112254,0.46420652468822365,0.43914659892397667
584078_23,0.19967837410273925,0.2064870234768903,0.20026621725001612,0.18387305389278188
584099_4,0.46555061526816405,0.4602443469680179,0.4643501565600523,0.43860696214378986
584099_45,0.15357728547998098,0.15567896891237668,0.15605325514104415,0.14527596593209793
584101_39,0.021867183587619892,0.00039427348525250295,0.012596208115347889,0.0
584129_39,0.27667919572652605,0.27183107810245716,0.26495666472505813,0.24357315637665286
584188_2,0.40684754383049,0.4024643637099102,0.40004248273212784,0.3864075953838724
584188_51,0.5028429613576201,0.4950538656446455,0.5078355710945494,0.4707954169624557
584246_2,99.51053140056229,123.16989621182148,119.9569015397103,96.49502775629851
586823_37,0.44714421775691643,0.44227220880517354,0.4430362025311994,0.4067140377307328
586824_13,1.0939041161208445,1.091607899329266,1.034609051400698,0.8590334178267406
586824_30,0.1098973216760087,0.09723955011342152,0.10270019488295817,0.07618633094235719
586911_24,1.138392566574408,1.1337106730837787,1.120475221087766,1.0553193801037253
586911_38,0.2946624994893032,0.3054888090001842,0.29899996824899255,0.26815658236612244
586967_3,1.1607847268768714,1.185821713304972,1.1441682831251727,0.9997345646204204
586969_9,0.555277571889656,0.564568326525832,0.5672774540719446,0.5133245682504101
587156_8,0.5654705615975606,0.5530782595697806,0.5558422567539073,0.5268622875843737
587157_35,0.2023846489967294,0.20507378191971667,0.1997936288722615,0.19329626953635826
587186_6,0.3168732485881344,0.32285437623597246,0.31012952488883844,0.28518479752084785
594045_18,0.3053649049442248,0.3217268116853959,0.31548533003556795,0.25371363660479135
594045_48,2.4674160374519234,2.3752337422988408,2.3556905430082296,2.3183605299584222
598492_5,6.80875636817845,6.5672443633195,6.423231792865084,5.619714808097837
617096_48,0.4329027772286553,0.43874752022028435,0.4350778824954931,0.41302586783654355
617103_2,0.38533683352020015,0.3750909687851252,0.3777012296747215,0.36628910918945684
617548_7,1.8644784411443578,1.846202736894169,1.84462141638768,1.781763504897819
617763_35,0.07787263778940694,0.05997963816527041,0.067500132350016,0.050132863364667685
617763_40,0.2601036757962402,0.2670215925281709,0.28159200525181177,0.2363909311241642
617763_41,0.5757718075863341,0.569569359991553,0.5637805123378855,0.5202381686615126
619965_23,0.4998047821508633,0.49734049634793015,0.4940947473683417,0.47872115864721804
621300_15,0.23587855057337226,0.23026501448260392,0.241538772028396,0.21596886821761008
622958_32,0.5482374646140077,0.5421309580562764,0.5541873375526767,0.5306433108387308
627885_6,0.911759914648215,0.9000690747892438,0.8889802874265657,0.8349273879995033
627887_8,3.5285433273517732,3.444943348161487,3.4118399760487574,3.3455598250256084
634054_41,0.6488424087515293,0.6456457062593222,0.6384231360863725,0.6088997010234753
638240_18,0.3867038521807204,0.38518979180485596,0.38671759573803066,0.3355501013474033
638240_19,0.5809860139087695,0.580315351540881,0.5757949544418314,0.5480694136699668
638240_27,0.5169651267337849,0.5241780968141913,0.5223745297854668,0.49480583917052917
638240_32,0.6791892498926483,0.6809843927059974,0.6792335496484779,0.6512034120051614
638296_30,0.18228970764160776,0.17399189440536622,0.17945487361579537,0.14668213814051054
638296_35,0.10336089557094452,0.09243550659907895,0.09466807948624471,0.08964793087342234
638308_17,1.7651228418403277,1.737624178642399,1.7770331358322082,1.6512818737426531
638308_44,0.3184981971516477,0.3103288502978637,0.31569653423549954,0.28843294536669806
638327_41,0.021867183587619892,0.00012317895476260634,0.012596208115347889,0.0
638977_35,71.50506487985079,68.48859916329367,68.94826566672002,68.40403332591514
638978_9,1.6001685911691175,1.5725845931674174,1.5332337281182271,1.4527682663940658
641042_38,0.2674116942312303,0.2649242151715229,0.2629801647054497,0.2302519964669482
641627_3,2.015019736871246,1.9981956316424219,2.002886506330778,1.9361275262624515
645294_3,0.501905312466795,0.49519252655859675,0.4909505657633817,0.4667618296826892
648313_33,0.3426830964522946,0.33054132965098737,0.32542942613222686,0.3022826238254375
648313_54,0.454758039009674,0.45037180837491064,0.4597132971566134,0.43311647881113763
651326_39,1.1892641879285921,1.2297808026152441,1.1969617358072144,0.9638997495677576
651326_49,2.016558525179622,1.9737989613650153,1.9786506818522136,1.906353974247187
651525_35,0.2539277714696581,0.2592222177683825,0.259148760718872,0.23251352548690565
655749_46,0.6664225187569892,0.6555860608804435,0.6574425199042877,0.5943881163086414
655840_10,0.03246220281928425,0.011391467241223738,0.02295149197077169,0.00788576562956334
658609_39,0.7310744847229581,0.7147868082150611,0.7250759221623689,0.6790141181726321
658609_51,2.6545524484787437,2.5402788918782284,2.538698470169289,2.3752329880497522
660320_11,0.14177536259668103,0.14116267665620877,0.13928974446022788,0.12906307317447374
660502_24,0.7392571887117958,0.7379676858582727,0.7428787918615093,0.7116825357369936
660503_1,0.5976268263743095,0.5983402333515767,0.5859982299715045,0.5567411595802836
663084_19,2.132123147638969,1.9785799364503307,2.0322933185123073,1.7482566233636856
664537_18,1.315450815306861,1.359402883777606,1.3149288147762714,1.1446527817368717
664537_28,1.1694280187727293,1.163594482910433,1.1840372858160377,1.0959180287949906
664539_10,0.9661385464314383,0.9628466202524004,0.9553867867856861,0.941154056900821
664539_48,0.2295038540943661,0.22808086319458584,0.2217871583809666,0.2129316745256439
664545_6,0.5537230040413067,0.5306427144389358,0.5357254648663801,0.5015317269516795
668754_25,2.1017483789783094,2.0718807542847695,2.1347324530349896,1.9783679316474378
671039_3,0.38013945189939985,0.3777556175292262,0.39322185629553746,0.3505508608397185
671051_49,0.8232320984785367,0.8151262351289997,0.8143613429614508,0.7576751285184117
671055_18,1.869720202983352,1.8859091502097647,1.9213809067829368,1.567480446089247
671062_54,0.7641302121296433,0.762326143620773,0.7613913871947596,0.7350738801946374
671062_6,0.15940391685567343,0.15885586754836087,0.1529339076944081,0.13541163039447837
671066_54,0.3486180285891434,0.34252307513343544,0.3466074180122431,0.31772835047081593
671068_26,0.9657268626220331,0.9812647503625168,0.9718174011431544,0.9090552636916591
671068_5,0.021867183587619892,0.006625507270654072,0.012596208115347889,0.0
671076_28,0.7279848438200281,0.7292841910612228,0.7335043014931104,0.7088728128234633
671079_47,0.34086906540992845,0.33821356738734076,0.33397143701936205,0.31602269867207017
671079_49,0.5923502190212758,0.5877351026791299,0.582320357534769,0.5428991669382047
671684_25,1.1700740120558277,1.1736970784326128,1.1778524015557672,1.1317927786931523
671699_48,1.1424298255316911,1.141056969551266,1.1250590919388668,1.0973862108636459
671706_47,0.40458118514799163,0.4062093138436392,0.40819689009674937,0.3733893830244915
671708_45,1.0503928935804743,1.0303995647590185,1.0276982159929744,1.0101556620149499
673306_49,1.117866272177871,1.0647842620366814,1.0811128075944796,0.9704985537541786
673415_18,2.860729868296515,2.992492229114923,3.0412346643759753,2.4846129195047535
673496_41,0.34241687937302556,0.3377043754338292,0.343530411141546,0.3212175226342449
675524_12,1.5632552523601297,1.560291068894896,1.5183024716979927,1.4446440137240828
679442_5,5.5583942854534305,5.253101142511819,5.262367967641068,5.122754151079232
679603_1,1.6664299849368032,1.6218242562934497,1.635217373677313,1.5897693742854395
682321_5,0.7041339615699268,0.7060226807426746,0.696127319614586,0.686211808655682
682884_7,4.5566916545490015,3.989080101151275,3.98335633153738,3.9352210725430474
683721_15,0.8198607749726317,0.8133513973251413,0.8134155491159563,0.7705969704076101
683721_26,62.50773751974459,54.98605413986319,55.03651346752353,54.91274537983699
683721_38,0.32155660378875356,0.3146309938549669,0.3143657031329757,0.29147802031895115
683722_32,0.17703426485132215,0.18775084615797868,0.1704257416845982,0.1559747012297199
686034_24,1.4628182493991015,1.5288731419094208,1.439025369262288,1.3775862151618725
686034_27,3.2027508255311865,2.2481079690968357,2.5775436878167572,1.9719419525259811
686035_4,1.7057266509542703,1.661201250553855,1.7070476288175174,1.5254425504969806
686036_54,0.574926053383236,0.5599361989868354,0.5666146803603519,0.5309778367133504
686036_8,0.7967189217101925,0.7702836518544265,0.7737681098314141,0.7587465617146227
687549_48,3.51256657528519,3.3538665551888083,3.4466378712622414,3.2670056943301033
688279_12,0.21503913391901672,0.202576826165726,0.2120937342072723,0.1937801360472909
688279_50,4.631391957300534,4.544454346957948,4.536390349044942,4.351365187074131
692106_51,1.1149792051156864,1.1201759289409174,1.1178966105945192,1.044673349388238
692531_11,0.35650454592981773,0.35775368928011786,0.36542479935764166,0.2818669512799305
692531_48,0.46640682451696014,0.4575601890105256,0.4784487575174358,0.3488908104977742
692537_16,0.42977329860606894,0.4277847226927598,0.42332603959979803,0.40128722148661855
696183_50,1.399008396432561,1.3730259794117436,1.38106133230589,1.3313142690812516
699688_11,1.8088561673907406,1.893273365218618,1.96050734437401,1.7398572513062025
699692_27,1.3226261571775568,1.3475828918806112,1.2974266518160082,1.2605434946448837
699703_4,0.667195855187857,0.7574375004861893,0.6647992838479904,0.590801975156397
700609_16,1.2915282711195122,1.2755931889107897,1.2909011929014462,1.1708173722645479
700609_31,1.1731621290706695,1.1645283224796343,1.1538754597099619,1.0790263029680442
700609_46,1.8245041098990769,1.81625153160721,1.7967892775668464,1.6911414863511816
716242_32,0.7227582959515534,0.7238785216277434,0.7103577932568039,0.6670233061568372
716245_54,0.33069078803462265,0.2862316015744963,0.30473758933229483,0.20634632014514087
716250_27,5.848643634756168,5.561734094823303,6.049927138238743,5.5082073340395725
723210_10,0.021867183587619892,0.0031982345689657303,0.012596208115347889,0.0
724359_16,0.8024008717929823,0.8165851105061807,1.0177424156024886,0.7684698679832631
724360_14,0.8820556587535413,0.8431324771656902,0.8515843224773564,0.8334246698977769
729337_37,0.22903734160443004,0.23744969231107568,0.23955957408620376,0.1890133255042011
729337_8,0.30250849754592873,0.30468064996310174,0.3043292874884264,0.2790821816018838
730258_38,1.408507044379404,1.4368922468324286,1.4097418328224087,1.3719384179651428
730258_40,6.792085116336753,6.756792231896509,6.798858354694968,5.804135768629652
730259_9,1.6817725550194706,1.6637381422584856,1.6419056853573846,1.5901758435386981
732007_32,0.18471530705994854,0.18155872996348657,0.18031569959029972,0.16644389532274115
736128_35,0.5318425348417669,0.533581752370832,0.537253847337417,0.5226357803712911
738219_12,0.46275171415036903,0.43462827338172577,0.44124772039064175,0.37041809114304963
740723_45,0.21293695280578337,0.21021717799847353,0.22583075618717952,0.17713890370667054
740729_23,6.636747851814568,6.238734219505411,6.213713113174294,5.2854632040733955
742738_25,1.1466757996475165,1.1444821650807855,1.141621395275541,1.063280554351483
749421_24,0.5446817178902756,0.5246332552282583,0.5366827649638134,0.49658359792051193
749720_40,0.48305981196138426,0.47656121587795613,0.4754952411640874,0.4347153787633038
749729_35,0.3626063597562023,0.3640892802168963,0.36310886834663686,0.3407606872825242
750855_26,0.8245898585407199,0.81113374985391,0.8113777639521905,0.7603733712467448
750856_39,0.5177765688983882,0.52248551969077,0.5201397268036595,0.48004850971035845
750857_37,58.84169136775866,57.674974923005976,57.40827164026167,57.21846259517417
750857_44,5.4827966468422344,5.449502854574713,5.500142243544488,5.39792154204229
752167_47,1.915725807313611,1.9125162219667022,1.854189357940898,1.8179991573532543
752167_48,1.8649206853649263,1.8832543513659328,1.8627887586826668,1.8075902263426589
759651_3,0.19155866814116926,0.19205651443194927,0.19132908049329156,0.17908293514490545
759651_8,0.7504983655396508,0.7401506683900357,0.7296349910046919,0.6977411771144816
759694_25,0.5785605263901484,0.5757712114918886,0.585781024233339,0.5083187878249559
759697_31,0.9983774618311481,0.9963128737216517,0.9911559137721418,0.9580928188272623
759893_14,0.12204321852491613,0.12252548301072141,0.12183876714202846,0.11226263657407899
759893_26,0.23537461886619004,0.2365458625247194,0.23487961419066516,0.2204305762042809
759894_28,0.6949694003874637,0.6380551353289147,0.7041044627573442,0.567065038614022
759894_40,0.35419286402053035,0.33523704978322505,0.3475048897725895,0.3222457950609868
759894_8,1.7125196351516205,1.7308926178813249,1.685920278586437,1.5706895095964637
765519_23,0.8704625919974688,0.8356648529809245,0.8626451098598936,0.7912587712794971
765519_27,1.250648904826355,1.2748564887070346,1.2617453701601236,1.2282486309009313
765520_51,1.1874903872485316,1.1763976752270544,1.1630381934039427,1.1072010050354504
767183_3,4.215076072752312,4.200533803023468,4.165778726810746,4.089385635552345
767184_19,3.5815408619964386,3.547126581065706,3.4845004103019313,3.4325863398434
770449_10,1.1069981940974531,1.0348297728812026,1.101747889756041,0.9316809591165441
770453_18,0.7976324721240804,0.7450217167060419,0.7790989749466336,0.6633100551656642
770453_28,1.0462496297741468,1.0177691666668165,1.0456536319970564,0.9718899723586997
770453_33,0.5199245049908437,0.5088174162634062,0.5050963597124012,0.45745770152743653
770456_19,0.8071061453329551,0.7731129944898455,0.7708222591879289,0.7015222502584518
771156_1,0.48310285427447514,0.48184062242717696,0.47610560284788156,0.44827489828884487
771156_15,0.28003820344133445,0.2624298040633463,0.26434808170257323,0.24490492157385146
771157_48,0.20751461917450095,0.21591357337226336,0.21745452681584568,0.19425861581926526
771157_9,0.8920911693398743,0.8834370385107516,0.9035651900469684,0.8442608855503176
779122_6,1.1081274976818523,1.1049112663477019,1.1331933787797557,1.058248592700209
781794_26,0.8322387213186467,0.8359716331419117,0.8313178298959804,0.7926572001083346
781798_7,0.2806588213956046,0.27555511346053635,0.2762878721959858,0.26325201115945507
783243_43,4.812207194682726,4.876485487188907,4.8651962227197485,4.751460672136274
787426_5,25.871332892763302,24.621149954336147,24.927156209631463,24.19121526501394
788708_34,3.8301779932389093,3.8119174133368556,3.8813495310535338,3.6078645764377093
789223_1,1.5078739793462166,1.4902677947263892,1.5053284852909241,1.4689362907294274
789223_4,1.0507411082971534,1.0657226692185715,1.0629884895715158,1.030062655657509
789223_49,1.2617132030642997,1.2479959684136415,1.2529392274251736,1.1968571151337046
793341_12,0.2221834903250135,0.22460722189264715,0.2219544574155463,0.20426185602080593
793345_51,4.3399820678392125,4.168454110666826,4.368574022486562,4.051980978610824
794245_39,1.733497819740898,1.7291954097672722,1.7368563014028116,1.6153351254733084
795610_27,0.5250130802742182,0.5261167800514704,0.5291297061617816,0.5088591704974701
795612_27,0.6421647281555329,0.6486834051979914,0.6462063015406742,0.5949064147730342
796396_2,1.8565149124484719,1.8460526635160106,1.8514978897460097,1.8218337346393463
796396_23,0.9527800577186442,0.9446668150156663,0.9694361169998079,0.9080333877598786
796396_5,0.5507653754510162,0.5516438577399368,0.5500200353372305,0.5214886756432413
801217_26,12.040037266288634,11.691102824704053,11.693494518351654,11.647015715581915
801217_4,0.4529108958774044,0.4466220586402963,0.4327381287271703,0.3890978536374236
801934_1,0.7274915490889234,0.7327731272208103,0.7287093982734097,0.7116227395339414
801934_12,1.1181628396946988,1.1277275879164466,1.1409804551537377,1.0686569136097388
802831_37,0.26005255898915514,0.2603226128086321,0.2666880683763012,0.2503036093320318
804503_3,0.9289275478873998,0.8652407970246817,0.8627548033502954,0.8144158529273198
804503_50,1.7180448176836378,1.7879543533078373,1.745887725463416,1.6205873866671638
804932_6,0.7557960063705601,0.7774021330314388,0.7620626881143258,0.7161779127120743
805311_18,0.65311717713998,0.6604687475625103,0.6579698198657601,0.5744087850619785
805321_3,0.21745811323245925,0.21711613524465634,0.21570875598892017,0.2036298339605148
805788_2,7.24371893628475,7.204642898950865,7.438549544979345,7.011229121987312
805788_47,3.829551582033852,3.9151917288177187,3.637173472441796,3.4241878143473556
805788_5,6.754762872305559,7.016446066242824,6.994187488614121,4.950786135919755
809183_48,2.0189816950829647,2.17251656075668,2.018858015331683,1.9193706665179546
809183_7,0.9678154595591578,0.9292888868382666,0.946797915907884,0.9018815547728743
809184_51,1.1264379224801242,1.1642130584831467,1.1339060337523048,1.0237953457356108
812725_50,0.16094293639644355,0.16631314832184554,0.16237443861324377,0.14158510904196428
812726_39,0.7975831517214443,0.7815139965146419,0.7909122610609982,0.7411086164412106
812751_6,0.7490743772298806,0.7487640345280521,0.7503152395410518,0.7206347633830429
812757_10,1.9518903584143716,1.9787673841848614,1.9920810754914393,1.8349338636434902
812757_33,34.53286792939138,34.30419110761993,34.50026380381593,33.173567591362264
812769_49,3.6021178369595077,3.5555379444349158,3.6553265093179856,3.4724452738404845
812769_8,2.9048928740602977,2.7856416478355697,2.7595501128996864,2.586196616344783
813769_37,0.27791169006025324,0.2780584264625466,0.28017028104589325,0.2637346471551439
813769_38,0.3924773268838468,0.38661739648205495,0.38591579621481015,0.37126636941143926
816606_51,0.32388281795846624,0.3263456227293539,0.3195900267170806,0.27947237703835054
818588_13,0.13285143043386446,0.12629648286186496,0.13399340698067508,0.1136229842025621
818590_40,0.5800938565792221,0.5642401954869302,0.576431653207918,0.5333002458701671
818590_41,0.459108235816053,0.4727350586028763,0.4685597562003907,0.44135663887033577
818590_46,1.5358148190094196,1.5482988972022413,1.5600299469727392,1.4378235549349483
819194_41,0.36324449347196436,0.35527156330754134,0.3570512825832959,0.33755529035589715
819206_3,0.3190676762804179,0.3181072238068134,0.3204143160390695,0.29149107112525585
819227_33,0.21257551213875392,0.21316564109757527,0.21696848832569257,0.20720536150741678
819932_43,6.777101858529569,6.735130567673866,7.190849096271312,6.313666331186659
819933_48,10.617941867354263,10.503142627584479,10.048281810423273,9.946276082283799
819934_9,1.0463848724849865,1.0242868852080018,0.9650925473083064,0.8171555916853745
820645_1,7.83726806911088,7.668577323560012,7.56753097885294,7.196958483936332
820645_49,1.1571525684588513,1.1792521541448593,1.173521096586725,1.0615058054099797
821186_28,0.9279015848140709,0.857346752965828,0.9359623319161628,0.7210750401567204
828204_31,0.31635774618030066,0.3792568682023154,0.3121593717431554,0.28494848326210565
828630_54,0.25454652801719735,0.2556202658513535,0.25781790431544777,0.24697153146046727
829414_46,2.274121074890197,2.2710636035162115,2.3456563941219115,2.230610523164477
830625_1,0.4491563251602649,0.4398323736471756,0.5782137474689902,0.4119554996339922
830625_2,2.5823855552581314,2.51850688420395,2.5706876034336963,2.428557731470151
830625_26,0.8362246785651363,0.8428828208046597,0.8238234961771714,0.8018457502950246
830749_54,0.8022456848046523,0.7886229139556896,0.7963066925694768,0.7623604681489596
830806_27,0.5262951272385226,0.5238831193314964,0.5334618578057583,0.5110717147333773
830829_41,1.415640563333174,1.3931558353280715,1.399959702344787,1.3523643212528593
833396_24,0.4502377008229414,0.44698536874787353,0.45280382356243914,0.4396348349318804
838407_11,1.0336239865250139,1.035413898876062,1.0579830979488907,0.9497314883376795
838407_17,0.581202416230363,0.5284246571454453,0.5313670195558077,0.45410964928968706
838407_43,0.9113408167343371,0.887779727918784,0.8949870425187552,0.8438847232773149
838407_5,0.3993721020890235,0.40102318305472223,0.3994113836416679,0.379473664797612
838408_12,0.5798832687518908,0.5863921482265664,0.5965325213210164,0.5603601746568687
838408_38,0.16512055957492452,0.1705396885296272,0.17230911002576746,0.15613743416464984
838413_46,0.686090688736641,0.6753766556794188,0.6796530950160719,0.6494000664682658
838832_4,2.2516062501047207,2.227521276373393,2.250831332571479,2.12599748803813
838844_19,10.757509000013371,11.009494402416465,10.940953247315065,9.719505731968175
838875_14,0.7334155439932455,0.7312949269001235,0.7286477650764097,0.6986391522480598
838875_4,1.1146640287296987,1.1497545827312203,1.1316687870794795,1.08449894749801
838875_50,0.7505164629839302,0.7415100599758903,0.7382733715604525,0.724637181957192
839362_30,1.3760778198083632,1.358582835141793,1.3562555067164945,1.2698259964077454
839362_4,0.14074817906735787,0.1441404285480212,0.13314050129552032,0.11270561933567158
839363_32,6.250454310222216,6.153486334223071,6.324989412202869,5.684566783545372
839367_12,0.5385905562087941,0.5531507828817336,0.5439613157077604,0.5084933460437054
839367_38,0.7199242665240795,0.7100146847727515,0.7146426121925643,0.6981188921392142
841514_23,10.088537047301427,10.45862317963377,10.4756818884644,9.677347879609252
841570_10,1.4143678131525705,1.4231576936973946,1.450376280867707,1.3597546717094575
841583_30,0.18399840447247684,0.1742224554524445,0.18567473328892917,0.15720871450836596
841607_4,1.2545004913868107,1.2113926463257856,1.2816785753942534,1.1186028287349263
841841_30,0.0785092429004777,0.03283850656021323,0.05502978546983711,0.00018491901579467803
843459_18,1.3931202594503371,1.6219504856873244,1.375497573007924,1.1213068106454391
843462_27,0.383665428764999,0.38280748419869154,0.37670365722925275,0.3631822146447666
843462_31,1.005460614394832,0.9817542069761133,0.9954584284288416,0.9538965610002391
843462_38,0.5533367648246382,0.5575286476662529,0.5558526060343111,0.5172613212418212
843462_8,0.6915679846709644,0.6935202807412645,0.6975483747153305,0.6666210668764243
843585_33,0.8309715840546436,0.8184609918062237,0.8224936916160419,0.7647834486746387
843585_41,0.44186081426305623,0.4374215327124508,0.4455692681212983,0.42096725255688416
843589_2,0.19969525161041904,0.19707713300656582,0.20306350218463443,0.17985091911349085
843589_24,0.41138325380349544,0.42802097221796864,0.4106340551637686,0.36796686684911273
843608_6,0.36232137102189793,0.36212431842595544,0.35926300895656166,0.3381880506411195
844017_16,0.8790017253216454,0.8747103052725461,0.8729525215141146,0.8560218766355893
844017_23,0.7707139356525904,0.7687960286892119,0.7849518495879159,0.7276484212987553
844017_25,3.9227085949422076,3.897550851129953,4.088247824809391,3.714149202836744
844017_50,0.9061919077317907,0.8793353321350955,0.890931151465714,0.8487408471422637
846163_50,0.14277216243072471,0.13331664197578383,0.13058573748046765,0.11384089453474046
847569_24,2.771281523589,2.6839234361742292,2.705160670804364,2.575989054931926
847569_35,1.4104781380620792,1.4214027091644537,1.4016353134167137,1.37670520353796
847859_39,2.195891288817773,2.1075454607538373,2.0816771750573024,1.926310209279951
849136_23,0.021867183587619892,7.783509887289283e-05,0.012596208115347889,0.0
850333_37,0.13474233122088394,0.13601278382098855,0.13373864034190075,0.12597686119780435
850334_16,0.5621225978358094,0.5559759003350581,0.5637559283175896,0.5409845410727208
850334_23,0.7001614168182416,0.6992257058924745,0.7150072061582767,0.6801263619484955
850389_31,16.662568673827188,17.13016929795285,16.118506200916723,15.808400908863959
850545_24,0.39113708353729554,0.4039545797185193,0.38502307887492515,0.3618581275492862
851982_9,0.3410687809264183,0.34362616785812033,0.34829620806622547,0.3341276210912583
852110_47,0.15959186125302163,0.15627006732837573,0.158577735700916,0.14806225181672134
852934_15,0.3146958563672015,0.3164021788895052,0.31509691843601356,0.30168567088184634
852934_35,1.6858595671447592,1.6867013373487885,1.7189624336810132,1.603792264873795
852937_16,0.8739388485478724,0.7822497924109544,0.8077239991826782,0.721349248687258
852937_8,1.256629027669043,1.2371674062205908,1.2470195473526997,1.199602355117193
853196_46,0.4739350037429512,0.47041123451987166,0.47104482627249666,0.4403673341468479
853196_54,3.0503665649760445,3.0923497536261935,3.115540982036969,2.983055332196257
859932_10,1.5362123906490972,1.5294634023074354,1.5210990951639218,1.4283332237590176
860548_7,0.23745632669433103,0.2419649241877544,0.2378460768301243,0.2106467138759023
860549_28,0.2010057110228122,0.16932757340238233,0.16559633146912264,0.11723883531190853
860549_3,0.024903112109983208,0.0049569378187710325,0.01566208903927953,0.002925932330778095
862454_19,2.3187792366991338,2.3180739525825547,2.3525085661601097,2.2879495393104428
864288_25,0.24955358971636007,0.2534692032030672,0.2534131932281076,0.2141911296910349
864288_51,0.2927030369652058,0.28510756882821653,0.27677668236812186,0.2544633043959225
864510_12,0.7948845697945712,0.788217639899209,0.7956921776883896,0.7390409357587223
864510_13,1.0930105191602597,1.1007094173670675,1.093996671281839,1.064475620863374
864510_17,0.9867473549021999,0.9812281059805574,0.9822441022631528,0.9258415433435286
865147_26,0.8354228220643862,0.8496617788154689,0.860393643809064,0.7916155252231852
865147_48,0.5986703640954772,0.5948192504029748,0.6013959984134707,0.5730410105200904
870545_23,0.7093918182541697,0.7107695048474657,0.6923394287972516,0.6790388094955442
870545_27,1.6739382522038075,1.4558846936319016,1.2920085662711964,1.2138322295927322
870546_45,19.029217428763154,17.820723716649486,18.895543046573035,17.711605060488147
870938_7,0.37222432657354254,0.36648955282071166,0.36110227437567927,0.34012022136703196
871118_25,0.21311856510987506,0.23433852546003,0.2170408613633086,0.19169916287837777
872306_18,1.0808129547125802,1.9837162644732198,1.030250940627725,0.9437069153621352
872306_25,3.7943390611976207,3.9568982868350715,3.93693914725012,3.628904504667751
872309_12,2.8132079803437446,2.818274536308614,2.803078223890722,2.6631751521949654
873687_26,2.1284500393446195,2.0749652476174743,2.0818677811508093,1.8771063511861594
874598_11,1.0761290662112188,1.125436272316722,1.0740361713594284,0.9916998068309235
874598_15,4.484444571725985,4.384909864621711,4.431018976126126,4.305601143740647
875604_3,1.4076136490132658,1.411194146484336,1.4131816388505312,1.3565776808951135
875604_34,0.3139679712807193,0.3150817265208351,0.3183680036754047,0.28675270515326984
876223_27,1.2321599826886602,1.2498149730463166,1.2304745370725296,1.1330831012328677
876224_18,144.06716494632198,134.03895381851785,136.13858893222178,133.6753419298932
876225_50,0.8568444717700711,0.8395668490334999,0.833351723536533,0.8032009307320123
876663_15,0.37191356232547385,0.3653155050720693,0.36147381016913727,0.33233447486604
876663_33,0.2872917361589573,0.29038335922536695,0.28121696995092355,0.26351723090241524
876663_4,6.419346591124971,5.8158985572035045,5.740307999691058,5.670218724761258
877513_25,0.5818372255983678,0.5764692803523855,0.5807683407136724,0.5548383893207691
877514_51,1.9525972058190508,2.0128445942886612,1.986287760308566,1.9249306602749046
881910_17,1.0829203152278606,1.0200788397881468,1.0209101390768376,0.9337061216420833
881912_33,1.604379645554034,1.5958397916311802,1.5939197983812525,1.5354382493067416
883336_6,0.1743192984664377,0.17383250369571332,0.17298963840437678,0.16405091154074827
886396_2,0.35000293650654474,0.346484191210995,0.3373213751536714,0.32603338468118476
886396_47,0.2583767045866874,0.2590769571239048,0.25683819761817717,0.24427085388144143
886398_28,0.9453437925102435,0.9343213238486886,0.9463533273679289,0.8679628803411563
888761_7,0.3459905716125053,0.335166146547025,0.33751157688569505,0.3167646454609881
890213_39,1.307002035024927,1.2799052608467891,1.3805273979933605,1.1488315601654489
890215_26,0.6836306166040907,0.6949593949739493,0.6516613583825741,0.5844202995354159
890215_39,1.5447824324136346,1.58963434570997,1.5449690653313892,1.4038539313511753
890371_3,0.4543502703407838,0.4544801970856372,0.44915781675595134,0.4315236608860085
890372_1,1.6103946754235328,1.5481090953036036,1.6081170787956758,1.4816790670573814
890372_6,1.5956505542119965,1.5712831105653873,1.6070825480603987,1.4544340515270313
890375_14,0.22184567333557967,0.2019091024271756,0.1986255049096425,0.18519879639953415
890375_23,0.4299990452997211,0.40658418743678765,0.3853121713463219,0.3121225926350288
890375_33,0.8892034601099077,0.9015568218128457,0.8888195602665085,0.8161516906158298
890375_41,1.333809178365784,1.3244909111016863,1.286735683280438,1.2277623034646263
897348_32,0.7544737833012807,0.732216082506637,0.7350452144214361,0.7078760225541818
900196_50,1.674503680560263,1.643768046359285,1.629529975580447,1.5061380201467527
903285_9,13.081973758330577,12.981596935196478,12.915034447091278,12.498401555840351
903286_28,1.4535647866440353,1.433811711854406,1.4394482531440485,1.3777140847936546
903286_38,2.1229485874538674,2.13806917423016,2.1584050014324845,2.0335027935876266
903955_27,2.116994165667473,2.0659349023400826,2.0800972635182,1.9701397272544308
903955_4,1.1258954440975328,1.1340090373761422,1.1130602086470214,1.0192490322745595
907686_9,6.107326080391157,6.1697748905914045,6.0779250512438345,5.843766979534881
908741_44,0.58952071940578,0.5963426720137425,0.5955616295454438,0.5746103085444759
908741_49,1.6036199656183596,1.6333461301816499,1.6383729755019487,1.5622728473851535
909361_40,2.187524542888739,2.1549677361485444,2.1549012811499026,2.107903614466192
911990_11,0.38081458149576647,0.38106607151390587,0.37664608436412456,0.36395769823965746
913363_5,0.17446107880543282,0.17943545838751443,0.1733300416330967,0.14818980446693686
913521_27,1.1516743570621424,1.1418123261230446,1.143169423619268,1.048107548367114
913526_51,0.3882518409748168,0.3858034337556311,0.38140068491261836,0.35053240846027206
913964_4,0.9587781494581266,0.9449874642559256,0.9503891778785839,0.9256714726509885
913964_47,0.3604407930017382,0.3610398321656811,0.3578304884770412,0.3197559534621535
913964_8,0.6161107678582902,0.6053836159406228,0.6087259687069161,0.5370111016899252
913966_3,1.9429347766442586,1.9282623508876673,1.924660923591376,1.8565761395391256
913967_46,0.7264441385882089,0.7152944251747243,0.7286265517611455,0.6395327553002538
915310_24,0.5557472019596399,0.5421252742561339,0.5503950392754077,0.5106576894837981
915821_24,0.0703015028975852,0.05557540299725789,0.06332715651580419,0.045608608765746655
915980_5,1.1715166893859665,1.1550215803619934,1.1655789898046593,1.122850279193575
916886_4,0.25120144890767876,0.2500278226781855,0.25314730138893343,0.23740516281559718
921042_47,0.28064371764109136,0.279171351586449,0.2712509264109131,0.2487537033165523
926958_43,0.2952055195689536,0.2896733018682616,0.2948812494338942,0.27372219941005327
928477_24,0.5953857395497488,0.5922805534023613,0.5885648981767674,0.565480470855552
937953_2,0.6134154338302952,0.612026833807462,0.6123612554201548,0.5915062411210626
938125_26,0.6404798692800643,0.6583644741929172,0.6415923438918644,0.5892322546595263
938126_24,0.8784393446813917,0.8715334367433957,0.8637762721274554,0.8250285009258621
938436_50,0.9006686475612952,0.915531605460949,0.9230170151364961,0.852603189472429
938566_8,5.229024733084267,4.984396720550142,4.894812399132382,4.833032560718602
938567_51,0.2988018536981107,0.3047868917195805,0.31061667490717815,0.28025058873906916
938570_12,1.2703780061833319,1.2435863126960762,1.2424785500153745,1.2087425073846991
938570_30,0.9491699776755168,0.9556152299149768,0.9512989484754496,0.9199273810462159
938570_46,1.2919775237798343,1.0890194781903113,1.2053725306352492,1.0239613577765074
938575_24,1.5651895591695089,1.5557989145623667,1.5826752939204412,1.4660163377102347
938576_47,1.6909014816320183,1.682313361965342,1.677044663195719,1.6448060808086993
938657_40,1.2776247222828971,1.2842189591884543,1.2925951719412854,1.2417558205502448
938657_54,0.5847286447251385,0.5846993065084803,0.5551114080570279,0.5315114370735103
938659_26,0.6248810792477956,0.6157361605354669,0.6010115679035328,0.5761428799510299
938659_3,0.5442729976420849,0.5490482733306895,0.5558551218467925,0.5125996204102451
938659_30,2.3098210591349058,2.285059757790077,2.2725407522638132,2.18909977458044
938659_50,1.111885308004451,1.0939782073030186,1.0811523492481616,1.0181846110023443
939129_49,0.8712314928236359,0.8895056253370499,0.8775658436082004,0.7834327458236973
939131_47,0.7989945713278344,0.7981782135141177,0.780936483612424,0.7097601891870697
939207_48,0.37505680163854654,0.38083608544851116,0.379920361103579,0.36636809772179496
939210_16,1.3019282476434608,1.309719489500585,1.3051428073002564,1.209475246426207
939210_47,0.6040828944753093,0.5877289355967784,0.5620194876135486,0.4673251043964457
939662_4,2.1363521030854002,2.0031014413098243,2.1017203352866347,1.966505852285013
939663_15,1.3830734870598567,1.363657186639833,1.4403377481160666,1.270355159874145
940585_3,0.3729425016044834,0.3648774210590084,0.37638397570693183,0.32955993295507724
940585_39,0.5363042957038726,0.5393915854493656,0.5432344605587821,0.5152028969682901
940591_15,0.2737940175414023,0.26964216061690666,0.27234332116068904,0.2637346012175203
940616_4,0.38393032418499273,0.3837133520037477,0.37600381526238275,0.32946261456460585
940638_18,0.33618522211482477,0.3415931329450894,0.3287298708463371,0.3023244310692682
946671_37,0.06197616868209899,0.054313118966811874,0.057378793465075,0.0327637186368794
949053_50,0.5792806378896406,0.6128773207380828,0.5686291382496402,0.5526715827254496
949299_48,0.34564453434700787,0.3469732024817557,0.3538388906901779,0.33392466501038554
953404_6,17.50225726943536,17.39929632412218,17.374747827662187,17.1217800840458
953413_19,0.4712690462674413,0.4796806189765758,0.4835341554789238,0.4267152018541868
953427_2,1.3227100664534364,1.3007472397136153,1.3276611506741989,1.1856568798677147
953428_25,1.9461121686766696,1.9404796419291281,1.9055721921919409,1.8415675385464507
953562_7,1.6637914460680001,1.6625897548032516,1.662273787774731,1.6534834764152802
953609_2,0.3870321474055396,0.38477754377297196,0.3963862395863987,0.34077529280889807
953609_39,1.3875879582241677,1.4112832222778682,1.4019884087971155,1.296239539348941
953609_43,6.397760773540167,6.559783597730889,6.414005901761423,5.236372048742368
954796_5,24.20143606507691,24.030703386982676,24.216440714820525,23.65984333728095
956011_1,0.5588730727350667,0.5290687202516313,0.5255634899019964,0.48060074508118406
956011_39,0.9188808922220119,0.9301716681934148,0.897087053961913,0.8371986854064888
957098_8,0.33294840835380984,0.33814573876047316,0.3456457547880564,0.28576316298954124
958514_16,0.7623277089319543,0.7511880987672598,0.7472748843442257,0.6160701997355007
958514_9,1.1322579995424626,1.1291555030497393,1.13665451260921,1.100644505551325
959437_26,1.4037473048403815,1.3889121483050042,1.3989335246434271,1.2716030027020553
959437_38,1.378865128793148,1.309018044724756,1.3713985320148732,1.1081477779760902
959437_48,0.9872195247265015,0.9691882691369652,0.9792457152808075,0.918394307188873
959500_44,1.677129422489701,1.728776647159103,1.62852441298243,1.4013236806161389
959502_15,1.1557407280147112,1.1576984977802387,1.1560136874935876,1.0148943750145727
962601_33,0.43836827419111946,0.44770313498499087,0.4552619396853184,0.39031390647077924
964752_6,0.326109410469563,0.32364837720579936,0.30923899231567237,0.25776613558767275
967021_24,0.726966832543012,0.7480709545085903,0.7891194961857435,0.7053955755688106
967021_48,0.7728907708653617,0.7734153232355752,0.774899716054823,0.7478412707467723
967021_5,0.6704547828738477,0.6686205705989532,0.6668219854870873,0.6224269319956358
968432_49,0.2364600870539643,0.2033680424296992,0.20838759510032712,0.18343046664124493
968935_2,0.5474063152669064,0.5436108892227706,0.5417433224782978,0.5140693662979451
968935_35,1.825240397045144,1.8335765558923909,1.8143563590566372,1.7699375624050606
968937_26,0.37656646092925256,0.34400057836187486,0.35221765534722765,0.3093872924589402
968937_8,0.6426651304756048,0.6466346056066851,0.6459186958738152,0.5583958903851965
977007_34,0.4244649538064163,0.42525820441747736,0.4257293829485276,0.4157112218521885
977007_51,0.3161402091536465,0.31903562616240905,0.317295240269335,0.3085508253772415
979196_47,0.9606853521103268,0.9455440536669912,0.9685458410540878,0.8860861007998097
979197_34,0.45683693912072015,0.4443644761366294,0.45037638738880686,0.42650671230970283
979553_3,0.0759932333821058,0.04911933109604879,0.061516196826061985,0.029663556448929772
980041_49,3.5039068020684243,3.5164637939484464,3.3559560142846263,2.828691676889552
981655_26,0.5995610636190917,0.6029256775697734,0.60059015377328,0.5740422592217077
981655_5,1.2932819847552328,1.2816124678581302,1.2869497342889498,1.2508391042329416
982727_43,0.929927317972973,0.9013054729660938,0.9050996060655018,0.8634472925564532
982727_5,0.7594472925493597,0.7655482791429575,0.7527872579028441,0.7183940529591964
983310_24,0.20461005492646467,0.20971013531201912,0.2132948463920025,0.19309285086189096
985823_50,3.1737191574378603,3.142565613538258,3.263246674349528,2.9545329050779805
985823_8,0.36699450869750877,0.31571899186322455,0.3599658574641445,0.26420233106380203
985824_18,0.40949316342847736,0.39316383118531223,0.43918004956312223,0.32565047835657474
996597_7,1.556155410260341,1.5084322407793616,1.5197581276156527,1.4209122034587978
996600_24,1.5549411221814582,1.4670174227280308,1.6525894022386431,1.3634181529959797
996600_28,25.76429975949903,25.88444102631971,26.686392480773364,24.39370641517912
996606_37,0.8175175045810755,0.8245105332156758,0.8320606231135986,0.7835796505951862
996613_37,0.5167130432293134,0.5079265149992721,0.5184428939554501,0.4841918641628875
999545_7,0.8923630338578281,0.900716233197592,0.9169484386995105,0.8639629599839362
999547_38,0.13720624533396775,0.13826102747761349,0.1427171439871973,0.12087662939907516
999547_7,0.32215406519389217,0.32652581933863417,0.3303933041114382,0.3102163514460053
