series_index,croston,dlinear_hurdle,dlinear_hurdle_ztnb,dlinear_point,dlinear_point_plain,naive,sba,seasonal_naive,ses,tsb,proposed_gate,proposed_equal,proposed_alpha,reference_equal,reference_alpha,oracle_convex,oracle_hard,reference_oracle_convex
0,10.29669694369388,10.592603016819332,10.77155564067948,12.095464796348324,11.898763190287127,10.896997929606625,10.29884084013444,32.29399585921325,10.452350535016134,10.288382806363122,10.865811536519551,11.060461782756647,10.882976624974503,11.095800155933068,10.73430577230864,10.545631489262506,10.578484498557335,10.531781408292737
1,2.4560349620259876,2.310641880744379,2.481619104013211,2.6171750200705026,2.9567299934624387,2.3741981988234993,2.4379685775059725,5.9658317784024915,2.262049894325236,2.420411893508472,2.3723512643238345,2.4167475256914144,2.3560686401696507,2.313907715369074,2.275948038185049,2.2778486553988175,2.3204673276208614,2.2379322201500282
2,2.2116204864734725,2.2910380696865214,2.1387341837968576,2.158711654326354,2.203020668383157,2.3996373399446544,2.215012919393422,3.6165774155956707,2.1873082292533503,2.1645744177479957,2.193952012370793,2.198841369444122,2.3703338557698213,2.1114637084591066,2.191989648344196,2.1334797764463285,2.15348702877672,2.027576929116739
3,1.505700284985302,1.4185639028695984,1.2309997800596262,2.332051037651276,2.198419639188103,1.3942780475797054,1.481142745659988,2.3076645522826174,1.2606733575188704,1.4737848761379582,1.3866659016487064,1.5030329720422004,1.3787551116052013,1.6303987323875626,1.4445197375872942,1.358220372164019,1.3942780475797054,1.4003516616527543
4,4.687591913678118,4.209882162613145,4.638382772673075,4.693739306614289,4.6082801777413485,4.255714285714286,4.649882984893677,5.696190476190476,4.670358593919693,4.234268988871129,4.171762315931558,4.207674366959635,4.230721236009685,4.34030507146959,4.235289967001132,4.091828244973326,4.122442977613379,4.1481559630657605
5,154.7826773680367,154.94754928872393,154.0604085625194,154.01786265724346,156.1200912471091,151.890611502427,154.67519361891155,303.2806567753668,158.20554569041332,155.22761180116933,152.33315335430072,152.78892374431513,151.870964239875,154.23474463812855,154.6029167081205,151.77271545488892,151.89061150242696,153.3428810794134
6,1.2976932639052718,1.2764337579723823,1.311696233088532,1.5852986292852462,1.6534161921251413,1.4096030921178697,1.2947760684980683,2.5101283332792277,1.3363398685504537,1.311682077899638,1.3673432048784486,1.3365477232834986,1.3847509825390123,1.3027111172244166,1.2561874833361404,1.234719247840948,1.298937156924632,1.1868311242325553
7,4.19094318229426,4.28925891508652,4.488612722055277,4.497688589428336,5.18057334370329,45.846775025144034,4.189459315282253,9.27928890318028,4.261148314585907,4.146295451300556,4.962537772824103,14.62981389576989,41.74553148622779,4.226400710537846,4.224018103254353,4.821399383860686,4.8525811588477294,4.0721121155520414
8,0.06898602329011481,0.09081348916245739,0.34932034839937937,0.5912372828566124,0.21893425613867148,0.0658088476224635,0.06844459805091574,0.14304138231890096,0.06535479039419996,0.06112002156163682,0.10966593657227924,0.08898074038549979,0.06332086386421103,0.26278705024493915,0.14082571301194713,0.06007412904831679,0.0658088476224635,0.09081348916245739
9,0.8799999890007243,0.7999325712694777,1.2195467280170134,1.0993913781420959,1.0675214026720639,0.9041873388138383,0.8737455037653765,2.1592162611410433,0.8441857649820935,0.819771651453649,0.8568818074633701,0.8622749759127485,0.8888739569890113,0.8592562309538412,0.8019646566427562,0.8334498088315617,0.8691030383054174,0.7866160870366325
10,29.338737421808606,29.63070173580401,29.126420933792875,30.069443830053718,31.051749889542037,30.066495593239313,29.332312072372662,60.244862696066825,30.537376874227743,29.216886387310254,29.33010895706119,29.802243184158826,29.97195119218041,29.58205544592005,29.54691905896831,28.780406358327856,28.865020314168447,28.631809596116057
11,9.05130566789103,9.13258641991403,9.718175522969513,9.87994265110395,9.918023972235096,9.362637362637363,9.05418355972824,18.791208791208792,9.119408641140705,9.165282579983097,9.365762213314648,9.455144321977164,9.355221287480024,9.37259935887437,9.196511953105857,9.270406236136617,9.309866428022742,9.129840359545037
12,1.773186026103004,1.7903166888602604,2.228724717191309,2.126402175302252,1.9103158464620462,1.911654135338346,1.7747893194480782,3.5075187969924806,1.7789299012343782,1.7776989391050855,1.8196722097188198,1.8199962811938473,1.8942993660503245,1.865781983374067,1.7982842189760577,1.8108549275365702,1.8643849143147975,1.7856792865043412
13,4.164966283484104,4.223028413778107,4.0331371592988114,4.0292375738009945,4.1870899274305335,4.259186580734874,4.1603668295956355,8.441036428287271,4.173422636528648,4.175802983080111,4.142455347885817,4.13899795066527,4.2395950904203445,4.03342904222056,4.124939716778531,4.03612352366167,4.062136645614695,3.9118961008149555
14,0.7098956830982895,0.5689918945225471,0.72412800874011,0.8573358289746041,0.7988247975604549,0.5836554356700493,0.6977871310698335,1.611301923236146,0.7087987342445267,0.7279438576893954,0.5698130893753363,0.5714570950600293,0.571655129669077,0.6190233335782028,0.56641074338392,0.5225084814147073,0.5542970750237742,0.5524333596825776
15,3.8741635746372594,3.836918775635608,4.038758443316362,3.9846392515365054,3.963850490361761,4.135461364282815,3.8716488318120046,7.721170052725005,3.9454663023659826,3.9141271400194495,3.9387532335789235,3.942645237522774,4.106548789524855,3.7957695546438885,3.7928568170927996,3.8001512468289125,3.8264629983394074,3.6145973509204974
16,0.45414944985033645,0.47125275180993503,1.0539206541756014,0.8258548799307078,0.5935593055137263,0.5238095238095238,0.45440845851389394,0.8928571428571429,0.456184407786562,0.4553497585616064,0.4796907673296055,0.4812823966239104,0.5125906294675681,0.5661108052913634,0.4894096506635564,0.4726005338666752,0.5156984387208606,0.46674080763870024
17,0.5621160905846189,0.4867784858158209,1.0950094190092676,0.8036186083471106,0.5873383235907447,0.8001253132832081,0.5569141782177893,1.7211779448621554,0.5572654760535357,0.5814761401471613,0.6113405164150718,0.6144462892888919,0.7744217132604488,0.5695046376057612,0.501702408257628,0.5705530521020596,0.5873383235907447,0.47844569313688606
18,0.0560548662438533,0.08418637399036989,0.7697784223324184,0.5944222519006784,0.20286743147218625,0.05158730158730159,0.05558322237739847,0.07738095238095238,0.04951847591071639,0.04898384406836368,0.08161597050277859,0.07897063090320293,0.04998252831250302,0.2629187387054477,0.1373467820587826,0.04920917763895982,0.05158730158730159,0.08418637399036981
19,0.15067379484520818,0.09155985094888743,0.8755863961769289,0.601036320706768,0.2644093755801207,0.059523809523809514,0.1452581652178787,0.25,0.06335707300266426,0.06405995164484278,0.10795447838349186,0.10108988826983671,0.058201514013020685,0.2687218998524525,0.1438063858762234,0.05748259820865661,0.059523809523809514,0.09155985094888737
20,411.3885721511377,440.01866830417566,439.9199186452037,465.54019859502546,486.85077316213005,1198.6830358143195,411.66110260583736,788.6774358355484,447.32437770381966,427.01002489367824,489.3003401900483,632.13995264932,1123.072301832318,445.91491729626665,440.72968402421196,480.663743871373,486.85077316213,432.41159520171544
21,12.384664624785275,12.829652605041579,12.289466422636565,13.245172207581271,12.893315370655598,29.27113797861394,12.395319716488864,17.53958196971212,12.087636059721111,12.038158699699977,12.35935088341966,14.189413394401655,27.142612324971736,12.787633564216017,12.752898066608457,11.494232916176143,12.504960355156504,12.59845492658315
22,6.9458082194713855,6.775163242475975,6.695002179437932,6.969210541186261,7.263485744015462,7.088367371278188,6.9334375265564985,8.808511895338665,7.297754337445865,7.149116198277562,6.996549145103093,7.0141163034149665,7.066379341610997,6.763402318977337,6.744350575591613,6.974827009063187,7.029398748235134,6.634144120247822
23,79.62113102943538,79.58864289382358,80.15325386439184,80.00176131626138,80.85199287550938,80.82964277360519,79.61046349879298,232.54340303356443,82.19115384411032,80.2562237928339,80.01982440184777,80.16708501649455,80.70275104516848,79.60164409242192,79.54738945023396,78.5129524878717,78.51297067782714,79.35271720677666
24,4.851099718311034,4.863260444640055,4.654501638952148,4.60184872323284,4.600472237790235,5.187766619813291,4.856945758892439,6.3318794743450875,4.766656083435778,4.8089359784851125,4.8094290128660075,4.812699823353887,5.1429321756770445,4.647499944587502,4.756543131175287,4.4955602768601,4.4955602768601,4.386113014114511
25,83.22903229933364,95.48968544431546,89.71858607211504,104.53057442708037,139.94454884145728,1639.0433992246383,82.91535773944953,202.6255341247761,85.81786070861871,85.67175306530571,120.29594705202167,471.14095458793804,1484.601383010908,93.94269253265975,93.41470330292401,117.54915058128991,120.49079259059197,91.96974601441504
26,0.041354061998086465,0.05860009991072002,0.3246085957764545,0.6235561054920401,0.180372852910247,0.0024861945670125144,0.039350190792890906,0.22080222314958312,0.006774214817434083,0.004062853100510757,0.040945539697852175,0.04505231293066536,0.0025688574306609972,0.26352668557691183,0.12195839406732438,0.002361228206422373,0.0024861945670125144,0.05860009991072001
27,8.150309104679533,8.317415108635457,8.148396256482057,8.404144521654166,8.913289481806517,8.833643007786149,8.1283382854099,19.659097574166413,8.071034262493257,8.030826076495586,8.51204577616945,8.52287824109368,8.771013610783664,8.17711028919012,8.217212494628196,8.216575461806467,8.248858652000042,7.855728656126646
28,10.237978912779846,10.250304846273789,9.844306798646695,10.07345126712974,10.259429901735237,10.723918871227553,10.236816211446856,20.516983571577814,10.531304960439009,10.299853026511753,10.283366027732113,10.31391363645144,10.666919880247244,10.074129959508507,10.158775348241297,9.99877589258343,10.071152987810876,9.763108648547401
29,6.976425831969439,7.650660022549431,6.702470899241866,7.191680872368089,7.460318630112568,8.72771412064821,6.973030964384207,13.763360881098544,7.104145485291912,6.94438868846381,7.721294406164927,7.669873182504208,8.583757139474953,7.264793821882654,7.458783152144456,7.373381305094391,7.460318630112568,7.155495495187389
30,16.9480469404397,17.071893946772956,16.679897956789706,16.553609108453347,17.078247513355944,17.78891280845578,16.9424679884429,33.579071368770464,17.70539372525433,17.066699429547047,17.08960547968311,17.153855097652798,17.700231781682703,16.702441411374767,16.89763850471647,16.57357325734525,16.62017223276721,16.290916408445312
31,7.017925162604629,7.186735478027483,7.020754973510342,7.836360792971725,7.9686168543869185,7.271404819797939,7.0193123167286045,13.548399954572679,7.127306044247201,7.035764296537368,7.408062611313215,7.4258890421215575,7.2693822804829225,7.382138712921748,7.233838510566504,7.21418945943848,7.271404819797939,7.180946379409491
32,30.56615635547762,33.79442646616775,32.9191803855124,32.91086913013144,35.348207863415915,34.80697895869365,30.607319914482673,52.987842888831345,33.93631314472801,35.032378725432956,34.32567846249342,34.42818110737298,34.71065206623022,33.07569849746312,33.44046744652114,33.61817835170597,33.65672319312645,32.03581161951499
33,168.16468360074228,167.9790777231668,173.5322434170921,169.55688934677937,166.67621900862017,179.23273084599327,168.12668564169033,339.47152031924674,168.44046621213576,173.22307712988137,173.5341403210881,170.1345647528133,178.06912232097088,168.13971090752787,167.8925455663244,165.64817934708978,166.67621900862017,167.78078217554963
34,162.5590485925707,182.23548857458732,148.98843743927875,193.91584526156328,177.86189479829295,251.10734243547768,161.8483155328345,341.66832977400946,159.2763433521391,161.4000497149159,167.95590122413202,185.10646007986324,241.86321993158427,183.03806106557613,181.34749216638306,166.58447571521876,168.4295495712519,181.2683715734711
35,24.67269456635455,25.31975881536832,24.19137872852669,23.609520752378625,23.66139299648317,27.156178460577838,24.718020669792754,37.836765330884425,24.096516978507747,24.22663272784449,25.420266624363972,24.84478000745713,26.874278100369168,24.26454161398343,24.849648374040754,23.17904120648683,23.29437539392383,23.399459619530813
36,2.439061874614091,2.0988615531053565,2.0026053006411266,2.417811413384866,2.0732677079209303,1.9820077339283058,2.4179959220238705,2.8422800051590937,2.0700003235486153,2.2561102825221435,1.8919020540614468,1.9005854197088021,1.962430795396932,2.118019815837815,2.0728488580205884,1.8706624125430142,1.9274287471561216,1.9134459009649085
37,25.79900640025777,28.119112781368788,26.46661731292269,26.05211643648836,26.024052085632828,73.34741066328479,25.830618205434174,44.29379918750757,26.3979214386852,25.341499335526553,26.282006124309195,36.544213755524076,68.48435438680458,26.787053422879683,27.514634353321416,25.543533072715018,25.686685988283752,25.9906894343856
38,9.248471389981718,10.32463756618244,9.940691870393927,10.765378175564166,11.28929102677254,10.25329544530007,9.272731987144759,13.972144714250222,9.147636809823258,9.196802925573692,10.758869466533584,10.147124536941982,10.186503171545773,10.366238790282006,10.298373476480355,9.619656016104093,9.710156024887103,10.062977655278676
39,9.570182651536136,10.686489923922068,10.217520429289507,11.705781604175405,12.134339648753022,40.28149657969731,9.580735520405359,13.777731846786942,9.533455136431906,9.592563151097972,12.112374474100896,16.314930634678685,36.99447111203626,10.91851941701808,10.712673797873116,11.068562458394055,11.848764164983324,10.684397656963663
40,1.8256883831227988,1.825289761238973,2.22875653372278,2.080877381207578,1.924304125037028,1.9022556390977445,1.8266911869499562,3.6635338345864663,1.9016906238453002,1.8284039343848575,1.8361142211885078,1.8372180157500047,1.8889063087944062,1.880510454859091,1.8299604907596152,1.8220733887523644,1.8537083560645709,1.804896747684535
41,96.60428962428263,96.67023131322094,93.40568286127728,94.78864348076547,96.94571933853537,93.16079140485597,96.66686992433193,108.19020335441827,96.29508347202977,95.17607987762061,93.94765487556394,94.18122827956863,93.18435265403582,95.37739719133367,96.06860801510776,93.08324082189353,93.16079140485597,94.19554078591248
42,3.670068696976234,3.699560789446887,3.6184848631503215,3.7809875810912295,3.692944931370287,3.779123186603884,3.6718022556731005,8.02120344380451,3.681334470921654,3.6633699201601773,3.6130860991512557,3.620219103858331,3.7528094323677403,3.6365359593273805,3.6494536831730824,3.5585257913294837,3.635240162296746,3.5770370573216166
43,15.784143985878956,15.433630870844864,15.551507262739207,18.250128657887256,19.23101385223248,16.563492063492063,15.754227375557022,50.17063492063492,16.42287987281087,16.006611813009375,16.362255493672095,16.61889894774212,16.453980891006257,16.370875640208165,15.695487788792287,16.026422209919094,16.37933413100286,15.07782906456773
44,27.93152567959507,26.08591626189346,26.414292371802905,26.14887159708525,25.624137039006886,30.844611528822057,27.858203798484457,80.11591478696742,27.642736010533806,27.03169496470856,26.098020675905133,27.077958371084677,30.36386878089363,25.913335019238275,25.967909626371128,24.70293876334595,24.70462023321684,25.725589362493604
45,35.63195554528016,36.70089645724628,35.03329866938507,36.332899746729645,37.61746555732578,38.870757541535504,35.691048504009245,42.10209965744522,35.09047111455701,35.764985362825904,37.858919140400765,37.741749693089794,38.712644189620256,36.37864166088214,36.53881299283522,37.22028430814012,37.30058514530908,36.10427104733369
46,51.974916494981336,56.54475163435459,51.558503446073125,52.81180113483007,52.33308041602106,54.194885361552025,52.12199907689567,83.90388007054673,51.743870086238246,52.18261297068764,52.835727449221245,52.11288854538052,53.88308718902834,54.41531511627255,55.629866322725036,49.25945180774673,49.259451807746736,52.4354122517203
47,63.59581709964524,68.30992079565756,62.932445356725374,66.04683961346214,68.2069245053642,68.50440917107584,63.75444557918298,99.7883597883598,61.58774475447956,60.89653734151195,66.96595346818862,66.9004904135636,68.21305141710553,66.6660520500197,67.5294145403128,66.41663391459326,66.74623029759239,65.18386696144779
48,5.101941992037593,5.247359862912827,5.259419513689919,5.564055949844938,6.557583307472534,16.532211157771943,5.098441385613913,9.621694612152565,5.4623636979918615,5.492664924249269,6.520529734098844,9.453089958953923,15.636036383259993,5.22653152786335,5.196026198049309,6.4150591307502935,6.537973086952104,4.962851376198151
49,44.564562974618546,44.208457857013485,43.250627781198425,52.380599735463875,61.81762684132756,322.3702156011814,44.58328080983258,93.36758934138363,44.10195298049999,44.693528243643335,57.3692823800817,114.84041426002791,294.6644198405557,47.2759681451169,45.19100741598562,55.541308350807306,56.865450384143635,44.208457857013485
50,24.42712283917459,25.125692284435843,24.40167603126737,23.81798284140969,24.892589341576656,27.993373621988862,24.440653096492337,51.30705546949624,25.285063625487805,24.926039555692714,25.705306390085553,25.99499793366556,27.75321753382599,24.32420927807892,24.769668293530554,24.87062078637484,24.892589341576656,23.75871933028993
51,16.378833071510392,16.878737411241744,16.91795651254292,18.285878395868362,19.17464622403701,17.12996737569525,16.37543723513576,24.751247353110795,16.61966185583731,16.643785661392283,17.103996345971073,17.469712878928785,17.102508473134247,17.310841095831464,16.98642685122397,16.775569601647877,16.923079804660176,16.867010654945577
52,8.645866277208098,8.399378604674494,8.224293961882983,7.946963415398618,8.113407211144391,9.176427811170496,8.643306969633846,18.976496347372002,8.657800808360529,8.68306025575617,8.45259874043053,8.347076307370864,9.066686952449741,8.029658745365268,8.217047717429695,7.842000973106434,7.885375026916023,7.6958661396590875
53,14.229348969364574,15.381888934307293,14.745468210969712,15.591273439491099,15.842631632728102,16.213010455120237,14.247902377206794,18.897515423356143,14.19505099570268,14.181762478724613,15.700863922144885,15.643231755242928,16.121419549151195,15.290345969104797,15.29817529595564,15.546025689513314,15.648928060722374,15.275088477055116
54,2.8577541211301765,2.9358202061167646,2.931423421694273,2.8785645279027876,2.9292466356088145,3.248015873015873,2.8641399873379942,4.261904761904762,2.952571211110017,2.961646864688152,3.03062224813493,3.032555111137906,3.221422943942377,2.8432465424864755,2.883443742779057,2.9274847198728273,2.9292466356088145,2.795194391445928
55,1.9444824318282004,1.5664209646337595,2.2840756583668225,2.7804419266134826,3.583457338991843,33.66208414146246,1.908122718937154,3.1518792846935644,1.6550919119259193,1.8489095501581614,2.9354192035360036,11.468488578319418,30.798839190576473,1.9170750683175826,1.6451570755538392,2.8596854659810824,2.934170192737671,1.5663939922181294
56,0.3794334549787936,0.3773495532149463,0.9993629142422282,1.1722372398188958,1.5157843006100242,0.37339470875890274,0.3779937561126124,0.48726735591452724,0.3529192409146433,0.36205250937717,0.4654350835912144,0.6493286703137314,0.3744146298210198,0.615650679008522,0.43447575133036076,0.3523395108754044,0.3684281416937824,0.377349553214946
57,10.454009214741918,10.305880544078702,10.228440923549194,10.060344070856454,9.40608624175063,10.813932980599647,10.43757917661248,25.49647266313933,10.45545052472394,10.21282808014371,9.8031488260759,9.720135820065313,10.669464623346329,10.03921730668282,10.164680448932005,8.866948552844702,8.869546536960634,9.673157658503188
58,5.294119552871776,5.076816006289472,5.274252410732671,4.91552979468526,5.128001617917533,5.288800705467373,5.288894451524772,4.867283950617284,5.188006016400974,5.176073387946798,5.11286600431547,5.125994191852253,5.265103426820241,4.921633812063018,4.996853747377045,4.961497385573697,4.9766787120245075,4.7160574767485155
59,0.15018373887590988,0.15794368449610072,0.840153850253425,0.6356783120498057,0.3496105962193439,0.3959435626102292,0.14940722626858574,0.25396825396825395,0.14070122527334641,0.14182881952594575,0.2653020802429576,0.29134274779543,0.37815439128300726,0.31310565959701764,0.19991919325424298,0.22521040049047145,0.23498238562639817,0.1579436844961007
60,0.7251656692163523,0.6752517018164199,1.300217582683753,1.127986214306236,0.8870458110849339,0.7123809523809523,0.7215749783418254,0.8195238095238095,0.7214880394120203,0.7148907691075798,0.7107967410875701,0.7116885239906323,0.7043894723451124,0.8175167424535483,0.7119731863254041,0.6623841051211511,0.6839623839739698,0.6707721091197616
61,0.3180974534158121,0.29765344132180127,0.9185706295058957,0.7176448567900625,0.487284810733794,0.4146825396825397,0.31562105579058414,0.5158730158730159,0.2816877586660527,0.28750324006222633,0.3178237073172357,0.3402674675621326,0.39727657378235587,0.4145332485242463,0.32205754807517467,0.29464462463175806,0.312469599598151,0.2946306762277405
62,2.4307798149360984,2.5058733028850093,3.2313288437267733,3.0989886356664886,2.7824877223940927,2.4742063492063493,2.430772773162293,2.547619047619048,2.422718456818725,2.3848428795588554,2.5543073350248044,2.556758132885038,2.476018526311851,2.718687858565102,2.570900778586491,2.4724211117064345,2.4742063492063493,2.5058733028850093
63,3.523765498990313,3.71927185532129,4.095011137942256,4.069641347383546,4.786362259467301,47.03857162045524,3.5279306637333256,5.122106796964796,3.6268878733292964,3.6249071295364126,4.618294379632484,15.312333617777151,42.911935821190866,3.7345889847370572,3.6870304790999113,4.5786946177286145,4.600934013556728,3.6380218895790777
64,2.1205929203500604,1.9813777233849563,2.415732316746579,2.1556057450822776,2.123422754094297,2.0535714285714284,2.116887793981355,2.0654761904761902,2.050223849893037,2.0503630017869656,2.03266403305876,2.035999678228951,2.047089486357829,1.9990510719024008,1.9717813038324425,1.9756801345470396,1.975965268220075,1.8411110077834296
65,0.5194211916036192,0.5082682988160286,1.168549203496047,0.9319890159028489,0.7785624723517377,1.6719576719576719,0.5180700951771439,0.7627865961199296,0.5074108905130985,0.5061744057780495,0.7197511469936894,0.9418454184263547,1.5734391277689888,0.6415292342191113,0.5427088114235831,0.6508324450228327,0.6533359399414943,0.5080943725660734
66,0.4428570355072326,0.3870691001139542,0.9271229581431776,0.710289231692926,0.5636305732871235,1.4275362318840579,0.439626876271916,0.6511387163561076,0.42970382075715535,0.43750530792687153,0.5739860534948599,0.7722650134069929,1.3419104550102776,0.4683695048938275,0.40031494338359647,0.482170334953041,0.48499391759465166,0.37174635455087657
67,2.1169633925131492,2.104545987587906,2.289478113552841,1.9993257202603536,2.148396433234718,2.4047619047619047,2.120057305606571,2.8333333333333335,2.061213207627279,2.0470701180172592,2.1906193579418134,2.191162622786829,2.375714487405364,1.9750235915385168,2.0342780861956036,2.1261648832820152,2.148396433234718,1.9277675666394136
68,0.4028416890319549,0.42168370340693095,1.058389743803531,0.8634912559693269,0.5144876308187957,0.4166666666666667,0.4017974443426113,0.8357142857142857,0.39454029630973864,0.39511688793084215,0.4005129047525891,0.4034293415507951,0.40974963150780525,0.5609436412731347,0.45779315733381387,0.38445647361432783,0.41056281367115227,0.42143611767315853
69,4.403775955639054,4.2684171204213035,4.5845199700710655,4.324501186442174,4.29559917650419,4.413898414521349,4.3894729985276415,9.79651081736243,4.28139220314364,4.267539100909679,4.215260296402643,4.195113834697724,4.3776528100656344,4.199782424327863,4.217760826998998,4.151410686666501,4.233210666978043,4.090685903131356
70,72.72926524629948,80.52238338263784,75.11796139745381,80.20823328779706,75.39614693499966,83.32189797536584,73.0415447998435,80.83792374542861,70.15380234683305,70.54738737830712,79.44807780406109,78.5264007189946,82.76741229347176,80.22803132408518,80.37169607654504,72.2260661283495,72.2262674015878,78.90046994825207
71,2.1284631355390142,1.8650241489731474,2.167932544536196,2.300894714824885,2.619873256964147,7.72651525829072,2.0982228909539145,8.968276639087444,1.9140393734809225,1.807890062081291,2.190378356143054,3.3440528203534527,7.123646285142336,1.9180684042790748,1.846668004466732,2.166327370963564,2.2704424209546263,1.7980676822913937
72,5.605352922342491,5.773566079084045,5.417559989249728,5.159286152681031,5.036533972022056,7.674832410319532,5.610710704828672,10.061392716152612,5.59437561737398,5.633896917624767,5.265828343155536,5.704291835271874,7.419153130783864,5.367255390912333,5.587240829822512,5.024428834093583,5.036533972022056,5.133250676391666
73,4.256349206048088,4.464301767837324,4.163515282541777,4.222794272922774,4.138483896312473,4.842723549758554,4.261348851652667,7.651184062233955,4.294526030196665,4.263002362964804,4.185038193808214,4.307496555540948,4.7727212052622825,4.25611157677911,4.360040944949813,4.094765825605395,4.107091867347937,4.180330349815901
74,4.878183339834792,4.877402438715946,4.946988057148429,5.326716227110533,5.215171612868571,5.150476190476191,4.8827894117239845,7.436190476190476,4.832158898742292,4.832158898742292,4.9821364985426175,4.981823707669585,5.115520924735279,4.968060264191711,4.881505792413086,4.84271759510448,4.884347275423431,4.7954382529441055
75,2.0728564860334098,2.150855419813611,2.107031341858343,2.211593391608355,2.032148930386374,2.195483339796516,2.0720231776352374,5.28185025823202,2.085110942826523,2.0959929665076764,2.0462830616436762,2.038723849384532,2.1730490850416957,2.0750097622592696,2.0950256423634634,1.9261924298574253,1.9467503902547965,2.014632648542763
76,3.637745929928574,3.7539513392798933,3.6119982255649643,3.347117919994495,3.486520503854202,3.6071069285138275,3.642472441849165,5.191910290413677,3.721865524339762,3.6362040762916004,3.36996222469138,3.386015664300905,3.570525977423055,3.4562330848897305,3.6122316667844365,3.363075117090259,3.4270636139376123,3.282707569617426
77,12.9644950815254,13.243562438979152,13.757641625450388,13.558827527020542,13.711366188151308,13.293650793650793,12.966157101810888,26.65476190476191,13.05442113802504,13.115313645691607,13.150954101241856,13.236749822193937,13.264042416321468,13.221797232177517,13.19180089606114,13.077621832211927,13.13671770343638,13.128201870852616
78,0.7214369611270274,0.7429581261935075,1.329833185925276,1.2686470775294645,0.8638636217493184,0.7443609022556391,0.7218762047703509,1.8045112781954888,0.7167251324164704,0.7167251324164704,0.7300558956206062,0.7293517860637876,0.7361315478019718,0.9105383733064265,0.7871268101854608,0.698027277662959,0.7187491205095217,0.7423674159872101
79,2.343856659166878,2.3589789657974767,2.384103740764188,2.4633547009160814,2.899241426317861,2.411955486709006,2.3414270478663655,4.3345092684830115,2.367879713628568,2.3572657207635004,2.3381476571155217,2.366466902248393,2.38138478837909,2.2447613749880593,2.2733546194652177,2.2892815526392503,2.4119554867090063,2.1360721156587843
80,12.281593146971767,13.065978901082255,12.358912631908638,13.559247763565487,15.355148332497537,13.615384615384615,12.29108754258282,20.9010989010989,13.308508891754508,13.385432396830062,13.83839993002483,14.060471283874984,13.621661715127702,13.081842461041441,13.016939315958147,13.614402939907299,13.615384615384615,12.739105485269013
81,10.527797612903546,11.07039863038676,10.326645914460455,10.638455438182268,11.10584773404594,11.167064230228354,10.54365043136447,13.329943957915878,10.735041055688528,10.440227943794289,10.962247930221286,10.955323257100183,11.129588187662208,10.706652925181393,10.889434562119865,10.948333427877623,11.072514702410608,10.491498720564453
82,1.162787190342047,1.087277873051067,1.5799115564086168,1.9282184422663349,1.5038994253247318,1.0788751071617955,1.1586440312350221,1.0788751071617955,1.0790498983995989,1.0790498983995989,1.039893445676529,1.142880226351712,1.0719099854905474,1.3561669144353676,1.1584539912311869,0.970694678938354,0.970694678938354,1.06307795406224
83,1.3100356442558576,1.3522062493142684,2.194665676979398,1.8763292652584278,1.6111858929692948,1.3121693121693123,1.3066251267592084,3.7671957671957674,1.306056393564408,1.3114311070999867,1.3341585361790684,1.3558050764483955,1.3070043612463387,1.5257382918878857,1.4003719946480844,1.293023304034327,1.3121693121693123,1.3522062493142684
84,0.9821185075875101,1.1296517420572687,1.0390630514751946,1.2188614403341254,1.1356772684420111,1.3710415697931104,0.9860228448130242,1.0313341039172468,0.9826302732034549,0.9833599552464044,1.1311839247755566,1.1350381204191702,1.3367923079728616,1.0585691210639474,1.0734537008283205,1.076895655505839,1.097350501676791,1.0224454376580454
85,29.433503194953165,29.75053109287144,29.02072755294675,29.489436538933592,30.685675592261138,30.694444444444443,29.448117899705036,26.586860670194,29.827586125292598,29.492427023296766,30.45303498108437,30.460567348101023,30.65040239448744,29.532407343537955,29.642263239770543,30.391478419594332,30.48829010510529,29.335592902582736
86,0.08141859135558592,0.11100287548717613,0.7894451536271628,0.6137642393901452,0.22452312733910737,0.08134920634920635,0.08138129089041857,0.06746031746031746,0.07848574222447913,0.07848574222447913,0.10762479060351977,0.10832681279804823,0.08003212512994075,0.2857113689713937,0.16248494764871907,0.0773408312789471,0.08134920634920635,0.11100287548717612
87,8.044159691011128,7.997940104861186,8.08897952248562,8.011787502339962,7.803758141768712,8.202380952380953,8.04773425337771,8.535714285714286,8.040210396966406,8.021103818135797,7.938768308508542,7.93953041684802,8.170377377107245,7.919022069281884,7.945770874392981,7.763747609780512,7.780726807050711,7.782014467759222
88,1.2370108541329914,1.2141001158738431,1.616804149659826,1.4965772878116788,1.2314696993293752,1.2838095238095237,1.238026275340632,1.5033333333333332,1.232240337187186,1.2359143285066405,1.2086258160903525,1.206872558838685,1.271546792566671,1.2779629446041156,1.2210750656286773,1.1679304139949582,1.1844159781920651,1.2023930060253936
89,1.1193438620593423,1.070541121400586,1.6174898532486734,1.6059411206366734,1.643064740933281,13.857887728379191,1.1123317210907524,2.355482210949699,1.1116635501789573,1.076469839071535,1.5409952347097502,4.851252049755508,12.696293983875762,1.2178993183421176,1.1006023675348355,1.4575775035833916,1.4974769768714935,1.0655376460037813
90,2.006106807942998,2.0250288390331375,1.90526458511973,2.044513893696758,1.9113269435641014,2.210407955853423,2.008673644535507,2.8347857928981575,2.0183765482615805,2.016818471489929,1.9550365614478233,1.9692957303803835,2.1780552785665646,1.9154965111276283,1.952589942613977,1.8842543808074013,1.9076487315100694,1.89387970659254
91,19.43314621971211,21.001729343704856,19.911898599029822,22.120301020505565,24.5304933448293,52.58799171842651,19.455780778822945,26.397515527950315,20.35192516503146,20.31176188660369,22.45499348151148,31.213122248218443,49.789353945898846,21.137787128544876,20.954577724786386,21.61337795748456,21.61337795748456,19.652924436952645
92,15.275471240941924,16.715606040850194,15.992912755314215,17.815860805264137,19.631050391089882,32.153776018044205,15.304732574909707,29.1772924518158,15.289942522949433,15.337088773484519,19.067741830547153,20.548774297367384,30.512348344328554,16.89654380255136,16.69937563660927,18.506773673654333,19.476939749178943,16.66247735307232
93,7.011512913013706,7.2225861928267845,6.8257057075528556,6.94593848117998,7.645778413928947,20.2290265542691,6.969602129039928,11.538293404766863,7.087428073395397,7.040935042484051,7.1566827829597495,10.520819138918734,18.950713311667837,6.923714008077327,7.064505719984748,6.930338122749617,6.939996724692702,6.628285002218372
94,33.5857189185565,35.485340851723265,34.08544330549713,35.068629651232065,34.47988995659095,37.04105850794264,33.56988328349784,78.12128301439016,33.86468958341438,33.88296057090861,35.560977635152994,34.724240081930354,36.716115591811125,35.09622866079862,35.28631439359044,32.6771044340585,32.962630671242856,34.7618901856339
95,0.791168336679006,0.795823250275256,0.7443305949879605,0.8285135598100473,0.8269647225927805,0.9551560552923144,0.791653742015805,1.2316301471471733,0.8055544799123865,0.7921326572247346,0.7987230437438111,0.8037081509800313,0.9321495634444595,0.7153460367550659,0.7403949964781594,0.7356203217691957,0.7724635048192994,0.6446236608977612
96,1.2479992739858528,1.3914885396864198,1.2298587892871342,1.2802221022315008,1.2850377645327764,1.5496886045747906,1.2545234684766216,1.3167628478505917,1.2508769287300163,1.248464372200295,1.3227905585094337,1.3321395100739941,1.5202635644215299,1.2457394934955373,1.3115611226188455,1.2411717925853178,1.2593029351069533,1.1827130049954164
97,12.968053209670424,13.33431195255799,12.412092205685788,12.809319357653115,12.978512836447223,14.459198566729421,12.984714110777483,14.697799203144099,12.824584230174397,12.953842296723424,13.242575295742268,13.10287855927369,14.26812862317553,12.787044889038434,13.04706014329406,12.383916814281092,12.462306979411062,12.412428487636186
98,7.576807184407254,7.917420770330927,7.722455406246244,8.381433204065264,8.571562008901543,8.446698939570107,7.586846789033262,13.872634976816855,7.617885820157112,7.647557231209646,8.176284290432038,8.190083269293998,8.39232312409773,7.989660452761863,7.907972675038605,8.118382681224665,8.292137823924634,7.835123727341336
99,1.8685624372494296,2.654069012461305,2.286486054240323,2.3042353542964196,2.393516751453332,3.6751936887171115,1.877645506118789,2.009441881363749,1.8601492619150368,1.8672457176484343,2.0639359434351756,2.021555342239129,3.4186778650631644,2.3618829722241967,2.5090499856893422,1.9113205865163652,2.393516751453332,2.223063603034401
100,2.0945039274853245,2.6203975069204017,2.342982033480696,2.4965843081282197,2.822596753597393,2.6747259950732727,2.0731853471957256,3.5927083757292135,2.194958404346071,2.106566136398897,2.314484349569264,2.219137059000747,2.5815099130859074,2.399743269366093,2.4940363787407063,2.1535620183773565,2.4031196196150835,2.255697241516706
101,2.318404303623291,2.4480093941789502,3.247814275623099,3.2903499471507622,3.398692861210629,2.380952380952381,2.3179751030889824,4.761904761904762,2.4114747555997145,2.407532453793281,2.544314752870252,2.6644517529251774,2.389018940015591,2.7496533991537127,2.5399806910061806,2.380952380952381,2.380952380952381,2.44800939417895
102,29.357447625907042,32.329738709033236,32.465105065514784,31.101724760612797,33.1392832206222,179.06628337752068,29.424560426762184,47.01824155262542,29.37707945884568,28.92144327779921,32.47274553837085,67.09958709121834,164.35932609018366,31.134045880164223,31.711856972367524,32.35141483752989,32.74179736869151,30.880709764333897
103,32.06954698000356,33.510089461793996,32.75811427524329,36.36728455724475,38.05642778462896,33.934295180000426,32.083784245687376,58.162546481579305,33.179722421669915,33.17489768686323,34.03608491868794,35.0117142042152,33.95350882739295,34.44365626862997,33.76470880671493,33.860925937577356,33.91179991931104,33.50586909143449
104,3.299862611259711,4.971593469372669,4.22176354041651,4.233698850952992,4.073673765364532,3.062423098781513,3.3189621463445333,4.409291466785453,3.2910698881375873,3.297913930794376,3.3700812155241984,3.1456364344549406,3.0327273525632283,4.4794444289538715,4.745165437714999,2.981548716291458,3.0624230987815135,4.157916834996308
105,38.86123930008978,43.166041009769835,41.75387445238663,41.778043440025606,43.82520791043776,48.62876157109034,38.91373313308225,69.26194759247265,39.00447510240662,39.910385168884055,43.649784063433394,43.78553500796384,47.92470843882567,41.89095506731899,42.5165457149706,42.714101067966546,43.491547340661185,41.45330663191123
106,0.702160796815222,0.9969199263367957,0.8321274490940075,0.9152005399129418,0.9943622530735525,2.7869827524149144,0.6964036106475898,1.172280347162291,0.7038488543664859,0.704552499147472,0.8680724180060432,1.2818901081454797,2.5816830724740836,0.8423327303211888,0.9077904472576699,0.8001333918605938,0.8288009744360911,0.8260585096436373
107,14.738609426296547,16.206740524551353,15.060120441187147,16.77227413566347,19.279898058754707,37.917457754208634,14.743194512294762,34.54617529654174,14.987401844960706,15.028847174183879,18.132828463304367,22.192409645815474,35.76838879990936,16.08425882696742,16.06048820476418,17.9919064366139,18.589671049530324,15.878288125411308
108,0.5142551738444617,0.529590806191656,0.46991246002115766,0.6831614062358063,0.7426991561142695,0.6561700357758766,0.5067353881677819,0.9748394683866883,0.5070731668324683,0.5170433652674222,0.583017420788437,0.5897517483849548,0.6396567507563738,0.4958045424216542,0.48953912537355687,0.5566851385050566,0.5862308643180048,0.45884488723038924
109,0.8883150714646239,1.1814526883746044,0.9555676187179815,1.0721058946821012,1.2721718449071824,4.350546490855748,0.879038697468788,0.998815442413138,0.8981674399757175,0.8924703798447461,1.2732821226555686,1.9423278584325425,4.031511809763024,0.9900792169910164,1.0720952819322085,1.1544224088170163,1.2721718449071824,0.9140184699698212
110,0.5879192360656869,0.5699824574053327,0.5609461985486016,0.7845380314091415,1.00827993345892,0.7554014334328384,0.5690898767771843,0.9681104189642676,0.582411102570305,0.5922662101764525,0.7023615088207081,0.7179433720359686,0.7369048692662595,0.5391048763557329,0.5244741366531319,0.6167767974699955,0.629660318608518,0.4998532833390332
111,1.6307301805843624,1.5839986996210131,1.5290654764284277,1.649800017471352,2.027620675439684,1.6206452554191129,1.6263300495847925,2.207858020049939,1.5760073915264707,1.6290303755071853,1.481747066189679,1.5199481075052497,1.5831989034145533,1.4869931278221413,1.514018975527695,1.4643789891884431,1.5912087172088862,1.3411919133830228
112,0.13432027551437356,0.1425349402018398,0.4870409677851279,0.5732535717700802,0.2339524211634004,0.14506107973224747,0.1343453767894054,0.1682546896950079,0.13672277780880818,0.13766460455571747,0.13134673799010885,0.13340335514138232,0.13884600169558117,0.2816497482757092,0.17988218158092742,0.11623811034849353,0.13247167263171392,0.14253494020183988
113,0.17865006692281918,0.1978232352951591,0.5729882241009722,0.6734380658237136,0.304392066145375,0.38029893798099096,0.17874032219114674,0.2228468387303499,0.18368712038958976,0.179951472535007,0.2693459219428124,0.2893881142762998,0.36644169070970234,0.3587308789383909,0.24373034756340087,0.23323167632696426,0.2471191906994954,0.1978232352951592
114,1.7377183044201627,1.7126777395116648,2.053175198835747,1.9486161047910933,1.7825571188276257,1.8922305764411027,1.739114619562778,2.654135338345865,1.755052260083808,1.7507153295171964,1.7538681744969449,1.7498165988850634,1.8701072262980618,1.7398304065580061,1.7017428425877918,1.7390312351865784,1.7825571188276257,1.6987103371411498
115,24.009450878718507,26.40050600105515,25.073583732927876,24.476744033618687,24.808010539101275,25.783634788129252,24.069530828763973,31.90083304601318,23.824458309753652,23.975636933694688,24.86314523842637,24.85592350637124,25.651272735801495,25.3130861150072,25.935408710076832,24.412874577411074,24.577113740052496,24.476744033618687
116,4.654329840228134,4.836646912623766,5.077742745019226,4.833725913708624,4.728635328904069,5.249084249084249,4.657257434800233,8.72893772893773,4.561081823504074,4.71448573339521,4.769861418204016,4.702826778335422,5.16871553105008,4.67790786815302,4.735404444032305,4.627648429483233,4.728635328904069,4.603868459076209
117,2.5595786283288895,2.6598632013308534,3.218719529823414,2.8132422659506306,2.8752695921270757,32.57142857142857,2.5620191873553426,5.511904761904762,2.548081521660398,2.562546277756214,2.7944851487170546,10.253306898589864,29.667312607657795,2.595207217374828,2.600077883844624,2.7880186872717725,2.8333998637340456,2.5342229400918233
118,3.696374311382943,4.071139415985881,3.725488830154884,3.8171513529997747,4.209000926794746,8.901223405430303,3.6987841205871774,9.02393028546045,3.743240606257985,3.781707332770083,4.487614432661567,5.399287253499669,8.447005548102082,3.8192220114906443,3.9403908446672617,4.200994131113288,4.209000926794746,3.7131794096568833
119,0.9741390330364061,0.961019289777881,1.0446885528853473,1.1898169143012927,1.3964199604234546,2.6890388601622672,0.9731864542546744,1.8496364367759626,1.0159410427971933,0.9896189558837177,1.2650311879007674,1.618564729395068,2.5438166258047463,0.9879948195912706,0.9508279139156408,1.0418822973991124,1.0418828258703663,0.8668997210576452
120,18.470122736509293,18.821203512468625,17.61599954129576,18.488591524570587,19.259724751739,19.752747252747252,18.49695846928794,19.575091575091573,18.471826929296423,18.026134648731553,19.238054826808728,19.199192632800745,19.669757887502787,18.487461041092597,18.647521769335732,18.814137921151147,18.907348417085828,18.0080677988178
121,3.9976161282531173,4.018996894191846,3.879211378869877,3.83862551563103,3.7713991505786097,4.430402930402931,4.005877690083317,5.425824175824175,4.008266721657177,3.976406157659808,3.9507216724481373,3.966606906526493,4.371936855958502,3.8240050472561022,3.9158466775802676,3.5522969170442678,3.5543010914621043,3.51907004990588
122,2.716466577604764,2.6350489421478,2.884228282125998,2.73900728372687,2.6365296726311747,3.010989010989011,2.7187459715917393,2.6794871794871793,2.6806050529203413,2.690710558432739,2.7110221565265626,2.751933062232357,2.9786190509513486,2.607834331464142,2.6051565903207714,2.5962516852696393,2.600119166465055,2.471851971873775
123,0.4921022802993574,0.49465644178318496,0.9825559497873707,0.8327170725217369,0.6696608389058482,0.7445054945054945,0.4924951836674751,0.9963369963369964,0.49070828278692596,0.5002900124980371,0.61394669926492,0.6283293280237783,0.7258000323759525,0.5814148593433831,0.5096145533330855,0.5869573562412009,0.5944930307501116,0.48426432395232544
124,0.20432063480888177,0.1933833922456393,0.784860063073547,0.6001812604904705,0.32212409788143864,0.3776190476190476,0.20330956208769455,0.3980952380952381,0.19227586378307307,0.19322769043241153,0.2302525204749957,0.26570571793736647,0.35885278771772056,0.30790548955060154,0.21786179033143535,0.19041520153544103,0.20539109388013596,0.19219826262545472
125,4.053686831525261,3.992503038589822,4.381309838994798,4.363950287271322,4.075499194141702,7.214285714285714,4.054894621004112,4.15952380952381,4.004285485987617,4.030040081423947,3.921801869769217,4.536042843522604,6.846664962247203,4.093902157221924,4.012824804672587,3.8875371826708256,3.950370049919531,3.9610484275120723
126,1.2116873054639694,1.302407647857393,1.7174375707970047,1.5630579367971142,1.470375580289956,1.2142857142857142,1.2153586458145684,2.0903880070546736,1.1819929794032111,1.128126874729241,1.2397931138061755,1.2339309455476821,1.2064942642552972,1.3300029452250282,1.2887906034999126,1.1396020569739422,1.1536559075483108,1.2739157178631089
127,0.47232718672728796,0.43283792643229074,0.9514490139810955,0.831634408070331,0.6664702883834901,0.623015873015873,0.4708403297957789,0.8948412698412698,0.45575319675419923,0.45439407854709607,0.5386876768141725,0.5503236252826127,0.6072488972550107,0.5409233137216359,0.45415699650090685,0.5172393032321173,0.537729559404046,0.42733757385475046
128,1.1715967417209008,1.2150188167647658,1.7522232017285333,1.5186587046415523,1.3361573170530427,1.326086956521739,1.1718955559804984,1.7556935817805384,1.1574152391530996,1.1400279333788015,1.1989034561539091,1.2315923132326103,1.3076798080728962,1.277545422235072,1.2185990577205474,1.1652098868679783,1.1775898532142242,1.200303554612563
129,2.2210148731917174,2.123269212326808,2.2084820310853606,2.3395567108074817,2.4109631179064865,2.4523809523809526,2.215324394715265,2.200952380952381,2.0595539885138243,2.052977408961358,2.2650937842519565,2.239200774800325,2.413740521191984,2.11597852040488,2.0926486696790936,2.063011452902104,2.091058670063232,1.9513105326023876
130,18.422458076515564,18.01938439262768,17.659019384293416,17.630095174139523,18.156570144162554,18.457142857142856,18.41135066007612,18.654285714285717,18.255247528001572,18.17079325606598,18.133264022191103,18.142138824344453,18.410817862995277,17.711338874452302,17.868949967214018,17.756082270474845,17.79463417240848,17.264727569221723
131,1.5531026805203638,1.4091896159010895,1.7178507694820677,1.5569605605516763,1.4079031172722132,1.5366666666666668,1.549885098823136,1.5961904761904764,1.499676107022455,1.4944892273045836,1.4155909076602178,1.417435077341209,1.5198070244175803,1.4092631058057652,1.3915041360820117,1.3128562378664206,1.3203855078656537,1.2746985949331127
132,1.292365709029608,1.2574289898096198,1.7560800700221524,1.8033882936542955,1.9464265481658858,10.494285714285715,1.2922477357228714,1.9219047619047618,1.2341956129366205,1.2444435697423273,1.554552129178408,3.5466012305028265,9.558879324842358,1.4117584470840139,1.290684726003871,1.492826443724934,1.5339927853068076,1.2330029626455004
133,40.782182837105594,40.88940148813531,39.80732181472991,39.75338794557583,39.94721972808612,41.59299767923931,40.79845523700884,42.27434817154316,40.610607223062615,40.59142377354001,40.683638696794254,40.61031329120357,41.48034765331442,40.20387095375167,40.58698357123692,39.689984870843155,39.724391709667564,39.32542489676008
134,5.4391852622396195,5.614061303106243,4.926246330061273,4.990327375642848,5.041050260201108,5.573412698412699,5.456066165983434,7.551587301587301,5.191442213605285,5.173670509147516,5.2140676415427984,5.224344874361267,5.531046121562447,5.229055732928415,5.44250580948804,5.018805292795823,5.041050260201108,4.955132772947521
135,5.826047239723358,6.291866917417667,5.684164993731322,5.861983041047587,5.582646837252626,5.3690476190476195,5.84925352578018,8.714285714285714,5.486863147415142,5.552544708254516,5.190305581820275,4.980156853455438,5.285546408765879,5.959938367178117,6.131018710428766,4.969638256079754,5.355249760368371,5.755065908640596
136,0.2739111807801124,0.3062223564102859,1.0053840872129458,0.7771686527989156,0.40830200151278423,1.279100529100529,0.2742288139018767,0.3527336860670194,0.2653079953817692,0.2652484215167054,0.3963386143497254,0.6280667450501379,1.1945900438724033,0.46158298720468866,0.3491396045520681,0.3348373840229197,0.3441161807436661,0.3062223564102859
137,0.43342386815774464,0.4027612538628378,0.9027805760826707,0.7531242009339373,0.4221874962167685,0.4551282051282051,0.43392932616356145,0.5183150183150182,0.41538646682649083,0.4122936712751551,0.35724330530341525,0.3790037131141459,0.4421468835465485,0.4985492072315963,0.42202199037031135,0.33339927838172073,0.33660002959698065,0.38268547411988435
138,0.5400568680498944,0.5234483539834384,1.0332046394608063,0.9233485000616962,0.6132882226107466,0.5595238095238095,0.5404669452028702,0.8571428571428572,0.5560771905556353,0.5560771905556353,0.5320211479887026,0.5311115360647994,0.5517060789776854,0.6400862223252849,0.550108572192829,0.4997247411566475,0.5130671123923664,0.5151204187634676
139,0.5374918667479359,0.5460237229347024,1.100977485602876,0.9426784649946649,0.5970380438845085,0.5719047619047619,0.5381639000829386,0.8942857142857145,0.5251093984496848,0.5236719411047425,0.5203733372122786,0.5231393152417352,0.5615083293496982,0.6607227409821985,0.5718325254379044,0.48051649828926335,0.49575267374250437,0.5415257440138979
140,3.106443439281689,3.1040924530289318,3.520093962319906,3.4165301246721107,3.159434308170812,3.1791979949874687,3.1079885682121944,3.2086466165413534,3.066928816578066,3.0824269376087003,3.120213201026624,3.1200254726201115,3.1688445816444197,3.182401303800806,3.1167175969257506,3.084312819043751,3.097821003177639,3.0871592833238553
141,0.3335942405836924,0.36960087884888143,0.4601474968640203,0.5591854836522304,0.3779129452963766,0.38441682767888813,0.3357210361899199,0.6141948239593448,0.3361537411892926,0.32756045616524604,0.33597574635874156,0.3335516022823195,0.37504510956075304,0.37763380842406463,0.35199180120059687,0.29028890936879553,0.2922138854094607,0.32263472250401687
142,0.7239586056181961,0.7772853708246652,0.9332980227315347,1.3456448686942324,1.1778564461896954,0.8338967242386076,0.7183427718534113,1.1429176190937997,0.7095464303735864,0.7795959530291112,0.872288948475508,0.8874026485496284,0.8285846623699028,0.9177857261935721,0.7990024585164176,0.8087635534173949,0.8338967242386076,0.7501127769358832
143,9.29827651179057,9.285400399749546,9.537891868889872,9.997487200441903,9.54433729633668,9.523809523809524,9.284522057564947,37.916666666666664,9.536603412393065,9.336098254875802,9.340532259011438,9.342857910300596,9.488504967479106,9.538271925698911,9.36178776027406,9.170160043956818,9.175220257020678,9.285400399749546
144,70.69772124244251,75.91374607140064,74.2578164720852,77.14460191417959,77.64513576161852,104.46152907254698,70.72275671382191,106.83838643925925,70.10029031669411,69.38247818675086,74.15754796532597,79.42671496523224,100.911652091149,75.62273658902997,75.57979730154995,72.96996574821185,74.13343652397457,75.45162272670362
145,9.02643890315198,8.81451622632917,9.189382578159417,9.143021775860412,10.452711961221834,10.027777777777777,8.98041357186374,32.28373015873016,9.539524391444433,9.400295088835486,9.649593480250617,9.549868241870152,9.917852927700347,8.699995727371894,8.701802441052765,9.40639712099109,9.612409750929599,8.577122199172894
146,23.192030328364726,25.748021634429282,23.03283000599762,25.908290353454024,27.663740155261902,63.86463844797178,23.218211475861107,52.100529100529094,23.188626485616123,23.138292433229026,27.587638432345802,34.99711938552394,60.008850249278645,25.52176543419185,25.58398541999436,26.872037841252105,27.141659994957127,24.93630063981814
147,14.402886341292282,15.311860288970996,14.55915442761536,15.700605748054805,16.087134170895574,16.101367276872548,14.4157053892721,25.82666387870373,14.291511303814408,14.375005432463674,15.761992441657467,15.668090790616057,16.019685234252776,15.34411640803932,15.285854750084665,15.497155801608827,15.645859495527233,15.165516417477514
148,9.528342681540657,9.667340346043167,8.81529252926118,8.883877278211864,9.015738215045047,9.90372960450877,9.546663004154448,14.116915555577618,9.423733837460231,9.202092293974824,9.320742384818182,9.2947386716517,9.827980939791795,9.160665820047255,9.43708421754554,8.953143261004158,9.001098142387045,8.772500810588781
149,7.64853073839631,7.469709114232574,6.916608535334606,6.838748991342908,7.168225796072548,8.22928462045591,7.654268880148102,14.495042555858406,7.5637222841927665,7.570644295786234,7.477431542537491,7.47704140143103,8.134106055938433,7.051976635369015,7.278075542506653,7.068307633286662,7.168225796072548,6.796555576475098
150,1.2175358746864366,1.14966866096863,1.3730249059752486,1.3895318985669334,1.2090749341970604,1.2399659989194947,1.2179759136990356,1.276479197990816,1.221131382942692,1.2165374791875403,1.1768218892815285,1.1753898579116877,1.2290866300405208,1.1924730627827744,1.148279889617886,1.1191873003344968,1.125223149739915,1.063036457747878
151,189.3617656057705,188.9081695998673,184.29496363211317,187.6643016814022,190.4064527802021,196.95282186948853,189.5329393655115,250.38359788359787,184.03931291712047,185.62813481482587,194.1349447745275,192.07748399613055,196.32109428256842,187.86300980071067,188.38853147862287,182.66159883600787,182.66159883600787,184.3539941905408
152,55.13589478141054,55.33820501893291,53.60286783824191,53.8709396392799,54.7634472980416,56.38668430335097,55.16335513384157,63.69223985890653,54.89375524029638,54.81122989272956,55.65282278082547,55.446979269935355,56.28118601224093,54.50504789241062,54.98105630351699,54.7634472980416,54.7634472980416,53.87003813038743
153,51.975389974182804,51.78992012303605,50.74460900754621,50.58071284628704,51.123584210321866,52.53053830227743,51.98836291773787,54.89596273291925,51.63841401006559,51.76766145310023,51.766192818296666,51.75379268548664,52.44626956922519,51.099532093132154,51.49317665710745,51.0335207178862,51.0335207178862,50.327245329673396
154,0.8561934333312126,0.8870574162783939,1.6535809507919152,1.4442764429375101,1.2989619843062605,11.30952380952381,0.8568721814649348,1.392857142857143,0.8722523079926461,0.8692078618219957,1.1220411640047951,3.8005142098320306,10.333287267717163,1.0568496589843308,0.9288581684110996,0.9973188243364407,0.9973188243364407,0.8708368650869662
155,2.998191131358124,1.882001875416493,2.035643585245355,2.5535897209759475,2.477927769435982,1.852063893873807,2.934681201136812,3.934144922681343,2.094598330279012,2.3459625190413345,1.7553278570749473,1.8936565272038017,1.8318026198062085,2.0656101171541206,1.91892060866144,1.6084143314570845,1.6092830073817626,1.730425138005996
156,1.524543442864421,1.392887767926241,1.8581047079810071,1.6971900889770775,1.4930358991641455,1.411764705882353,1.5060557900339135,3.554621848739496,1.5768507500995952,1.558550277214921,1.3681390365166728,1.3727419816330324,1.4006931845773012,1.4634018114411447,1.401500477249679,1.2293868019931538,1.2293868019931538,1.2249414484021803
157,0.6724022978222614,0.8574597200454811,0.7152855774106858,0.7617932429266054,0.7358303324597703,1.0051028782717293,0.6768517088537697,1.2129384632271503,0.6756109583486355,0.6761443172936143,0.7767311492999545,0.7736001747775658,0.9732346291693764,0.7034220403282782,0.7703555822807363,0.7259131164775191,0.7358303324597703,0.6806508949932036
158,34.34638893259426,34.6869127195523,33.674362521872375,33.65737468439124,34.686455739905995,82.01190476190476,34.375635783081435,40.702380952380956,33.67954522741514,33.661469512109875,35.74359231950687,47.14041024840637,77.51596601033002,33.96645160368686,34.34936216961774,34.686455739905995,34.686455739905995,33.302361121018414
159,37.92747811875905,38.294618194106555,38.12657872867594,38.85195526458483,44.26800365176547,230.14902998236332,37.9541388121341,49.34347442680777,38.87811513036005,38.11850151442782,43.85016626358865,92.09632597292273,212.28366240544656,38.04378287083511,38.06720313875544,43.72530640479581,44.134052423308816,37.52381418569032
160,0.21280733445309044,0.24225407471194052,0.9175973914391009,0.775756409085148,0.36870436767365594,0.21516754850088182,0.21285225084063097,0.4246031746031746,0.2132243468912222,0.21315864115920127,0.22931785692794815,0.23742031412503764,0.2124864171066966,0.4270092892370539,0.2964771318832282,0.20681890557021557,0.21516754850088182,0.24225407471194052
161,1.8570083729462283,1.8704128129079425,2.475112671640494,2.5937176104573965,3.357870934047167,46.88095238095238,1.858300008052027,4.857142857142857,1.895417245027815,1.8424193366031847,3.172033291637458,14.190020644361951,42.62821401611094,2.0518367920421077,1.8997275838478735,3.160746592340708,3.2593312498337075,1.8538109496297526
162,12.075101935387687,13.246333197231218,12.443332330486584,13.087020613195131,13.415450751353973,13.918444951705837,12.102097234641912,19.922251995912223,11.776722817540032,11.774214460864806,12.647409288083304,12.578258554222808,13.686444275199895,12.846211382013927,13.009372745576485,12.433654887617754,13.109777080360274,12.693840495566038
163,5.945910992048428,6.461786508292083,6.200639356862773,5.840356509691628,6.012045588127204,18.685923813997217,5.966008127975358,6.591138106455496,5.81536541406579,5.801732008942164,6.428165744257806,9.281514974649378,17.469410654685277,6.011582400429977,6.24822747909239,6.002269809092838,6.0120455881272035,5.664710639626989
164,5.8810894757041945,6.271508454859204,5.94451173423397,5.404336192972991,5.827601170394264,18.776955091686713,5.899463319439026,7.5093043119822624,5.73773824188152,5.774074407441496,6.059005335027531,8.957721334206555,17.494021604223644,5.708092272191249,6.014982769378059,5.732180074173052,5.7779130320170395,5.211094481546163
165,135.4388683744355,141.53627911095444,137.5796027411375,144.86002844901773,155.63751059605025,138.95047946977394,135.27322820015385,255.0454887655188,141.0422360932297,136.41594261537952,138.97227987066074,141.6381753002385,138.71022527687975,139.7020383839301,139.96351512509128,138.49471633772512,138.9504794697739,138.96567976816672
166,9.251763425628301,10.81909235578946,9.508826257048293,9.551941169214361,9.953598310447376,12.67706579617022,9.287307076277147,14.643771899451693,9.299322561971142,9.20949545880581,10.129379351487897,10.373796406317096,12.362000648955657,10.051296635517383,10.479761237204343,9.799852025588512,9.953598310447376,9.551941169214361
167,284.7850123305815,281.76733686686356,277.3310527314773,297.78153284658345,325.6026222793062,276.480396204258,284.1053577333363,539.2811105705448,291.4826250838018,286.57366419243516,275.38207195339163,288.06652053423954,276.47125965357736,281.9918806062483,279.98934134250345,274.56282942357615,274.59779503110127,278.4119211395815
168,1.480554989986582,1.865598820804985,1.5251874648128234,1.5663746491541664,1.6959437956027539,2.035179495872304,1.4788177959526194,3.183998131905293,1.4843300062771156,1.4873986947136288,1.6933228061880428,1.6858501457966228,1.9840725258700544,1.6040039325697337,1.7340849929325224,1.6090629483359278,1.680684706085627,1.5483302169449835
169,22.83586519794424,25.793508045057035,22.815591852409938,24.745078939760557,24.215625316582447,21.978566588375667,22.974229364124735,29.084888653624194,20.576532910514697,20.849218412652622,22.168194225596224,21.76952270207803,21.83818060720981,25.099525873337683,25.475170947792225,20.749747982696018,21.75554597236298,24.74507893976055
170,9.387699056011368,9.521426864629698,8.954386576773194,9.922500726198136,9.772518119378873,9.490738423835081,9.352538534957871,17.34413738894936,9.881644468606,9.422272068551576,9.052970071148247,8.927585751263466,9.371059329747004,9.548654064765222,9.49072340932822,8.774139047751378,9.316295880634096,9.285706978975083
171,12.26490698581293,12.27527335416505,11.511664612906499,11.3946743925449,11.852588708503275,12.44083191769473,12.267890885522748,20.126508488778743,12.522368738941317,12.52281614804977,11.945072228662747,11.94860045789923,12.373778884747203,11.727449763572677,12.030338131580345,11.64885998380921,11.67477499433146,11.362799926155915
172,6.471530781543197,7.95430936159394,7.190836878719125,7.591094315998099,7.735186098730153,10.278678006827876,6.501117367473341,9.427402126769548,6.426853974311058,6.38081402572455,6.9011569918651645,7.001772000243709,9.770523001441282,7.575163543360074,7.755241843395768,6.352998024044148,7.079641689095117,7.46752224506823
173,4.018729355739351,4.7821436187997834,4.388731157025448,4.654881707002306,4.6922670886406985,11.126691605585975,4.031776023931097,7.384596509986661,4.078279518790293,4.054853053151594,4.666381272073336,5.996164495400255,10.441440557913225,4.5539172745469605,4.651350187893674,4.619482636798463,4.6922670886406985,4.473222313643894
174,6.691160467689966,7.583711059266765,6.762998088713322,7.055520565790611,7.3356525763949,7.512702584544307,6.716559016572059,10.57208630945721,6.614300547425812,6.63540347927404,7.147160797673648,7.041207878481543,7.431085840759105,7.187620444529288,7.393595925051918,6.9956946955518715,7.288484686518312,7.021159637328037
175,15.462700820923592,17.588976642635526,15.830918847812152,15.967555551480194,15.826817839489431,16.867007754117406,15.538409627800476,24.27036479708366,15.095010448967798,15.144896810079473,15.695654732905666,15.37103831634652,16.6295821070992,16.596986335993275,17.148673377323124,15.069668891130235,15.797409448074546,15.915880427463357
176,6.847192992115924,7.6823376181070655,6.61375833329912,7.039756898517645,7.183903389436051,10.876079863931599,6.879922834813036,11.002230105299518,6.684541396269583,6.799240595474051,6.837084116367304,6.8836325673003005,10.28366281892395,7.22485316968925,7.466657257470395,6.403493625914833,7.010187453505819,7.011672494421944
177,14.612334438508457,14.736885792297656,14.370773234987958,15.72862761619155,15.520805305211587,15.08441262961574,14.590283609485518,42.537164719188006,14.668824532481969,14.451141125181906,14.522268121717024,14.290068127601293,14.913849503831182,14.939815520488338,14.74775179947243,14.223802613829386,15.05160674671908,14.68977861271735
178,193.5874536349354,199.4490364376843,192.53455275462076,201.65993390911544,205.24941252028154,198.45623503856257,193.739366156046,372.08144937295293,192.47359590757932,193.6518008840527,200.11652729440115,199.53353450647867,198.3552289507893,199.53237177891523,199.23706335950033,193.25961538011063,193.36633007819512,197.3990232725406
179,69.9418705932088,79.72817556469269,75.18278849312598,79.73006577212917,75.6948331859233,79.47186823784743,70.235457817414,154.6495860859521,69.1151248623604,69.31692809381904,78.35019851120569,75.56429476807314,78.8993958559269,79.51565145750574,79.59193331120066,71.70124721167336,71.70596711872084,79.43050731503814
180,16.499626329583208,18.88275354921542,17.499286610722137,16.935431680662145,16.659104360702184,26.49462538823086,16.55014388080751,29.125410614269697,16.515588731032626,16.40710633184799,17.49277536086399,18.64894015866775,25.446543640852656,17.646614045162945,18.325302890848228,16.141031750000884,16.510957574093762,16.864483177948973
181,0.2805445967047506,0.2570430680127113,0.8069403819336936,0.6152103940263288,0.3953304485770482,0.3029100529100529,0.27970292801183927,0.5564373897707231,0.2654578324490564,0.2671525722767922,0.27200580400868984,0.2746951122992289,0.29339029638898156,0.3562847845184984,0.277577687454781,0.2567552375146301,0.28130741733624093,0.25462564720995506
182,0.4285052365396904,0.4384439272543566,0.9740072229296693,0.7850781204017495,0.49165815989274836,0.5476190476190476,0.4291672496566831,0.7976190476190476,0.4308570233563917,0.4187689346446983,0.4254062628941117,0.4461549366063992,0.5308591064743279,0.535236691754368,0.4587951933566768,0.4125940045987586,0.4279721307667723,0.43487180270147013
183,0.5200943576965509,0.49677134592457567,0.978684158772413,0.782549560508547,0.6263465565830576,0.5630511463844797,0.5207126347294204,0.7777777777777778,0.5247947778955004,0.5253268000488981,0.5166276504422646,0.5184425405490086,0.5517272178168042,0.5597717314580178,0.5027982069159022,0.5090097701781136,0.5530165366686802,0.4947404314845405
184,0.6960602684250721,0.6753441176393222,1.0915848886597646,0.9599562773928408,0.7739388457287303,0.771164021164021,0.6957331740251301,1.77336860670194,0.7103036344571629,0.6890113824499876,0.700025625037075,0.696678741313708,0.7568869508870497,0.7330758731375203,0.6781389819877467,0.645625681365375,0.656399053877576,0.6217473547335121
185,13.360701060411925,14.233375173020358,13.072479631379862,13.575603794985753,14.094024451868648,13.114016548735451,13.394037348420001,17.137134765775098,13.432772988427297,13.272076216278927,13.339221634601342,13.336162347771335,13.112123894911276,13.769752510365327,14.015589234285292,13.017191209290132,13.11401654873545,13.396510343894407
186,602.1930896962007,615.1124744917108,574.7457129084395,662.613731454283,637.5259837063603,704.8333333333334,604.400387372055,975.7738095238095,561.4762630289264,569.917656710209,636.0133097460672,605.9491941370678,689.0741776192566,635.1343643245447,622.2263331492159,582.9069483773184,637.5259837063603,611.1267431456287
187,0.756175106806487,0.7197671024065869,1.172442161271781,0.9642654691622052,0.7790623121733837,0.8061904761904762,0.7572462070722277,0.8895238095238097,0.7911326686849858,0.7939326910218983,0.7376572148035496,0.7420055222420024,0.7952161023210352,0.7700520381301006,0.7226096572589616,0.6437773193699964,0.6440287335245408,0.6198629571310729
188,9.414993814037263,9.65644452255424,9.511800109552356,9.456294686114939,9.284449766720021,8.797619047619047,9.426007014448846,12.821428571428571,9.595260311020196,9.298386411846861,8.987476764826654,8.922192990097361,8.799380714330383,9.481029942423696,9.56819717164341,8.795425723314876,8.797619047619047,9.249280861224118
189,0.7442884170538061,0.7098205219596926,1.057908285974114,0.8401372286722976,0.8042459080848824,0.8447971781305115,0.7464002777883668,1.5304232804232802,0.7414403887470297,0.7262868338613343,0.7442718663511725,0.7471471973626432,0.8280684889366697,0.6920798873339958,0.6828285109937341,0.7438450868513281,0.799773670205886,0.6641144061585031
190,2.0380614079354764,1.9539657577884746,2.1922458855349887,2.0895422244742434,1.8581040435803764,1.981203007518797,2.038324893500697,2.1516290726817044,1.9823075100474987,1.9967195416523726,1.836974821363217,1.86675827661936,1.9649979620251328,1.9396866362094196,1.928557943975587,1.80532856719213,1.8228430790654109,1.8378589439918764
191,2.7043410293301715,3.9674706229253425,2.9207425919402605,2.9200940722534,2.9795317170616147,3.7255946127266486,2.737611533570019,2.912600879347283,2.660052311882892,2.7091979490820175,3.17653435670778,3.109525080812082,3.6421142319678075,3.3500959102358627,3.698035992884709,2.7266910602332204,2.8123680829894475,2.9200940722534
192,8.713965347704551,8.837828854282144,8.85861426725696,8.542718089217345,8.79021705137671,9.201680672268907,8.713206144589956,12.630252100840337,9.101139040704133,9.057062508969906,8.862279769763065,8.880679164711893,9.159206248773224,8.600866745975763,8.721586396773835,8.587972569600813,8.587972569600813,8.26482148506894
193,18.80565799616462,19.01301998061462,18.152593673260338,17.943598905803334,17.70262207306503,19.902876821290338,18.8124527883005,22.127049566341324,19.04039863099603,18.864293633357008,18.74624426660884,18.604199504172136,19.755139594708016,18.376261432338335,18.73382503869515,17.702622073065026,17.702622073065026,17.94359890580333
194,1.0108383485733257,0.9779888904325195,1.2430415658399927,1.1321274527742549,1.0572917519526215,1.0456815589924118,1.0120669080288116,1.4473803628446846,0.9950171411106412,0.9809727988499645,0.9843230935644615,0.9867164063858255,1.033955721313951,0.9772738240716917,0.9590346204805814,0.9828082123186208,1.0209723296326274,0.9324506235246354
195,0.197851664132377,0.19696045325275036,0.5692746741818959,0.6483749614951536,0.3449641962013498,0.20279148070028277,0.19656054910920082,0.4606940219730416,0.22053108432136134,0.20959071130444162,0.20753141704024314,0.20096769588328187,0.19604718938750465,0.3383546157759209,0.23328297627849112,0.15102600943600045,0.15653182998954637,0.18567624223506507
196,731.6969819374248,729.9453454305894,726.3449964808186,726.555104270357,729.427994354166,731.6296296296296,731.6936564172273,731.6296296296296,731.6297519265903,731.6297689714784,730.6749397222064,730.4667286006124,731.5077520215121,728.1722382697427,729.2173857868755,729.240484203884,729.240484203884,726.184924100644
197,1.4619762384695159,1.4160713863190253,1.4488118797839704,1.3037075439982269,1.2604718754964008,1.7103174603174602,1.4669047187793078,1.724426807760141,1.370697454698151,1.3900572049266373,1.3787352823680121,1.4138297561815414,1.6742278478485833,1.281677145674765,1.3435427333851944,1.2169478808715406,1.2231073003445936,1.1402527444027355
198,1.4861002994576749,1.3232201620621016,1.4113892663943135,1.3017412839642108,1.2822870055023168,1.5282186948853616,1.4870000876375034,1.478395061728395,1.4253455447203314,1.441145528251215,1.3472802010898743,1.3547873094396266,1.5063336576729087,1.2360401695704486,1.2700024322391907,1.1973173497388936,1.2015043357858743,0.9861174400216172
199,1.524302694555421,1.2198717494126974,1.554933365037588,1.54701085013889,1.666309206309344,1.4181654286139287,1.5022408035746981,3.8598141700598867,1.3772529042591988,1.482148736407285,1.3061835675825908,1.3239760245264895,1.3891029718410213,1.2660236965040135,1.2101523034639967,1.2713862185994962,1.34193673581264,1.176300166091507
200,3.059359058884251,3.1359371350107055,3.5611348173839303,3.1982161504841495,3.9983502600078693,28.13377153674142,3.0486796795089766,5.315127002835136,3.0638397083532953,3.0426907193967545,3.828271341393821,9.945056551154005,25.76400964693282,2.99878860329747,3.0406885928574217,3.793683700278359,3.839356806611915,2.956597047866038
201,1.9965468625080671,2.08410940689277,2.735314166461356,2.73691393836922,3.2445019982498153,16.00404932123726,1.9898951624051453,3.0671757854139643,2.136289648838886,2.1063181386589824,2.9282252459526106,6.312320808278915,14.736800533309612,2.2842492899117866,2.1338623882477665,2.8496602865870173,2.8544680071020196,2.08248396798094
202,3.2375865218878612,3.186314853846442,3.5797414944181725,3.5144671937402037,3.8716101666531113,14.226662096342407,3.2307487233544125,4.56487325246398,3.1733229284912112,3.251004821445545,3.437351584695507,5.961877439839781,13.12233034844293,3.217483480991895,3.1668844944322796,3.335619219582783,3.3568034016879804,2.971958311825498
203,6.4783257638080345,6.783865636466831,7.79523193961197,6.917691888905036,8.52911209149927,35.95881210626917,6.451709003642278,10.988589105912965,6.410408960824875,6.493937185573762,8.19031340516723,14.788131887072794,33.17071936528651,6.634182173848539,6.6720090700985395,8.018519352852184,8.048076516129846,6.543754921742225
204,2.2961067271722295,2.204095002607312,2.5904417603186096,2.5963118924375963,2.9973993672046007,14.910189305009633,2.284130798114107,3.2763233532893232,2.194545256978216,2.196862600135887,2.6704162618779215,5.46312094727097,13.65132186424052,2.2705756753798805,2.1995766064021214,2.5960264547151373,2.670836038074391,2.1477675258085283
205,28.725924065272178,30.828920282898963,27.432768103736976,28.425553794866847,27.922098743316678,28.26190476190476,28.808954719480624,37.202380952380956,27.529353555279872,27.80404669177268,27.841402194069556,25.86728359312812,27.822218010673662,29.443121832454406,30.230413253178302,25.666080991295445,27.50509810519165,28.42434351903491
206,3.2448939620654507,3.3387099271300986,3.0167107140799483,3.043999772346401,2.953899439732581,6.011904761904762,3.2580999525033527,3.892857142857143,2.85137283474725,2.944081655800433,2.8224980223943947,2.9305900003689183,5.5640651967106995,3.090024746423128,3.214916630051681,2.552143198569506,2.953899439732581,2.871639895588274
207,295.7655924442979,297.5625779338826,295.10894602254507,309.8574575099858,322.10837952037946,295.08498667405496,295.69671310577195,293.1532369664295,305.8172932918507,297.39133072480223,295.10042918986176,301.7926523196924,295.1433904686415,298.6123506688292,296.75904693511603,295.06035862565824,295.08498667405496,296.7577393381321
208,74.551672678924,74.79289468067776,74.83867239823017,77.34680716484486,81.09711567450209,76.19728978289537,74.53926481852817,149.73159956152327,76.01491952094746,74.63400442660834,75.7165957432283,76.39501815276252,76.01436600804782,75.01801900150919,74.63050474790982,75.7114198960582,76.17026017484504,74.59502261853275
209,743.9885757531277,754.7383746962299,742.9053725791532,782.3780584362971,819.9272107632914,720.9638758344598,743.7748312680259,1480.5864937176718,757.4826448789723,742.9709294768554,758.9419133483938,745.0424618152632,721.0854570990151,757.2962262155894,753.058637619812,717.9702232042395,720.0010806529857,750.5560597248937
210,43.27910286713526,45.57832408811216,46.33469772853754,50.173309432081,55.2706943789251,77.36238264998973,43.27400921242131,90.53044778190286,45.06207366881457,44.31699415446573,52.730834299930684,57.14235829108142,74.51470399399506,47.151816129955044,46.03396075361534,51.87859239192241,52.55787364124095,45.57832408811214
211,11.123342044045863,11.739053908749534,10.89006384315992,11.101065943250196,11.67774321429203,12.295661565406126,11.129993853740977,27.032901611678103,11.474045386503407,11.492571851958198,11.814751349054694,11.78697836795133,12.22681808368985,11.31158648467843,11.54203331320395,11.370177192737012,11.39252441622052,10.987218711086873
212,0.9568556005207758,1.0060596222804095,0.9265675428944532,1.0566816485007047,0.9544776008203809,1.073794072007195,0.9572282035830973,1.293165458515438,0.9621229836222907,0.9563289169876547,0.9409483214799987,0.9423759734180736,1.0541938744786685,0.9415451816496581,0.9586957371302932,0.8991024834828266,0.9138184943525719,0.9087101049706576
213,14.55637023755944,15.909261700247812,14.699647352680342,14.98331595395139,14.739313161616593,16.99560535002097,14.56255853788691,25.19891766154622,15.528049451807638,15.224403940865026,15.543133337069508,15.419549197703837,16.79768782955891,15.289857202994723,15.623956311561408,14.679950082632631,14.739313161616593,14.898189700126045
214,27.52084347401153,28.751020019261418,29.632700014732738,32.209360588338455,37.369226054075156,122.71686646301185,27.50963038637566,51.701717864477445,28.87975840469426,28.562685341050877,35.19557858095437,58.29159782342438,114.31670923989238,29.717429597720653,28.95452128118609,34.5487857526191,34.54878575261909,28.747299044968937
215,9.31167725021376,9.599393833203406,9.285344681953413,9.468748176123698,9.605408066004903,9.723221191195108,9.309894259884057,15.932262946790765,9.712098775285991,9.645029203047057,9.522859679977802,9.531586743502036,9.692112236766983,9.442487994165768,9.514651575068884,9.275954453999804,9.286166428107641,9.146736763245947
216,4.197743329022988,4.04882069786581,4.164611150686403,4.02731620156373,4.1142967704492905,4.502884633305059,4.194695310412523,8.118701683101222,4.256831787878233,4.197955151686535,4.160422988089402,4.132381605331481,4.449975511818588,3.893437828877427,3.951956201269494,3.980999652576509,4.016892549391787,3.800484709745055
217,0.1497590720818819,0.11992254826908542,0.3483569377184554,0.6494076860751828,0.3067077206871704,0.08801321292881199,0.14566005367897458,0.26373636846991033,0.10607850807269949,0.11047783941829874,0.12487162725224114,0.12333767600191257,0.08488360806357498,0.30407582123936044,0.1742424264333298,0.08021385171555712,0.08801321292881199,0.11992254826908554
218,3.360438278350843,3.8609819461282413,3.458984545335813,3.233437786185491,3.354593876681429,7.127521829133541,3.3481989335973097,6.502279036468618,3.6404298464318257,3.670868171457369,3.7994601734317377,4.405376471851102,6.780095969110224,3.423337154045578,3.656194578388467,3.3463560901223612,3.354593876681429,3.149839147074039
219,30.340696651371427,31.502624857282125,32.79584530258193,34.92653859345097,39.483403320696226,94.04185773984432,30.322709079695755,58.14936198880924,31.60123420385035,31.139039984961247,36.90715511870768,52.26031613520098,88.55849528382372,32.461525781825785,31.705451800649808,36.37637503813112,36.37637503813112,31.483379002419202
220,11.71193326151919,12.094947119698974,11.651369034465965,11.387495690826496,11.743789968817238,12.758051886373494,11.71387093040389,24.280979272030077,12.008815657749835,12.0751688645379,12.179175737610658,12.024783824657744,12.664372740937532,11.60212902427204,11.864437710090435,11.162054669968768,11.162054669968768,11.198829639282906
221,1.4882047444691355,1.5458985613465084,1.5367365544912597,1.5432480682036018,1.5023613190103724,1.8891413080905277,1.4843975447243567,2.7160849700284637,1.4816198804409562,1.4976770452499133,1.5236311478110682,1.524322700513575,1.8372308721595134,1.4354841415919715,1.4755513918807537,1.4394594559319582,1.5023613190103724,1.3407391865395375
222,0.0453147150571605,0.06508361126448564,0.31711145295746274,0.6287937099435822,0.21604286509946521,0.013995138942683531,0.04346623934146865,0.05356597156438272,0.020994558343396804,0.02471651294416363,0.06264087229024866,0.05704350607779246,0.013082181021299067,0.26714972482948524,0.12676071210459383,0.01257613024413732,0.013995138942683531,0.06508361126448566
223,245.97839004322483,249.8114970183,261.66950373738456,266.31772009030664,292.5151581416954,251.07756611570142,245.96164795679928,420.1173292809536,244.4310615656835,245.85582841501682,250.23382498588762,259.006113859525,250.7192985458582,252.08995474532355,249.28896319495422,249.343592126912,251.07756611570142,247.84442634202063
224,31.87370817150592,32.333860067342236,32.011723879772944,31.980076461666275,32.64439667621283,32.932539682539684,31.902609313560006,50.23412698412699,31.366055159388583,31.865532653618533,32.70098955927644,32.50132688877478,32.86357568700905,31.976273512764365,32.14745870509352,31.882797137462685,31.89443001823349,31.54333542370456
225,105.99424626637035,106.7183693037864,105.0437898961315,105.40486681877995,105.23755617018338,106.68146519495808,106.03825710182701,93.55025819603361,105.54714814179113,105.3358136854763,105.79498309298083,105.8080661908928,106.58049529030053,105.91949359118796,106.36470914592417,105.00015919897929,105.00043253877165,105.22945099796313
226,28.699978966181636,29.361386005435758,27.19682918232962,27.51479469767574,27.1819744480143,32.54466912457435,28.747359350883325,45.93496007044282,28.134071394990283,28.298348375418627,26.689218425520384,26.97946749779359,31.728602075931203,28.340789693359273,28.92979532263801,25.756668804721745,26.34106973289658,27.468283942222175
227,109.36174315426553,109.13012012147179,105.82788604560066,106.00256583993091,107.82732452621156,110.73428696987952,109.39537811737038,111.68550586822023,109.76097215411168,109.99798107940497,109.28375560531985,109.22058058731609,110.57749606715753,107.4851102538072,108.45262031995141,107.77545752694552,107.79330186463528,105.7873395113549
228,46.537427753650604,46.453101077057646,44.679808626048974,44.592659052715334,45.43181373726376,46.529441620239204,46.58058810449652,60.61348592131731,45.57895089785264,45.28519724368994,45.85716905860431,45.91940477650463,46.462927874663535,45.43022143006835,46.02171114590558,45.35759610062172,45.357777161080826,44.40891752573683
229,105.1916167021662,104.98144495995628,103.17982682832576,103.86958290573074,104.69073397949303,105.80569900553685,105.18555938966881,219.61674008861087,104.87398337391386,105.32844970993018,104.6488883013854,104.68707338411787,105.6433335636392,104.2245595531982,104.63046174613817,103.80496551280214,104.04388242548191,103.33356728271077
230,0.41954244350558206,0.4140726210764145,0.5541366908474897,0.8682607266275001,0.6663923916665774,0.9980827766900905,0.41736080396750624,1.3919862639769924,0.45746318118627666,0.4633414485657375,0.5911328863084405,0.6709329381990795,0.9508503747028566,0.535217249702249,0.4371026107308185,0.5439715847648583,0.6209367390965829,0.4110469633972434
231,195.1523439127321,197.35134879642723,192.43267054849056,191.13430493640544,202.50229642326727,202.3218340580405,195.2717311028683,346.93842115579827,198.05719050357857,194.62434639590973,201.56066842951373,201.80285848933224,202.2151078935507,193.906854847394,195.89291793224857,200.8760954703301,201.0578932228333,190.6446578828762
232,27.510401934845973,29.895506288367056,27.378345040194404,28.58031088891731,28.611008434835146,28.866356321953884,27.579821145785374,34.549120324461654,27.10648116072633,27.22636249861702,28.590926349256762,28.398575003799795,28.78896852642494,29.082426212412628,29.532958487690184,27.62676531008491,27.63263265431824,28.5803108889173
233,14.876740157422814,13.916646611087165,13.424030590373064,16.312893781695703,17.365432794340386,13.924285506797693,14.764304319170458,48.734999273791914,15.148636695276934,14.484287436504255,14.143759105023236,14.906958300361623,13.956141709635418,14.814675428996152,14.203835394075893,13.729158534085089,13.768407081817585,13.898204755174882
234,1.1271458325087584,1.3019017813365303,1.296536797814512,1.4714569167986984,1.4985139145401067,1.226631984188571,1.1259585372077978,1.9404775643118537,1.1323887867720674,1.1277538022634737,1.2762039989013754,1.2622537769684554,1.2211654379509298,1.2943281480170998,1.2767080397566346,1.2042529199848373,1.226631984188571,1.2491089919951583
235,1.5905431620233097,1.6254546527127385,1.5936202338847758,1.7503330611137102,1.964342015787076,2.9523369691730292,1.586504533567252,2.35642449965553,1.6819718692009358,1.6320529733216464,1.9242214938191446,2.142960040557028,2.8430151256383565,1.5921787203133733,1.5891726469690284,1.7775012356568276,1.785864627061043,1.521740310607696
236,7.047121067802476,7.624342568201558,7.364292977618436,7.837231294548936,8.64131781822181,7.635215639838439,7.0454251587868955,11.983460036441675,7.2240694838062085,7.056637402714298,7.797516638412778,7.719804702370389,7.606012963692257,7.555770732045336,7.55490994589989,7.115063644263658,7.115140715406478,7.40908039801062
237,0.948087311768143,0.8783481281472473,0.9535705963800329,1.1404795688525047,1.2192009516576336,3.513317853210061,0.9352542966123338,2.2265868566210387,0.9351398509955112,0.9902248507162698,1.1761329580942401,1.7489845927970762,3.2813297943014526,0.9152458954188867,0.8705069263164656,1.0746953979506393,1.1377474077684242,0.8622293848514158
238,1.3204975567011996,1.3224309386993645,1.3370307871723757,1.3793630917068247,1.3451367977889637,1.4555468764146287,1.3231643091020062,2.7542671533502396,1.3026029634720402,1.3028796274085628,1.3105526974356374,1.3110998187918959,1.433070389004464,1.2572528006729593,1.2738850720015702,1.2561841430526768,1.262235780547896,1.220826490128763
239,0.5481003871526453,0.5453953086355158,0.6510211799480636,0.6923492620025952,0.5392379871731564,0.6189614698646799,0.549949649972321,0.9344515394559002,0.5416079725579797,0.5396870347711734,0.5079689447887863,0.5105708226386768,0.6019548036128579,0.53245686545975,0.5194802305989762,0.49210483146889983,0.5295392340808333,0.5059710639540029
240,1.3393082274907446,1.2898911225843277,1.6982703811487385,1.5692394170938808,1.381418153401267,1.3888888888888886,1.3401854745112505,1.4312169312169312,1.3115139249245815,1.3236540175540814,1.3256868630410688,1.3258429201768474,1.3772463379305437,1.3500096649048887,1.2948451943283403,1.2893287776836158,1.3032586503195873,1.2646542893049102
241,8.291627796124127,8.179303825935493,8.262222907989596,8.17693117623791,8.367034870518951,13.555714285714286,8.294271527955251,8.641904761904762,8.327549901881556,8.311257227734934,8.551109885766763,9.864487097211393,13.087871693582526,8.095237522667054,8.125786109807402,8.295864812678586,8.296445663415225,7.8260540035899675
242,0.18386219536960438,0.20527034469766747,0.8745226885211238,0.6618225523804702,0.304330199835764,0.48148148148148145,0.1840799430453821,0.2561728395061728,0.18253396251143758,0.18253396251143758,0.28720545883519777,0.3250501319698104,0.4597313327483213,0.3571208733175468,0.2476684180924539,0.23286476076587057,0.24441941113277998,0.20527034469766745
243,194.62699401917715,192.57214361675312,205.9199765679131,237.5517098220538,288.3866868700918,2628.1385504693567,194.71537153483595,201.23612543215498,195.00040434108953,194.23659434723342,288.22203624925186,824.3917055053971,2390.7154837881712,209.36622512754897,197.92280783902638,284.3641394701828,288.1448062963339,192.52048339966748
244,2.0407885868406184,2.438430963125453,2.1068033955294663,2.02924206706042,2.2185052743452274,4.3267866764509995,2.045828493838808,3.7142270852245187,2.0792276490843116,2.0807786917214486,2.4698790382006814,2.6720628843915164,4.107261819054457,2.1101109204165307,2.2774088033195468,2.1833313423088714,2.218505274345228,2.0013011652024795
245,38.60131702489397,42.36249254747836,41.40652206236346,41.72354766404167,40.93487268056949,39.23576105641922,38.68797988820285,44.0836065329463,38.09290771834572,38.33059904989117,39.82894977177627,39.42371192537361,39.195011698433795,41.90345383084147,42.14538115484316,38.42422472050179,38.52597196276231,41.624893353829485
246,10.04294577660719,11.77187258659582,8.791195359913498,11.192193511997532,11.399302214676032,12.857142857142856,10.05075653130553,15.30952380952381,9.888714961116243,9.547520416141762,11.033772370135432,11.166376252805568,12.601500031229778,11.34929425774149,11.57098394508084,10.429529786053772,10.751258660295319,10.871580237640174
247,30.14006141031418,31.485935690120204,31.101290761214496,30.325976400155863,31.226635267911107,32.298136645962735,30.163272336992232,46.58385093167701,31.789389092899125,31.80695173511703,31.59723532284995,31.386593533402984,32.17316101658871,30.764702823465495,31.16354177025691,30.526018229449317,30.52611308802952,29.941242673815395
248,7.381304521999489,7.955994163397098,7.906835270541753,8.318518348540195,8.924243898174804,7.830392796541119,7.382636043317956,13.033770312329027,7.45537600263794,7.382213544735144,7.662511200279334,7.577020941639076,7.733028844536212,7.918081108212476,7.888226905861767,7.423774252074598,7.830392796541118,7.856064570852371
249,0.8397423116891005,0.9670571892034537,0.9028554182331464,1.1293115436128827,1.1532404335781792,1.2924651371348788,0.8382019654146312,1.5290337856045249,0.8407424789998021,0.8451352061540272,1.0535616680365385,1.0611222669036817,1.2547751034510028,0.9426483361674731,0.9319650007312946,1.0384241254799234,1.1139273997496357,0.9191906766871876
250,24.388867006918208,24.646599082895506,24.516211409890165,27.43205597334628,30.20975825523887,25.494505494505493,24.401040350389877,47.64835164835165,24.760322456327383,24.466612220758226,25.692904556000027,26.715915454545723,25.514387012680135,25.43037643688379,24.81396176259392,25.422796758600004,25.47831607755381,24.638776383427707
251,4.9851256926991425,5.137650096286275,4.779918844577227,4.721089275619908,4.87685555820576,5.5731956169786585,4.995638191425715,7.124521374469594,5.0088674426753546,4.969206571249598,5.035118581533161,5.0286085922573625,5.501059384926393,4.790493635774571,4.965457260038748,4.748010542398682,4.789516119112709,4.610071467520927
252,114.9325347863534,120.15552156550886,120.21531337796993,124.88149045916248,132.3590854966922,168.8278771245016,114.8205536109417,263.6464081338195,117.58680461503836,115.55724739835405,119.02666410899447,134.5228646211517,163.95102037211652,120.77570158356117,119.98532050982391,117.30181773949847,117.87499620831358,119.06971722118186
253,147.4534828801569,152.25450256325755,153.594000069491,159.80609819088042,170.83538328468111,233.942817037916,147.37182437244522,313.6204445938352,151.09687592940415,148.82502620782086,156.12464296567947,180.2508309677863,226.58117420348688,154.0903618238494,152.52326101472164,154.64403256184724,155.32255843481798,151.38585673107687
254,178.0600691235293,187.16787649222786,186.15812377362514,184.13577419999424,188.06472554677111,179.70075365996328,177.98759179352547,407.0110071278568,182.13124598307255,178.83264946198253,177.77715600987926,178.6135119902535,179.11779900781207,183.41772357172474,185.13163089817394,177.3515536209678,178.80256865331106,182.79311761809393
255,0.6871835516009374,0.667968761924433,0.7495810763409771,1.047389519510982,0.8748443014400408,0.8666249135751728,0.6867722277215501,1.0995109253294977,0.6790965330193478,0.6817212074033582,0.7833912982164458,0.7839763560721854,0.850551815195686,0.7489338533996738,0.6742559295582012,0.7785950129539009,0.83096011364369,0.6377851276541889
256,1.454024663643488,1.5276577908795133,1.5285460121813579,1.745395256753113,1.628175617192347,1.9576766692629501,1.4428834335818443,3.5555976639841105,1.4328947602156372,1.4277691483052692,1.53293163157591,1.5668695044651593,1.8982508552945474,1.5268395250964175,1.5010056048735005,1.4804847445554217,1.5390879303462162,1.4625721892975243
257,26.875072664137324,25.84373184471913,26.960793447277194,30.300075033138672,31.632079301519777,25.67128031471216,26.775493166200317,76.9079488037694,25.460044313115972,26.46257179399449,25.696392086912656,26.914343269755495,25.639226321764056,27.176149428705145,26.161717915859843,25.389951624454227,25.659346221694893,25.843731844719148
258,20.862466589687603,23.105667899930143,21.30308026695271,19.763184107892844,19.662333285928725,23.084972451208117,20.927416686761998,26.369124919979964,20.40974628453426,20.575444095856117,21.29850995758986,21.099234526275392,22.861701007908476,21.322020929167525,22.36523189368654,19.662333285928725,19.662333285928725,19.763184107892847
259,94.91328325383881,100.50800653055232,95.16929814904945,95.04294337702892,100.62196962843363,103.11469185463699,95.05123458160307,130.47079655091906,93.87752070338126,93.40133379786243,101.02159300489569,100.56197518117573,102.74184818685849,97.29443305101135,99.10712708206891,97.08506035128687,97.08506035128687,94.30928023453119
260,5.021184692276184,6.575960241200224,5.836282265190552,5.546431957620878,5.425394267808744,5.452077315127394,5.053113613005754,7.736506774484734,4.827655056112065,4.918578425424921,5.114658225044013,5.052348928903169,5.377329658874131,5.930259502871226,6.286255162699187,4.821961087323487,4.849334529241465,5.546231451900909
261,2.8991050299858023,3.2868288002672714,2.9429121904682893,2.8404093131668424,2.953870765915378,3.2949388177729695,2.9025464092958835,5.076331244640468,2.902450477421881,2.9095940980854813,2.9682214492136474,2.953080135151341,3.245333730408451,2.961511649603119,3.132196162294266,2.8661596741033804,2.900289320866721,2.8128659280969344
262,16.508299833685967,18.060754252851506,16.855580399932894,15.818169541160605,16.328956824154968,18.00512179645341,16.54498016838487,25.417619344148775,16.498448879022707,16.488764217355136,17.02253620814444,16.849777383840802,17.861033781810445,16.812345323920248,17.53088270373841,16.243868447061256,16.328956824154968,15.804865733221561
263,4.655787196224107,5.301572787141025,4.727071970561268,4.255452862341382,4.402056219262974,5.0787950844563525,4.669337854851307,7.42082504765309,4.625117400010166,4.646046595364822,4.644364926435521,4.641166310614174,5.02609886636004,4.684666445184567,5.03228711926485,4.401562753522594,4.402056219262973,4.255452862341382
264,2.9079194403693123,0.7212845666122366,1.1818763290403993,1.6254004379104854,1.1832631961495237,0.6148503357870898,2.785671285744462,31.081130017758976,1.7443086626539286,2.354938939754428,0.6148722048114469,0.6705415520023176,0.5998530881516734,1.0291634926050013,0.8098331746918163,0.5743817569189947,0.6148503357870898,0.7201342333601971
265,11.820591284079477,13.514774400539467,12.266267865867123,12.007834615310665,12.497726599464272,13.45921684282299,11.856111179779722,18.559483284190254,11.715716299408916,11.68140582585213,12.558142260222589,12.39066423745315,13.299458908753863,12.666700989738437,13.152840191854265,11.624980461253513,11.981850671098185,11.964896926586414
266,28.687779413140962,28.786697611315194,26.458402917346245,27.176469770673336,26.978257207770955,30.1358024691358,28.733041539882873,34.51322751322751,26.400932758210157,27.63573734483057,27.060585683312606,24.915049924985635,29.285949022508685,27.851604832604167,28.381465573817167,24.462856366142617,26.86631218599443,26.989520529531337
267,10.69431780753618,10.805970018783128,9.601862461748278,9.858285722057861,9.797082132647937,8.964509022584737,10.716215828713992,9.615019348364784,10.26323650050776,10.218233212185426,9.515613698284751,9.132402669531261,8.958943025551735,10.245981762540298,10.56129965039475,8.702204168929967,8.702786289950252,9.78134266655407
268,12.567576351140085,12.542504586288011,11.849116230047287,13.10751255804845,12.851452567332316,12.916666666666666,12.536732566375017,20.952380952380953,12.056172032784874,12.026633490636732,12.324547853430508,12.384306478786797,12.818452865439538,12.577960213360035,12.497395231002853,12.10953315165485,12.28637180980293,12.317283710194948
269,929.6588484951544,954.955471346759,925.1900847537681,914.936945428738,938.9716182857409,937.6933157849857,929.4972346082562,1861.6116172091904,936.4195041755244,925.497859159877,935.3244444353435,922.7962741636721,934.8053542644021,932.494636855708,945.3827603826488,899.6492820869466,899.6801381438321,914.936945428738
270,173.59241871452537,173.72822576497848,170.42152895647482,166.45050519643794,169.66491990197503,171.43484261241352,173.57531383587104,355.428212295533,173.70742280554953,172.56658567279328,174.71554738896089,165.31927198735343,170.35253071562187,169.48410013126957,171.88531182762964,159.90802763317933,160.5375749088268,165.71504647161228
271,1.9819895567550276,1.9387452472662463,2.160867535329257,2.1281825571428894,1.960389165068518,2.135300285169182,1.9766026296792258,4.63300117912921,1.9711505210715037,1.976482224838134,1.893657542924969,1.8765908347751221,2.094016489998841,1.925537908464899,1.9075600732481865,1.8640655585698356,1.9603891650685175,1.89786165078923
272,4.009064525147732,3.974201308803632,4.372472072738275,3.980460659549896,4.025316302751766,4.174603174603175,4.009000298873963,7.718253968253968,4.01877210306541,3.9918650855932065,3.9961974013797374,3.9936885596064418,4.146947306987109,3.888006264690818,3.9182853584818793,3.9667866712833906,4.0071888926043675,3.8257050379069013
273,6.116410337013011,6.139194046971711,5.869589040334248,5.966924554044941,6.01801512321618,6.612049290660564,6.116085649961469,12.732170491485236,6.076680405810932,6.059715637366348,6.086873414536527,6.060439586137185,6.533974984336119,5.945511420716258,6.035909505319434,5.780654751724614,5.798311680012975,5.67500321106732
274,42.225100832826584,45.59650975935276,43.554110738790975,52.56765444393784,67.15026594345507,410.6547619047619,42.19856611791665,71.41666666666667,41.29038138110872,41.197617080281475,59.668889418962586,134.60480901670357,373.6629731742897,47.571518852853636,46.0239782170431,56.93283947210381,59.12564108783467,45.590376315254694
275,14.844689978018131,14.573078182055786,15.35458110043458,16.847598305404166,20.687463430031112,233.24160642236043,14.792107209353984,24.698016413615616,14.65472099513786,14.28736745160151,19.29788074273492,71.4426240689679,212.06473620987072,15.003122165407534,14.5753639165991,19.069755527546633,19.26869445511004,14.50574766347489
276,11.405041583509009,10.959788295963088,11.146084215255621,10.037548256062577,10.106165622242198,11.909774436090226,11.406918099966703,18.76691729323308,11.346395572823676,11.34639557282368,11.038430366808841,10.833951308945236,11.786530438555838,10.36536107106171,10.690023676814265,10.106165622242198,10.106165622242198,10.01629503182019
277,14.170269358710563,14.717795207091049,13.812673506984032,15.317606022692663,15.365400431161367,14.23046252352537,14.180139423797621,22.194353230046378,15.182151856289119,14.530762728375905,14.59818883802601,14.41305774098077,14.214083408998277,14.881515160104206,14.750598679147274,13.833800264824825,13.833811020581834,14.37149367796952
278,4.477280748795619,4.6910748882831825,4.289455464098141,4.15830240558125,4.193240283847101,5.122230118729337,4.485699561799381,5.793348048913159,4.396686676231181,4.467225480862571,4.549783355686253,4.529822607724572,5.051477234208133,4.315045992536891,4.514349092929788,4.145357873860566,4.158400133152413,4.007396699117112
279,1.3696414568929587,1.0342826125447833,1.1981587406359968,1.6820437786269482,1.6375276797508416,1.086211493964311,1.342521625287026,4.189672905290915,1.1784930186205576,1.256031238778588,1.082685164624226,1.1312773460931422,1.069964777508395,1.22374157005326,1.0778050054203485,1.0453675667237683,1.086211493964311,1.0342826125447837
280,11.029170348895342,11.646478955140177,11.020930944014713,10.677494031312818,11.554675950973808,12.377119545740184,11.043362328520715,21.699848632678922,11.122657673376915,11.259310153209872,11.661956539768132,11.630511860840832,12.272274047373793,10.983051717997133,11.338163714227912,11.154812152674419,11.198439071073858,10.590562866453922
281,18.63848876408369,20.276216210208197,18.826588009276655,20.393873811037217,20.07503454136045,21.31403692830325,18.662628820944242,31.935982929244222,18.688977413029324,18.758160829874637,19.68641725738993,19.24926624351349,20.977485605605622,20.168662313074602,20.19326280394321,19.006422030998696,19.76078655959432,19.82183266121996
282,0.4862576306422411,0.4892413440799126,0.49999415210483145,0.9385794807209363,0.7588755641845356,0.4708309366249041,0.4795444064616756,1.388427110486168,0.4989905773595749,0.48792646136356194,0.48890050396043655,0.4940408806544421,0.46227881775033275,0.583425030873315,0.4955983272307673,0.44117179180561666,0.4708309366249041,0.47559053611291896
283,0.9637360549742716,0.7396777820428942,0.7955133768132553,1.298879253270986,1.40422392068952,0.9085035401665044,0.9350766622973876,4.223301692730163,1.1176384938415616,0.9988412339639098,1.002009737813762,1.0057284507357556,0.9046688560511263,0.86701609768777,0.7540701275082435,0.8626392491508063,0.9020242845022243,0.7281296097056665
284,1.4543473418208086,1.4031086672053716,1.4484414327163797,1.7019632421204374,1.74878968336066,1.5678806815824766,1.4508964495853078,2.51977723254125,1.4887477234525461,1.472782009884632,1.5117647966487713,1.5128018435762656,1.549274797281278,1.450420905381988,1.3975259506485982,1.4947494244592117,1.5678806815824766,1.3888463205608985
285,2.6704535182270295,2.908063338527645,2.822794284212742,2.9482648434121335,3.031204667852603,3.2350965309222537,2.6688405109232085,4.166231325800244,2.664350628119752,2.6719083938942347,2.8997006707955664,2.8964137557084904,3.179921937469773,2.7852537426815225,2.8246410165999882,2.865665850203571,2.9732979137097377,2.782323640764653
286,1.4101713551346708,1.6069979431231636,1.6737639219251383,1.6975288409354699,1.6122174018170277,1.5996323582017185,1.4131266396632565,1.7993090742047073,1.4162305977025333,1.4259481115750976,1.5350508749135532,1.5232936944402864,1.5845616851243574,1.5599938634375314,1.5660516243868823,1.4037433270859134,1.40814323255364,1.516333445809339
287,2.4366797317741926,2.6317270817480396,2.4893436161017175,2.5839871144024964,2.659445205858199,2.8449195155993188,2.437758801216963,3.694377662826016,2.4444132667267,2.467449354238974,2.631786039993995,2.6140058602901144,2.809392265028921,2.4851214906892944,2.543628299551908,2.428141567840422,2.4812724952747995,2.3262038032621084
288,6.843157489156634,6.789394218168528,6.201057038609406,6.472046853514439,6.592558614331807,7.429307437826847,6.853583611223821,10.208787552107758,6.599298601416589,6.5757612120245525,6.878701942742622,6.859722735177335,7.358740041380718,6.538496211860749,6.666901177890042,6.586978368128887,6.592558614331808,6.434415649368225
289,5.729075009377418,5.834320160765055,5.614397030889127,5.570824250362217,6.071547579636086,6.273809523809525,5.733489178734762,11.952380952380954,5.673604648792197,5.623747700569054,5.404224204301315,5.405492696488519,6.117931114106337,5.53615590004114,5.67511454315009,5.316202370518934,5.650317716611414,5.3521719650144854
290,5.709976257059105,5.670611058344044,5.882096461336723,5.446031126716907,5.471310002984944,5.834656084656085,5.707789687296622,11.72089947089947,5.710364746471833,5.6609566602111805,5.516199224089754,5.5288275909687465,5.792899244530692,5.462934116084109,5.564647407092942,5.300557664940835,5.323038824779723,5.237568264620501
291,3.3047518489264625,3.3207424558227854,3.191090956283404,3.0275046922337623,3.2388426763044538,3.7261904761904763,3.3077492475849515,8.095238095238095,3.3369268428610006,3.297748415133039,3.3573124677963846,3.37924956660039,3.6822023543632305,3.1054306270216046,3.2181314170207123,3.2198649316566956,3.2388426763044538,3.014747490258893
292,5.680720566041305,6.252154906280933,5.83829589584145,5.7362636772101725,6.123123298493947,30.28790591583298,5.691848991487298,7.821948148526142,5.676532530737972,5.680923334034834,5.9997292087510585,11.468918899267516,27.799713600465804,5.823546332291656,6.0397523664162875,5.963130441767596,6.123123298493947,5.601334148280252
293,0.9665158889118639,1.1499793178457862,1.056077198111019,1.0366358519179024,1.0493771646512393,1.2086332655427814,0.971236887189855,1.184739112101906,0.9563310998314715,0.9588236369107147,1.0047359117232852,1.0083008220275758,1.1777366258150117,1.00577597422157,1.071290393837634,0.9470801634998739,0.9910784987074267,0.9590089914957693
294,38.60987907514373,39.534432126826665,37.31881749428508,38.357460543624995,38.64269201475616,37.22289914033832,38.6513833961437,66.62120026861442,39.49238065792702,38.29321096301717,37.99545219802234,37.40051184926529,37.192754875685644,38.85236536624793,39.23914599004048,36.91006612831635,36.91734893770801,38.15745929316203
295,2.1912302632441554,2.271411126450723,2.1512995972697477,2.155068852894502,2.1280209878719933,2.260071610726867,2.195640452115821,2.6363006297949885,2.1921492136895164,2.191101437915651,2.133980181031339,2.1441621041755523,2.243991082510586,2.1177904673051184,2.1870549774242822,2.038533884199167,2.0391760895115034,2.016047328802029
296,0.560205641551386,0.5614617817889392,0.7115737966355281,0.8418572714827341,0.704305462850063,1.3844051961781891,0.5549584682658749,0.8819134033107177,0.5328620872910446,0.5582893283603177,0.7239700609742115,0.8493651488834134,1.3133520751919476,0.6109762406080176,0.559503576669894,0.6717273029992176,0.704305462850063,0.5274703083574365
297,0.9775481025090426,0.8418781774885327,1.54659470236728,1.5217071206230883,2.109086032948109,0.8533333333333334,0.9714149982809919,0.8533333333333334,0.8543883585963647,0.8555047430171648,0.8548678798380315,1.134738294939501,0.8502914045558402,1.036162666008564,0.8846407769652062,0.7809995574702476,0.7809995574702476,0.8368162739827926
298,2.258190890862148,2.3550253035918263,2.4126850223365914,2.7012781875508662,2.6630553510366353,3.668580000191158,2.252228310588951,4.656751087590689,2.2616898327648705,2.2746728140773644,2.4965463974138724,2.772922443328175,3.543653673599145,2.4157590522535903,2.3523445566602703,2.3654666712935506,2.3805485495773517,2.321964921550695
299,2.299733286444368,2.269853782790157,2.771861795179408,2.642625401241139,2.2063400234229165,2.3771428571428572,2.2999991613335404,3.992380952380952,2.3181308882933815,2.3181308882933815,2.1319712499744097,2.112448676250263,2.3345370902906617,2.324482323393513,2.2600834545621873,2.098272182940666,2.2063400234229165,2.2507498024897368
300,2.019214600010187,1.9871128928222772,2.2026942596814543,2.3909514711321345,2.3563679003784745,6.335018264744943,2.014745633038457,3.96179510521308,2.1453439170943223,2.0334172834407416,2.434009684467549,3.5244545600286137,5.980050427245332,2.088701081228656,2.0036687040051766,2.2701036540642767,2.2701036540642767,1.9400910806179839
301,4.5866373272993854,4.604332869966464,4.926316184098385,5.218665568053319,4.892978467538048,4.662857142857143,4.583169811107357,9.234285714285713,4.695729866025129,4.66333679694369,4.477718002324139,4.50866481260028,4.623205140497698,4.737292148110138,4.615706884207993,4.308702070829674,4.326597320030762,4.483715225762641
302,5.187815907968176,5.158329361788348,5.179410761226027,5.105452193584764,5.245308875371875,5.608407822366705,5.186311625545401,7.885106887956802,5.205790736137405,5.166117655731666,4.99222421996897,5.158532390746828,5.5392709429736975,5.02486531800659,5.0792576339524524,4.9151726797230815,4.920173648321323,4.820265755885663
303,4.311287558524998,4.366960986429435,4.368182160216266,4.742999375874404,4.516301510152996,5.051025791158345,4.305620812279037,8.68225473325142,4.364227084203765,4.2991776135574815,4.411733673807837,4.539087707755875,4.977820147957117,4.440311862487128,4.368780940372962,4.261389588357033,4.274872721032728,4.193081555606727
304,0.22661165817659013,0.0944661716979046,0.46394853066585684,0.7244385334177287,0.4374133026024261,0.04052248779555497,0.21554982560466862,0.47994431271501004,0.08156560602522273,0.16161251819367675,0.11609007110142146,0.13076300684027345,0.03980809974774233,0.31756285784888666,0.16165136742815422,0.037101040518732614,0.04052248779555497,0.09446617169790456
305,17.672095921435204,17.381418881175232,16.95810643645536,17.363011556927884,17.8876840006187,18.645554672313924,17.672338797068225,18.57385646380614,17.474351616614655,17.543636128951395,17.90493280058458,18.001531368874478,18.557294424886717,17.248691861003156,17.29868246717478,17.62957907777256,17.69686679091662,16.94076531105794
306,0.5583963973952829,0.506164150049056,0.8104298876752222,0.8160438465979462,0.5661417899508574,0.6485538787991936,0.5540314429682106,1.6005247769196471,0.550011068508217,0.5103895211088791,0.5056421115375983,0.5048561387134659,0.6249598521810803,0.5611208595141773,0.5041508805208668,0.46171406697198725,0.5031673965725164,0.4729882380844405
307,1.6136975740694002,1.6129467745329462,1.9267373699906116,1.7831156933317682,1.666798479598474,4.108465608465608,1.6154530659730248,2.669753086419753,1.6150100632604873,1.606420742192844,1.700362487577314,2.253478458162632,3.8658930707070636,1.5795742667358184,1.5711680992869257,1.559373665193073,1.6209797023407433,1.5469883565922844
308,0.5344396876930427,0.5288317766016261,1.1133626186906895,1.0198165422447882,0.6661340135216439,0.5457393483709273,0.5346287371130639,0.9918546365914787,0.5519023644967606,0.5409913449901468,0.5270384427281074,0.5316047054928802,0.5376360062923161,0.6826607208713787,0.5683641290570884,0.4974760457910406,0.5186519720668146,0.5288232575516822
309,0.5386366507508468,0.5486895722087843,1.1749583416329321,0.9987362050982252,0.8471713303744304,1.8145363408521302,0.5388414741777098,0.7355889724310777,0.5703827928884752,0.5606057327175852,0.7898670312528385,1.021215621697797,1.7073368296843034,0.681464644531097,0.5796600225483316,0.6977569207045159,0.7180767207913902,0.5461645173657544
310,0.5813277282567892,0.5756991777252849,1.1705430345444927,0.9917971750966479,0.739443346595353,0.9440035273368608,0.581356427527978,1.1715167548500882,0.6459824159224348,0.6268942068859495,0.7189790294279321,0.7462082150223391,0.9156276261304696,0.6905929976753867,0.5992994628087864,0.6353094536350153,0.6479863685571529,0.538787133718298
311,0.4939423057232674,0.5028496064736033,1.1278843700386547,0.9489534944122271,0.5667254202977269,0.5047619047619047,0.49416463376093994,0.5523809523809523,0.48848328097730853,0.4896008354168418,0.48489659298715854,0.4832193164382241,0.49788045478129345,0.6487351592639926,0.5426838937068176,0.4746445658225353,0.5047619047619047,0.5028496064736033
312,6.070076637143118,7.312969886912643,5.907983424132169,6.428807424176699,7.706025672829168,7.197650574581236,6.106647487308634,7.809279617288683,6.006440871977831,5.97764167872797,6.683253196288388,6.889133148804224,7.116155384262446,6.665188563700066,7.004489335584907,6.273811307343273,6.34921889135089,6.233265701354412
313,4.0631256281882955,4.191199468957793,3.7749647630097924,3.884768040983189,4.185657982961874,4.366925414552776,4.077321088992694,5.014235155205509,3.9526267134044013,3.95615655488843,4.004784430327458,4.030249917938071,4.311114104617572,3.9554161615954,4.0770699236028145,3.7354913543389245,3.744541529262014,3.8378279250611187
314,0.2571835756642604,0.2808700692337662,0.9641864237714648,0.805292229175484,0.44435798699494683,0.27619047619047615,0.256630153394735,0.41904761904761906,0.2754708362157284,0.2815685216592671,0.27116704813937514,0.2817792979818921,0.269684814344644,0.44737540829097155,0.3245028270373715,0.2493775582398047,0.27619047619047615,0.28087006923376606
315,3.0165663588057563,3.4399950967771127,3.0687967670107184,2.9593374906562615,3.2439150843656486,3.838262194765257,3.0297489296107365,5.071158536114098,3.003951384096472,3.0016058611326897,3.3841434304659592,3.3701977068532614,3.7760755620299604,3.1077545517317695,3.2850400606825954,3.1608518011884033,3.1777958861152538,2.930662957628559
316,12.378081899612935,12.283019026458023,12.059338023170682,12.36003769727065,12.890726057235044,12.724577930356011,12.372206059797293,24.698760824156736,12.708941909522673,12.387090830727246,12.31003820274516,12.395208880554385,12.654521145184143,12.148554387727886,12.187719417173222,11.99439976695056,12.079960653718716,11.611501580606742
317,2.4081525187864377,2.9181667260830237,7.075198523760005,8.084840924796849,20.53107076380558,572.3895238095238,2.3812096087485215,25.751904761904765,3.4215151233166057,2.633738020796317,14.967589864041448,156.15212836085945,518.1380490613349,3.898574393233886,2.925626729213917,14.411382241371276,14.411382241371276,2.8079381050944043
318,13.69750415424719,14.81211181755324,12.88426031258002,13.975495583097457,13.926070048306835,16.576719576719576,13.731966188684888,28.027336860670193,13.279849765478081,13.168297185498005,14.806414596030175,14.921732995936443,16.381551355149355,14.298429614244505,14.583749155570343,13.926070048306835,13.926070048306835,13.82954463935957
319,15.410503237178574,17.106419866525034,16.63718580605862,19.09132154433772,22.63831215861336,194.4,15.454388294623037,32.79190476190476,15.727439175098922,15.099758983855315,22.947235068116118,64.14348869648727,177.38053880519496,17.3790974202245,17.04274529955517,22.5228380492723,22.63831215861336,15.886327025592882
320,0.060539620078104685,0.07634184087430516,0.7906118535687804,0.5874743261481443,0.19896211201368022,0.03968253968253968,0.05932103382453343,0.05357142857142857,0.03898304686854059,0.03898374001676553,0.0694171027051882,0.07106786108475631,0.038478169994059494,0.2565583876864064,0.13034453260118925,0.03732433354645801,0.03968253968253968,0.07634184087430507
321,0.007646909885483644,0.05983697162260417,0.46909420806342994,0.6069922434817535,0.17295405459692112,0.001627565328931756,0.007328558648137096,0.05243085452487301,0.0041559981402633185,0.003917285144618198,0.05938921843984964,0.04314694897475587,0.0018065562045788172,0.26012253756265563,0.12236110120113915,0.0015040510901150482,0.001627565328931756,0.05983697162260416
322,28.723287786780016,28.38129876837863,27.64598183897181,27.828316952582483,28.550412955944008,27.74860623147265,28.72766915941015,29.477064391423443,28.832844644505624,28.685545064362824,28.174250422708756,28.09218988706658,27.77780582343429,28.019056403831726,28.215821472964155,27.747043569534906,27.74860623147265,27.39392712140759
323,155.39560967763518,155.18353971349813,149.69680634222982,153.09934151663072,153.40498397484168,157.64550264550266,155.45048286321995,163.29982363315696,153.52314610046315,154.23361019577808,155.4389789037559,155.46131165770927,157.42132969800164,154.07803125036227,154.7261180807153,153.36379348572223,153.3655608683697,152.93471570487125
324,78.72098190143289,80.50967523351503,78.51175372125705,79.65766390714752,80.45460149056855,81.68558509684514,78.78695986340703,84.87207669226945,80.39692272253234,80.40089771466836,81.01826407111481,80.98003832473891,81.6069254724274,79.99822338760583,80.28458741129724,80.41214045236462,80.45460149056855,79.52960263169656
325,44.779204063957444,46.7195003326475,44.46914954063954,46.18559547858374,46.2109040857193,46.05201577749097,44.857556047061514,78.02830557694564,44.26041430865876,44.006099475654246,46.102150277420954,45.755070631236435,45.98844622583232,46.3732726892836,46.56198322338226,45.02794732628448,45.0313503820824,46.02534618340176
326,22.645655605989834,22.54764564108694,21.81813878949527,21.606690441272125,22.069166310404544,23.91155137301841,22.651724394358485,52.938157753176874,22.343946366144205,22.60917014674555,22.81522970970035,22.68552268054241,23.76151324926559,21.92802896810458,22.264005594356004,22.021243793588926,22.069166310404544,21.512713589972137
327,27.85017380457238,28.484177995720803,29.19236675881748,30.66798173430355,33.30955117807955,28.236983078260252,27.827456878012967,61.71864403433258,27.36126688676063,27.402967805773695,28.455747005851222,29.35236666708793,28.220640395645656,28.860156959083174,28.462748083642783,28.204050456012677,28.236983078260252,28.41005398663313
328,4.064872041820232,3.8501083717061135,4.348946252832518,6.085733059254172,12.23470726074566,34.38490166349601,4.026954991834013,6.820662178909302,4.00607028561781,4.477075535421133,8.488866970167692,16.032937392343758,31.89478720010086,4.223908118018117,3.8210652468400297,8.309530224625012,8.30953022462501,3.2469372563808636
329,21.715565567207687,21.82270230950172,21.53388258786619,21.834210656679634,22.445669806400616,35.27868852430459,21.719820462791386,26.84095531975225,22.189752662137767,22.117917590365376,22.73598655017552,26.460211280737735,34.180663690332565,21.67968574520145,21.729790706688203,22.392168318906016,22.445669806400616,21.257674048470264
330,8.050621906208775,8.073535278888373,8.301951246201659,8.044983681164796,7.996487539395634,8.384920634920634,8.050485969346314,10.882936507936508,8.321170286546575,8.020232795965077,7.957573258991412,7.97575713432833,8.32465905910672,7.951720124417812,7.998999771754044,7.818089853413816,7.870293657485831,7.797632818196237
331,71.86986260286217,72.77761074542619,72.59022465486312,71.66277285537318,75.56619953580605,80.14087301587301,71.92806313621308,143.5297619047619,72.18057570796383,72.374332747787,76.40675507669758,76.12841494793291,79.5843662895674,71.80666206865767,72.2899841391007,74.71719907808051,75.56619953580605,70.88150300432169
332,143.284889035967,143.01125588495788,151.4893112132914,154.5756034072117,153.5683251592206,146.16200828157352,143.04558645507913,307.3312629399586,148.32509893500256,141.19154929123803,144.65690448119196,146.6610664030537,145.92354506516062,147.86609955524207,144.7306341312693,141.7717916877257,141.78057393807566,143.01125588495788
333,3.6808712899113654,3.7353114296844487,3.844945877217235,4.691140611136993,5.331322369644762,37.186341916401794,3.6769890528374822,8.65306459736202,3.828682299570397,3.692014283537206,5.0850070895325175,12.501802780243475,33.929755360135786,4.018214267893204,3.8016697443637475,4.961948397014955,5.035584077232816,3.7000908921033457
334,1.1390831714468803,1.3166519715367564,1.1349883860324474,1.1963859248324165,1.1233090091467919,1.1595764651259686,1.1448877969389406,2.0348066252080215,1.1419782585011335,1.1301196653735677,1.0393149476798864,1.0410672626056747,1.138691752166176,1.1621997187138275,1.2322344553346027,1.0287689708956693,1.0761450337670915,1.0951305192925256
335,2.605869429484206,2.8032392030170086,3.2326560075230244,2.8448550152750998,2.8578130369908012,2.971904761904762,2.6097170413876345,9.168571428571427,3.0928512428136252,2.7322051829793046,2.796866000676235,2.8062747371362957,2.9455691848198815,2.7334004052578678,2.7535484749801875,2.6505508563286617,2.66980920893093,2.4669858978153125
336,7.004975609992712,8.23123699586007,7.31767878561526,7.683855203639747,8.040659946495824,8.063713315885089,7.015742893300485,17.327361183109986,7.089339556810381,7.0007394758326535,7.657792409861748,7.642236463732668,7.984670115598647,7.756096533110987,7.992832914767097,7.25078685658778,7.373953735587705,7.591903213163957
337,4.929371209442416,5.902504529890546,5.004580190902097,5.86691693574118,6.678010103623382,14.292824665099024,4.962186285471628,5.232773931851685,4.699114087098635,4.7158278599664705,5.73663002146836,6.58591374371079,13.171178245301666,5.746499130802053,5.806931585771834,4.84737642550946,5.837990253528507,5.4451643550042546
338,4.162923173518044,5.412285547810305,4.202569139097138,5.026419374923638,5.564271357774001,18.299879539843257,4.1926447669967635,6.5014840884174285,4.371733177288285,4.185288061262772,5.323823655550505,7.3024897167109195,16.78347784164123,5.058438987608571,5.232127690027595,5.107951802883064,5.564271357774001,4.800561371292111
339,9.112435815175788,10.370953951176297,9.177349146429728,9.588592261084292,9.974285534454973,8.481456320540284,9.156226182546442,10.059488439998626,9.09197973564841,8.924485636227224,8.88600612797901,8.141260952945103,8.34964188607104,9.858743339543702,10.137022562542477,7.9329785240602755,8.481456320540284,9.426122438925425
340,2.5694796381948017,3.0181880275727373,2.515591502204072,2.8269509775019848,2.8981786145089394,3.15061800288974,2.574009802625103,4.766292305787682,2.6114775671753523,2.5929209379750255,2.903523452658398,2.8994589474524797,3.1142575548337965,2.8224726934920468,2.915878659769586,2.722161696900925,2.7246147580077626,2.7054575314785954
341,0.24983075675874464,0.2760253732121762,0.9476937239977309,0.7922426918107374,0.38569033504468697,0.25220458553791886,0.24987186105395534,0.44973544973544977,0.24880013436983783,0.24880013436983783,0.2638693556590193,0.2673880932536355,0.24908259327610047,0.453368447911264,0.3275788627877651,0.24262196943673384,0.25220458553791886,0.2760253732121762
342,0.4542877912558115,0.4223019150750569,0.7077776239688246,0.702331437844404,0.43817236341577653,0.5109775067175814,0.4554118196554265,0.7042042949721289,0.4385461213451746,0.43708282126350895,0.41026553609361427,0.4166029886877938,0.49632257974050303,0.48555224890268356,0.4291785859924164,0.3850785302217455,0.40187315286767883,0.4096717674124239
343,7.761587137595231,7.726742607891687,7.617071802771505,7.5323759834645285,7.527077923593812,7.785696072307655,7.766879842930749,9.645548959507277,7.7829107734280925,7.6426623506822855,7.534244268915516,7.57440492121781,7.757188570292708,7.529770654577425,7.62400455270182,7.344556725213008,7.345371229547157,7.2853947034514555
344,0.05335201290501951,0.08761738145232051,0.3708217692082238,0.5945774530486493,0.19309580857623443,0.056910079969546536,0.053353805673617444,0.09578924351309814,0.054298079874602785,0.054582325920528973,0.08612265350397662,0.08332632682493546,0.0558008090847695,0.2638536866686176,0.1395734081991912,0.055294752379217216,0.056910079969546536,0.08761738145232052
345,12.792920079360092,15.230559219863963,12.673502912114865,14.04370422118719,13.563945719204824,13.431861089891777,12.87114236743856,15.399216630347714,12.065963329309488,12.100718385322248,13.442188333912966,11.622958905370885,13.082225866513719,14.523299919154242,14.920335867250955,11.086476270639068,11.98970910163996,14.043704221187193
346,3.220727080980376,3.536375241786747,3.6181403703220467,3.536925163769455,3.558716685605299,3.6041894360568825,3.225804834465366,5.818055816754388,3.2695703478479796,3.167006551490314,3.42667792242274,3.4146156553581037,3.5702166914944353,3.4184972904467608,3.4608673622912303,3.237577498618959,3.2804872335204376,3.3862827239629767
347,13.372903987863005,13.761589973429132,13.317672925761897,14.2642505706782,15.963884978809737,12.434303350970017,13.354863508759685,22.246031746031747,13.612260846455662,13.186673537869142,13.448832703045975,13.284973786912227,12.43709956054625,13.787623229077775,13.717931985374376,12.418255413617198,12.434303350970017,13.355485844446115
348,0.5637018142380595,0.25786952416613346,0.8032093901149171,0.6105478279655937,0.3769587120160627,0.2866300366300366,0.5467545368757668,0.3727106227106227,0.2663348560488337,0.2665984165476079,0.2703075468051597,0.27350553974804265,0.28007159183008656,0.35870081418285205,0.28008015332089814,0.24492917693774227,0.25071072149941154,0.2564178037967419
349,3.204665794356362,3.0706680676441422,3.140919463179131,3.0532410568354327,3.1657753875917067,3.321428571428571,3.200804747479443,5.3809523809523805,3.092625519423562,3.0673664793201927,3.0773510864667117,3.070644840169265,3.2807840557619623,2.9597642414188683,3.001780860157011,2.889911195578897,2.938040864057827,2.7723613656302692
350,2.749116148309206,2.637039991718114,2.8848039177889278,2.8057617549368765,2.8191812719404585,2.787698412698413,2.7421847899979532,4.813492063492063,2.6953309875029254,2.7045536587600636,2.6275955899595984,2.6348136441344514,2.7572335780053674,2.6175263331490104,2.6043046386476365,2.47553394454231,2.4940733949310396,2.4174993161880876
351,9.38149557680582,9.280660427581072,10.03947085510601,9.873611835689712,11.655410458633748,55.28395061728395,9.371638956525688,13.761022927689595,9.65373919124852,9.58548317141784,10.91940099763766,22.213955496338315,50.963935851443544,9.30587797883558,9.225645491410921,10.789579768446925,10.790307974879168,9.058270101787285
352,0.7242591341223085,0.6902435466633811,1.4663165424510065,1.6093877463781008,2.7186787970262434,46.77941176470588,0.7225807926756476,2.7507002801120444,0.7997895537787114,0.7274033042929351,2.3278566495970505,13.861323176685486,42.50770791652759,0.9514816145384909,0.747138606137685,2.233047823343123,2.262925094207844,0.6902435466633811
353,57.35785860812117,61.67488941549616,58.891769787312086,59.23859182686639,61.306114428857285,63.51282051282052,57.41284109008753,62.63369963369963,57.505410331333735,57.44304921874622,61.54349421213205,61.34475583116256,63.20018999708384,59.978285861257774,60.88141885141917,60.384736016439625,60.70220222928608,58.78782390093435
354,27.88347464086421,28.584363027354147,29.173049635763036,30.451220202277018,32.12091830546994,75.29285714285714,27.87052751585107,39.24285714285714,29.40647148220425,28.676935428295128,31.404921422585016,44.00313308765042,71.29054682005028,29.231983252421987,28.77481711040682,31.114090433492148,31.118353156325465,28.584363027354144
355,0.39106224540135387,0.41282833166844374,1.0576154514041998,0.8747627097517031,0.5181193566763747,0.40062111801242234,0.39104342861091085,0.4984472049689441,0.39706959917826473,0.3991408645536348,0.4022887436573879,0.4029926171071318,0.39578428210053934,0.5641973115216449,0.45427235340450123,0.3699624769897593,0.3767199562756207,0.4120747363999819
356,0.5673396617665256,0.5570918172702749,1.095726804549859,0.9619271726905957,0.6089335652507156,0.5745341614906833,0.5675105429949916,0.6009316770186336,0.5691071915467714,0.5691071915467714,0.5405838232803831,0.5458046293442242,0.5675275772136547,0.6832205760310733,0.5892339802267474,0.5082580421323163,0.5093990597588317,0.5505506130953067
357,3.8764002709908536,3.7401338876768637,3.647503465592193,3.5463874994288473,3.5464913838406513,4.099647266313933,3.8809106770808417,4.920634920634921,3.769186548245355,3.833264050654425,3.741596056672517,3.7337356576809335,4.055016075384961,3.5561534199914355,3.645635954947951,3.475632350680949,3.4786894099144576,3.357670850071486
358,4.722749493181284,4.485059112730792,4.331087650124849,4.169141735811732,4.113928301238215,4.8809523809523805,4.72631184226771,5.5,4.55243214839443,4.623253188272433,4.437713106904641,4.423116308476328,4.828479610769068,4.245524369964611,4.369666962590723,4.060436622308271,4.061660030240993,3.9744739257958295
359,5.10716190584717,4.973567037691755,4.815253989478262,4.710968779116173,4.704818594553598,5.416666666666667,5.11283015281053,7.976190476190477,4.997665823816374,5.005180817057815,4.954485237418219,4.934681571547817,5.357122661839173,4.7463529981919885,4.859661843440974,4.658707262079154,4.665556385301432,4.5703254188274665
360,12.10752925426354,12.260552541606819,12.010697449319556,12.946084249564551,12.743951214128925,12.608991028700736,12.093188468856956,25.00295259262241,12.24482399715751,12.083334979277387,12.331114047391972,12.361700141824235,12.555932551849933,12.42824849039774,12.28561414387808,12.27602524876752,12.424673636242359,12.061614475075721
361,1.6588473688563352,1.6376790906988357,1.6775666212126854,1.9774795576030542,1.9430554752230478,1.8332296177472072,1.6549583558974719,2.916029618157525,1.6855276056923059,1.6772452399379778,1.7558502649804215,1.7541575430161036,1.8132637599618846,1.6905591545861889,1.6307462755582358,1.710544247111032,1.7861113863696563,1.6052095121498648
362,22.846961042459185,26.076342882736167,59.8078673941798,44.10106109372393,118.97624624898219,2792.644672983249,22.1542707596815,149.43212930308758,32.307703471291184,21.77421303042385,87.3869829518964,799.8015812411514,2534.3195647552925,26.454151054334826,24.155173927240778,86.85116266022239,86.85116266022239,22.63134259610622
363,1.03557904977512,0.9829057289921307,1.1864369712586527,1.2537313286926708,1.0614980673090806,1.1059658008273097,1.0353119026310131,1.036027984912185,0.9982473142553586,1.0006575179325832,0.963438131145037,0.9850157849457787,1.084986345818139,1.0410925244529787,0.9876462061230087,0.9468843538235734,0.9614399697077386,0.9258990930845657
364,0.933339043922986,0.9257936896994158,0.9037722713002699,1.0242785179689615,0.9762385319929004,1.1255375832848484,0.931867979335974,1.549449576562789,0.9434590003308273,0.9381728858320525,0.911585334826145,0.9282416060726182,1.0947698049226624,0.8806556152784214,0.8850871426776338,0.8110379391495638,0.8217123201281482,0.799693231632644
365,69.74319815853562,70.12088173567442,69.34219507659043,67.59705615489861,68.64157204522097,73.26418287927413,69.78526627614102,88.7578214952881,69.24128631870238,68.70762753898047,71.16948933506836,69.6440658095929,72.7843781235671,68.43411425059328,69.3442096149156,68.0130521199789,68.35444129320894,67.34185748795488
366,0.42698853138574133,0.30815412551622656,0.5923894615009537,0.8259017478612023,0.6183377192766435,0.3293247586148023,0.4202323270569695,0.9853637747090458,0.36309446923333794,0.35303738280360014,0.3365233002166419,0.35807296266058336,0.32178133415371785,0.4688282274570205,0.3488558360769376,0.26866525439286865,0.27251975710560766,0.2994230020558142
367,2.250396824925048,2.197630339934739,2.196996461929613,2.585296113216788,2.3944518936693764,2.476432118510384,2.2445136857631005,3.848658402094164,2.244895840965912,2.2331318169420404,2.2281280358925306,2.228037833975529,2.432926314566607,2.2651518612383743,2.19432422077522,2.221531218965184,2.3736913672556263,2.189912180100384
368,66.63832109868268,72.16993578849039,67.42473002887891,76.92573399030015,83.82942662447341,83.16960844790422,66.56877717725749,114.82610103621619,66.50898209559911,66.46769107428305,75.10675604780968,78.12754913726847,82.18192536093783,73.78411829638425,72.63231680932527,73.78587088942427,74.29757074198956,71.56657757893502
369,45.77489094199527,48.533508254202125,45.854633036793054,52.934889712889095,55.395737952718946,47.174409533422285,45.72530439242962,63.472573382350326,46.174000107505584,46.217860079104945,48.38994971203988,49.63792901009737,47.2725184551222,50.14529892093552,49.036888505869065,47.14454741144235,47.1744095334223,48.426768950828084
370,32.799164929135635,34.26250134310153,31.795701825302206,32.32617627656932,34.21919046450638,35.040963566842116,32.79844454305123,50.14731775412159,32.27882225981846,32.00312938576037,33.99083742632216,34.033829751674254,34.88658793156533,32.989241266801514,33.679973902253394,32.225552459019355,32.27874944891265,30.93611697305569
371,39.72756482202028,39.29790826117627,38.151589631215934,38.27019580952432,37.82409282869538,40.60314232927619,39.63398180745462,51.054467060287145,38.91671582270566,38.21439115028854,38.64668254739743,38.315364370655985,40.29352174466448,38.405359738741744,38.8500027010164,36.19956069160129,36.276833331306115,37.383617137177545
372,34.41810846020996,34.6711452234286,32.76672442570329,33.400022825124374,34.076268618409635,33.5,34.4553845315902,37.0,34.3818385844668,34.32518765059192,33.79669869241271,33.693603587762006,33.51085259384635,33.93517859618952,34.3526612697921,33.25593579540099,33.29746275113407,33.33662333842887
373,43.534464911287245,43.87184460050108,42.08920288010232,41.82867033452927,42.65464922239453,43.903459334785104,43.57357291314863,43.62812063353238,43.537781487806335,43.3332286628017,43.14122493588889,43.20931831880443,43.82776899680635,42.75594257099195,43.402848213531854,42.60657473313142,42.61658781568674,41.75209759785478
374,12.361776766351724,12.749357731414564,12.336473550601626,13.381979879135278,13.799622451963979,13.115961199294532,12.364844789587648,22.98809523809524,12.68879445479628,12.422706306464242,12.861833466032865,12.956853264798696,13.054965935370198,12.866613170493642,12.748486554698687,12.784436223062146,12.923993087546018,12.32000281160837
375,106.23616721332029,108.52758416121905,107.94485711071907,115.26760978109333,114.95245276832638,104.41666666666667,106.3058978506744,102.47619047619048,105.67849115276609,106.10544815420342,113.6472863610839,103.32461067363919,103.73506565341677,111.43540604245287,109.57978709082379,102.15007005658917,104.27489382479139,108.44584641342577
376,2.594412301964167,2.5823968691933423,2.8208314077679133,2.9386274953498464,2.830214083308601,2.7087912087912085,2.5965518319865653,3.2307692307692304,2.6470319356778003,2.653591960873268,2.6798613638778175,2.678320332407599,2.6975377129250404,2.670387523300834,2.595963212683356,2.647782427446941,2.684955201887456,2.572452105883413
377,10.11526622773441,9.981484968478243,9.9937473777028,10.182047579782743,10.198837258414454,10.191391941391942,10.116927074617172,10.227106227106228,10.181917135379242,10.180812836736555,10.132471976384101,10.132564590848514,10.179879705522676,10.001665275548001,9.97033285164635,10.039188615189968,10.039467187852054,9.79587945281
378,95.01568648222293,95.3785330265597,95.2672085429953,97.74719868429459,101.62577743683867,96.92595353918817,94.98795732329138,325.4716401781977,96.82103133634206,96.25109987243331,97.00800848572997,97.74535054493549,96.87014689488588,95.88638045248611,95.41931550022444,96.76925669048269,96.92595353918817,95.09946410838184
379,1.7528094164212416,1.8287167055971605,2.507546274708322,2.3452252882793254,1.9697680493511447,1.8433583959899746,1.7538235486145262,2.5037593984962405,1.7978745531765215,1.7888295833688204,1.8059386035138394,1.8079335175290765,1.8309392346811515,1.9786005247438132,1.8626613199291586,1.685878024362217,1.685926689102394,1.81316785864379
380,0.78582535288169,0.7368629474387817,1.1575533448747086,1.0412019739497733,0.8885238513986481,1.5882007173622459,0.7841135631914705,0.99102443956374,0.7802697665270175,0.835088488401313,0.85313462507137,0.9875912083697643,1.505570369622036,0.7877949634991057,0.73293875453607,0.7842046362213345,0.7870299642588753,0.699717889857775
381,1.436435925324705,1.4468117908593185,1.811095034391128,1.7236716322979717,1.5871055186092822,1.5595238095238095,1.438110500712417,2.418546365914787,1.470465834597688,1.4473046403630834,1.4904628140226162,1.4908221523293606,1.5452293177480179,1.495964375418333,1.4450462640044492,1.3932474778043102,1.3973727330859245,1.352117081251075
382,8.44414001865129,8.625130959176545,8.326872022019705,8.366193277509035,8.38088094405505,8.77102225765816,8.449354114234728,14.47488487475578,8.468977669736256,8.379528696482453,8.339417016257375,8.347425893824886,8.708095307641978,8.343725091156365,8.476103725443728,8.135111723346462,8.181186757662259,7.992532986110504
383,2.038604676484572,2.39921956039757,2.0163297769166406,2.0272565058950387,2.204309891652716,4.622226857145411,2.051287076082995,3.5480710388668864,1.9897669168542407,1.98578414283371,2.1749337847861447,2.6840953321256222,4.3627881308388226,2.119985200399616,2.2651451365391835,2.125157832300191,2.1612506935838653,1.9722411598819105
384,2.5129145370271324,2.357826829859899,2.248940296512177,3.915453346081229,3.8645117843820316,2.1996028440506423,2.4635686793167877,4.604473144078506,2.2904438313436146,2.588683243495754,2.48935381771185,2.7002838499047037,2.2198113328480016,2.8711785725899315,2.4994567632605604,2.1996028440506428,2.1996028440506423,2.3575790851574223
385,3.0438768360862407,3.0544709738238995,3.100407771097594,3.0852427888508664,3.0046394796053826,9.589072641553349,3.0461130189373002,4.184943827584706,2.9772017532169213,3.0142612223479683,2.9193453222350665,4.362699592437276,8.892361254508955,2.976335980468461,3.0007719602731826,2.8620349649297516,2.891141663143127,2.8395428500523603
386,82.06299794606528,81.73215784427089,79.3909074473123,79.86822313232162,80.97557093981547,82.8526332441768,82.0816462787204,83.54265464917388,82.00103299255346,82.0437974422638,81.79510774420633,81.84816549588164,82.746252175697,80.71382003716941,81.30409381315984,80.89309563710795,80.90476596330267,79.6506969652966
387,45.74987808241169,45.87127131877802,44.011787445628094,45.06108650285042,45.76396407036134,46.76537213835457,45.771340363768815,49.85938916560443,45.991908137503806,45.67672757626624,46.15933937716116,46.16598402326698,46.696551759547624,45.3682583151468,45.64656517436536,45.62887886887318,45.67610939550735,44.801598332667574
388,5.815168381840461,6.007261648418037,5.68039571568021,5.773570687290047,5.930335824810508,6.79324776808993,5.824831563064478,8.590439281042874,5.922352750858802,5.820448342697081,6.124316094556395,6.210698084204552,6.721394365599282,5.798522203054275,5.901711318720589,5.919898051743171,5.930335824810508,5.644316016562267
389,1.9667727297068727,1.9593970781548773,2.360702521612319,2.128382137424624,2.0243952774575185,3.8483436853002075,1.9687324361686234,3.1231884057971016,1.9274702585083177,1.918333259484145,1.9679598810090653,2.356672691340364,3.6470038748007583,1.960293352178854,1.9396924864178526,1.9420656575652344,1.9796386460377375,1.8573992921114655
390,2.262257878028176,2.433895199011755,2.2532629907715176,2.3880074804013627,2.2085522914184477,2.342539429901315,2.265641068340013,2.7969341880740273,2.1759360478963488,2.1512546148734146,2.1268577919334413,2.120502436999411,2.3063818224816823,2.2990217998654217,2.3530827497913482,2.09689489316481,2.1760018013604694,2.187915853188859
391,0.5694181999589817,0.5482161184570019,0.9421752720257116,0.9224390802887902,0.6421232958712174,0.5947208407971697,0.5688313304524029,0.8949570873117949,0.5699225104786827,0.5708394916850943,0.5565019651252295,0.5559207404363316,0.5852157112502784,0.6525096682531458,0.5700572349067196,0.5423282869509428,0.573895743998627,0.5440993663381826
392,1.0508903610151121,0.9405939497486461,1.4323727628908065,1.3375069047041925,1.0463259106272693,0.9960867763795981,1.0463226758714925,1.9670535053878115,0.974504190448204,0.9825503655331796,0.942126679533508,0.9444355052160055,0.9840122738173703,1.0587615011546223,0.968591628053805,0.9136264576381957,0.9367994495207297,0.9394226951064231
393,1.5261837180472195,1.4961914805266125,1.9441169178509128,1.8647270504033164,1.5266857323773049,1.528848610122197,1.5262480426540213,1.5387072569136595,1.5286570050112616,1.5286570050112616,1.4774486645450169,1.4814289294617584,1.519936200295234,1.603538037328519,1.5206690084946286,1.4029177684150287,1.4029177684150287,1.4632556072363532
394,29.78741201409524,29.679996169736906,29.071012246709966,28.871150113546065,29.730424864794355,29.71428571428571,29.7966613773807,30.630952380952383,29.93215730295321,29.782765245061423,29.431192582198463,29.4563069173601,29.664543481096956,29.187545557367965,29.46188930456368,28.736933508697998,28.737933434244084,28.566613069975745
395,26.893221568060955,28.631840261370414,26.1744066334185,27.2564321004962,27.946757357321996,28.615461667135236,26.936225547672972,44.83621635816479,27.234593919746818,27.15138792146857,27.676037401329925,27.747040931602942,28.4805534213257,27.75181239973121,28.233671409226233,27.64555972395071,27.88625189374271,27.154821812545283
396,3.742077781869181,4.109370951169205,3.535389315562347,3.606744986499555,3.6606588390436703,4.440476190476191,3.756764020942038,4.916666666666667,3.6675234784450885,3.6241543706401633,3.8954300384333176,3.875969565495737,4.368311712544368,3.7478038513778853,3.938283123063119,3.4947001847587944,3.5505727173667267,3.3560061143404134
397,2.0093570646194814,2.150294326346675,2.3413901579047813,2.4118765448322637,2.236665908367819,3.111904761904762,2.0068476392576424,4.392857142857142,2.059441753675948,2.0341746077703147,2.345592783133268,2.4312060216033635,3.0219577496566585,2.1475294033367684,2.1171349094020644,2.1849347120942677,2.217933759865798,2.043633569351954
398,1.3842957863167147,1.3014762918755263,1.5381660823316503,1.397987804744733,1.361797188030286,3.583053960972055,1.3828275436060606,2.3673126617751907,1.347220330231848,1.3532625905418783,1.4500547273733673,1.9347921084815465,3.3698407637812386,1.2581682447130982,1.2621777601472675,1.3564560537535841,1.361797188030286,1.2070842561806872
399,0.3772546753422683,0.31282735510462495,0.9123244604263596,0.7689845723011229,0.5283466291252588,0.3234741833503986,0.37157231241672267,0.8625978222677296,0.3242323099565011,0.32385925113088226,0.34211394885162516,0.34288368756477766,0.3179427290912619,0.45621783356724216,0.3498583952571202,0.2981909088524297,0.3234741833503986,0.3091471638654709
400,0.2536527896831548,0.2134082549379118,0.8620592667850859,0.7019556720665735,0.504316811145819,0.2156084656084656,0.24952533356299156,0.33465608465608465,0.20332148002922035,0.2100276503122682,0.22900295220886926,0.2501698330124891,0.20918324986604916,0.3607647692151011,0.24909073401987356,0.19870715675535458,0.2156084656084656,0.2134082549379117
401,0.2980731007707969,0.2186976924776938,0.741384772907721,0.7212237808237759,0.4377381351587466,0.19618136508588324,0.2911592917112086,0.39551423804463215,0.19036608898561147,0.199250700504062,0.21586462585769076,0.2252144968350683,0.19082760546494948,0.3858226614078008,0.2653545419914325,0.1820402345860395,0.19618136508588324,0.2186976924776938
402,2.471331492697067,1.4562475890091076,2.09198120676351,1.8097199072807892,1.630174552382585,12.225563909774436,2.4151211078353088,1.9172932330827068,1.4437989359901537,1.4437989359901537,1.5698011776197802,4.399166399596772,11.215340903923314,1.527070098881456,1.4591573171348087,1.4790468619536776,1.4813731086611523,1.4059372628280489
403,0.8609659946311664,0.8093090039240827,1.1929046739697433,1.143627053492413,1.0516325249776346,0.9293948925985397,0.8564761732233936,1.6203009500748558,0.8170293975593031,0.8211394799913241,0.8652399972594651,0.8772597659917141,0.9139885250861832,0.8924698829998722,0.8224138005843883,0.8341841933181264,0.8546955963825497,0.8078907129885913
404,1.084354905723342,1.0355193764371904,1.1426872214121195,1.1993020407081458,1.3453185574470405,1.3949443739659018,1.0751396288323554,3.8047863574735583,1.021642152317508,1.0506542147245472,1.2039953062762874,1.1964072905717467,1.3594554898643612,1.0103100536706124,0.999731490154066,1.1861520826105172,1.2893893308236686,0.9635227945657269
405,17.01959305107157,19.74528088752584,18.49378943865266,18.110008023904594,18.58922860301993,17.47872467624065,17.098530789970653,16.79275142245618,16.873455296302215,16.895876364574615,17.357922978481128,17.494362064350224,17.4317231032764,18.76401414474241,19.313502915778994,16.980072002387246,17.373027179523106,17.870703265356337
406,6.0099337946495766,6.417529088541355,6.50256453450029,6.479496500687641,6.544424733610307,20.380952380952383,6.021417598086827,8.285714285714286,5.853972961497635,5.882093328567493,6.165476936899485,8.934720070505408,18.82881198609785,6.294903990079348,6.331612936068118,6.0249975722288305,6.2346508572472645,6.157210285277962
407,1.8451715798572106,2.2042167876917262,1.816743259401446,1.7134563519817247,1.7291475191109054,2.38674647928629,1.8574746026575688,3.1452392761775663,1.8560540009504045,1.8470674810017134,1.9672044043304864,1.9363672633366207,2.3307663814637447,1.8468290074694684,2.0343798606346817,1.6894204345197223,1.7291475191109056,1.5728064137184916
408,4.843373593927896,5.875995511432656,5.037757203097869,4.6834793808900335,4.7528297793327345,4.256038359606477,4.877457668138846,6.047173816249017,4.579711287698873,4.647701507500187,4.3344378883398305,4.299482669427234,4.241937164584738,5.176002989336266,5.571102232956082,4.1238717484859775,4.165097531265441,4.6834793808900335
409,48.707097074741704,50.15898119145239,48.80772857384929,48.48254178799249,48.602392518779936,49.85654891174235,48.741225660999504,93.37182774315504,48.265314856714205,48.407490305202,48.30499874941969,48.367772144929724,49.63011836373126,49.098282457176545,49.681306729931045,47.92431169359397,48.22637999998039,48.446640186951605
410,24.20066498319753,27.035972945705833,24.457027181230202,25.46736818850556,24.339288656442516,46.6594815873299,24.296877054151675,41.6791617869763,23.138574009725115,23.366102202826553,23.505354560953787,24.39499320718455,43.433637476992224,25.966841681725274,26.539961507622312,21.36832087526688,24.339288656442516,25.353995629835126
411,13.24084381974435,14.064544215888661,13.1280500355246,12.910128559093119,12.740475276238959,15.272771382526477,13.268320649359941,16.54423282271993,13.39815165276813,13.229102130394983,13.48156200074399,13.502233332330364,15.050322477772156,13.368518686110825,13.75761775564631,12.646953088856035,12.740475276238959,12.873147142707909
412,17.980486023611956,18.877252144061387,18.12651937640654,17.83978972467684,18.219861486325158,79.46344294821658,17.9563772772957,58.35554074235392,18.273833443209863,18.28647423805551,18.222529246814357,32.62370606427649,73.31985410605306,18.094720014328093,18.50092707135823,17.927917643892638,18.02852044172902,17.78130726609362
413,209.6320007739254,209.86520957169978,206.67722483823843,207.72089460967064,213.65772518818915,210.81349206349208,209.26691604919844,404.265873015873,211.01588229814402,210.09450962191235,209.59379603173065,210.93919535441435,210.70938519815593,208.27219919283576,209.10300072467032,206.77711194710696,206.77711194710696,206.40657421322044
414,1.3097356441608647,1.6072521672713627,1.3564652677178877,1.2886154318645089,1.2401132427200998,1.588325406385643,1.3185311797149124,1.8345072879048583,1.2906672266218464,1.2951912632875875,1.2590314024228457,1.2706031050458346,1.5436277164960286,1.3433175782071551,1.4765704385190925,1.1935822247745411,1.2401132427200998,1.2745134431131235
415,4.24507189374815,4.806713874904406,4.63075168419063,4.607079421687283,4.838481455061136,5.897546294214302,4.251819400853903,6.529669004965662,4.33817005358288,4.312787035512705,4.929769846625445,4.93363026666573,5.762060166741967,4.580991492042114,4.686207684258594,4.67545711964124,4.838481455061136,4.419614606085206
416,1.665522583012592,1.9112068825126876,1.7309119908089758,1.8308278695828057,1.8952186890829348,2.1490508353851783,1.6701648509270102,2.321337611217745,1.6786109654466994,1.6713272781418478,1.8619130941745603,1.8492777248720251,2.10351639097128,1.768191790109862,1.829322704926465,1.8170626685145166,1.8952186890829352,1.7550321568839218
417,8.132531161461177,7.986004765746418,8.209699691997903,8.568554834567095,8.884293913457757,8.397321588737626,8.124686496832682,16.79464317747525,8.516453438974175,8.516453438974175,8.145962829620123,8.127965333237102,8.324230145580122,8.012591628922783,7.933114349920809,7.439710412652498,7.439710412652498,7.426180175095451
418,10.682806671890567,11.057273420899383,10.647038501421749,10.627606932778793,11.494670112194775,11.894609074287416,10.690189733585006,23.571552213360984,10.855213448411064,10.737014214280423,11.404030313733793,11.37275306205481,11.813453685257391,10.70501449783315,10.883387688711466,10.975891813216014,11.051594987311644,10.372831338007414
419,18.229812800145176,18.6409977164335,17.906769841873444,17.427215823809096,17.73947540887163,19.760483655792786,18.238492486927633,32.43413779746304,18.5077434582494,18.309674335982002,17.737740532746166,18.1545815506878,19.54630762693429,17.928410155608944,18.330595504620714,17.63953008028382,17.73947540887163,17.26823707465242
420,2.766904511235305,2.962833422779738,2.5578319393311353,2.541335066725834,2.570233446573076,4.568980211664822,2.7744118759108556,4.722636993569566,2.783543618185876,2.775319647721703,2.8033780800141077,3.139157373071939,4.387257476761303,2.6473643725564906,2.8115130333633274,2.570233446573076,2.570233446573076,2.5035752153832065
421,1.1130973197852712,1.101536405955896,1.1542167067157887,1.2696912942044596,1.1884438939718553,1.2795286510381076,1.1067329462610267,1.9622717115562551,1.119876003119922,1.1387915324088629,1.072657522950687,1.0973387818343534,1.2490113899573756,1.0986711481892637,1.0795240543954236,1.0541338111876422,1.0894280071150786,1.0490465601268737
422,2.4523315775794288,2.5407918039065263,2.265868459846914,2.5115690862519404,2.5355313924302765,2.8700209440257076,2.4509311548054424,5.5818232995602814,2.524236754192248,2.4756657666972157,2.483857569936878,2.539526389574226,2.82227900850172,2.4253680608568025,2.470427334473253,2.4342034305828095,2.477702390502734,2.416495752484643
423,2.8343520208693427,2.984397095393325,2.8466739706553543,3.2477423253745044,3.4284063415262445,4.299874864720221,2.822354087663546,6.099233744712184,2.8974314841998474,2.843554804769346,3.1025686909356662,3.2672500630990853,4.142892235955934,2.990372558160123,2.9566199639663338,3.100454510397892,3.3345627454224283,2.9129266146698156
424,7.087938320932569,6.932117723312053,7.220765457441099,7.2028247912345025,7.327162341957507,7.226085566398072,7.073297496643498,17.827395133681367,7.319840051592409,7.167892190915968,7.086384037472061,7.078164982355852,7.193432200529874,6.979153508246728,6.929735777519551,6.9567944506188555,6.996728506735543,6.880145351541381
425,19.32447783681364,19.420986506659393,21.403440247194556,22.293095024722092,22.975193247840906,19.344322344322347,19.29539385263095,57.77655677655678,19.149015065362388,19.117396349561123,19.214429110559756,20.00732870114427,19.306904361460173,20.17365739892462,19.558042855541615,18.923827790185047,18.925547245488982,19.391571512563612
426,1.1649212892837097,1.1170716488681032,1.0808893817689904,1.8348869494748261,1.8682368506481828,1.1891677387851052,1.1459305051737356,8.45317187718958,1.3954085588307314,1.2045360822067088,1.2737488678223254,1.32701406278043,1.1848004303103785,1.2373630125096675,1.1079202855258978,1.1455519391248363,1.189133230759476,1.0954778943954757
427,3.0440500443701084,2.721167977384232,3.421230704675177,3.8059547353205474,3.336842437916129,2.7216117216117213,3.0104468137585534,46.54578754578754,3.6684982711637537,3.337989182960525,2.6625887002094557,2.7181338881024804,2.6932655510112675,3.0736291043761494,2.816568687706701,2.5881474462225547,2.7216117216117213,2.718589330037345
428,2.0245942083931143,1.957731669233464,2.07803225590841,2.304690706808994,2.3537523792167945,2.9971624199306306,2.012442369444454,6.782213741032952,2.1966239326518866,2.0446187662215585,2.2551950473796154,2.375976191550276,2.9080904883704854,1.9911343806095898,1.937474320005121,2.163474027567759,2.181888259301735,1.871379758453747
429,0.6712298612973032,0.6263738072339818,1.02580080328869,0.9770415809193316,0.7918637835263834,0.7098126044300833,0.6673422651355115,1.7248446287651025,0.656010072324366,0.6418440137734138,0.6420015592763569,0.6452229304801661,0.6938482633202656,0.7136644278659423,0.6401596715961946,0.6361803591910403,0.6942564983089275,0.6202734598614974
430,17.799344368384407,16.90800672105075,17.03125946459058,17.705977492840656,21.21334940905352,129.7126125948491,17.679130582279885,53.71446301069449,18.13880400912416,18.146290648374443,20.514052118914492,45.72646481681458,118.63771136038334,16.781338065582634,16.73118228893637,20.407134625166417,21.056750791307874,16.30285967832904
431,17.68034577629177,17.627795904556432,17.15110644266481,17.057196396380203,17.58841933120108,17.83742728520249,17.674835330442466,35.77201479372862,18.06109073675903,17.68701490102912,17.46071384427395,17.541444568307657,17.792395926922534,17.260280127419193,17.46105774816975,17.165835012249943,17.18294961623491,16.760633020193186
432,0.464132108282344,0.46950985323900046,0.7235939724862314,0.947211424461963,0.7688990346082892,2.5423565518101925,0.4602057341114734,0.7940594067463307,0.4495383610310785,0.45971229788662193,0.7783005977813251,1.1944700520874154,2.3660637051369506,0.603948351549953,0.4982263036112545,0.739878481378298,0.7575392464388383,0.4664000640208293
433,2.070669565196093,2.186473980980645,2.0432887882060364,1.9211836435586243,1.8055726048058076,2.3908927146345436,2.0730234485073127,3.972053334675739,2.1116049977027838,2.094664359008187,1.91616621842481,1.9574919111924014,2.3348859669228297,1.9593410252891132,2.072943729828707,1.8012322165890937,1.8055726048058072,1.890934812875633
434,2.096449723503509,2.1263681381744495,2.426080183319978,2.2432290724270336,2.188525586798285,2.2689075630252105,2.09730966106391,3.554621848739496,2.2207453917315836,2.2182699380095667,2.147424879696766,2.1542428009973036,2.2507384471701193,2.106790571860952,2.0998151836235013,2.0552070126280815,2.0620586570576136,1.985087101716669
435,9.195870787350968,9.02401326810239,8.89950795317591,8.317637338013705,8.706055189040248,9.138337203315833,9.191350235954726,18.421723300152227,9.27197828368823,9.162560739596403,8.709532594861109,8.779215097073104,9.089556693772115,8.568887284223871,8.81749775003078,8.531351404820535,8.597333004616617,8.118052000670327
436,1.3561347254717218,1.3547034963226225,1.6489252971538386,1.785786704852226,1.4345501082379517,1.468902989022166,1.3579541618201727,1.684521776401567,1.3255339900773995,1.3297187920392213,1.3466409319848438,1.3452800868685515,1.4469605172482687,1.4537968096280018,1.3663932318145129,1.3356041602346735,1.3945433721468916,1.3475388044531398
437,4.664431039130259,4.853798608180626,4.651120914724003,4.925150785289159,5.169238384660182,5.31046404796956,4.6681602348970825,10.190310477975673,4.728745804791124,4.663474991099846,4.903568218911506,4.9043569384846935,5.239658852016358,4.74976699478255,4.778656114352834,4.797307965452223,4.910565873261464,4.606270514220505
438,0.30485870932710823,0.27670703505190647,0.7653102750751849,0.6107891327641074,0.3899654998594113,0.3723809523809523,0.30562903853655005,0.5347619047619048,0.2979048859481268,0.289783765868308,0.28152900493933836,0.29981682339770144,0.357802463237604,0.3589177062911282,0.2892320129195443,0.2534069217780594,0.2615924398684275,0.2529932663850395
439,1.1539535072641784,1.101200934675137,1.400355485736447,1.2637125087225225,1.2119624504898305,3.796364880294973,1.1495561567446588,2.965286754135827,1.0744387355734528,1.0899426537864696,1.0307560919534324,1.5735338526534142,3.4903250943843083,1.0908327058614935,1.075063879348719,1.0207233110071072,1.0995103713454661,0.9871149477366795
440,8.574268922867345,8.80017851651371,9.954964722930006,10.229633586281494,10.901125970299042,8.857142857142858,8.567529427522857,13.714285714285715,8.584043631094259,8.497524209936378,8.858725153333149,9.170827080795629,8.824763619544855,9.177620826195891,8.870206986338175,8.785857574363549,8.857142857142858,8.78097373426865
441,17.190189766514944,17.615669849603837,20.29120343449118,24.28527839986533,32.96444516258453,17.823529411764707,17.15419297960008,33.680672268907564,18.90942166294212,19.462621535376993,18.165210914510826,22.064157176509553,17.947907478279333,19.50787576962043,18.02632861238308,17.823529411764703,17.823529411764707,17.615669849603837
442,4.355506444200039,4.710249909792885,4.4971322168719805,4.624857059198901,4.929816562199153,4.394095919948598,4.359835586347747,8.499350535809967,4.3802539543054975,4.358974612780032,4.517482559619009,4.489619848290045,4.388138037432197,4.565649552410279,4.627952823139295,4.298568678124481,4.309113731022955,4.4757348109298265
443,4.00363855609502,4.385039715163667,4.60755411132678,4.92452718600196,5.512923085278704,4.59564386773897,4.007609371103101,5.829211432237325,4.315949789848784,4.343561720617924,4.558442459183701,4.661117091379111,4.566806215441308,4.468087491303001,4.373451795392245,4.525231905735658,4.59564386773897,4.357758875045286
444,75.31544442676717,75.73889325884643,74.31511375162503,79.02664765727744,82.12020070283539,73.7024691561634,75.19095293666379,148.27543991653346,77.27292364880316,74.51063539046132,72.27963137181868,75.03576363736839,73.57699718799212,75.88214569234093,75.43604428847118,70.1381498576296,70.1381498576296,74.54033752018289
445,3.2067430892841418,3.4274521614714466,3.310867409334073,3.431754924794028,3.5977523253403,5.3008761550360886,3.210071498683756,6.033818046023682,3.2385005386409014,3.210178812581797,3.5229080526588983,3.817923406984525,5.095755705242602,3.334758811239091,3.36761208572403,3.4857512278047893,3.547137781921512,3.2339793536368937
446,9.426624168484334,9.424385544307075,9.374663571429993,9.310592657382816,9.694112381007201,11.493893739196729,9.423676813920752,16.96268711322987,9.5644954037387,9.382581685641233,9.54473705618972,9.833210034121064,11.25935399635088,9.283237633832034,9.347706028033958,9.42411701562501,9.654956764031423,9.101589127661198
447,282.1541258292302,282.0904978019881,278.4602612839929,281.40678761374977,284.0422013358795,263.66783169745264,282.19853520523094,282.7945399809964,280.6684813753197,281.4132808573839,283.0231348342014,271.25481015270975,264.19251097022226,281.65543174557166,281.8941007484701,263.6533437388936,263.66783169745264,281.1499049594631
448,676.5493003679786,676.1320250876214,670.5533547216352,672.2298085316394,675.0054512423447,678.5150293802906,676.5957834166353,678.6571300752322,677.0081010051944,676.3420482265526,676.4715491850671,676.659348996861,678.3203811236466,674.0898605308793,675.2933057580241,674.8484757504547,674.8774102608007,671.8876790611408
449,1.417791721251177,1.4619818170844818,2.0907067741691274,1.6700421483524206,1.7522217122835084,11.813809523809523,1.4148485133604014,2.368095238095238,1.4080937730657228,1.4031417654681164,1.6247881469012755,4.259499171868872,10.83126200845947,1.4674600904768933,1.4405206723034725,1.5645572964809296,1.6003442503267273,1.3770222521915059
450,1.1684205376763843,1.1118062946687877,1.2736308737706672,1.3072262847738334,1.2360293406838343,1.3077273145314383,1.1621562649434167,1.629284844234194,1.0898172745100918,1.092877258562391,1.128332036495434,1.1384688682938993,1.2787946185694479,1.1201718668291154,1.093709862038792,1.1045523082483244,1.1606248072789171,1.0865092363877775
451,3.142615713507889,1.4077341423302394,3.5294523956044017,2.649457665712798,5.406750836135448,1.447018347565759,3.043251678735654,2.962171755640794,1.4694441181737545,1.861325040019091,1.4997158232540757,2.3946234934093593,1.4488753632904061,1.6506552603975517,1.414196835087412,1.4451357583213644,1.447018347565759,1.3585154126794245
452,1.9019709531455693,1.8849272046052246,2.2822976899140213,2.202342266332245,2.0966570747514752,2.43880227582326,1.9024270362240927,2.00042566736531,1.9054583310780506,1.8914947193424176,1.93018301558343,2.032027855105381,2.3769116699350934,1.9511843890663332,1.8892419952530917,1.8864386260052646,1.9262573425830523,1.862102688524736
453,0.33472427385386894,0.22737896170188762,0.9380742022503593,0.6551331687095284,0.42175942659132454,0.23148148148148148,0.32783137580647054,0.3527336860670194,0.22648184558360454,0.2675315061524472,0.25115888219838495,0.24651804593259688,0.22577592119725046,0.36272533919550315,0.26267013845688464,0.21006061662721,0.23148148148148148,0.22737896170188754
454,1.266309278890806,1.2955326057047254,1.7816607362620518,1.708238057603318,1.5350521923659575,2.132096866063346,1.2618396293991052,2.383507981969743,1.2822039032914336,1.3153705812841903,1.5419302564036992,1.656293559484217,2.0685612481296936,1.4050971144433884,1.3161292370696387,1.4344399631148634,1.4350313372124972,1.2873473234851938
455,2.153941480724255,2.388156152616167,2.0783067453889625,2.0129318003043646,2.0015579617787593,3.7789451249708432,2.1633762489895854,2.815653199663727,2.1052632006529106,2.172422344985172,1.7602104817534616,2.0393744903071584,3.5284091267283864,2.1010951096656325,2.249464007405241,1.724385724736709,1.8595967092478467,1.8450655016696764
456,215.88935876490848,226.97533324232734,217.10760373733925,220.562079864847,221.35660944319736,228.36921249707748,216.04634958146042,392.73446034665545,215.90182646529016,214.35205886575227,225.02716464061237,223.1118152354637,227.68587415479547,223.15543322920712,225.30018763922806,219.87015760862417,221.35660944319736,220.56207986484708
457,38.7283088056742,39.64670799752244,36.935496771874504,37.86609387459165,36.576765326365226,39.57515929417557,38.77938979789736,29.98257689899093,37.409563850791066,37.8968810411703,37.776161741667615,37.77789703117536,39.368607192757004,38.62972461580548,39.20951232797527,36.576765326365226,36.576765326365226,37.86609387459165
458,61.97692593153653,63.33874923039557,61.40786336499056,60.57287248678239,61.21369371949382,61.41929470449861,62.056728553397875,61.36914456423025,61.359350155254276,61.4565846046003,61.18565572196288,61.205116519489714,61.387852893672125,61.84374746946879,62.71385331263602,60.968378658483566,60.96837865848357,60.57041078007983
459,264.82014901785146,269.69145664827244,247.94894413502394,263.40298202730054,239.32619346740736,247.52380952380952,265.36884351279474,282.0357142857143,250.48557354359886,253.1311227639833,229.14315674749628,224.32858648051467,243.48560986812163,266.11921096303104,268.15983636423454,222.66587164770317,236.66139571865824,263.2682808876594
460,192.47232070322002,191.56819625849332,172.72618841372739,200.34686593184736,190.7143072236778,180.89285714285714,193.0970398900296,189.33333333333334,174.39510278865507,176.72227381783384,181.77244509116642,166.3857169484388,177.69453525228073,195.33153571938115,192.92329315265906,164.48326097768694,178.08465537729793,188.3302342788423
461,315.66653134186885,314.39013586296704,286.2096437919208,318.42025121263873,284.21143948859145,316.80291005291,316.5128858944344,386.0440917107583,295.95706681200886,297.5948211074057,271.12912269289814,271.73872273277385,309.7073306374785,315.43221534424106,314.5734528890218,268.0904666331901,284.1788530124548,310.1912588779065
462,132.56347412571859,132.70324608045578,116.28590273027777,139.78254253217852,132.25677402238864,117.96428571428572,133.1326953179208,130.76190476190476,116.355851330388,119.87984147903853,127.3587437343097,97.36060613391857,113.40642462015131,135.8130905398766,133.8440309602784,96.6047003523632,117.96428571428572,130.49760645359322
463,0.23572248400287055,0.25238524696575176,0.3436894981230176,0.5079282708948093,0.3103623461469099,0.2673130719921509,0.23443890792663344,0.5951219980827224,0.2324562297822049,0.23549145748062447,0.24148074917570375,0.24001394794401112,0.26018902108604014,0.29262793670822884,0.24747540552945022,0.22529848903695707,0.2577655019227791,0.244340698055903
464,0.028055326046594605,0.06739305502693414,0.3528357910526568,0.5916197331846323,0.18697566311874544,0.03159467969331993,0.028061027912546093,0.05953728619628298,0.029518986252513885,0.029604541163171544,0.06772129304830128,0.05917876355667781,0.02984351137321374,0.2505476509721258,0.12170479505293295,0.02831392032881173,0.03159467969331993,0.06739305502693407
465,1.5085604920327436,1.4741856103079136,1.532380063069378,1.7342858431476742,1.5842877287742312,1.5326115585662048,1.5092672913385197,2.785281362566669,1.5439756162136102,1.514290593081333,1.4587214790001501,1.46206892217538,1.516883029992587,1.5167991339642561,1.4702462375072016,1.4177529090070884,1.456191030453984,1.4556892555059626
466,0.27110772958659946,0.25789817982931024,0.5261502722880004,0.6044830182814412,0.35626030402088693,0.5402845821730734,0.27176149487365225,0.5038177720086385,0.27194703668263637,0.2721050593282767,0.3450358690780296,0.37736107050133166,0.5176102074722908,0.3494578086274098,0.2749061616458382,0.316441555318951,0.3317764374334314,0.2545427656548997
467,1.87020989840842,2.021802977344016,1.9553585359821009,1.8342575509132126,1.9636435839268824,2.158739161944251,1.8741527422039963,2.905086618371367,1.89178902559512,1.9047495556469098,1.976450987212363,1.9696458546319755,2.1315907345657004,1.8401096935346162,1.9280247268776964,1.89282508552008,1.9047554476162751,1.7966185081612822
468,1.250848366907383,1.195693274573337,1.3752703687234549,1.3266129450994208,1.2032444962709476,1.4193121693121693,1.2535553145174851,2.3646384479717812,1.229562546689701,1.2296238690632049,1.2032120059471636,1.213634331389358,1.38995642539369,1.1701269731998734,1.16362048123119,1.1229409981143432,1.1416241476129143,1.0978218700729268
469,0.9823697355800841,0.9274184575842283,1.3343425280401722,1.2133335191048307,0.9775105302137153,1.0192307692307692,0.9828544252358825,1.899267399267399,0.9740250092678074,0.9732453427685247,0.9337293506750374,0.9351276239724887,1.0051285823874634,0.9897978233359158,0.9330314442828359,0.9083199584330814,0.9329778314111273,0.8985432737686692
470,60.05966419549569,65.34233400793221,63.190879768012046,67.5132850646043,69.80738519049123,80.81349206349206,60.13131430054373,94.24603174603175,60.229341430062874,59.68157720701856,74.35214095584753,72.80483479948568,79.7871219926159,65.72885201432281,65.32919140522155,69.64197701227837,69.80738519049123,65.23137080656448
471,21.041669844339708,21.625012987586093,22.65552561819115,23.5995085804343,25.33953090447767,21.98481395883201,21.05283812720299,40.63888657840679,21.044976375198605,20.837573275982383,22.0466898245908,22.640002249707806,21.958337471544358,22.146217909196157,21.721644666274752,21.88287494755779,21.974814062251426,21.615295601599964
472,4.775169497564963,4.944265387958249,4.888003323930544,5.101794681472321,5.208593515117156,21.701854209712337,4.785447848569792,6.960817738527797,4.565820236099381,4.677031472294061,5.103175853965454,8.311607908558114,19.899904143749815,4.88303754875886,4.886176055648952,4.897983367943616,5.08103115760468,4.723201342766898
473,44.48839974248446,49.27044502120334,47.684280048130404,48.01875831387422,48.98684609395095,112.40022891122146,44.5837454444819,82.86077028046928,46.55079773464007,46.298777919239846,53.859942906290634,63.265691823949815,105.91826909141703,48.07364936935203,48.65469820889799,48.56232957249606,48.98684609395094,45.593350304908746
474,9.99601080716695,9.872425714648372,9.663433852592252,10.273347849475854,10.573659270988434,10.315120646507966,9.99550332758133,18.213724469692043,10.430647337022409,9.971010623076486,9.901921219595438,10.021724669979678,10.24774117286597,9.894642386914944,9.83853372871968,9.547459565760414,9.628575714619776,9.375209764340168
475,55.48915672880053,65.79859212641077,66.53381028647523,84.91587579951516,121.13530113097404,706.3006683810796,55.43069091538021,125.32759354159334,55.989763051707946,56.4455777939408,93.06525943792842,236.84007312222548,643.4355968081519,69.99731282338963,66.19169933170471,90.49179491695473,92.3123603151763,65.437217987869
476,3.769004562640653,3.676374757810559,3.499179887442278,3.5277292554817876,3.5061402739465657,4.002655744514134,3.7742851389967615,4.818438904534454,3.6229184451189163,3.6991569332155776,3.693346209497863,3.6776429695841713,3.9632465134529817,3.5171772531295105,3.5923258150941404,3.4885841688706023,3.5061402739465657,3.3627078946464546
477,17.553541346137184,18.347501228165353,18.44167187280103,18.036176012617144,19.760892023519734,60.1904761904762,17.567510318264997,35.42857142857143,18.27790158197611,18.005168620484103,20.020735081755628,30.244785720717783,56.32012628873513,17.96597632336987,18.140684314962026,19.418081613605235,19.418081613605235,17.57258984605314
478,1.520317972491048,1.4777984876885393,1.3869447813211675,1.5853633372485885,1.7575311840876742,1.8485119092174755,1.4992504239866757,3.608216493126673,1.5971432407294286,1.564200129446961,1.6004687460671025,1.501764804824605,1.7867240920136715,1.3747059435812894,1.3989114775126934,1.350333655910897,1.3860168654238487,1.2967612164631521
479,10.98986883722462,11.04982475277859,11.277718750345391,11.302225446730148,11.088467203042429,55.80952380952382,10.974496902188179,20.761904761904763,11.335143485805814,11.335143485805816,11.830737973756007,22.811019302498867,51.552255500480726,10.931767091326181,10.943979766174863,11.088467203042429,11.088467203042429,10.755876473146635
480,1.2287721480945972,1.2306125511155857,1.1369129814661019,1.20388151948609,1.2777554073451702,2.6502936944093602,1.2154773831261703,3.5174157499765966,1.265625979026853,1.2435544667373777,1.2847802029489102,1.4766012082764142,2.4890563449619894,1.0779946656975676,1.1361448282435938,1.1927745953801645,1.2538425977448582,1.0693470464819426
481,1.3382843573242764,1.2512342505803018,1.1963960806971972,1.3421716890809534,1.401881946358002,1.6012199517664243,1.314566596821429,5.024540515724126,1.462207943786501,1.313520471990209,1.1708348711786412,1.180391256515423,1.5302327099121131,1.1676014248872397,1.1867967495166638,0.9878172446640775,1.108829013351886,1.0044977613555515
482,14.181126449113393,14.417194693096349,14.29427240485717,14.374454787581643,15.214633496193864,14.666666666666666,14.182330041688255,26.666666666666668,14.766441172528596,14.5106996034902,14.466790957125859,14.485649235941166,14.607614847500097,14.200661223780282,14.283742061395833,14.17967998168237,14.218035871306325,13.950522384342152
483,0.9483337291163201,0.9211111588521446,0.9767964639952949,1.1351044640280676,1.0527372264446098,1.0493160977981337,0.9365810195046077,2.5921787250472215,0.9798585257108564,0.9654394348424477,0.9075786751777245,0.8983540327453304,1.0204793546490099,0.9074033051288889,0.8866589358481501,0.8839077962499867,0.9724920755592508,0.8819893661969537
484,5.578640204315121,5.0684428681731335,5.5038122503022775,6.116427941400765,8.097324113674851,5.274725274725275,5.548370020129108,10.417582417582418,5.114603331078934,5.147118450623018,5.469791745029888,5.972172484066948,5.280223296747462,5.301795168717834,5.092030131734426,5.227529874424785,5.274725274725275,4.944652251468231
485,28.79162680554975,28.987129241984366,30.563207442614925,30.07045806141365,34.91994042068607,225.52380952380952,28.770082102706795,49.904761904761905,29.64917039378524,28.536162569296113,34.585768899802154,77.76900991020074,206.0275717068644,28.70997664983489,28.67975212467719,32.73191405976082,34.91994042068607,28.127381237474612
486,0.7170607004771908,0.604096432992633,0.6337514586000673,0.834547162251878,0.8063814251688028,0.7032112429892577,0.7012372570992463,2.073159146607644,0.7739727321378628,0.7461148282304633,0.6196088947533431,0.6149036482669922,0.6817901417939479,0.6092905937160481,0.5797666083445093,0.5718823904770023,0.607291877207272,0.5618771385133484
487,0.6571075958144319,0.7138486742649405,0.7084203450679482,0.8922023756021736,1.0914014514523944,1.0194145083856,0.6532825830992232,2.2395372428784217,0.6833878438215497,0.6705124725942669,0.8501621101210578,0.8657653640024364,0.986981758514793,0.6914370411001309,0.6781027848789943,0.8393323343195219,0.9348507567358936,0.6702476660610261
488,4.385464713851527,4.430696531594396,4.626290781013735,4.646063603121333,4.813702504732972,15.546372303933348,4.38965997270371,7.927722655981917,4.384506422713876,4.354581386490886,4.736263597479167,7.375710134479235,14.476916632701085,4.4221854479021445,4.399405389448122,4.7102805194650985,4.717940110004674,4.3588824945646545
489,0.9269307988260147,0.897156201679597,1.1139543226936184,1.1115592147288804,0.9201140944327832,0.8893331304473807,0.9283262911165412,1.1987208532931597,0.9366540324587458,0.9028443480492725,0.8451143682464987,0.8505289150202865,0.8805751861368898,0.9287796922222848,0.8916668740610033,0.8222320289467852,0.8367830167992673,0.83930484349424
490,4.293017008078569,4.490032240834006,4.384357290763199,4.128606345060626,4.286992458921472,9.28222158906076,4.298202824210153,9.268927509763886,4.287678829726216,4.306264487757027,4.4261512666392715,5.6274616902409,8.812602519141254,4.175429034737799,4.332057296425238,4.274336164734453,4.286992458921471,4.086635549802362
491,5.49386024931015,5.698865164552487,6.838586419793341,6.362894737108778,7.68088661358576,119.65476190476191,5.496541501966025,9.5,5.559556362278909,5.469189839389169,7.550181458646907,35.717288816465064,108.74546640608843,5.77361914335341,5.667024162278324,7.538092574077837,7.559164517542094,5.6159958538632475
492,1.6746755995425964,1.786035046805823,1.9072963410920458,2.094169054869192,2.239088261300947,14.981779464775313,1.6775247569227953,2.8813867405189506,1.668208964764143,1.661878859975195,2.2485994780544103,5.427391706773002,13.739866894911222,1.8133098933430076,1.766514867622017,2.206570128366495,2.239088261300947,1.7635263767957274
493,2.1957310600451314,2.209197356132343,2.3070036453546483,2.371957751366716,2.4745345636498883,15.588939983489077,2.200365167954272,3.0402451954453973,2.0216506913929666,2.094845871146959,2.36417579370945,4.892658756476239,14.146794794249404,2.189222368890331,2.1768821168693306,2.2451720528699632,2.419359109730087,2.0967641512078146
494,5.944506336170302,7.656554781564785,37.03306704167622,35.01232226440663,82.8986615785005,82.38975155279503,5.814606080413079,252.58799171842654,7.715131573208613,7.47752856311562,32.182122905835925,42.56950453570645,74.80100366839143,11.923155221871548,7.104486965420094,25.386005285870905,33.88878042542963,6.739705195581085
495,17.718308924528284,18.428499489902823,18.868672546790858,18.554207676503793,18.5755670113635,55.33531746031746,17.71070380131351,38.29563492063492,17.51835990380943,17.444197583505492,17.484287068180482,26.66228081417073,51.54162926775251,18.109376889656293,18.20917604335293,17.416486901526863,17.50590377285727,17.867914721597852
496,5.275981029580659,5.176136196034561,5.587721831841098,5.429300934692628,5.460568946269906,4.812899202031093,5.254753431201973,8.291401047913594,5.0405983152744085,7.061472659036508,5.046450605625311,4.990031489549916,4.8174091981689235,5.181412432048685,5.149133218444632,4.774534244994678,4.812899202031095,5.036718220408031
497,1.9469002858789295,2.0200904369621706,2.5184566597996185,2.3960610751780638,2.230730298781928,7.543934714888118,1.9455105715644783,2.963111901864554,2.0471590565811186,2.0206514767723203,2.252621339228464,3.6730739556306546,7.047565369353979,2.0676234782787195,2.005395106818855,2.1515878689499086,2.230730298781928,2.002462333219052
498,0.9214625563465851,0.9127185783159594,1.3483467966028986,1.2504157567972947,1.057500807491967,0.981904761904762,0.9220789723477579,1.4857142857142858,0.9305679493280534,0.9350683378414505,0.9457963903185153,0.9492296715980556,0.9722946726950634,1.0000934691637664,0.9281148470407956,0.9308983502331335,0.9680390885854632,0.9108280704858229
499,17.827602057098048,18.290352937520876,16.679002607009238,17.51212802902383,18.094749709754513,19.179568706115393,17.840658578584335,34.28378205278531,18.053069897979146,17.810267047389885,18.41598704593821,18.40432207138257,19.0810887003524,17.798301405440693,18.0688269460092,17.988473486492577,18.094749709754513,17.447490285973725
500,7.928216871543635,6.47838476064797,6.62666212809111,7.536120917794265,8.005734486019296,6.837301587301588,7.841754350726299,12.28968253968254,6.495988472171376,7.046390826407227,6.6699318025700824,6.906135232975433,6.79780049953732,6.782892470532968,6.546341356116815,6.594590977131286,6.694232189346235,6.457189448173445
501,25.511110405518618,26.219286308305076,25.11213366983527,25.652822420770566,26.41134677717393,36.12125220458554,25.524444391490658,52.991622574955905,25.99295611347635,25.76411236371086,26.59143254353698,29.064220613181785,35.21736194645235,25.774768118112473,26.002770333085948,26.266820710394466,26.41134677717393,25.484131230109607
502,19.01905540318174,19.470727086701302,19.132014189084128,20.0972751175753,19.979044311013254,20.4015111495269,19.03082068127803,38.07110152462791,19.1478087276325,19.269110632412747,19.870320079620814,19.696675213379198,20.286603329391948,19.558033577361478,19.451417477018936,19.642470983177706,19.908696152036594,19.43705773689149
503,0.5176874584251421,0.42514631439803474,0.6571901295614381,0.9478009806652535,0.6250089104180034,1.4477685927253816,0.5097512354400274,0.9828314245521043,0.4173494070534493,0.440040178232786,0.46347119074243626,0.7456465751594816,1.3513895950916928,0.5964334048813934,0.4720514923553179,0.34449910795334965,0.3450100184303635,0.4206001261425702
504,38.184446828802976,39.10881288420176,37.49131830343698,37.74490220224764,44.0770777514147,39.15482496250514,38.12120347905114,111.97192165821446,39.25856286797229,38.28742586388166,38.55840904010466,38.735125066940036,38.853580606846826,37.169745806491406,38.03147923630163,37.516482362719145,38.15009252556194,35.84308643266707
505,1.6965028620258533,1.867929260776517,1.7965631442850067,1.8786782896055045,1.7873860984687024,1.9441130265098667,1.6990195949819544,3.0490316415632903,1.7147953897907506,1.689266210596377,1.7465782914971058,1.759015495950352,1.9159972074654112,1.76106788123604,1.7982480944111334,1.7272753744947849,1.761211384213543,1.73814806559317
506,345.9849651792433,353.7759935951279,345.23728550358874,353.6024833174935,351.95258834928865,336.93406641755706,346.34545246931833,339.7433689725843,343.0160910033807,341.2927518586951,348.7587036171981,331.37805021523076,335.20258985218715,353.4850307777145,353.6105986252994,303.4264747585038,303.71818754890313,353.28020509313365
507,1.2806786552573228,1.2629399816931444,1.5459814025310321,1.506280925042302,1.4085378384425524,1.380514012166077,1.2775498784675052,2.452194725366363,1.2670952772172501,1.2622967458479077,1.311637800604971,1.306916835729224,1.365269476460634,1.3059947223466886,1.2612941025095135,1.305543000968523,1.380514012166077,1.2565089685321302
508,0.566823672990637,0.5580820226983437,0.8090687401949909,0.7147878535705282,0.5810756162614995,0.6770845007605687,0.5676109751051494,0.9317676615971129,0.5485664559798371,0.5303406929784457,0.554463285603077,0.5539652459665296,0.6580122421521594,0.5611633977590947,0.5412494030325622,0.5194268529867953,0.5288580265214843,0.5059452433597852
509,16.19210881470332,16.39516990692299,17.126171950432525,17.882675447155528,19.717728750828886,21.984126984126984,16.181160730615264,29.857142857142858,16.50779304621602,16.264642082567303,16.642223688346707,17.69590054092194,21.27135188041644,16.715057322644885,16.421397188157098,16.256471592946863,16.775267120531893,16.346780272438895
510,1.4905594032930922,1.50846407164253,1.9059109743999139,1.7507270269112551,1.5957328976086327,1.6185300207039337,1.4909887663915906,2.99223602484472,1.5255803538318213,1.508604446813407,1.5403958200753196,1.5373432772073716,1.6041304099788756,1.553233020230981,1.508044644106892,1.5099741630744141,1.529872208311997,1.4846656388570671
511,0.16051599167997654,0.15209130694103482,0.4271010210512632,0.5648783323890458,0.2812600273219553,0.17065739260693333,0.15926865229621584,0.3000642653634578,0.15044070047803312,0.1463815571457532,0.16214297113887807,0.16273802410016402,0.16417559402847112,0.2805198776797811,0.1847511491600711,0.14553501180040365,0.17065739260693333,0.15209130694103476
512,0.5201973801771461,0.3741222247267022,0.6292292506732965,0.7947376197727728,0.747471495974605,1.2559796403811472,0.5104605636325373,1.0464487114169376,0.4467451901850546,0.42098455401847357,0.6259152041277842,0.7989266138010168,1.192022431829217,0.5007158411210818,0.40466829181357666,0.5026774133560913,0.5150477460216935,0.36554159087905475
513,1.0138719898389967,0.9915159972583208,1.238273503548721,1.3996428956893068,1.1874731252461665,2.4685506234550405,1.0114574157885243,2.1323982779901995,1.070144558982215,1.0341474653329288,1.2799847825595376,1.5691860338751507,2.355319838854261,1.1028474572918563,1.0137929038680653,1.1294907682615885,1.1294907682615885,0.9563124407443305
514,1.88793888807917,1.818057111830761,1.9490151445908064,2.179889630180675,2.0541648083017066,1.915125421825434,1.8832401968111168,3.678486187581683,1.9813181073429875,1.9070523465208806,1.8698000041933147,1.8698801238860527,1.9002720428255193,1.8870666008574553,1.8188032826058553,1.6387715561647151,1.6388081840565103,1.7060197284437892
515,0.6017241330679043,0.46078250154330896,0.6589563002945447,0.830188420149207,0.6366937764537578,0.4907764618717331,0.5938851454231465,1.1446596410420837,0.505997022572433,0.5040279618821769,0.473445060515105,0.4733505346783482,0.4808992565487988,0.5512434980147826,0.47434882905234427,0.41081611209890906,0.41494205556843494,0.44153233115120605
516,2.183681869778518,2.094408561819836,3.049458195931756,3.347208918178367,6.111572930608477,2.2638501885856654,2.1739030539841697,5.666987585898588,2.167196267735337,2.1965179518175737,2.3754519627473467,3.103330054620393,2.250203839741237,2.4146693377351043,2.149039415642584,2.230527947957419,2.2638501885856654,2.0942075943333465
517,0.09740789115484501,0.11824974779127663,0.6700397430552236,0.6441513359220048,0.277171011400974,0.07933013653711989,0.09593997587036696,0.3344730081024514,0.08148207096969289,0.0927711707624518,0.11763104862041274,0.11527992612838579,0.07725775719058695,0.299013950140808,0.1708306467192893,0.07180770091784366,0.07933013653711989,0.11824974779127655
518,0.36333015891624454,0.3082529171302398,0.870611426838317,0.6167454584296791,0.4599060164624775,0.34920634920634924,0.360632136076031,0.9241622574955909,0.33251997716506176,0.33293782969507274,0.32853599872858635,0.3305608664782573,0.340682222461486,0.3886742390558024,0.32270345820666707,0.28789736375118197,0.30186413578104415,0.2980016631999252
519,1.2467508980711217,1.2658131065255018,1.7798721943834577,1.8137305845013936,1.5653129241256607,1.329467986390296,1.246123000011643,2.583999973547708,1.2484519858568535,1.245318688947154,1.3661675658099481,1.3580108839980303,1.3242781147376739,1.4421983708125452,1.3129495783121026,1.3136116345861821,1.329467986390296,1.26578264838024
520,35.219377109165585,35.389746133925776,35.869113785073175,37.46364521399086,40.53583767999938,35.65739302395502,35.22202273364872,70.19223848974849,35.91718984013128,35.428852302825355,36.139475499154734,37.178432396451086,35.726860495207276,35.890160467767686,35.46114341797679,35.65394831436563,35.65739302395502,35.38191295718926
521,2.0195360570707344,1.939452063652541,2.2052007202652866,2.2022534476219273,1.965635802339266,1.9157643585916357,2.01873247932545,3.446372140731961,2.0228949524670035,1.9981014610960173,1.8834831256967117,1.872575491685777,1.9053142589108791,1.9837059146247882,1.936238362198453,1.8237313457525623,1.8339980363069237,1.9137266963048358
522,2.679388065853111,2.767364208312921,2.5863011955307496,2.794251113167453,2.7012905104557148,3.5666740936509087,2.6859514443216774,4.938138196195213,2.6670254921244605,2.6123001047362835,2.295678049296732,2.2874877024756444,3.3625709405713926,2.663862942703361,2.6978969697402584,2.1529778960498147,2.4713414499924853,2.339997106425002
523,17.799793578404532,20.12800730580661,20.080826754039546,21.91666668743561,26.119913229139673,240.6292697853431,17.849832740513865,29.685731739221485,17.322049915085696,17.519334151921495,25.524330775959722,73.04558603567388,218.44129091793513,20.384820918693492,20.07772889225873,24.54486599893715,25.241743695761343,19.864295289068224
524,13.823372881898251,14.63311067596076,14.028772372220311,14.499156755185231,15.25459447517823,43.8122431844616,13.839336242724391,21.33027457563446,13.8163838876452,13.772463288387579,14.764703142895263,20.871544824691746,40.738604688023074,14.295842222809155,14.433333336436796,14.626114941202927,14.913696065194273,13.642704794053387
525,24.790671769079182,24.39101089645534,24.645937313205405,24.31149335103511,25.09773032988774,25.262711244242823,24.765113489563518,51.39933213770107,24.783535843050227,24.818251713286454,25.084785729645898,24.797716039816958,25.181786296547887,24.143189007846072,24.24194699319584,24.05491254367612,24.060822417241695,23.532402692944014
526,1.9231609543144852,2.6201681221487045,2.2830159873749953,2.668833972827926,2.971966386116247,14.718012583691637,1.9321376468911458,3.9856616168458365,1.8982002291444413,1.9113865553811664,2.790711052410792,4.328553854028429,13.27258750394652,2.494898847491086,2.534155884286322,2.399444550816416,2.971966386116247,2.436402491920576
527,93.66781485475038,95.03003748393805,93.63180417681913,94.62412287869712,93.03294648319543,311.5128205128205,93.75036552611903,151.03663003663004,91.8636711908988,92.40956222843487,93.62157261293514,131.172041326712,287.07966679879297,93.97127073712193,94.40113651860464,89.0072522312114,93.03294648319543,93.15593124267023
528,9.956216880101374,10.53964438949226,10.127238201008488,9.948194995972875,9.758622723726209,10.18415975982999,9.971043784303596,20.252613179007763,9.964095170770742,9.934549842312324,9.695102311714836,9.747374818452679,10.120319787592974,10.116136164280736,10.339573052579212,9.682654541229706,9.758622723726209,9.931572171849927
529,5.277517418907231,6.157080065658718,4.986665875995247,5.085713632122614,5.053483391436669,11.80952380952381,5.315599219665671,7.785714285714286,4.912462642136634,4.829576943326767,4.454939871346134,5.334139434884315,10.883222597156227,5.502594661150538,5.866773378797816,4.174852250384209,4.678130923574023,5.018473264225597
530,10.293413667800785,10.45422137015791,9.29357589481315,9.44199814267992,9.54953125723251,11.791446208112873,10.321739804530205,14.236772486772487,9.996463713369865,10.000295100334634,10.332188746561734,10.46216349728052,11.639768665844342,9.837675853955439,10.181099027085686,9.54953125723251,9.54953125723251,9.439487659187824
531,4.7348620792362714,5.234440892634454,4.883308867401266,4.891558519049411,5.2643038092824765,5.38503582070755,4.74497427122255,8.806501783794047,4.753074500842106,4.747808232401778,5.224600314016106,5.125774445273176,5.341209099889149,4.93050723546268,5.081069236874723,4.744519081625954,4.756898936386093,4.814233333982431
532,0.6090557693830886,0.31130145377039176,0.5395827936796803,0.8086141336138191,0.6901799827997944,0.32012582918682503,0.5922449118222141,0.5312195178370659,0.35552805006507593,0.40663668335433645,0.34376010373231375,0.36999200146447797,0.31294796500699534,0.4655255164707796,0.35032733231742874,0.29216309289485953,0.32012582918682503,0.30928300189471236
533,0.4430999870134249,0.436539317161984,0.751235405117094,0.8717652396753971,0.5483045495001475,0.4495270580336677,0.4425124732449876,0.5292061863106419,0.43931816800750045,0.4348932399425806,0.4401021360922965,0.443197980497063,0.44387954618572123,0.575190429916283,0.47304891862312587,0.4240416697166131,0.44603046662919493,0.4363824986951757
534,0.04085930468518157,0.06294870210609317,0.30992231720834895,0.5891702222910014,0.19677467461378428,0.022916304735480883,0.03994249945209933,0.055729625397853255,0.025964616579905165,0.027649451122590245,0.06259374444787134,0.06318576316824952,0.022743875193183234,0.2475579803470378,0.1179520577581087,0.022685833457685795,0.02291630473548088,0.06294870210609309
535,0.31106485262271827,0.3728914154776404,0.36393533559708136,0.5020242361647042,0.3652453413442256,0.522447946271307,0.3119173716603305,0.5424084171324611,0.31580252852147683,0.3105337648589633,0.3712589673369279,0.36402733330204096,0.4994221470288651,0.3434632412698691,0.33856144550221917,0.33617834073285113,0.35192211657692374,0.32672476718771326
536,0.5633113536829728,0.6236817395350699,0.6046512429369959,0.6976233520647419,0.6233392188169488,0.7218723686270591,0.5636404897011453,0.9890460522583938,0.5710740393760285,0.5686999893300643,0.6045463126729133,0.6053047448555909,0.7041585118519351,0.5742901115538314,0.5831981041235167,0.5896870821700566,0.6232011527808157,0.5697157222535242
537,1.8716014566928425,2.0071041504519833,1.9614246096011758,2.069441535974985,1.9432084616081216,2.2050319021633267,1.8759858467713515,1.3752515895178659,1.8720589968826573,1.8898030992273547,1.9467040398105642,1.9467702698790905,2.1677442468543053,1.9335352460235349,1.952539565355016,1.8405725568292326,1.875843765288983,1.8988521603802575
538,1.222194588555645,1.1524083670767775,1.5123721910825096,1.3668445652550691,1.1351179500176893,1.2476190476190476,1.222002783090202,1.2880952380952382,1.1824333935546776,1.1808454800742034,1.1327845559414107,1.1390015481777158,1.2320442721172558,1.1846854287967479,1.1473333427961636,1.0832753703623101,1.1051465120078412,1.1083434221896689
539,3.882816494305148,4.423925126130065,4.256953116579248,4.183084749365296,4.319707286321332,4.667355442967771,3.8894524324447217,6.112808909017807,3.914986037242825,3.910557899375265,4.3014382387075045,4.280729021896806,4.609540590013376,4.187261621152328,4.301361328156086,4.072194725531158,4.1326213202294335,4.065892722571729
540,23.716517308580347,25.022452278992148,28.38850902602616,27.47577611280556,38.19361416878322,631.3573637330726,23.712860613662745,19.535233915944254,25.443100772996804,24.21071292804952,38.14851764660279,189.74171037336438,574.1427583251212,25.042133791143147,24.740649586711175,37.56059534963075,38.19361416878322,24.637921595504476
541,40.55031474861149,40.27060698301918,40.06823588707778,39.401744461250765,40.10171821589044,40.8650116984235,40.52448422372075,78.44831024359954,41.906547591493826,41.256950969981084,39.84257168943591,39.952427713216196,40.725968947948104,39.647721377135866,39.97622369786607,38.2169485761766,38.21701765499213,38.696675979281686
542,7.7270177841622925,8.073617632841707,7.991480910813202,8.36235765428588,8.798711674992644,15.576463288487423,7.734024504946876,14.218884789267221,7.975911411127053,7.74085955666193,9.109363095003111,10.787615388456203,14.971581010088755,8.036416099654069,8.015159849028317,8.785913481848757,8.798711674992644,7.82460843892173
543,0.9544606196773969,0.9382911655051632,0.960272408190168,1.2452274252837232,1.1015126240531006,0.9912762760109818,0.9556270835395065,2.027135453181054,0.982100549720056,0.9420851197748382,0.9477512339799611,0.9487737030646123,0.9782401514892761,0.9889826315497016,0.9339013526002405,0.9320463375748521,0.9798376538267949,0.8705097283835891
544,816.9999962503072,839.2618796886007,818.0794922589208,848.8407364566164,813.8981547411523,835.564440964415,817.4945848190747,1388.235787613142,817.3624465181429,815.7747465111089,832.1254788858519,822.4558012489282,834.0487822985193,842.6262789273951,840.2656323892675,813.3917804864844,813.4528212934248,834.9652294256372
545,2.9753860200916993,3.037480315851178,2.9806528756935258,3.1542851682161377,3.275589046201065,3.20095340342357,2.969046925652481,5.053030855538431,2.935049159192974,2.9140967208200306,2.9933996916278023,2.992268836681331,3.1579447318175577,2.9721963025986025,2.981681965085734,2.9725300202771074,3.1373720806174945,2.9551703266368072
546,4.748677970100675,4.970823532971424,4.922650442864416,5.034243514719387,5.263342215109866,5.264258703850609,4.742582693025091,8.636861802843738,4.738271789115109,4.744210011223774,4.985740083681078,4.9573585767395825,5.205988921692848,4.853963960299374,4.8884230086515545,4.736282695860955,4.824979501349868,4.783291567872708
547,47.434876526482356,49.91147262281728,47.346636483543314,49.632900610918455,49.516965598256945,48.677676446768515,47.37784080773877,109.17641807658367,50.20249337261427,47.715480182896876,46.7191892600435,43.39702900001732,47.636585420068805,49.26762115121765,49.53283632242137,42.75804282365893,46.90047984042638,49.047852861896
548,8.047732244273343,10.282606107370981,9.079933586306542,8.676937136143279,8.319846202376612,8.827462837158562,8.076432591559728,14.451614495086368,8.007394222262246,8.03613714040557,8.321344777972106,8.13500797345898,8.71873916162083,9.300810273316465,9.846937050123415,7.824928876384759,7.935014925437546,8.67693713614328
549,8.654572278321865,7.291365108747033,7.995465761291111,7.97767561298605,8.964236834452642,47.254658385093165,8.563591986634655,11.03105590062112,7.341500151284888,7.341500151284887,8.677446575914244,17.54015095977399,43.33197094406135,7.457948804340748,7.315621413418327,8.582284522385551,8.65081911638244,7.258445452991634
550,4.495085873162286,5.260191951971401,4.7264875618703215,4.859826097540778,5.16497257869331,4.710082108899256,4.511958455121518,7.203762390899204,4.454964710621135,4.477737937656542,4.6307687515423765,4.564284892550121,4.661910566652186,4.93856379567107,5.102393834470863,4.517673267760148,4.710082108899255,4.758527549249611
551,25.578505661080417,26.614533939489387,26.09965061172215,26.297771344345552,26.610976519177203,27.47857142857143,25.599850573752537,57.666666666666664,25.936760293899166,25.904580541521543,26.646224507391583,26.62792885878004,27.355991111233802,26.32346992851716,26.46626448388442,26.183723210169617,26.48299336446326,26.0622633899096
552,39.61681242078601,40.92929325695879,37.798242661340986,38.44857950521821,37.39534461101534,42.23999558370824,39.633849347076705,71.53602048402594,38.87891417217488,38.93009763734279,39.00656469853691,39.13396012745198,41.86785814079074,39.531648802874145,40.33248645655349,37.178446881863756,37.39534461101534,38.314147536107306
553,81.7662149729785,85.15484131000812,77.4422998060063,81.52785283502372,79.40630036184514,81.10714285714285,81.9594573822443,125.57936507936508,77.73821804279076,78.57080190208107,80.14689836614365,80.08256644388996,80.98901125091321,83.24118211972699,84.36533804522632,79.11671014850101,79.11671014850101,81.5259425445084
554,5.710516559146293,5.911739880896914,5.289364692332701,5.144340236959526,5.758659655276586,32.44011286389297,5.7253340069174365,8.29743711448463,5.506249860608143,5.497769875440095,6.023001048660191,12.173783557281695,29.79017569002457,5.4013302462609145,5.67716567200236,5.7387751200014385,5.758659655276585,5.144129174236959
555,559.4009715147722,557.4549978561105,543.0732512330554,533.7401880327086,551.7624032893985,553.865797375508,558.1778838275068,951.8364089621101,584.843097095926,581.1105757104596,545.0751087895566,545.242163109869,552.3219595989116,539.8354295830613,549.0242513401673,540.7772701061397,545.6005259429397,533.0082467252956
556,1855.788580078899,1825.6957389368374,1852.1126379297666,2105.6395290633845,1859.9102246734983,1652.9450887874798,1866.2514812175184,2096.7796628127157,1742.3509900064619,1757.6300043929084,1724.4615563105654,1672.6242192184807,1647.3706924544986,1945.462189085444,1868.7530122167598,1632.1773278104674,1644.4127402921495,1818.6319353778333
557,49.48545013317868,51.698000061546544,49.26361306378836,47.789428503035815,50.201060253674946,113.52380952380952,49.52248780121128,92.59523809523812,48.22929579683454,47.9562070876525,52.335828737677865,65.59725205149914,107.2672873212266,49.445891397087905,50.7256791033143,50.037618722442126,50.201060253674946,47.610678431048235
558,64.8530196471212,70.85387926807623,62.37114243005143,68.25415765531098,63.89706367863076,54.5595238095238,65.14820738490953,100.48809523809524,59.553123938864836,60.21602426321524,59.41781932200124,55.32190826288292,54.28418756155224,69.38096916187595,70.22318339363989,53.024942396824194,53.56910451405381,67.38071260440653
559,7.717217466178489,7.535186630497129,7.372473145727809,7.367245370122173,7.310368202385018,7.830687830687832,7.719887812362315,7.878306878306879,7.69022744769531,7.6719494094927425,7.514334133520095,7.519408301237134,7.794959103365823,7.376337859022883,7.453676367998605,7.239725281853126,7.251683846565629,7.070882582719622
560,136.74785882702062,144.74287513725935,132.81486764719838,146.21344935339607,130.7760381303522,147.12498365653826,137.4656635026748,142.84023348562218,124.03621375573418,128.11473026656944,138.43088114004703,129.64601765796584,144.5396826654879,144.71662815474593,144.54960816251432,120.68154732873421,126.90455326763288,139.66166775734598
561,432.75871748418075,446.45993504688323,416.1712115714443,447.99075292481604,421.7506512615144,490.50806701890195,434.2112565066929,506.75009091044467,402.4049957206168,407.19195448824604,463.4708543193017,452.68521019918427,486.4158079322381,445.54752223185034,445.6922926999103,421.7506512615144,421.7506512615144,440.9195544858033
562,49.738853428286895,51.03382057473334,46.33036572022032,50.130850894491594,50.03439181518288,44.13690476190476,49.82850441861631,63.92460317460317,47.37834924759196,48.369118016851566,49.031222761984715,45.043458661408216,44.0437630854129,50.476282314454785,50.785352449784085,43.92711125740839,44.093690192001,49.91982916951639
563,23.162989640540058,24.52352823505669,21.732964631602254,22.22025702374546,21.677386340865798,24.0515873015873,23.22630312834846,40.269841269841265,22.445374795208863,22.38662228842287,22.46273438294271,22.643142202659206,23.89082177602343,23.210768308883384,23.959754427663125,21.677386340865798,21.677386340865798,22.22025702374546
564,196.32612913406908,205.00199111633341,174.5396667691042,213.85848303572212,203.98366817274822,192.08333333333334,197.09955893712507,183.5119047619048,177.44159954017346,182.8799812975951,198.433038549951,148.76901437841494,183.3180976641252,208.70201949228735,206.30723024661725,146.29505103962174,187.37908080832196,201.94226974762103
565,10.17984113084759,10.514670786296124,9.894759296846836,9.963027643916162,10.315080355473947,10.592627819863045,10.19981243561242,14.365597519791017,9.716872239835391,9.844120131413385,10.388003098219691,10.27088054886601,10.543985474271116,10.116371085663745,10.325956154976994,9.913154408375194,9.914894394972434,9.841105841900896
566,1.8109229544747822,1.8488398457110016,1.661292824316601,1.679169732748699,1.7307996262805316,2.0959399979316733,1.8167213927769665,2.973676372652355,1.812432641580387,1.7878366365095453,1.8064224426174593,1.81951928791372,2.0598513797525633,1.6732891369852465,1.7568478056819945,1.7085242513867378,1.7307996262805319,1.6144328278980848
567,12.278862167010892,12.725698580971525,12.000347067157671,12.219543566938022,12.287774782773354,13.317433621712118,12.300982538972576,30.313976304415622,12.344902280752159,12.334638916709103,12.735241860682079,12.487387793163784,13.20605956204018,12.308925521802445,12.519702424787335,12.214833717794226,12.263726957687936,12.125440096503922
568,10.752128482049036,10.588699094409462,10.517868371551929,11.039091724002096,12.560888202261344,11.034391534391533,10.7483386594754,25.82142857142857,10.69374328779736,10.75192944989635,10.754317854662988,11.2031737281181,10.997767801145441,10.6070572994393,10.546401230077443,10.58441558229475,10.622540037695588,10.18702904181342
569,195.41714201565583,2.327321115329879,2.877475460948568,5.315071259821726,5.143038408758399,1.8644688644688643,185.77199222588993,2.6849816849816848,2.1193619717118874,2.216719672173617,1.8945796463124989,2.663253903017802,1.8687023923001334,3.299098133780419,2.5907283897992035,1.8617075596009862,1.8644688644688643,2.327321115329879
570,10.193954617826185,10.282231842647214,9.894680261341371,9.85900453854816,9.873432867111587,10.379252110306462,10.206386306100056,10.259018452245114,10.105229055990069,10.135297594260095,10.04974944273256,10.080653532411675,10.345280246450223,9.987439284899065,10.144351882180285,9.853360759118223,9.861922441199743,9.723506082814316
571,18.2713332469225,18.150153989917023,17.557843874050427,17.69690946976786,18.389781572179036,18.528301963050264,18.259749614629925,36.64724368449453,18.81364195292049,18.219651116856657,18.17460341750249,18.25044934860363,18.481743383894607,17.83574361096064,18.003320689802834,17.873905090699992,17.89201075734512,17.339066407696816
572,9.269615650364027,8.244237686833548,7.967222240757799,8.323335748135351,8.504333858911389,9.198509278028133,9.195831313582037,24.16487576716681,9.196518032183233,9.482455662360325,8.25786291557586,8.21495915361421,9.042872648249741,8.044772245041093,8.10708803673016,7.755576037398793,7.980110534707183,7.677615473840954
573,0.39139978023334016,0.36221534658508014,0.6513144096664452,0.6905650261916824,0.4223884765651816,0.4015927261139339,0.39113942608188407,0.41474075204534894,0.3791451322497521,0.3762116384937462,0.3553740138527135,0.36092005087437,0.3929291090481106,0.45052342435976295,0.3793305548080849,0.31827761029896356,0.32171601070036954,0.3436474556886777
574,1.4823440858231487,1.4239847102276257,1.7069410349049112,1.5927783108652032,1.4960726793092285,1.5543478260869563,1.482758703494069,1.6376811594202898,1.445701980789582,1.4612298823201595,1.456269564880608,1.4524795099526102,1.5376152276264283,1.4257918213578973,1.40488602927449,1.414689173424186,1.4306916376585839,1.3698059621573757
575,0.43760750480291644,0.2999441136657035,0.7242915856823706,0.6218166310354127,0.44363530719237393,0.550952380952381,0.43309872475409206,0.4466666666666666,0.31647801408414006,0.33531492877943325,0.3618524257521896,0.40227518096395826,0.5275329812737809,0.37045484433741155,0.30644627921123146,0.3005968860688322,0.3018886362079058,0.2783753132632207
576,0.2513127488473764,0.2367079887576021,0.8803248178058999,0.6438247349890814,0.4747219950245501,0.5456349206349206,0.24966161260385297,0.5198412698412699,0.24421419307840478,0.2659143317422579,0.41008062414740726,0.43378139145438194,0.5275738317430849,0.3518749905832769,0.2615608603782564,0.38164552203095053,0.40010565649127755,0.23670016041468864
577,11.442671483078698,11.554014292099694,11.447423035613161,11.941089228647163,11.978589122241592,11.89324843399874,11.446316900788245,19.7952557865033,11.87468650084854,11.495474548178535,11.497829266520808,11.573223901633364,11.828603441878391,11.575413072848377,11.521260519393154,11.1583218280621,11.165277221148955,11.255340047925506
578,0.6144627187996866,0.5744657520403269,0.8696466921899036,0.8176641956153686,0.7579600593409032,0.6633600664780408,0.6128350408993961,0.8286602783418275,0.5672270707421226,0.5620227907426106,0.5598282902234767,0.5884521899819567,0.6448705702649559,0.6115145857940277,0.5689931924136905,0.4890517702805232,0.5010888951812755,0.5345035172326552
579,2.2653825014726663,2.3087698796131213,2.153148758751908,2.0483708687038,2.2570046243968904,2.4430515387281275,2.2703702956050886,3.349360075556707,2.2557013770258805,2.2476562126836583,2.2799046751925913,2.2834293995295045,2.4210954434252945,2.089226377566058,2.1995099196121193,2.248546766919379,2.2570046243968904,2.006311719776664
580,1.5356732664702146,1.6130591864702668,2.0155437758681134,2.244109404063801,2.3655982353107565,23.9467097248104,1.5364474308741276,1.9214546516296906,1.6316250514539667,1.5645362513496959,2.353310932488806,7.828452056065913,21.855390784776436,1.7803687696827553,1.6444112936150355,2.302650620554575,2.3655982353107565,1.604008022453163
581,1.9366253989710955,1.8103994642274082,1.8843770819449563,2.0240735866777686,1.997759294221262,1.8757019228809426,1.9351153923426017,1.9095150212787668,1.901220134389401,1.9023645581262825,1.8412969960968448,1.8553845531858546,1.8663490409285617,1.833954524775023,1.7998338082838392,1.7308905979624551,1.731152801756523,1.6543230312557702
582,12.46896497446781,12.072680634152412,12.293869834162331,12.917954271955148,13.691417533630657,12.017896252744158,12.39900895287029,39.40951728781346,12.814975148280533,12.583549775962027,12.228703965504293,12.402778276498156,12.015715379617523,12.240755373105019,12.078815630545753,11.995615505330932,12.017896252744157,12.046323178401932
583,67.64162264469921,68.16636240830756,68.03060315285664,71.46124036856568,75.09909098559643,66.17340502663421,67.63104068087388,138.1857842226442,68.77319617327542,67.57717127940698,67.37886704698003,68.93522836579551,66.29649559292154,68.82924241524125,68.19522025751414,66.09037735356948,66.09037735356951,68.08232280818127
584,1415.845413910775,1411.6391215393853,1409.5521606048553,1411.6870575560713,1430.8982699010846,1409.7439257190747,1415.424133568578,2813.346030491269,1415.2623960882395,1422.5669021017063,1404.218180284028,1411.6846608148564,1409.1607198990832,1408.7564462733944,1409.7884570471488,1398.3885628355113,1398.553833017453,1402.4769355147594
585,308.01594724607094,311.0245446160979,309.8215214409048,317.43907803415567,324.0207523569854,309.7756928284603,307.99100517945425,621.2080329513045,309.5774389393487,308.90496218565306,308.0401021813066,313.35496629641506,309.814727108588,312.6338765336743,311.2847730331798,305.8659486785062,305.9136355242575,308.693882647067
586,0.9625770249269233,0.6090785551730279,0.774161250299974,0.9596493346387174,0.9330834605694022,0.6709178567721628,0.9384202501735892,0.49894352925823116,0.7195040685359246,1.1264508118474819,0.6083055696240349,0.6374067747763618,0.6527532990220849,0.6773039731980752,0.6106743291731753,0.5478025181131293,0.5694816840499674,0.5744872663049122
587,96.372194925708,96.49950006575176,95.49699305928686,95.73143259051375,97.3764318508968,96.77162845663696,96.37006544039308,181.14573512068367,96.59782399519355,96.33761422958514,95.94355740282974,96.23788322427002,96.64300070974554,95.8051702683245,96.14729709242687,95.34249852813959,95.49859111023493,94.9028236184826
588,16.995343320858954,17.29675277551677,17.670494817524528,15.858880538915457,17.40260725780001,17.717484993338157,16.98948385754917,43.928109628210386,16.995469496799963,17.072007941116855,16.874965190203454,16.472359398925708,17.495080628499007,16.042356703232805,16.66648395764719,14.632275584791378,14.673076350990476,14.329859421392184
589,0.14959816971591464,0.09048067864803155,0.3442754683041866,0.5597379563788394,0.31301863470174185,0.06924458997833215,0.14470641613917243,0.19939104825086,0.07788028511003722,0.10997751643414128,0.12035637146175297,0.11493617019861006,0.06695615820763151,0.2511001918241869,0.136966293753074,0.06335251694799501,0.06924458997833215,0.09048067864803148
590,1.2893746170478844,1.2855657983882507,1.5061767804468154,1.583799139440229,1.428287280548821,1.3877195396329032,1.2902597225681947,2.7293524524883295,1.2827940594907739,1.2864761624388883,1.3116251578726894,1.3111939590921462,1.3713541309889428,1.3420672187529032,1.2859387064953909,1.305595172907707,1.3621173751260713,1.2734607316433
591,10.662441834958324,12.348428371469284,11.232223427635526,11.609734364080618,11.854495044495996,12.564184459295644,10.663731279411708,22.470375341464162,10.798984693109333,10.835757360530694,11.787953205661855,11.802598023445254,12.451419060150052,11.829746849782145,12.105115478476156,11.034859962847413,11.192901278801548,11.401407427176117
592,1.7061533639691702,1.7040425572099078,2.0738983097567494,2.2670060594095327,2.120964605852429,1.645894340017345,1.704881459364665,4.134059940746702,1.7805057928231964,1.7291541620927262,1.7634835901723245,1.7601448512902442,1.6462237751966173,1.8838851920341382,1.7515862232334605,1.6315820135332733,1.645894340017345,1.7040425572099085
593,4.059829473480684,4.222434301734565,4.239118159816676,4.39316297653462,4.940063340576422,17.201900496524456,4.064467916036177,6.4276938959411,4.270991899563038,4.048471627125449,4.94458287604057,7.87156041570434,15.980918553186298,4.193433424959877,4.183386299622758,4.894308869779645,4.9356328543258785,4.049545383952842
594,1.244955307721857,1.249001804979562,1.6368979853537677,1.8787413468089689,1.8253744161764203,1.2296665087827716,1.2398449256797508,6.734828737594554,1.429243580364939,1.2609654910476653,1.2620025273086382,1.3230692281434313,1.2206061696285833,1.4320708436749552,1.2905972447250846,1.1943217022163095,1.2296665087827716,1.231191771952313
595,65.49065122487463,69.75857844259352,70.18980282281842,88.93063512298299,94.41188608066257,64.91876750700281,65.2680078179991,374.375350140056,64.7643555395323,64.88783485521522,65.00071030739001,72.86072597158612,65.10054927945895,75.78340048715366,71.31381774946529,64.91290353997015,64.91876750700281,69.75857844259353
596,6.408606800914953,7.447362015629874,6.460676241841919,6.822013292814091,6.878234145264456,9.540149124222788,6.425610003419351,9.503985084107276,6.510814016745403,6.392041964017909,6.657243000307383,7.116362417391961,9.199415823978056,6.98117537140979,7.224044410066914,6.577102699737853,6.690039004921148,6.740291518212085
597,33.11503066835146,33.011371869943716,32.06074552077475,32.94489220427974,33.51229898118585,33.42836806221862,33.05107234086687,37.7838557576217,33.62171835717267,33.6840016502467,33.14931277678337,32.913891231652656,33.32684057305756,32.69714654397913,32.818245221206055,32.232045245640954,32.232045245640954,31.80238385093683
598,11.428225175773747,14.306563697359172,12.366508674526818,13.166402535534642,12.337844099840742,12.00699006682049,11.49134963613095,21.813620317548494,11.163948369909372,11.310479073034102,11.831624603644201,11.800540445988181,11.952876207376441,13.602171367930062,13.992571945943483,11.761898163265213,11.934872847407819,13.166402535534642
599,1.3796703289418908,1.5033535603803012,1.287310269058476,1.2190319380470307,1.3288352089746676,2.374252575158959,1.3839009097828725,1.8694318932317122,1.341385189355293,1.351721664030836,1.2828822536321456,1.418741644519024,2.239749279815665,1.2652982791905332,1.385116775098842,1.238331029168765,1.3288352089746676,1.1858197312512464
600,65.27564535163437,70.72693339796963,68.8457815179778,72.43654057683322,72.19062284102297,67.13530457696017,65.33313129005164,116.71494569315809,65.29991226612505,65.08889266264643,66.93733442315758,67.67145172465396,67.00968321313917,70.44603633734822,70.34200641770829,66.76064349460815,67.13530457696017,69.54407208664254
601,7.196238453848832,8.621679873506435,7.87047217308669,7.665530441503347,7.855504206564311,9.085791246416337,7.234391166731541,7.147717327792148,7.046461784490315,7.083027572653466,7.555545528721819,7.813971782776275,8.899508465118066,8.035011745764258,8.360950203591813,7.464795446945717,7.583867851922595,7.625221715140036
602,3.581584157695827,3.9127596403826277,3.8270155300417703,3.764291440889141,3.8146840953271615,5.91413009812333,3.591241494697055,6.715850288198381,3.506371573758164,3.5783624529112323,3.782218097241063,4.053942816701375,5.655169584778986,3.7269609838132887,3.811664684117469,3.700100751132472,3.8146840953271615,3.692344735656923
603,0.24088461285557305,0.2741450544674577,0.5967315272075085,0.7350691170609683,0.3775266630464717,0.26040159063328744,0.24095775935643837,0.5171428314726555,0.24790924477063614,0.24702417002757804,0.2738871403651029,0.2691079336392115,0.25678516754581965,0.4258553417885181,0.31592875084171507,0.25001702703386236,0.26040159063328744,0.2741450544674576
604,0.9221316611100593,0.9786188231548422,1.0007637232181816,1.1544782168147834,1.1372722836531246,3.1298661388143665,0.9220343865435164,1.5831665975953724,0.9178408360779877,0.9175924994781975,1.0804452802881126,1.5236520607103425,2.9143521874568576,0.9620712220610338,0.9469252312156119,1.0520302058719146,1.1108530227191415,0.9277331937090297
605,0.5073939418430434,0.5297256858285121,0.5542950862481492,0.734785695195744,0.6020680757659617,0.5863513764025453,0.507020136441405,1.0292891799062873,0.5037708460705368,0.5039448983078765,0.5127483369433169,0.5104768137594459,0.5712279580290026,0.5322400918197567,0.5067277045388409,0.49596799782422685,0.5502976903427949,0.5031979280465523
606,0.4945185592965078,0.5214302682300779,0.6018647189800815,0.8086810956867478,0.734730271394599,2.5448008279136123,0.4914114457401572,1.2544916357974787,0.4976640471774754,0.497522376846479,0.6562643487223346,1.096274628190583,2.351034025009593,0.5729600104781364,0.519939203974035,0.5930781428489017,0.6339118241379411,0.5083601595088748
607,1.2389547716540141,1.3136995407131173,1.2742295727950443,1.5984201640792477,1.7189598101017587,4.6181355897084755,1.237802363404384,2.6735454698151053,1.2400073839389838,1.2380062125296385,1.56982641278925,2.285975575652417,4.305488097120127,1.3371527168362016,1.2945430986279558,1.4991621022731783,1.6031548654631587,1.2818071589461704
608,5.688360024278462,5.915919159352536,5.423470135860241,5.624813005223189,5.759308758253666,6.682396567552213,5.698072600227463,7.497942371144982,5.666028303748935,5.679489012915499,6.014393103200601,6.022272183097868,6.598511885924322,5.647875873759317,5.779304195068398,5.75509381650546,5.759308758253666,5.582447107544134
609,20.775007648792197,21.341266192042706,20.192726817482615,21.470646583879716,22.602205407240273,31.55154058333295,20.759570197746772,24.170160200192214,20.604137644644492,20.593947489001533,22.049056775747328,24.320102320843176,30.58028739638407,21.189989469440714,21.228923442556994,21.81202363986753,21.826852936414912,20.363553658597915
610,9.50728143126522,9.465175030393182,9.558851118763421,9.691479916803083,9.791079328756693,9.693362037130017,9.50638068448188,19.287340534060565,9.505307704302874,9.525519217087266,9.567808760322759,9.5901125030782,9.669347347536974,9.45593481685849,9.43210470736179,9.329974193451433,9.339184763299253,9.167160911115198
611,0.9923368082935546,0.8904913438965529,0.824681976495182,0.9672571719014317,0.9400953493356088,1.0025521686743528,0.9762082112401634,2.1467455140653247,0.8961571548408095,0.929662361016689,0.7753898569939887,0.7846655413698432,0.9639642663567395,0.8336354915168883,0.8448916990129822,0.7490301310969366,0.818434355372664,0.7956235774993144
612,21.98567054893203,23.15926111296693,22.966412889078757,23.381071164416724,24.945674036426045,23.237592593775947,21.996571791804286,44.66166755635383,21.94226747458232,21.96832004480552,23.14798600372218,23.59422394617626,23.228488885812755,22.955929114479975,23.00251142776131,22.69991804713011,22.742616220341663,22.61182069867344
613,3.6365639549630124,3.5600838759696116,3.4385530957467316,3.3853164790581283,3.543050148704278,3.838827838827838,3.6406283213430606,4.82051282051282,3.632150546754687,3.632150546754687,3.631162311365737,3.6155031384956025,3.8097061418202736,3.4006256176993577,3.4790026783060264,3.491633974291155,3.5224381922131056,3.2574060720080684
614,21.30426098856032,22.598085000559262,21.553155998216933,21.819865958136887,22.152622445825248,20.253303997668528,21.335196211244362,22.7886019703231,21.097781513955194,21.199436671958974,21.247974849858736,20.639218620046265,20.241158445753246,22.049704362354817,22.3405076771991,20.002661454185667,20.198082392099817,21.530488390288472
615,14.162774024746058,14.521116474213796,14.854868794048762,15.603303958430041,17.254152702252785,14.865233027008948,14.16108048909473,29.116881349929347,15.160694831680658,14.412209967696816,14.73143737301306,15.278127715601427,14.836181632455547,14.667287838385576,14.484803649177785,14.392992736660007,14.393710805887274,14.1844522158881
616,123.05529834822313,124.03834139487638,123.77852635807278,122.35705051821337,124.55786452010183,125.14285714285715,123.05293695778465,217.7142857142857,123.72569758493279,123.96890279295177,124.05195030980212,123.82612338208172,124.91900239633384,122.81820239785013,123.45920734197915,122.08631654907201,122.41238687712742,121.17041782236572
617,14.746810688359304,18.455178919817538,16.602140488249002,16.057151350104967,15.792452904864014,14.013040594456436,14.873576006818766,16.96888575976948,14.423008242479318,14.479898377534084,14.258667285787288,11.504415252795212,13.456328225572463,17.11330756423261,17.884144560608693,10.829066067176328,12.112618283580543,16.057151350104967
618,78.21805136595067,82.34735618194958,80.35392694488495,82.95836691847478,82.29806632306916,81.30441222144246,78.17986242842007,150.0758961787984,78.3514187279438,78.17428973405353,80.44401848579479,79.81825889797248,80.97732865540996,81.8730960200689,81.9705083899629,79.24845350253992,79.84403959376515,81.13047973333096
619,0.8461351640628939,0.7745113441338836,0.8430158769129908,1.3250160960267106,1.489969647711904,0.9388950601983512,0.830713432619078,7.430731412425881,0.9267742692966778,0.8527122103159926,0.8311876106654196,0.8605502170414986,0.8992111835604392,0.9143856768294324,0.7979703468318956,0.8027836731587964,0.9388950601983511,0.7727840000472472
620,22.498904345938964,22.07601656312583,21.671103198647206,20.573751580013635,21.25720587687817,24.26419763106749,22.45496833015642,59.64828374653678,23.04465747469993,22.580009150243338,22.484931684920152,22.202220243634823,24.007736556393798,21.109114440258498,21.6374710024642,21.19658103547581,21.25720587687817,20.517398565379413
621,1.0438722661065978,1.189897913351948,1.109452690169485,1.200171454690093,1.2812926836945104,2.0678070335541925,1.037081987608731,2.195717310885972,1.0326381382882095,1.048278783811379,1.237911751487728,1.3331077543246324,1.9636073162442618,1.0702128522772545,1.1120666493035667,1.1987795170705549,1.2812926836945102,1.0657298527404861
622,0.3866925737818318,0.20594710881881462,0.6566422759745676,0.6173356947410515,0.5889411498018314,0.2473041468065353,0.3744262171277497,0.5909002913532228,0.23454223894887125,0.30580618055587727,0.25488942936578174,0.2819170945031478,0.23850694173410328,0.3220437606498394,0.23088233568000205,0.22499165938861498,0.2473041468065353,0.20573695642975284
623,0.9088931966259778,0.8433223784846898,1.2274587994555903,1.4919708001528,1.4100904178020006,0.8505154389175832,0.9006590793449897,2.1518125684518714,0.8464504858600147,0.8770757879787369,0.947089412451481,0.9579684476747078,0.8457506365316378,1.0470530919738945,0.8958722245176075,0.8387289766407875,0.8505154389175832,0.8433223784846899
624,12.85038176689208,12.770771092218226,12.408491457267404,12.375976569748325,12.886692719086648,13.21298406799353,12.840502875086912,24.517085221540896,12.89982305318346,12.714249177714883,12.910335733035259,12.900233561848127,13.168244582526713,12.473209850114197,12.627707239968034,12.647500277411373,12.678271217992355,12.125744389226796
625,9.504212961236192,9.827166705517632,9.096373841648079,9.644118201195026,10.132405971829014,10.73735283013977,9.501515072323581,18.399816978002942,9.583696812218202,9.457988758778134,10.087787048716654,10.102000636353955,10.643858521944447,9.580054548261469,9.690980745392402,9.884420680241123,9.897266869906083,9.365538947413382
626,1.8045520060866036,1.978219972994526,1.8403842717668144,1.7474905262857128,1.8243423456926322,4.278389379994006,1.8000686055869128,3.826408964767783,1.813618238787581,1.8076172952843574,1.87713972201904,2.406973848242527,4.033252545504786,1.7573286314271612,1.8645370479964702,1.7936607705464496,1.8120034303357277,1.6805562552420799
627,2.3145282955612694,2.407156538416698,2.301802509935548,2.528396801035281,2.487916433081611,4.75437165751483,2.3091813996130166,4.699984459052289,2.33810731092245,2.3148536762633993,2.5883623780920355,3.0637049872274638,4.535135475259725,2.3486778902014107,2.3551813720446835,2.3907606237484864,2.411931842096475,2.3001813496062975
628,3.571613975113605,4.008549986389975,3.6882448250471813,4.166726644874292,4.5617851458863194,12.934009990078552,3.557305515274198,8.396825093793092,3.633795357232218,3.589143760951798,4.33387712621825,6.213194760976397,12.033805214537793,3.931626204690399,3.940337567084128,4.297714093748197,4.412139777271789,3.9137323881565873
629,2.0407907519911,2.3755638769573237,2.0848855974805036,2.2213780950108997,2.237797223822686,2.1251823802832535,2.029978058339434,3.8220556399456345,2.0531012691581005,2.0441132472229304,1.9959051364432492,1.9890513998151762,2.094249826035044,2.190487940752749,2.2756175716199674,1.9781691486363064,2.117335743357129,2.1048659696872796
630,2.4749152497320437,2.644408007961778,2.5926902010884887,2.65177900911566,2.985384691470981,7.117275360045532,2.445907007483932,5.021017050517913,2.44360546338156,2.516702105636055,3.3492917166388714,3.9386213963658547,6.699266187032248,2.498622836471293,2.5502209780694023,2.973456731106826,2.9853846914709803,2.4517083365406624
631,1.7506361821119636,1.8522227409844358,1.6816786079136363,1.68849715149166,1.9357962646884985,2.8323141630597752,1.738560410260927,3.2802317848065337,1.6141136976350368,1.7497721808653572,1.7261826142200132,1.8617290153242625,2.6882462904167355,1.6433699740420267,1.738204040880427,1.6678375897385849,1.7476557951765805,1.5414134667452064
632,8.527980766785392,10.20786905714727,9.15630296882905,9.867037268488088,11.28220378405132,133.63264995738137,8.567609567580645,15.234634363891592,8.36272644611941,8.416305147038809,10.986084970384654,37.10904367042878,120.7989348406602,9.704675044281538,9.926724703552305,10.234145541721709,10.87332190995847,9.586794222683283
633,3.620847590599181,4.94124406300378,3.793544858466527,3.8806924707614265,3.77562694379165,3.4615114817118084,3.6550708365465554,4.650701528042659,3.497760799156841,3.5695925878587214,3.4070976424828108,2.943458990998364,3.3489463126826613,4.3137679701875165,4.666925554670454,2.8745573492580796,3.2368452378961288,3.8800797377668648
634,0.8826119074656807,0.7563401791334069,1.3908876263942958,1.4695713842558098,1.4408054462529758,0.7362155388471178,0.8709330509961465,4.010025062656641,0.8336371510374941,0.8239519278625506,0.8232226519091532,0.901180558508622,0.73585234674954,0.9999876678777525,0.8266868273150996,0.6908994000053782,0.6986401070345186,0.7563401791334067
635,0.704461752195217,0.5376070574977726,0.8156112814418898,1.106505791408028,1.072744441194897,0.5139650392970198,0.690861174634242,1.5183585571437777,0.640607242426108,0.6750796820843076,0.604833063683071,0.626802019112505,0.5102589923765574,0.7117056681685817,0.58076232025786,0.5054588719091858,0.5139650392970198,0.5374994928039735
636,2.916123222818939,1.5517327973974309,1.779663158530437,1.9482377269809286,1.782130109907155,1.5782155078240578,2.850064029391067,1.5782155078240578,1.5782556422810006,1.5782617489965285,1.5767153818457877,1.594973843646527,1.5722234345365882,1.6685891773567787,1.5789402890213937,1.4979739695477126,1.4979739695477126,1.5380371938586068
637,3.233269596241587,3.2628505178493867,3.214090844557939,3.032120128441252,3.126909698276022,3.027762547501736,3.2389578898179763,3.761638511231381,3.1157604534083005,3.1231338674251696,3.044871052838438,3.031484178979497,3.0240080356976677,3.072454494928305,3.16868470990887,3.0127799728185543,3.0277625475017356,2.946142763067948
638,0.3491782820080738,0.2411008495696548,0.8280407993396462,0.6709205738078768,0.3763838041834677,0.46164021164021163,0.34248880460897674,0.3029100529100529,0.23992440214520763,0.236253998318903,0.3221719330549592,0.3451474868839813,0.44334313227208133,0.37372751646168895,0.27440354947197,0.3010948728390048,0.3305633377756126,0.24110084956965475
639,4.951398637461157,5.115134502770999,4.971444378163611,4.743094356881416,5.002121244760326,4.709762658831693,4.959581345975944,7.825758773364567,4.817451663255405,4.798492695009067,4.773919238965557,4.702706828939243,4.695265914785338,4.822472666550184,4.972475745096428,4.6199293657190035,4.651375969421518,4.50489561466977
640,3.8881264092501358,4.07452986304519,4.1284690332578755,3.6375712562526252,4.015850577519224,10.76663444369545,3.8950440523455057,6.504393928726192,3.811338976413579,3.8255583648516036,3.9206103745728584,5.29649735378787,10.031093670590936,3.7307822506411568,3.9069664239217166,3.909675343444698,4.010225404635478,3.5107779927681677
641,0.5263462724041287,0.39174418842096953,0.9901670721761424,0.8566444027273503,0.5667717060031024,0.4052028218694885,0.5192656375288924,0.4651675485008819,0.3958993724446583,0.39393887173861364,0.40807751799855985,0.4198639056341344,0.40071782799875866,0.5377356296115999,0.4293906850662072,0.3847920413372557,0.4023868331701152,0.38670534066342316
642,1.490575797004429,1.399771491497499,1.3915356559013625,1.3241347722676702,1.3843827779304902,3.124858002388033,1.4939889751678272,2.283813069579,1.4559347241487322,1.443858447614758,1.54210804178378,1.90376937097259,2.971172547519689,1.2845213293539661,1.3350877940332175,1.3843241010423692,1.3843827779304902,1.1829347196110902
643,0.6619551136287505,0.6434327230481155,0.8514923125357239,0.8799732356781852,0.7469912324001116,1.6551750089160853,0.6631027624767661,0.9808702329268763,0.6676367518513026,0.6526236345445482,0.797165932147562,1.0107322593527364,1.5735991564422676,0.6798795456137509,0.6383738279745138,0.7057055859959247,0.7128846720803153,0.5725848037726273
644,0.9001411923197465,0.8614876860221279,1.0223383949854183,1.1128150153893097,0.9434709187371663,4.709718913693114,0.9017222111849857,1.2493095551719713,0.8591664408979961,0.8683106804698578,0.9552255077548617,1.8704844389884823,4.339745523272251,0.900520978864766,0.8563097139173546,0.8897400010604946,0.89046956559227,0.8335099967409924
645,0.21449951260548503,0.2126587706100457,0.49591082480717974,0.9719537025048804,0.563893434498941,0.17115243228401641,0.21067020806255754,3.6542067115937997,0.404160959719746,0.24404738926864192,0.21102554417582645,0.24622961736713386,0.1677437523501372,0.4651438321196084,0.2831338181487857,0.1609837924415994,0.17115243228401641,0.21265877061004565
646,0.69377657811141,0.7080363905518436,0.749641023881357,1.0420745678386576,0.8491083383973628,1.6926551469527018,0.6940075518168959,1.0943208905852628,0.694375006533737,0.689331394516063,0.8239756197201449,1.010902878005978,1.6010818222378147,0.7777928977418904,0.7125959738790558,0.7449606822529861,0.7569185516354896,0.7032576611184104
647,8.503510232536266,8.515053473643666,8.262371328075583,8.06859974255457,8.51472610612573,8.807779910959606,8.505002956337908,10.23148888109687,8.715640360382658,8.696438723391338,8.526885800641134,8.518539107862722,8.766011579588719,8.172139663003179,8.349163082564447,8.302079407512293,8.317485493922646,7.869527849514501
648,0.2048119439470503,0.220368119669104,0.7601268021754258,1.3223546044479235,2.5992597942718922,0.14997877383604838,0.2016517189501905,0.19308644535778682,0.15361118413734612,0.25257102175759255,0.24370784735629444,0.7635806280182345,0.1563454802110511,0.5210041227195842,0.28053678344795324,0.13849945326527544,0.14997877383604838,0.22030000884320303
649,1.1375982403857103,1.2642707510233209,1.1717311582026173,1.1416602555102637,1.1629437275231658,2.073851819404185,1.1353798245552225,3.002687322259344,1.1450226134352004,1.1391257183165793,1.2142488847437545,1.3454726982222909,1.9764506505142705,1.1119732527524282,1.1815136115915166,1.1547561791829875,1.162943727523166,1.0990932344109505
650,1.0505051566497268,1.0214573098545605,1.1760064954871599,1.776442439823942,1.594930938098396,1.062621775979862,1.045827985468797,2.125243551959724,1.0207699075959005,1.0152864223228868,1.130782134387773,1.171582162791166,1.0593703371786756,1.2615637360687215,1.0845272070352976,1.0571991047319458,1.062621775979862,1.0214573098545603
651,1.1823079885409045,0.8067641991667656,0.7879647196049812,1.4683674788392918,1.5712414738149427,0.8496765177540492,1.1428335686290911,5.8481813941623715,1.3107367315819034,1.1588584803778497,0.7699998742044826,0.8234467951933423,0.8122224474447749,0.9889715667281864,0.8439845208453719,0.7188805918604473,0.8496765177540492,0.785646667055051
652,2.2947607187043726,2.387661006740789,2.2899618360251117,2.4452940094873203,2.440876243808238,2.534896122457091,2.296030466600984,4.354279791747257,2.3261440622977294,2.2884682355057238,2.3916851221208466,2.393729269592369,2.5123053149519916,2.3106193068887078,2.331438358505873,2.3666263134661203,2.4016239713271816,2.248922559427093
653,1.5261504557916215,1.3578734574934164,1.256697068842333,1.7380403239305746,1.8041889049028186,1.493674070341868,1.5050124533494633,4.881841528954964,1.5221419742003504,1.529836778226301,1.3896727679744292,1.375888081628868,1.4573215649311548,1.4066165191305846,1.343448992968745,1.2810920574214395,1.4682620992601014,1.3075412811761151
654,1.3345930889599769,1.2821394206333399,1.3092284749355367,1.4926518754808942,1.357033472260938,1.5337130147003262,1.333131712889492,2.6439426404681474,1.3328928408172414,1.3265291021278507,1.3560261823523854,1.364085244475304,1.5094343177673446,1.3126746834160976,1.2764204942325985,1.2931490711015305,1.312621685804787,1.2326980134954788
655,0.08178947510366137,0.10118987970482198,0.23957426444471738,0.5661658656658255,0.23678141190269555,0.09653408183078488,0.0814461434520037,0.20020098648281595,0.08638092601618554,0.0862075014855832,0.10612135458669314,0.10446724258062862,0.0917302525200192,0.25198660316310667,0.14190266440280383,0.08350157475161164,0.09653408183078488,0.101189879704822
656,1.1876232246663039,1.2049201843726436,1.261506536405251,1.5492850137406577,1.3247542275171096,1.2977719600159998,1.1871677625297645,2.4397595687212177,1.207142753029234,1.190624591384678,1.2288608061430788,1.2460298518487467,1.2867267574266716,1.2878588587138762,1.2166771564268706,1.176378721329388,1.1831579946216602,1.1773616307488977
657,7.682288336759523,7.947803596804007,7.698304028024332,7.861069990026617,8.389956580390924,8.650806277198217,7.686000072821269,14.912654919592677,7.670746762630283,7.715600377369513,8.237021419715026,8.191461298059364,8.575268967518161,7.777895065487164,7.849470169574514,8.139969427569277,8.262058682788696,7.614854456087301
658,0.08041777272844658,0.10025551892901385,0.24343697405222406,0.5617232306220374,0.2513340567081983,0.20595246312887125,0.07955745666109548,0.15019793825544353,0.08334498799590655,0.08475743666382918,0.19122601171476714,0.18657774357756204,0.20022909470305275,0.25020580805599796,0.14084757856712082,0.16940129092643233,0.19381863044953065,0.10025551892901381
659,0.40802623895156676,0.3706661678728867,0.6026575312707022,1.6236761796233672,3.5800089792417786,73.28258706822814,0.3936154495274942,2.9761418813848817,0.5017280361905286,0.43914569086042654,2.9699348301853914,20.954500878784884,66.4768667062383,0.7189363968259244,0.44319791299277295,2.8710511783041848,2.882793408318365,0.3692021274912927
660,0.23078724882347432,0.21495686513786036,0.36305806854325845,0.5586748781430101,0.35904755884310174,0.6293403670866609,0.22898836122212604,0.3438132307012261,0.2268898134000947,0.23745442994028174,0.36071303785148395,0.3933228344625046,0.5966602122590313,0.30725221267841407,0.2327797260031967,0.28022429553783873,0.2932937644971583,0.21495686513786025
661,26.212147423365266,28.449674881991,27.061910212075627,30.171630507223085,30.56053276438334,57.42857142857142,26.25160602195604,45.42857142857142,26.05245839534862,25.931637088026218,30.007890849552513,33.43218188450866,54.07831915508797,28.80881746675077,28.4728914612094,28.83323778362048,30.060989514657763,28.154505778078093
662,0.44431977413091156,0.44277424342796173,0.6103300994698407,0.7468256648937346,0.5456221084320354,0.46081112336670155,0.4439250332076736,0.8821945570335782,0.4382013969577696,0.4306385897580412,0.4501834986295709,0.44619483555478173,0.4542175343544966,0.5183566583146239,0.4546608183795328,0.4167245610238581,0.4420902646761557,0.43724078321902465
663,0.23804210436923912,0.2501680571086266,0.4081569351517107,0.6144091001548021,0.3626360838190233,0.2828648558668472,0.23727276503061157,0.5444127532073364,0.24036801530551855,0.24456458357178024,0.2878353585246531,0.28255063439115596,0.27921544852861785,0.3507769133865843,0.27084879996097844,0.25179363937157373,0.2670158029441004,0.24784682781122022
664,0.18147204856417073,0.18414043421432122,0.3199809602960641,0.5199290295981361,0.29678258945424774,0.2204933046815958,0.18090313133091404,0.4321500456259521,0.1818901368984003,0.18299701556495676,0.20161824373292928,0.20020975768744065,0.213206412937937,0.2668777197804651,0.19679766553059552,0.18060357538591545,0.21015875230287803,0.18237040322351797
665,28.45781753712865,35.69689693126039,30.655088492438523,33.300843877128194,30.17286499619639,36.54341506163325,28.67332130737736,42.49111250288373,27.685898216250564,27.83474984038435,31.25176248010588,28.90448998878945,35.37869405073758,34.25162476992566,35.05944911450202,27.485587443672955,30.17286499619639,33.30057582755162
666,10.912540559769374,13.264105026939077,10.830204318479383,10.740649741738324,10.030756134791387,14.517602796562791,10.952048190493812,16.59638480611413,10.695783615413651,10.767590263647344,12.255186257472102,11.778721601050862,14.199123469195237,11.82879025932229,12.648318209888425,10.006736429642162,10.030756134791387,10.725070080692156
667,19.688118932000975,26.80080857623314,22.208377582363894,25.11414459105893,23.485602647981327,21.66236750543366,19.90278802999408,22.85969871465315,18.9156622019609,19.19668820287679,23.251968999604276,19.07220714551239,21.08819145563397,25.75064754277975,26.33110519304387,18.207871788600034,19.657733254769898,25.114144591058935
668,0.5516944777046935,0.5506846156395321,0.6545891276132949,0.9106599741551503,0.7566084751123413,0.6690907474854026,0.5505241859755863,1.1593995977773135,0.5617118256084518,0.5560941873968209,0.576866405858305,0.5746900629189806,0.6472163196745702,0.6275877893485798,0.5567056037914485,0.5701586671279723,0.6690907474854026,0.5464029081518397
669,2.161996070108963,2.3208330517173708,2.2460058713924056,2.425427131375855,2.90732800953117,7.096788796987609,2.1571106705765737,4.798100883685394,2.2819130963830707,2.2255245773735113,2.8827732057199253,3.9632605143857096,6.689944158728788,2.248275859064243,2.261845158860351,2.767008974003831,2.8256927979157904,2.173720726347171
670,5.0746512841464835,5.162257619412537,5.252449290076233,5.218875791303101,5.960102920688496,9.21114775439984,5.066647293201888,11.243766266498175,5.324101182594364,5.283073398553191,5.976112997369714,6.722590306219335,8.884618856762557,5.092711176743234,5.110953715477315,5.903490253827614,5.960102920688496,4.792020896376349
671,1.8253241160530003,1.9659271166057526,1.996236254114241,2.1421683704049865,2.519384833421091,3.2682266834150258,1.8199470577828558,3.7173987691021986,1.851086582351271,1.9095778935309127,2.407311311561325,2.4470581655884613,3.1459025482777054,1.9092923424517527,1.9085319106912848,2.283166258296491,2.445693772399727,1.8290513422153298
672,21.09087588546094,21.482291793162776,20.242784758851446,20.869286142319925,21.642591663075574,23.34065934065934,21.07402423961103,42.32967032967033,21.712949595287636,21.568228811729416,22.150252375595652,21.65481961673119,23.096762838604263,20.861198605190264,21.15835283096151,20.3904328805289,20.77315847935229,19.461911709014753
673,3.2006307619672003,3.2786610744971667,3.168770331082698,3.400295867030339,3.5124024400234344,5.437767116572065,3.2022926219592436,6.355010777910592,3.190937813385485,3.183496887395529,3.4650288492771435,3.7289636941387627,5.199735876754427,3.2266321448737685,3.230766384434211,3.3441369941182013,3.5124024400234344,3.2134891677733943
674,4.0349776300683615,4.409060824526141,4.100838872834552,4.021044159804757,4.277476309900831,5.035998969519388,4.030615543016274,8.240839155172552,4.128657183355081,4.091218264024335,4.288430062495277,4.330937083382769,4.936170730836266,4.106594668903983,4.262044484694527,4.162552583343818,4.277476309900831,4.008046391718337
675,14.440579329339842,13.835826554482615,14.668897914829301,15.38014788908678,16.631058599950673,14.109890109890111,14.340454299554006,50.769230769230774,16.841105792568822,15.654924461293213,13.813432052661241,14.054227794599194,13.98586168793211,14.158955450464726,13.857310487758667,13.414465525408474,14.046391583521268,13.807918895591314
676,31.5616175366075,34.07382111692501,32.323212420741704,35.62391622050742,40.27895055926141,185.4409937888199,31.61050919769418,50.608695652173914,31.295974812231794,31.524110987043954,38.25620733896081,68.60343344200045,169.77414926825432,34.20281000785081,33.970362594687636,36.829696598190274,37.93922205859832,33.29689039532277
677,72.50015355359507,73.45933329827088,72.62034344744235,72.367166098532,73.05177705699015,75.8955044533127,72.54142640282872,104.35631862330496,73.1942178323266,73.33141309058821,74.41145584876706,73.8773223624736,75.64001758888777,72.67521916856961,73.08856031923074,73.01254712847965,73.05177705699016,72.32401596277113
678,3.266786972471916,3.380843649636739,3.1102635668781544,2.9600546645964916,3.021694760112258,3.3086956249277466,3.2645797558093883,6.316418051394059,3.2775057354505113,3.269907581845173,3.0741766230208842,3.0951716180478015,3.2810411025372535,3.074876962734921,3.2355196482244057,2.9609001824508954,2.9681423456711333,2.9029197592584715
679,19.953044684018963,19.211514586758696,19.05672417552226,17.928195871632255,18.80476307262907,17.88095299941355,19.915505790235542,27.12090936840914,19.696545196516546,19.657515536869923,18.292550216261606,18.0078311295654,17.863488390847706,18.46378469808751,18.886965703824313,17.840069194045885,17.880952999413555,17.50505102529962
680,4.403789671223271,4.228404644996211,4.0945968514310245,4.4696364224944185,5.2594669871443385,4.6718390430765595,4.392749987676954,6.235696462987086,4.193837506001042,4.148873188846164,4.361281103915982,4.536595556906938,4.619699523221281,4.178062030974705,4.167237558722663,4.05763746667745,4.076286069823369,3.9044157631020604
681,3.817188681805586,4.457857964235277,3.9343144976226934,4.2828006378159,4.832780244504266,5.230010783295644,3.822202579393625,7.582211643830415,3.8981403451188643,3.8724308895227786,4.475861795525307,4.332747715955933,5.077406174746711,4.23456379541893,4.3359565753631415,4.135308210786454,4.61649221479867,3.9542080056720095
682,17.624289430809704,17.10030970695354,16.84557919837977,17.41574060764795,18.066244684207074,17.651615512159808,17.599778770783583,26.234511128164115,17.2236234427702,17.22362344277021,17.394145681840843,17.48674187724866,17.601631208784564,17.11342619489044,17.070852551149827,16.969443932960015,16.998711416465106,16.797329681014407
683,9.323116469162175,10.337718227678858,9.568071606650443,9.407403232380503,9.5685923536849,10.260964165970163,9.336764002492824,14.486175006856113,9.273501096756865,9.264659373209154,9.676966634667643,9.553718751803142,10.157744268831268,9.72677074481916,10.058349638084453,9.21811748794883,9.31480066820958,9.4068200976288
684,15.281901765991321,15.620243560595105,14.633918500539016,14.614641317829616,15.735786372580828,16.52692415515935,15.302819886012548,25.169583365504547,15.463706801926117,15.139449225188052,15.793287052290218,15.773319307967427,16.419340434408916,14.945774506225272,15.309255634930269,15.27886562051504,15.31466236192261,14.437101824648147
685,226.2209176766008,237.81490317274742,224.18773654419235,252.52771135773983,265.800702875056,431.7809451247674,226.64812609687147,386.7046099340327,227.2135805099298,223.7467295889352,256.0262822518916,289.3701016224715,412.1919957605681,242.77361989365377,239.22294489192836,253.78071135610608,257.4115118095895,237.4090230985531
686,12.248743268505114,12.667651487605234,11.875330866054858,11.534554053131068,12.015086103186547,13.572430819974253,12.254127777978761,22.90989794422904,12.706043320645726,12.645726440879978,12.528943738357972,12.470568161508027,13.433157427121117,11.994121892357425,12.372564238783538,11.867218177833427,12.01508610318655,11.491117803376532
687,9.659301208070595,10.073129622774792,9.804682520375797,9.395207477107126,9.502062361897712,10.492329240901135,9.670261575817682,9.775227602134512,9.742012901687316,9.757528584692535,9.841874512221626,9.815893747231575,10.408368506659073,9.621157527068805,9.86521813900308,9.48325099735064,9.502062361897709,9.303830497063919
688,7.986463949135996,8.519984482763737,7.786956310234982,8.227238461110586,8.81222265839572,9.63325906104338,7.998697258732914,17.641503087533692,8.25933134201314,8.051163025205929,8.635260919093378,8.397948805174222,9.435496750547387,8.141461925795767,8.312859568902615,8.206367649238445,8.665471923515023,7.800154282478643
689,5.272665952084043,5.286720769566569,5.160183603831639,5.95895652892623,6.1361360272289645,5.590608011260383,5.272753000333705,11.282863440907319,5.314845433609997,5.359510125948045,5.591812344504345,5.613660696353743,5.570439260709534,5.470063422296996,5.323391776190884,5.527402613288964,5.590608011260383,5.276290482305826
690,7.090336610526069,6.989449025451388,6.605723442235278,7.113389477778187,7.441794081734277,17.8235560264288,7.087665478060157,13.604962884078786,7.240772971854373,7.2563731721369145,7.086297369992471,8.871543935526823,16.589853016668673,6.845894004107758,6.882700957512249,6.906758319767085,7.317656616439194,6.786133683449189
691,3.907958513936622,3.899696183658346,3.622543898240878,3.988233830359644,3.9813916523427966,3.448499550182881,3.911324802580691,6.443654310264333,3.9720274291062503,3.8181147115850447,3.6467100946075752,3.5723741535415243,3.4480555802238264,3.8418063433831233,3.8520221682780473,3.4431002062806684,3.448499550182881,3.489402427248885
692,4.908492946906586,4.742065260955669,4.559651929068145,4.471149595047135,4.40289206401341,5.038472251625426,4.9115140436474745,5.365370348862144,4.703375622395313,4.720152269317001,4.589354513102649,4.594280323707038,4.982676893763473,4.502327828642646,4.621143184184358,4.305730452240556,4.305980801845107,4.273555870103759
693,11.981556525035948,11.791798792651202,11.242752402467929,11.257476291466206,11.49147086302649,12.781020785023605,11.988102894487632,12.247814499657288,11.969974106329575,11.923373044001139,11.887684376146167,12.006940893714715,12.691975352164787,11.442494933982458,11.632363023245405,11.424340747599233,11.424775826261113,10.929419477584679
694,13.958632023877406,13.84243687754728,13.520992656416007,13.579790618900413,13.835114829993367,14.215061218881663,13.964270855219963,13.32525635635355,13.79073807049644,13.886017876805267,13.941644915006364,13.956112087877647,14.182958471490876,13.63201665630128,13.739285486987468,13.722707788490366,13.737671112615887,13.292509770751119
695,14.414518345522517,14.202195040403472,13.745499207911985,13.715670278387954,14.08097416987166,14.262779599169527,14.416365721512754,14.237991333490013,14.428249985910371,14.325334519015305,14.076627480305111,14.100295092933235,14.240088787303032,13.873749455805795,14.050372837702822,13.944429334793623,13.961089882261454,13.382343426087244
696,10.12851287724821,10.011325910080812,9.44807403850843,9.422716054710836,9.582110793053625,8.912295573068722,10.140166490650895,10.441586377964432,9.966464114601843,10.082796169738243,9.127581512003363,8.564008957225056,8.815979431159105,9.629393251342476,9.837522191132672,8.507491774705835,8.911660496027922,9.144329969212789
697,3469.5284580751613,3480.1405631134107,3372.93932354543,3505.9345747577113,3445.2592302606226,3413.2000407242635,3470.5606622313117,5903.767839933509,3398.2252422202005,3429.121193595703,3424.2243740222834,3393.1337624661974,3407.944784326095,3473.3696710265194,3472.7119107804847,3357.5579718071317,3369.066297064008,3460.8872906988177
698,18.705033518868152,19.255941854317598,18.03791977826437,18.45716920990367,19.03528068860086,23.681027465545256,18.737061114067412,27.638689703246374,18.75825085986229,18.815789085357576,18.485749048388595,17.81486534353401,22.77551526732562,18.65541005051467,18.9674542172134,17.331608404144156,18.75409408646287,18.291630557136624
699,4.92328544628499,4.979367334895353,4.835421255114304,4.8949739877528335,4.95006734081198,5.219606673208627,4.925664735318797,5.776439080085062,5.0565032981080735,4.8924172393853205,4.962150770132422,4.979264376417413,5.186070906776145,4.844102014920328,4.902924731768439,4.762625851505169,4.771445634986679,4.502669828545231
700,104.35818753475415,106.29507693445767,103.70275620573796,104.45529028011363,102.74516464545412,107.12595390201245,104.51499455898288,134.30959740309336,102.32571429475566,102.21119395887473,104.92972041804671,104.42670845868172,106.81023278432475,105.12450687861012,105.7666864972365,101.32800971652206,101.42766185355667,104.06276433599766
701,55.328378670899845,56.679858508912446,52.6831043509194,54.350833003811715,54.255761695533046,53.2677238942529,55.41635921994149,56.35260928033065,53.50700900620172,54.04942866031374,53.85338978755897,53.55440229244379,53.27773108885159,55.3987169078554,56.13941094484803,52.42921592026045,52.43979550839117,54.334201133429765
702,383.7791882065064,388.5121753397571,366.27870394048927,375.8520723882994,379.755510349256,1878.2049147310536,384.0322967038587,468.86586208420204,376.23206034697847,381.25791284279484,380.0489531966191,671.512362390644,1716.3635529835572,378.05066720992545,383.33602249083987,364.7351849884214,379.755510349256,375.3282792763055
703,653.9352788372065,655.4688129933286,622.5914376744828,637.806761256625,650.1520246744242,2922.970842240035,654.2751452502175,783.195736558724,640.5240370070434,649.2833171139861,650.8623945920414,1098.0845845545348,2678.519300070242,640.3431378345672,647.9078271001257,628.988546793669,650.1520246744242,636.7888957106198
704,5.94925714276599,5.92155457231602,5.6418460101314745,5.692681737785578,5.849304407611299,6.2983626740564,5.956696534918353,6.451137603907654,5.903645747187571,5.946345227915216,6.007212420643765,5.998858553581477,6.261664513156195,5.724851326669751,5.8231292352460615,5.778441968170448,5.799580087816307,5.500939133717893
705,19.200246510503394,19.965828543829257,18.209746120851108,18.72883893615063,18.698040676988047,17.88090238411979,19.249644851159797,22.972893043275846,18.751522123262166,18.826996938645284,18.215925062229598,17.693126035176743,17.808453654641532,19.247138101225335,19.654305413484185,17.257815644336098,17.309352810137316,18.728838936150627
706,124.0852973130352,129.3352430930709,126.25702554512765,125.17306495372986,125.37657321491209,115.31054391106797,124.31747489751511,152.1807602106907,122.67192617316954,122.47925711582809,122.48303705041648,118.7682344140447,115.51453378796054,127.09197153591735,128.39901067321355,114.10595401403117,114.10880928037669,125.17306495372986
707,73.41298079487456,77.5113709547061,73.6152828640294,77.2680519322469,76.80765056813456,65.64035414319996,73.58610702647074,79.1201833549719,73.00463657889541,72.65381345530339,74.97879512495582,69.50698500116407,65.87248566709108,77.25361417355604,77.37560489746515,64.37856207441092,64.37935476173045,76.92700074732323
708,48.04052027713567,50.86065668264231,49.596825654239545,48.91129568252114,47.769764327920484,71.72035369216353,48.10469619669623,81.78636824544964,48.71867083720275,48.831465548427595,48.79658200823453,52.901789095231756,69.22260294013745,49.638728607266955,50.31254603441661,47.55915815100783,47.769764327920484,48.90823799999803
709,7.512074654478437,8.825440432025362,7.930110993336917,7.808540029979113,7.688881525391625,8.070921353889966,7.512959066922612,11.663893948709516,7.4930043352872095,7.503430227653872,7.692431587134515,7.465218804235369,7.97302966173802,8.199200519297252,8.546674936124921,7.267057144170479,7.345621344134497,7.808540029979114
710,2.6229501834064695,2.9941893615038775,2.5300569495382965,2.65650729791585,2.810971924917571,3.889610701797478,2.62002422683452,6.010590918170414,2.6402224528960136,2.711920435778483,2.913129728475637,2.991010189379604,3.767415349397679,2.7131155339957354,2.8548239595292295,2.6996768540669165,2.8109719249175704,2.5854333121364084
711,13.244421316142313,13.948847284163927,13.522804305161491,14.299074656464235,15.526032776291268,12.505058615810926,13.248261455825855,26.06890126768194,13.70955292559819,13.347883470455018,13.358902621707434,12.897122191103543,12.443606857894908,13.767534809701518,13.79078001583195,12.382464922995604,12.505058615810926,13.728775289498778
712,9.865138929799597,10.458828675048677,9.841777030630576,9.804514650266704,10.18447581388415,10.802583411564363,9.870498722977025,17.622803870050053,10.055303408212543,9.785947225041564,9.947672833000558,9.934854090126532,10.665529682386785,9.88837943732653,10.17225884588034,9.603095591861527,9.893992752484051,9.68636175168176
713,20.785967638802212,21.67786817657596,20.793791152630778,21.364192873379565,22.53980966324168,22.7629469428903,20.79524168440459,38.314110137571525,22.164505856937808,21.258512934844386,21.401070937646285,21.41994682186392,22.517818097479466,21.08237909072776,21.334396198016677,21.141702303725655,21.936554623530824,20.75379437398847
714,2.524401564465318,3.1612004695544953,2.5506583195633272,2.5656113376881913,2.817620636911568,3.557620553612946,2.541072376825345,3.768310957105706,2.4877416185936996,2.4910938323992413,2.5616238974147003,2.482642441121831,3.386674708491197,2.760037292276787,2.9759267319207177,2.319462208338271,2.585954039806357,2.5577455075969575
715,1.1049462455186214,1.310258758840207,1.0838015053877632,1.0607755203950189,1.048698394405248,2.2173760419572055,1.1118257941620786,1.420952952377478,1.0925827775242354,1.0977918595013072,1.0990969228127443,1.3255350362143068,2.100516745005893,1.0826643304544394,1.1945363132867384,1.0385619875928065,1.048698394405248,0.995639275404992
716,0.01173109874159947,0.05645729946057467,0.28536471468647623,0.5900771891581225,0.17437880595911692,0.011206960919481842,0.011610761767532925,0.02026939383989902,0.01079493143370497,0.010718480715428517,0.045912255518712836,0.04747588267113312,0.01075532302551199,0.24713334660811218,0.11445558287129289,0.010487794296464148,0.011206960919481842,0.056457299460574595
717,0.6427995598321131,0.6474326767113626,0.8717738011158268,0.9332014323605046,0.8054767670404875,3.6411888833012185,0.6430738176197428,1.2743079336092795,0.685330398360611,0.6698532388629213,0.9387541969507129,1.67239877883501,3.3947258086843717,0.7008025322509063,0.6472971335787735,0.7925619869234516,0.8054767670404873,0.6184344910060774
718,39.02138133344996,49.929710188625954,47.236610625372286,48.361914011916724,42.99112071654531,37.573569686707664,39.385891200088714,48.57601465189373,37.64163058371272,38.54024025110005,40.22720393831116,38.554794384651736,37.51621258297435,48.95660643475238,49.495059327351974,36.673642827544,36.677933265650616,47.82183181107039
719,5.814863959573021,5.567057423359153,5.4147588340810335,5.335956752693298,5.446433330331987,5.468784911534493,5.815829227697726,5.706269810673381,5.804717616155025,5.800105564727997,5.413966602140365,5.424200329019286,5.461319662010715,5.3761178334387525,5.472588166290001,5.337037268458371,5.337333441259463,4.969178727376906
720,2.176476407361273,2.320836511705206,2.282788429882481,2.41015999739139,2.323555299172052,2.795239217214577,2.175936418168169,4.518509879309095,2.2098383264431445,2.190894999272363,2.272127533404982,2.34620905145789,2.73114926203272,2.2616799573606072,2.2722574986423205,2.230956898251702,2.2849028220137497,2.239121424342109
721,0.4802959311105857,0.4702446968043219,1.1022960749989614,0.952063762143332,0.5430173336900019,0.4615384615384615,0.4791244157287608,0.4615384615384615,0.46312743557774483,0.46312743557774483,0.4536765120537936,0.4534337707297116,0.4563320210379797,0.6299001557416495,0.5146059026835305,0.4138022214432891,0.41558014919444347,0.4691972318672024
722,2.833038176374783,2.8402255163947623,3.054729802414785,3.035287414537766,3.141940371471859,3.0100992489271987,2.8337627562441874,5.965469420601175,2.860026937347867,2.8617095744651153,2.91437922009731,2.9168116992801383,2.9864417639797476,2.8179860761627586,2.80258484686912,2.8975193202218246,2.986716469718603,2.797282459201368
723,0.36335942286379336,0.2819611403217862,0.4003145309533229,0.7236246969677881,0.567661474400609,0.29715606270748657,0.3546822016027435,0.9569012156105529,0.3389657929064875,0.3626082767735566,0.2967758826176053,0.28906955413863583,0.28344688255321443,0.39079218482659495,0.29861338200734355,0.2510366978637353,0.29715606270748657,0.2757108855476204
724,209.94248930088898,215.72030828558783,207.89891204686867,224.40075473173792,219.28615827988085,222.99777875388088,209.9000101475634,356.1979360221842,213.09629775109283,212.02182627313985,220.6110476286948,219.57017568181735,222.5135570915188,219.27251329072348,216.9520659153366,218.64957310842283,219.25327147178686,215.57453733110606
725,51.197149752519294,54.15899977938346,51.8458613950199,55.31785726422553,56.53090906798628,55.77425044091711,51.0742929526542,157.68827160493825,53.353998330325986,52.93385066154534,54.40138225016073,54.2955142259509,55.45924092185541,54.12552565231596,53.99851343987921,53.99912961471708,55.222643754985846,53.80842178374013
726,854.9032180191554,857.1852611983996,854.4837497210627,898.3172616739984,869.4021031172733,888.4456875912373,854.3401133572966,1367.3856721607337,878.6463032053435,861.2175316638269,880.8230869954283,873.5507193250946,886.4726049219988,872.8768965343352,862.2920677563262,868.464705238017,869.4021031172732,857.1852611983994
727,55.954606125249654,63.37057324362712,66.38230342485889,59.80234644283491,80.33572736133908,55.10731207090462,55.192662600679824,481.1562278308338,72.75923219442284,62.14583144542553,53.29828455106243,55.924334861663226,54.12726771307921,59.45383068100364,61.292045219643164,52.117956278092855,55.107312070904634,58.67250561302469
728,75.71509600283918,78.74610865119907,77.36386117013147,75.74996095391951,75.87396250758711,73.87332621058431,75.79866126438885,101.80258014322288,75.72561450725053,75.00733393963118,74.26403197684176,74.33731898267115,73.87145620391568,76.96732577433356,77.96722533367868,73.75936933062441,73.87332621058432,75.45914080916474
729,661.7430368738602,754.589621016586,760.5233915351305,760.7278919798997,895.6547860086501,668.4669312169311,660.1040637331218,3056.053791887125,773.3903877961702,659.6311183072783,670.737106642339,718.5436114626168,667.758046997984,747.2651536574284,749.1653693911275,662.3806002397343,668.4669312169311,738.2940431365538
730,1775.2806323715774,1801.6151964705905,1800.764171736673,1849.1984717525575,1869.9079156120235,1814.8041410800627,1774.53538803827,3219.092183900239,1818.482636598812,1782.54204714802,1818.7531180230233,1762.7414758337509,1802.4325648293252,1816.3703867381362,1805.3485252079838,1736.7626519397415,1805.8951776899232,1800.6614068640772
731,594.4863484504601,614.6663066608426,601.6023399748204,630.2808804963414,623.3807333999606,628.5422479802168,594.4315496672974,1231.1039807539646,594.3197325520883,592.8106237755529,619.200173805016,595.214812990837,622.442303488346,618.8442663869913,615.4664520253181,584.6633199945262,605.5151767840962,612.9225548615249
732,590.7615460443471,581.2440692711491,590.5915606138452,604.8265098563734,590.4169666767126,601.591212799855,590.2312552558388,985.7210146138583,604.8905915921143,591.1963317037586,597.0527678486525,592.3226761398079,600.3330319099874,590.9514876765387,584.6269241803715,587.5458131410861,589.8115861769771,581.0379779396023
733,182.84328426746902,182.62876157027551,185.60757776975285,174.5744943841233,181.87271695488297,551.2833333333334,182.63566147670272,320.6561904761905,186.13781457541498,183.06255168116408,181.10898648849025,271.5307721074689,514.7538244374493,176.692629378296,179.79614902974689,179.30223446692557,179.38107600449277,173.19032117367067
734,1826.6745953965346,1835.6614799158954,1854.8928919924954,1827.7836521064203,1801.7341437933774,2060.351554771642,1826.4171722752342,3725.9615234660873,1855.1749169639252,1845.7851780676244,1842.7553866042035,1864.5991261556403,2034.7963768286236,1823.8962943486088,1829.077100489969,1797.6777569302978,1800.1284657079102,1816.3358085069858
735,27066.27071893973,26843.56590162271,26909.828098036396,26957.734350267172,26830.99201123587,26657.175070028014,27050.540173390214,70810.32282913166,27051.09604239202,27518.04822242651,26728.503401414506,26712.98064646295,26659.956367196286,26787.38952085975,26793.91280409708,26655.387533739355,26657.175070028014,26761.268196345365
736,1.4370242388447518,1.443979676845206,1.515134495899858,1.474937569062717,1.4506475928057176,1.6012273714474692,1.4388305552919045,3.842945691473927,1.4503408726915479,1.4326779778188137,1.450807238038304,1.4476108520555027,1.5788163228018746,1.3823861928323549,1.4008449000108802,1.3945455133008462,1.4229838213440986,1.3284972214884678
737,2760.592600100805,2745.5599105267793,2754.9029776003167,2744.9606338187205,2743.2455930437386,2733.2711640211637,2759.7043434767725,5589.810846560847,2767.762859198531,2744.3416318463455,2731.203863541632,2735.1461932194447,2733.1785702628217,2736.6051631480736,2739.9007854093747,2730.1932743308535,2730.1932743308535,2729.274755816496
738,687.1576733767012,685.8540758724256,687.9044978556807,684.4398958040525,680.1602043770366,686.7857142857142,687.0719891166895,1373.6904761904764,692.6247571788418,691.1021180872036,682.9394222876093,682.3668191468017,686.2442721552114,683.1123126445195,684.2690490147703,676.5443505846052,676.5582398574614,678.9841389740874
739,38.95781508168722,44.29780703976753,36.96445686706621,43.43535004801395,43.71687155891809,49.515817206824444,39.18996131287266,38.52458087233104,36.07707869913032,37.363942014790716,44.232367824873826,32.43769390776129,46.531926334158214,43.68208736258919,44.00724128538383,31.401814617041396,43.71687155891811,42.994759586118754
740,5.564033095119034,5.5428859935650125,4.873832810785044,4.9492011680937695,5.362469106027159,4.75,5.577108920289788,4.928571428571428,5.32533320425025,5.334704170464929,5.060936185820728,4.841612600278311,4.739845284281656,5.170935591492794,5.3760799152953425,4.604103526478704,4.605756107740182,4.9140712941956854
741,8.39020581562279,9.610697290379903,8.492970328471083,8.036553168279235,8.245689753917992,8.909076384226973,8.441284962085264,9.808945057978239,8.015327384892593,8.10815240693256,8.366650348027148,8.20698071222496,8.805530604910496,8.694517172642783,9.213239309680228,7.815494060247093,7.938297069087011,8.036553168279235
742,6.304331444967332,7.633751393057082,6.297450482414345,6.3318073308669645,6.196233075887609,5.128242118275903,6.35631607188686,6.017418124294277,5.832381929876199,5.9615658274087195,5.314934826528175,5.099235926857911,5.074671348813957,6.858493570595531,7.293819674144504,4.90817878197583,5.10857891237239,6.330726888378517
743,35.02308633718983,37.37122188301337,35.91951302922283,35.44113163655426,36.226300898661435,37.051276377438974,35.08473224500538,64.26338579973019,34.58321654423515,34.72230564277934,35.89097275462578,35.627625142822964,36.81790653940691,36.20954154810393,36.859357298246415,35.328023535239744,36.22630089866143,35.39911718864416
744,173.95804114478616,179.16654063200258,172.4918313714596,200.17910395963477,221.55035128065558,180.1730769230769,173.95646080249946,347.7445054945055,176.11401463233963,176.67981006084258,180.40121455726842,194.82280295748967,181.09454752352428,186.50821041725123,181.34370169524587,178.09655556881253,178.09655556881253,178.62892450857726
745,9.901672810515784,15.348518668596567,13.429049606125943,12.739545117939564,12.197395733390023,8.874599715039361,10.03281678868656,8.3928946898147,9.508766445543435,9.722164889209536,9.748459005706925,8.831254543108066,8.716838311546637,13.891050252878918,14.72881570861611,8.060679373442657,8.675438908125209,12.739545117939564
746,27.058600301912126,29.98784684124007,27.991856924162715,28.25014003313623,27.36013907185226,28.978104216936668,27.102800342364393,54.807867467459936,26.482212939075094,26.70194808221848,27.51338450124973,27.635024462093455,28.795727495045256,28.99797736254405,29.562855191847074,26.8686375311219,26.9531912244602,28.0527043584827
747,3.4268220533608473,2.5237883207131926,3.513254893702386,3.9292046409580785,3.6991915437064993,2.725274725274725,3.369556968735972,66.41758241758241,3.5129886877614975,4.468062063063237,2.7020647633929102,2.844182686179085,2.704040981017124,2.98611763846935,2.651029125647747,2.629344397494035,2.6911913468229316,2.5104170804249173
748,23.58058227928626,29.910323674687657,27.314093120248632,26.454062252022357,24.626155506366587,25.77560736835444,23.75628364799778,31.156287211549994,22.526099179941657,22.80788288985823,21.638049463599515,19.61398627154752,24.656624693750576,27.971469444627104,29.084208338168736,19.234393812771003,23.521134631394734,26.454062252022357
749,22.753681926613087,26.638254596767084,25.392518604612746,26.513191796583953,28.58485565983975,26.751721441505463,22.790106193549164,43.95285191029918,22.87156782400331,22.70082103120033,26.434214272053215,26.475125192184375,26.616677114309415,25.974855535952617,26.228686733867807,25.728991174921646,26.496211500845764,25.114310550315423
750,20.659993044519428,23.155719405479392,20.336192687397553,23.197237091836097,23.687850250255355,20.94047619047619,20.603616964223146,58.30952380952382,20.173201637956016,20.232000130042817,21.100682854024527,21.168335743573415,20.8601376728746,22.883243894543636,22.976352956117704,20.497709119041613,20.94047619047619,22.54702799147907
751,3819.1013754067408,3810.9028787403863,3799.9882671403416,3834.444984771408,3848.905845704665,3823.205560444547,3817.766425115438,7666.602759971688,3803.6777732026458,3838.9700084798224,3818.4725061920067,3815.043943881424,3820.4983404608483,3814.754603621932,3810.5429299408534,3798.2551373316205,3806.045830585414,3797.4254742736084
752,30.360197599148634,31.43738660650602,29.853152109605173,29.84603451318071,30.319342584745627,33.617320437775966,30.40338524380861,34.616436604632945,30.090830846643428,29.958746277066478,31.181324340109075,31.369273267399887,33.33860047879087,30.555790130173595,31.0641271128523,30.258838591352106,30.319342584745616,29.799619371896103
753,48.366979158496655,49.8646652006634,47.308979816225836,48.14129944410701,48.279117639947394,51.96529223698506,48.43280557996537,50.00876767986967,47.91851093168747,48.028948273067364,49.339960324235385,49.585877085060645,51.67908121498613,48.90663607654053,49.45833045201152,48.23209391323426,48.27911763994738,48.138904506932676
754,6.738031760417781,7.304861289918482,6.775314020491394,6.678050943233266,7.058540408654249,7.7067426232698955,6.745010907885507,8.118112728240483,7.064017268403847,6.786700883713819,6.91132090917517,6.923387239501644,7.5870742000116325,6.828630990184501,7.07529113969096,6.70285624877511,6.930280243232873,6.49526430531886
755,6.9681391149268235,7.419474048256755,6.880956424072754,6.825540478479542,6.946631061683179,8.636350252273616,6.980670810487183,11.98164421323977,6.9170363046128855,6.787792382370445,6.747909856320139,7.04862126982923,8.41071910918575,6.9921851430087605,7.217281177271304,6.423939910152626,6.460007563814717,6.792903016416194
756,26.49543958477148,28.508098482926385,27.345247592783895,29.106472336844462,29.568872579755368,65.23809523809524,26.54473344338207,30.928571428571427,26.60115491317124,26.287740748214418,28.14397891482515,37.23642759581243,61.5228934056868,28.43373708178102,28.388702323723184,24.845339647754155,24.996159882451206,28.324365894149484
757,5.324830911599759,5.36100202332979,4.673118650066228,4.937326523488996,5.3907233450221455,4.833333333333333,5.334949237845934,6.333333333333333,5.32863852439331,5.303052326074149,5.131291534964972,5.02178187132184,4.844056005025153,5.07791565816088,5.230667809602583,4.75714415103549,4.783145697801118,4.811918582193214
758,1.1356219859068122,1.1840228637652883,1.3645114633395818,1.3277252480978818,1.3665052719429929,7.880673113841944,1.136167973468029,1.7890399044729899,1.1217657256383324,1.084217898450732,1.5074415234670149,3.0315136189820304,7.252470362704013,1.1628107179476803,1.153202804322108,1.3663162687150852,1.3665052719429929,1.1242258227925057
759,40.07270730107476,40.49636926664768,39.68336034323598,39.122835971504024,39.302743485695885,39.66448763437531,40.10164667904789,41.2517470230952,40.00095311814217,39.95737829393639,39.395554429053774,39.399982759912696,39.63051019491798,39.71786872482702,40.162952915299705,39.286973978671746,39.302743485695885,39.109698855386526
760,7.777586761926067,8.014999898729817,7.7092800534335515,7.614861436280218,7.780299832793314,8.566288789311233,7.790488315429569,7.140318688743927,7.79397982683362,7.840120350420346,8.039787814919398,8.051432069350746,8.503835515562047,7.719011712075052,7.873584074764722,7.743670501581975,7.758435074898322,7.539574139049255
761,0.9982546028647432,1.0005423533575026,1.1220910599271832,1.2684430237065456,1.0948510934804274,1.1443918316644393,0.9999831260129336,1.7425657412984072,1.0224356263703755,1.0088381448663861,1.0866240909632927,1.0823383955990304,1.1348310120302922,1.0485996787661733,0.9991509611771666,1.0246670239876137,1.0252664249663124,0.9773713301247433
762,7.331894231529488,7.556101423029374,7.8120167051165454,8.525929809730805,8.969345861803669,7.505416387326485,7.334688197332949,14.545283122079168,7.398049319713916,7.3712648512166785,7.99326562821015,7.994057656637994,7.532381402144199,7.8318204625569265,7.616182201922835,7.467523952594216,7.505416387326485,7.550104696312066
763,161.34098205577138,161.1632192706372,159.21338143430603,159.99542448438604,161.24118715340498,156.04958601548913,161.36938374286615,152.11055635959258,160.56333206761272,160.99968541718974,160.21018673902768,158.21321149622418,156.2270528056226,160.48675779641022,160.87041930148203,155.9326228154332,155.94219832826488,159.7779215354439
764,4.270488772789689,4.3969167400220375,3.9534502087922103,4.021560454929289,4.432057956680485,4.273938347580406,4.282391675324763,7.3447488773452525,4.286510785059982,4.214505235835616,4.236577625694036,4.145165706640928,4.242356163392402,4.110328790750416,4.25854320669933,3.9871645947180094,4.060784094316646,3.8951070176455325
765,0.11438167721942276,0.13012082519484935,0.553214301506431,0.6024777074682784,0.2739055405974768,0.11685507236774902,0.11377307610534704,0.24410117603873419,0.11074669746462869,0.11302871326090826,0.1298062083750604,0.13016039041956973,0.11231581172725723,0.2888370697470453,0.17501639583544334,0.10331418622678269,0.11685507236774902,0.13012082519484933
766,6.068721315838318,6.030278520213403,5.593435904910325,5.814822205191727,5.945429640025195,11.567521122542031,6.079534304747231,7.203337136618039,5.66846141027465,5.743502848885119,5.801098461666686,6.506048618029688,10.858835463397943,5.820402907018365,5.921812885571181,5.5861959544559845,5.879758909019171,5.573349207894384
767,63.5564538553719,64.48920879944804,64.4318572772206,65.25564099065305,68.3513134700922,64.24999999999999,63.57109807889446,127.69047619047619,63.671744394827904,63.47293372778409,64.07415820692744,64.96211645159718,64.20074301964932,64.15442694391369,64.18297654896145,63.913160131264654,63.9579050784651,64.03728998138492
768,0.5460901506793162,0.5345408064314344,1.069398207861383,0.833595936576461,0.6198471462092808,0.5822981366459627,0.5455543367731795,1.03416149068323,0.5725921165657596,0.5725921165657596,0.5304193219873244,0.528954317956497,0.570473105664615,0.6035198551076714,0.5428007819668229,0.49649945031479853,0.5151978347669863,0.5130156440245719
769,41.75469905858463,46.345747666630075,44.00424685871467,42.859406703112654,42.55480126569154,44.85933397032966,41.86464779942471,69.79339477678558,41.44114211495377,41.709507356258904,43.818189113536846,43.126839803132036,44.63386405027082,44.42826082600401,45.536917004251485,41.66657124629268,41.68205061628332,42.859406703112654
770,4.075959808203851,4.059976408414735,3.922763992025304,4.021895751826638,4.077673942562974,4.351648351648352,4.080834157794042,4.895604395604395,4.1709752498327255,4.170732398187712,4.126795673819209,4.112421731673345,4.318524142261942,3.9477859266396416,3.9927441788692466,3.9470904162190354,3.969410559667141,3.684592004540521
771,28.96517076757144,29.189078133152993,28.36933560070887,28.627435826948982,29.932896673052515,30.060952380952383,28.979199792292974,61.27809523809524,29.13038034476386,28.879475009874266,29.78546702823951,29.74119312374305,30.0059606289381,28.773694724368028,28.9906298282751,29.64561631388224,29.72460464607143,28.48314577257994
772,2.426677357760338,2.4245908976836663,2.6829332214926183,2.59006310232597,2.4067029372325375,2.571428571428571,2.4278003960681436,3.857142857142857,2.436284917597348,2.431096183759896,2.4054056515086244,2.406803545726714,2.54756247008404,2.4291537649125714,2.407654468153089,2.3232886583126766,2.332546755545785,2.336860357735724
773,1.866805083663871,2.7866041925608642,2.2005243460868447,2.240674272803727,2.5137557311462433,9.445935133216544,1.888608369771805,2.575315666687152,1.8445152837357686,1.8556613982366503,2.292731555980907,3.2991530127755477,8.589994603425916,2.409279968619566,2.6106282796092892,2.097202829254653,2.399184657471903,2.240219875980657
774,204.35636270886096,221.4374949851639,202.61793245300126,238.81070495412294,203.7486767051861,247.48216375824265,205.21494479740272,325.47324403575635,195.09739651516324,196.57733777286685,182.73575472576053,164.63325751463177,233.7088784893442,226.5901668630349,222.65041979072632,155.45925065429725,180.3650787519468,218.4429475505656
775,227.3406294195025,235.50243140635334,225.3442355861091,277.4767301293294,243.89999551640722,328.92793866367055,227.98198872466438,332.8735023895403,212.86522085511612,217.9470111029107,208.47976631908264,184.8446089959939,305.3783634684388,249.36209132629014,239.33569790835577,167.8712446571221,212.2494112948526,235.34872845558394
776,182.54767523773967,206.03443905180484,191.376059091829,231.81578963166382,193.9004459675435,174.07677924084376,183.64854909855924,287.5420910638805,174.4475451280123,176.85058828285878,180.3695332935134,170.93532625175536,172.5878381702155,217.185955934847,210.07764778736873,168.80318910497485,174.07677924084382,203.3636594423656
777,105.90541665277611,101.83174559877835,100.16200458682566,104.50817425211052,112.31152964569854,96.81073461357879,105.47068621985181,196.00236629183414,109.41051379316626,106.24722864912151,98.1779598029894,101.71850542827964,97.04567529192651,101.50418943278413,101.30093821414219,96.81073461357873,96.81073461357879,100.3080853808665
778,0.3349432441792834,0.33027243358427455,0.5723997218007165,0.6720769556642529,0.395601752795053,0.35429615131874237,0.33532803680352014,0.46249991864936096,0.3479157220399698,0.34377711666604216,0.3310281349760165,0.33322980805341845,0.34843479403189687,0.4315818354763634,0.3540939081456141,0.31011724753164205,0.31369492048924535,0.32712026632543445
779,2.905826160145478,3.3889712421780707,2.8657992926433153,2.7092825840023878,2.8943367302638237,3.592289607051016,2.919233782236359,3.947764004659289,2.9009473233991163,2.9008042620668353,3.0884326333668675,3.051614387812235,3.5209691948510713,2.955231156559627,3.192940226363349,2.7314561811348113,2.732068505550858,2.690823267323381
780,0.9996826876426238,0.8774030382072914,0.8486102855159589,1.3107406120241825,1.274487460481389,0.9551263702580671,0.9764872399957086,4.25089006250584,0.9229854691356959,1.1160715898021298,0.8614653455623774,0.8848209258731267,0.9273970867648785,0.947982411213529,0.8705733280732563,0.8074878591100441,0.8506551042595057,0.8159398666173692
781,19.145373825258513,20.029225437568996,18.675768650627024,18.343414531202367,17.9192438884365,21.609620507422978,19.18290014618526,21.434308219345713,18.851510349171082,18.837090979930817,19.40706895812149,19.345882088188734,21.34557715562286,19.03475369837194,19.595060833246873,17.919243888436508,17.919243888436508,18.343414531202367
782,82.25063223142047,87.76183713137108,86.91044489557318,84.13330307292314,85.3320012477939,99.78048054137395,82.41641285943516,101.76786152874281,81.64468227772151,81.31125503420058,85.86565454590816,87.54094189882528,98.10514976750078,85.62580334397545,86.8301995944516,84.81684059050032,85.3320012477939,83.98733610534174
783,22.440144616946014,25.093515663584217,23.170824458280368,21.82425378104509,22.070391061959032,30.891892829457205,22.545515035299484,31.19568346420122,21.37010086333534,21.453743514873352,23.44739689119595,24.230573663151116,30.02320976739647,23.22861369338175,24.292289828559333,21.938264786145663,22.070391061959032,21.82425378104509
784,38.64644069550706,40.811389016309654,38.59875035317069,37.66334441185069,38.33265539143533,49.52280925626642,38.75439773147563,58.57870489430943,37.14797735877175,37.36822675238644,40.04911562787778,41.17981072729474,48.44119645967919,39.00499690684922,40.03306341879006,38.1298336199398,38.33265539143533,37.66334441185069
785,2.6917554228944787,2.821422646800387,2.639569276605887,2.7791732317883664,2.826198867065427,2.887961486755253,2.6924695431082615,3.9064673261861613,2.6684647420381964,2.677662049811223,2.72113441132522,2.661465275743549,2.8477065245490714,2.68099031781554,2.7366158860515264,2.6192770414276283,2.677329835539595,2.6755960755596413
786,46.4662054574027,50.23141217882384,47.276730022863546,49.57938484515916,48.69849325522447,51.05546753283477,46.61185589608717,40.88086402052947,45.45798830856193,45.89595431862384,48.70328068120207,48.537082321130924,50.6830381851035,49.79833894616763,50.032488589963634,47.3718845531346,48.097609993266836,49.4887064022058
787,33.03589585912888,37.881617639125956,35.11081837745025,38.345807983074344,38.83667024528427,36.00688138578724,33.041388731527206,43.239189382132075,33.67073498051656,33.219838606654235,36.86332644946673,33.84552559096324,35.46888328609331,37.74960641094377,37.74142761181555,30.67575680369284,32.19826182818993,35.89613955061619
788,189.8207124730267,207.33252362903002,192.10084187456246,192.1163244330949,183.67491020525972,391.61904761904765,190.28654806292946,306.3214285714286,180.69834383313096,181.29098232122809,180.06821406575284,213.118405032631,367.0614117112489,197.72766027139855,203.01135498365807,169.62575819342973,175.3609628997102,192.1163244330949
789,12.199946972666,12.141392158940084,11.960122360703282,11.504558728083436,12.147640632459526,12.44887955182073,12.205554658934453,13.452380952380954,12.002440180914007,11.974415201739399,12.215401065413564,12.199400586482861,12.415034299777789,11.717842327157138,11.946740278301796,12.054688655109643,12.054688655109643,11.240588336915957
790,199.12477240681665,199.22706272470785,196.09579804101318,196.6670668651266,196.54161629768123,197.4355780329859,199.16550457777103,198.4145258310432,199.02282554919785,198.710409479984,196.8413240299801,196.9081446644664,197.37559397105588,197.8481623002189,198.65176595618468,196.51005751898649,196.54161629768123,196.52638035796383
791,113.49775016936944,113.4310542254233,111.65761975647875,112.30824369379023,112.77563528840834,114.46296296296298,113.51635799067789,114.3425925925926,113.50409089382448,113.44246499083897,113.48572039162798,113.55374205879055,114.36614073652517,112.79866893247016,113.16106490172928,112.76928034947969,112.77563528840834,112.1681566542919
792,0.7431135359865694,0.7300089666630801,0.9421255421074087,0.8411026915050416,0.8164850394822795,0.9167715067626453,0.7446232850964215,0.8385105244780293,0.7282513191319788,0.7177244709551885,0.7780334117247557,0.788200721166645,0.8968559485270218,0.7070028610215088,0.701953812071439,0.7219649502757761,0.7265370202872073,0.6243158548308171
793,0.23548911202679515,0.2423153517134656,0.9072290405397107,0.7875213711532448,0.5020641041545167,0.24338624338624337,0.2346496553044517,1.1005291005291007,0.2550429457224999,0.26250462462315644,0.2750274387120398,0.28231971873458495,0.2391430999678561,0.4222311113100572,0.2920367155225107,0.2322619260729714,0.24338624338624337,0.2423153517134655
794,35.16379945788341,35.851541941479454,34.82323027758573,35.08801152416806,36.047987390094235,36.47878030853537,35.187990390923694,64.44337296883326,35.14303657108458,35.08298869013334,36.02848504854153,35.90878182604331,36.38986627819174,35.20288948153278,35.528028017190955,35.045504516460525,35.0455319727402,34.35043569784356
795,30.769766841951206,31.1344746017835,30.404553201316688,31.330817039366128,31.56346091985995,29.956560552985664,30.778242254455407,59.38770814139226,30.999476505414915,30.807223656679014,30.479106999717132,30.41633812886532,29.97160777589346,31.00201380132789,31.026138596981983,29.83166213073521,29.86217439290066,30.49379766994056
796,1.1062362849391492,1.0613378758331142,0.8345986947372562,2.567911774660101,3.6417284119586975,1.402077870789067,1.0700377749208727,0.6105349555983097,0.49703233461178514,0.6632210076781538,0.59190494828216,1.4599575888671774,1.3122907428712738,1.4271038944509236,1.114639259889274,0.5087431804989394,0.5322142164115049,1.0190173458274954
797,5.338644029634696,5.714654072084738,5.4451366078341925,5.592573917100221,5.705662626675817,6.255400373598721,5.341145495053291,7.296319465235953,5.343512425568565,5.343365459126598,5.60976452903335,5.668070781519222,6.168545949715148,5.548714484508742,5.623102354634242,5.473843936144871,5.505796476044057,5.473166008100056
798,4.974906196058444,5.547624896973008,4.983299408961401,4.763863813376188,5.222365279887412,20.285343893536226,4.99424859170313,8.153850100398952,4.930115176075311,4.943370824843304,5.3497833135166815,8.475124284510803,18.719236205435596,5.007477847184281,5.29598211513984,5.148104849790322,5.222365279887412,4.72839393958818
799,5.42682078953527,5.756917239137485,5.122802629662478,5.091622292970652,5.528350641085008,6.101035077902901,5.44720544996941,6.1539724755419725,5.284322335176689,5.228786674591691,5.389489239595808,5.314066224876156,5.977281795484626,5.30332235626521,5.546451907639249,5.0846763327317985,5.457667652473094,4.924543260146128
800,3.9669091390252103,3.8052363808309253,4.082636220277295,3.826949786482867,3.8373279575524415,4.004929864974048,3.9590196964785562,11.026701869999144,3.955188257888635,3.852846044372781,3.7226350477247774,3.7405954745070384,3.9622484166192886,3.709408031693478,3.741300628704725,3.5912233943487686,3.644646564799375,3.467213942711575
801,9.375496327016764,10.13649785967072,9.411290316886946,9.322454430739391,10.283340338591072,11.617434218286734,9.389311500521591,18.728330156721565,9.392787260590069,9.366524356987908,10.135722540606036,10.182506710328322,11.404832216360939,9.635603232692159,9.9136105098762,10.012309094059107,10.283340338591069,9.315689773411833
802,5.588670768373937,6.66562737252621,5.96347535842212,6.197240513224936,6.522344881658795,4.752622763733947,5.618941910422031,7.680182445563194,5.58876917898078,5.583269526116805,5.857513602602747,5.234515162881664,4.764544824265395,6.327792432046365,6.505619433735262,4.427564422169042,4.427564422169042,6.064307241592624
803,18.69578446375898,19.09122811539345,17.953372969876565,17.825828458484235,17.678833917054572,20.0952380952381,18.72136460503909,22.652116402116405,18.219029213469835,18.394107009224697,18.769631684359723,18.594557904740654,19.918847047061842,18.32495274944785,18.752659840017373,17.678833917054572,17.678833917054572,17.803481043901755
804,18.323513696164984,18.726050497015194,18.736490953236085,18.24582941875495,19.22748551138706,18.845238095238095,18.32378527478981,21.583333333333332,18.22369092209777,18.13565166404087,18.26485364014669,17.767755290078004,18.623315228530974,18.367312638917063,18.55408479722362,17.608284987380742,18.47855618155381,17.977647211449455
805,22.67037546874297,23.409815581842967,22.455089696680204,23.1735623010316,24.368502204712154,21.122997563775712,22.700758295147608,26.890104898534485,22.58699137884845,22.652578492513367,23.304827955171444,22.431161270739597,21.22550095925671,23.17799543069921,23.28980107880832,21.076480021170752,21.122997563775712,23.023552438951032
806,46.86317861286656,50.09423254738626,46.349814863799395,47.72427745121778,47.9888230481439,62.49829571018705,47.00116341638315,68.80219301539913,42.68079628459666,44.429341703989515,49.36334018668424,48.870745014724285,60.56198734784106,48.46260010460878,49.334382395548886,46.05741895714666,47.9888230481439,47.543866557254546
807,186.57743146769133,185.52148917648427,178.982297672618,202.54825524634728,192.96820591917904,194.3262447881018,187.18537935185566,234.99847702022512,175.60358153058436,177.23847636717687,179.32271479659312,173.09454218837132,190.35333304325457,192.38380819541408,187.8701614202158,169.6584089832838,185.24358868737173,183.15428663378134
808,5.979779061097939,6.136174633647833,6.303928685759136,6.761146138783115,6.739576486567987,6.003889687360455,5.97662521625854,11.606498438721381,5.994615519691343,5.97987093141295,5.774264299079295,5.867503474045173,5.944870400866211,6.165648074590986,6.080041055235218,5.339310292567229,5.341523062464645,5.802052146924997
809,4.364128147856026,4.650151582632046,4.60574992600639,4.712043689858214,5.097842693960576,4.554923894517423,4.364484953811143,8.61833560477529,4.368992151756582,4.364459988909249,4.508274533174671,4.549200571168146,4.529405117106119,4.500104063091604,4.546694117259023,4.265608949484953,4.2664080751399265,4.394901283031814
810,34.24993048397537,34.78918166692096,33.56819440356082,34.23045393205695,35.05774649973491,36.35747666067332,34.28054429531431,40.6430027404596,33.993593395873155,33.57124589422701,34.80936867512286,32.48153335244442,35.67953528935206,34.370246368028205,34.58811040381328,32.360557620915436,35.05774649973491,34.15002550325261
811,4.315675522680442,5.522113124626235,3.754137508566215,9.324475221912412,8.086453593821219,3.7681682613293295,4.20528391555369,5.716174442868504,3.7004271973653133,4.895652912299268,3.5471932590624906,4.580483169792326,3.7281852539751625,6.363228328582785,5.604143403484087,3.383422990271349,3.421610731344941,5.443369554660889
812,4.237082158768443,5.5883318285421515,3.901728904246158,4.486797449298069,4.737768915721703,6.146479308179507,4.250956601781568,5.501175327305472,4.304045249917944,4.247965671895272,5.013176444557064,5.016798215676196,5.9952318682644785,4.916638037205651,5.290631927596081,4.544390659962402,4.607518743234446,4.486797449298069
813,89.18178743289212,91.57982671261247,86.92811663346322,86.89251059400493,87.68794511396653,96.14212012526112,89.14297437800899,161.34322379077028,89.46139777045484,89.45123547107839,91.77198910283114,90.1654642670115,95.38699338770196,88.87998065785841,90.41440317180276,86.92774302368507,87.68794511396653,86.69532605480907
814,4.183797070223226,4.403385786031253,4.147679737968068,4.009548964615728,4.2606181029382375,4.600182829329131,4.191693321698391,7.701922080916163,4.1792920240713505,4.178559957232452,4.296670788625577,4.3087676571373885,4.56009435930029,4.105146561843518,4.259773101120966,4.18908571501822,4.255555654867864,3.9302192548341277
815,2.056752328490985,2.4411248282937876,2.1223017333417964,2.1090652015088613,2.237365042721489,2.3062159084381784,2.069485218644648,2.6573533271003567,1.9886748161154904,2.014474715717226,2.164700092480602,2.139542154985989,2.2776461842395133,2.171563110733366,2.3084524842693086,2.0026959250704013,2.0264517052944893,2.047117158518383
816,146.02328305418806,147.0002121512629,146.14494290081575,148.60882767268,153.24926599446073,153.81133045706494,146.03937534328313,301.07119974079313,147.0399146165887,146.6990793043382,150.96030431223653,151.05166220781237,153.31228639052418,147.23465202126576,146.9572198054947,149.9386680121954,150.92832018619526,145.72544259493316
817,33.871651241902974,42.073150771562325,39.00400916150759,39.70074231594052,37.18111983105164,36.22122873007357,34.0426406112548,40.046316883628144,33.52192913752202,33.80097306452643,36.4475069896183,36.166070536744314,36.167553573796994,40.61660739783699,41.42565202705273,35.52047981933246,35.59652300275526,39.413832018366755
818,10.846747992230583,10.872025541354715,10.201219833222853,10.323247067534297,10.637471469672532,11.405633683283524,10.857664130159089,11.155353320327459,10.73927253285296,10.745690259080412,10.91109034163435,10.937188466287827,11.351196391666837,10.514715856101303,10.709200759650978,10.591612324075468,10.637471469672532,10.16823589107316
819,2.1688048253333574,2.2337998182042367,2.955686341817407,2.796468520869333,2.612766094132926,3.2490842490842495,2.166597909158997,4.318681318681318,2.212999459112902,2.1839417879646836,2.410819093534729,2.5906996534539473,3.152625492887301,2.4062195131919566,2.276628178676566,2.3316852800612264,2.3383856593484045,2.2331311669000153
820,2.4470416999737874,2.4651190056276673,2.3053704336962455,2.331606850516261,2.329613315191714,3.1765655225675755,2.454452580855071,2.8652505711725684,2.397552149180565,2.4607517453221757,2.5522937297164305,2.612280115864489,3.107464144625904,2.303285831866545,2.377567233033918,2.300153895789028,2.329613315191714,2.1546573712795687
821,3.0238074222854574,2.949372502875759,3.0447915200254267,3.0062603831269357,2.867034633840131,2.6261022927689592,3.0249709470501376,3.3822751322751317,3.0559062904443874,3.0383003881013244,2.6845256335450873,2.657199378798177,2.6211687837663082,2.8895184307980055,2.9042393511158555,2.611472918588395,2.6261022927689592,2.616686507362109
822,12.274762641951057,12.30737674719686,11.392703050081785,11.535831003958293,11.945753912977032,11.828262195825118,12.28953536200376,13.488098738439248,12.024138126893694,12.146628612569367,11.847755019189554,11.811448336381977,11.819780435259085,11.84429619396519,12.103590682317218,11.712566615619425,11.730684507801795,11.418026516992798
823,2.7454945839504568,2.6133720276615486,2.859716910358658,2.840664015427039,2.703068330050133,2.7385361552028216,2.7426803205515693,3.0498236331569664,2.698390309912327,2.703464812691236,2.6224593764986888,2.627012490249024,2.718942710993471,2.6411795978444297,2.6038938340467337,2.459985627629784,2.4657265312215517,2.443610794706686
824,19.77009167395013,20.518932102261868,19.537784706739718,19.71259596952603,20.670988458290527,20.608729803303486,19.781751584144605,37.083650419553614,20.166869050788755,19.786964114946745,20.216001984276076,20.21893641471196,20.531867419996676,19.928779736648163,20.237994924197398,19.471140036071517,19.496876897053433,19.147936089958264
825,24.063757539547964,28.10592621127921,25.40690363334114,26.37550838619045,26.509834725859122,23.653145016464283,24.173463603374383,29.510694718885713,23.962832328703843,23.708995293661086,25.60009382762048,23.241808514636137,23.446440044194173,26.99791041214255,27.6044462388424,21.768878544589455,21.908257596440027,26.32745728047763
826,35.58998949997754,38.46084652531117,36.50618101610337,37.27360300495546,38.4528095015781,41.016412463504906,35.61301263538579,39.04106502091903,35.67358158161857,35.36755271227308,38.84971262825447,38.542546331580944,40.66174003172606,37.53181839027949,38.008737741333576,37.84808850330948,38.45280950157811,37.00022600181749
827,90.58294635895784,100.33149687927619,95.48443199202013,95.96015700051849,99.49845283733909,101.46703209423288,90.75248142672224,146.84820441132428,91.8040012223483,91.36449654004922,98.83048502827732,94.24588528200587,100.18360026646997,97.6910726691475,99.16618617024476,92.3584321638544,97.30106135308621,95.52408293895105
828,12.477690936275579,15.305041135564514,12.820092616840661,13.503589876988563,13.476277396122647,18.131000168454012,12.528927628898321,24.870144391486104,12.334793114609502,12.454116766273494,15.239976592214935,15.162599331095677,17.776466534110842,14.259128597583222,14.851831262285602,13.476277396122645,13.476277396122645,13.503589876988563
829,1.197792826202268,1.2839870636870365,1.1566277744107516,1.207402694430992,1.2027609513345332,2.1989098977801667,1.2019951459502538,1.7798782577110153,1.2099858130691237,1.1832765835613845,1.2699521384804562,1.471654745917548,2.105558121516323,1.1505108540005073,1.207752413798383,1.177070752252175,1.202760951334533,1.0115032194510742
830,8.349872261690283,8.223047735776637,8.300675011716775,8.330887114396472,8.339939004874394,8.443333333333333,8.351075155474696,8.528095238095238,8.371296457016491,8.359874231067346,8.309259227964981,8.318301669546292,8.424230061994447,8.189167191046991,8.188423461715283,8.18677579119701,8.19272539871413,7.90835477294112
831,18.396428796772003,18.189716726292584,17.23417468515088,17.650078920205654,18.11430010496201,16.138664671701537,18.405209189338617,18.94794424674646,18.296723988519968,18.277817858439835,17.58113699078596,16.871165161802754,16.18893617032405,17.84500595095417,18.03385836680643,16.107037616235015,16.13866467170154,17.426934344189156
832,54.06140297227873,53.965519788371644,52.347865549933914,52.9900342130866,53.66929276719906,55.1265900192273,54.08072762934511,55.02001596102421,53.551255655205665,53.781507217858795,54.12293107269641,54.12819133061405,55.00247264473205,53.32053879470195,53.66979022145725,53.250984305368256,53.25624597001289,52.5345363969673
833,48.844590631862594,47.413201848791736,46.01703990743684,43.587266310339,44.17180474448634,50.44773305811242,48.876949552674525,50.85146062876822,46.554668004722345,48.66881011624392,47.98248184808393,46.903054777597816,50.05666095892781,45.39238398773535,46.57899068232998,44.016352974230195,44.08125557245907,43.39526141406834
834,0.6002325321676273,0.6314491802863312,0.5689232304373433,0.6567360537429296,0.6378802549221457,0.6252202679596791,0.5988079479159855,1.3370272853876646,0.608897460161741,0.605373867542343,0.5712077415357512,0.571858781015266,0.6145118860269297,0.5455924946625789,0.573466476672338,0.5470890462618,0.5609831889819236,0.5062445882065288
835,19.197221743665263,19.145810993413622,18.174236284280923,18.53354263757047,19.22148079404389,17.404761904761905,19.212527568965495,19.702380952380953,18.918332297756653,19.02731304177261,18.7615654972341,17.266940570517693,17.296823501237817,18.749267292425223,18.965495227482226,17.063305889597835,17.401942096490092,18.29877072570167
836,2.6081893514854486,2.4914361916545986,2.6700805667542125,2.6346096963494663,2.4345927220464607,2.6461573018781945,2.6090737932930694,2.6695796786867017,2.5910396532212476,2.5913276727678323,2.4999293356954797,2.4895012811804045,2.6259130640380426,2.486191842927058,2.470898987905589,2.341655056225829,2.3452155354641055,2.303514811741857
837,1.4133465186558818,1.5184986924960315,1.7335407369639213,1.7082881125392069,1.8056972568550043,6.539242984089738,1.415106197619812,2.7014573342789223,1.4422859442406617,1.4273140289881672,1.7887689225002366,2.9066175516919315,6.062053709659719,1.519229920974598,1.496191948317133,1.7265041338555875,1.7395185373772566,1.4530688635805264
838,0.33115539331000027,0.2033207696399363,0.7934683077567316,0.7548260726714261,0.6894535218211845,0.19428571428571428,0.32328775661264775,0.19428571428571428,0.18248726458890493,0.18177634666237075,0.19979574345912385,0.2891781844472951,0.1900327322773184,0.37674155556913314,0.24812943627084347,0.1625521610920761,0.17855508580075383,0.20265785357532615
839,1.828115458323526,1.9238537486099372,1.9668869211224491,2.395717319299268,2.7022878957768697,12.443097033847442,1.832183467676461,3.0125042167435403,1.8081059402912742,1.8166554654937233,2.5824485017587855,4.666250264854216,11.403832558951905,2.0465633315115377,1.9457642531842418,2.556871023702191,2.665990768023753,1.9210215795629075
840,1.9645336734815595,2.0638701504074546,1.92725197641405,2.098627749622783,2.1812220854255027,2.3581519877245953,1.9695413420046435,3.574304844366079,1.9907213483050483,1.9516919166138367,2.0772461796973483,2.070570138381937,2.311473281952949,1.97904771901204,2.00541288240855,2.0353311561867016,2.1466867417051954,1.9705263465344636
841,2.2737087284955595,2.226937152085861,2.177810627680504,2.428732541414506,2.7984689386717343,2.493581705409621,2.2740800539677086,3.970592668325638,2.260314974574415,2.224075754506375,2.455640238542213,2.5038644457330403,2.481815500574276,2.23358096415452,2.2069737450903655,2.3708295714082923,2.3738473621142915,2.111349087215018
842,4.062164624030234,4.196116836340973,4.568688989673252,4.666717616337234,4.8252837274961005,29.50173845332601,4.059690507593466,8.949486303510403,4.151421720974732,4.1680454794536494,4.458618722632509,10.712158361486964,27.042158698538938,4.251441601756045,4.175052592607067,4.44093699630201,4.485936459581528,4.157478707771623
843,240.9622494510752,246.18281370741929,248.9352975599371,245.18539047233585,251.96615173540155,246.7298744599319,240.93685349963235,492.71289592537624,254.83674609228345,247.0054765808873,247.38825826987,248.16230085668982,246.76640299791973,244.9459775297237,245.5109293419041,245.59561941965333,246.1205683824278,244.35439248503442
844,4.741824466610103,4.924523424402744,4.508800440346964,4.4283800131846975,5.056019714418862,5.624438752317374,4.735995140170013,10.209969627817443,4.768875560846973,4.650852779642029,5.07488388087238,5.038684215597978,5.538724247046122,4.536376877328747,4.735646843621551,4.8872452760725595,5.036541321285267,4.349876031127685
845,28.17006497474318,28.950920431902272,28.10216143718415,29.11684867913512,30.190698563924347,30.5467032967033,28.146614214337998,45.97710622710622,28.038767662968127,27.863630704974742,29.750402056744417,29.75762420888145,30.41279848299219,28.81185625318156,28.842007967853068,29.493159853314538,29.730514788353275,28.61059668306383
846,17.693940358207215,19.091073477631454,17.563494760230686,18.320519739313063,18.49728042078927,19.978937728937726,17.693438866839532,32.8021978021978,18.05179911292123,17.86822063700681,18.884900358314997,18.760415552560755,19.814093094292787,18.549237956630844,18.83676519278927,18.02402990781649,18.061440467983115,17.950577945914386
847,1.9523377435404818,1.9163231633024667,2.372468192770557,2.4155976173698193,2.3077378781415026,1.9709572786131027,1.951144117082784,2.600870734246749,2.0145887271759033,1.940284375725618,2.021905325420726,2.0355055063641125,1.968066314907017,2.073620374260439,1.9570804438274871,1.9652441667034113,1.9709572786131027,1.9123981840845807
848,3.074825460683458,3.0144194707596443,3.2265956763497847,3.308245623729929,3.104370149366654,3.1170745201058714,3.069672389449073,4.5570829995702296,3.098723513940586,3.0479429385081027,3.0044776555322485,3.0030110577749887,3.095974158946268,3.0700220320518916,3.0147459716302483,2.906069056269548,2.9109360229732046,2.9677843995653497
849,0.09885315629810708,0.07310380951812213,0.5099831683934031,0.6095857371562826,0.21775096089581256,0.030846212059799538,0.09529469042442902,0.04250077634483692,0.029393298630519704,0.029335172731714727,0.06849696994852549,0.0702261562698933,0.029917687762096745,0.2637649732138925,0.1307491229668359,0.02921000184586438,0.030846212059799538,0.07310380951812219
850,0.2086354967560923,0.1024039816091501,0.5512649298598937,0.6747631950125336,0.44482423162525,0.09840172928016401,0.20128478842615247,0.06969771757397415,0.07145971521463534,0.07787257104334465,0.15687225016395076,0.17899362014455691,0.09812517593886978,0.2928487873544513,0.15560555167773688,0.09515805830736575,0.09840172928016401,0.10240398160915017
851,0.2801202154886191,0.22970008947974452,0.6538438664199236,0.6895409858052467,0.4560191365166962,2.139729248045544,0.2759917993834468,0.16524354406901523,0.19913295208081983,0.21703347414136268,0.4581482379690189,0.8864660258792171,1.9773761908527405,0.3791924686431678,0.2701943045852752,0.3315382182206003,0.33160414229865337,0.22941998956040563
852,9.571589646926439,9.383217487343986,9.168263133117518,8.858920870892364,8.897987929354336,9.875936172376916,9.577929656679393,11.384638690031144,9.616776711161144,9.538446779300964,9.251721208387373,9.266601487501939,9.804170253186689,9.017578434612885,9.212124087570276,8.790021466441976,8.79775361364341,8.557857868754002
853,20.881664735406392,21.124777754255316,20.279995707606066,20.27020777276277,19.366250102297187,49.98564620122563,20.904111774982233,28.204009586216937,20.538202207745467,20.560426584690372,18.867543288163944,24.296848109371453,46.48264738822511,20.48880659322304,20.820304608973768,18.08275603076737,18.652081546527246,19.658804252460214
854,0.6329723648606796,0.5711019690403113,0.7223965421048782,0.7444596522961072,0.5854833537176827,0.5711455344669116,0.6338727161328702,0.6390275856945365,0.6066058907889799,0.6093171486071483,0.5363157618150743,0.5415763523153894,0.5648821879918379,0.5829295757882513,0.5578687153682975,0.5220117306394202,0.536309828001383,0.4809092915469057
855,0.1521317800281032,0.14325612157835643,0.40136667311511065,0.5018981204872489,0.219135633472229,0.17020938094382,0.15246153996371187,0.15813779364283986,0.14609348591884894,0.14750164633720814,0.14557239002836977,0.14651093692237938,0.16350499521596792,0.24732360579056886,0.1668222716051053,0.12811172086909378,0.13931626238689915,0.1354877217393883
856,4.9314963414222825,4.885346115404591,4.828921881555328,4.906331516476816,5.236209078664832,5.207364495174819,4.934475173530903,8.014744703516415,4.981848948062811,4.945342794046129,5.090723533663881,5.085071184691956,5.1828307599260235,4.81270407277722,4.836336959994407,5.073084138767139,5.1524007511048575,4.722387489982674
857,0.7570061120931203,0.7074158929808806,1.1865947411792306,1.0496349933311233,0.8855058314742713,0.7764550264550265,0.7551391471089101,2.5110229276895946,0.7768444119842938,0.7337303309042525,0.7360392306881002,0.7397400565172959,0.7645718959409917,0.7928089065202523,0.7210011296040494,0.6806489167420132,0.6856101114587275,0.6442776236199351
858,0.0037070351571231804,0.060738886646875656,0.49846162502702757,0.6154567182408331,0.1800699472949335,0.0036472100239757083,0.003701895804677451,0.005470815035963562,0.003592048201073781,0.003594527932008542,0.05441808587742792,0.04720026405570598,0.003983267112811336,0.2632275515280964,0.12376549237958208,0.003612985456770737,0.0036472100239757083,0.06073888664687569
859,0.1488165129890677,0.17159858405588232,0.5240272990152127,0.6638761464912011,0.27388449060716236,0.15240631341988084,0.14880922082765838,0.3126465962211575,0.1529574240134752,0.1492748797869564,0.1598875147554983,0.16052633922838033,0.14848260035006808,0.3403824945060879,0.22054697925177566,0.13698514647220272,0.15240631341988084,0.17159858405588235
860,35.53974755093543,36.82457628835735,36.697544286106336,40.33498427092332,46.71909224719491,307.8222642761995,35.55679979739608,59.12802480281601,37.001950875917,36.30679479680523,45.228806950387316,114.60821319347804,282.86123731178765,37.86249161657229,37.067593140506986,45.09727690070735,45.26299202724896,36.3317283078761
861,16.996102207369113,16.934749568030174,16.199312193335512,16.361774566248688,16.682301210642844,17.553555647965695,17.00159072158841,11.975135991096359,16.680115379488615,16.716339287895504,16.939947515367077,16.980345721331577,17.483852211584747,16.562892624881716,16.765518124628937,16.532460229363775,16.552663919184607,16.2119807037265
862,25.35597298195471,26.715643548523648,24.738138786585363,26.35521899936523,25.177913950213238,30.176975904346474,25.384146898944447,54.521628363574685,25.415199982159418,25.703084785968304,27.632835787421197,26.90967123535852,29.781145805174756,26.38056103820456,26.54444168781845,25.177913950213235,25.177913950213235,25.742020543003747
863,1216.8762194447438,1232.3032883633691,1211.858548751144,1274.9116765839156,1393.3350049493677,1179.1040303889392,1214.7486642581132,2311.4751190532575,1274.8814474999815,1233.8739578883674,1186.4112973210447,1234.178644986299,1179.9278133072187,1218.435454246202,1218.3148679419166,1178.9959598785647,1179.1040303889392,1213.316850725039
864,5.96029612542921,6.815178515877939,5.858095469455592,5.880078574885513,6.447255656657311,9.81771814665297,5.990886506041517,10.386273299020267,5.80507719407301,5.8567905318759585,6.5370721438026065,6.792180517270634,9.394536809120131,6.210819834678008,6.540600952829074,5.958991703938158,6.447255656657311,5.874110980023414
865,0.2778183577722253,0.28795532801558205,0.6767929126548738,0.7652835622837332,0.41626696947428704,0.5360278420011767,0.2776073416673374,0.449179957512225,0.27688059628166467,0.27587517434716774,0.387971332761877,0.4141293301593992,0.518256364014949,0.44226934202481694,0.3294369088693142,0.3557487525898629,0.37063104007383374,0.28782940910383403
866,107.81188078433098,107.2306530132282,108.22585213970167,106.61156003151694,108.61172487373365,109.20291954828974,107.75068206067353,212.42595064831502,112.21522275329814,108.0589108360291,108.38741864764529,108.43386990573934,109.08340387656021,106.65882826379134,106.93897633139393,107.93055490728723,108.16424134284374,106.25991618503207
867,7.4699064033377995,8.050479559421769,6.8523165684526,7.179900334441544,7.720186412911822,6.584249625878539,7.4913592756671505,8.987860253734356,7.463592359404486,7.404292616122798,7.290063091144297,6.690877093398371,6.553391689290809,7.526105833516165,7.819349881839809,6.374817918280336,6.408870104757658,7.129606355861173
868,12.281491679965265,12.306390627671759,11.59808467954238,11.87554050678221,12.127571187695802,12.853309097717835,12.277829458186396,13.786369985771174,11.304764249548052,11.562709798700567,12.299167212223592,12.273981233108136,12.775895009392983,11.97191317361615,12.144027071582917,11.844707384914175,11.863713340558832,11.759593252747175
869,3.9234385500872677,3.83995507989007,3.791739343009658,3.6024843943248235,3.8142418891672585,4.2231821736919795,3.9200279776131457,5.9106693424610794,3.7570136063370327,3.772964545869693,3.858006113485174,3.8400166459671525,4.168783036227874,3.628747011019353,3.733278398080641,3.7133929019594425,3.7732108856624174,3.509754475721845
870,0.09753074487709518,0.12796080576540506,0.8048288315067916,0.6321844744644847,0.22703251302919225,0.0989010989010989,0.09755952163859598,0.15018315018315018,0.09697089530934937,0.09697089530934937,0.11545470567774668,0.11461806724474355,0.09612140925062718,0.3029145129042516,0.1794243380903772,0.09092430180538076,0.0989010989010989,0.127960805765405
871,0.6232487668809871,0.6241362874649621,1.0714668655352615,0.9119742646221615,0.713240461184251,0.7214285714285714,0.6236491003681945,1.1361904761904762,0.6258184561237881,0.6227028183669975,0.6193953681424388,0.6210458438696489,0.7027243181533706,0.6797770018935192,0.6252057874403746,0.6044533131594559,0.6451516089604136,0.6093719562659857
872,1.192492482582179,1.117581238355463,1.5572942624766133,1.3707352466754597,1.13742053354053,1.2010582010582012,1.1907958403162946,2.107583774250441,1.2242342548036165,1.2042945227651483,1.1106502464461074,1.1104778794242158,1.186711634986039,1.1653903170515172,1.117800567722538,1.0546370049949314,1.0611526368745334,1.0876988902439175
873,0.44950759426190273,0.4676647065128167,0.7798831814559858,0.7452559935730342,0.650915071045418,0.5931498645986836,0.45054073090926555,0.8725320471995127,0.45480759031619217,0.4517969534902166,0.5435649687308685,0.5425013869452571,0.5809272195544296,0.5221747078131874,0.4692401528978279,0.5395706054549073,0.5931498645986836,0.46215516449067856
874,4.477720637561837,4.363282158069335,4.211907490983119,4.1726698240551485,4.37485082512804,4.661826774290927,4.478546326311817,8.747262276703395,4.7093307597792045,4.586866594855887,4.413926322855453,4.405022109801788,4.625947805750319,4.191194737530737,4.276019689006335,4.124131435617319,4.1243656412339496,3.9224982336436955
875,3.3714274996035365,3.292771145297771,3.2915513386230937,3.526825999867279,3.6723254488909443,3.503542779296966,3.371809823533905,6.9275540418202874,3.378172551674765,3.35661362190961,3.473549149068292,3.486747254969361,3.492756409542993,3.3202840488339063,3.282292821012557,3.438058250415318,3.4560030075582735,3.2697432965286293
876,5.19351794835643,4.094935708523485,4.773933218157579,6.31915354846964,8.523508750800852,34.11418979380235,5.097714487606158,24.20553183821686,4.056401802643288,4.182809788042999,6.110372412182148,13.74228064289023,31.3951077020641,4.812923206188287,4.2875415662354195,5.849336381453919,5.858527599785611,4.093063500821023
877,8.538141967240046,7.596587517155602,7.541225196381048,8.054857867960665,8.426377447015616,7.810484545838919,8.48301940009582,8.832947977294195,7.4540389347887865,7.457306698675225,7.742056830215074,7.877293455837773,7.79546305818575,7.694656397318602,7.604359158363312,7.526465765509553,7.527063453270565,7.483170193792002
878,0.04326872687309095,0.07665628267164636,0.5517933911835367,0.6277052421467921,0.2454790663621328,0.0341817411172473,0.042611487746198405,0.1495763051079544,0.035327519541722065,0.0349578981538666,0.06853133495340274,0.07193063391736383,0.03184565111324957,0.2722672321487236,0.13572141519995828,0.02766904136500173,0.0341817411172473,0.0766562826716463
879,1.8792534393394371,1.899145420685106,1.7898248105327947,1.807975545860165,1.881051194201439,3.379079256855577,1.8793295845629554,2.9243053972946416,1.8827696339540887,1.8499623054299583,1.8271250101450172,2.1323937696531137,3.209620277106545,1.7393227597248953,1.8077993026495642,1.777526957967053,1.8654270476725083,1.6713769587215968
880,1.0387197527120953,1.0026907558092633,1.025386470977376,1.2059248075041988,1.125159332316267,1.2956353188870864,1.0365828878365417,2.0441034585070965,1.044005557391533,1.035302451555818,1.0515703069439386,1.0552329572357932,1.257630289569028,1.0000079857817943,0.9765856967882908,1.0409789704267667,1.125159332316267,0.9744835838758837
881,0.7939271814469236,0.8140213917799013,0.8712511863363761,1.1218191605729997,0.9532398368914881,1.1560602209307216,0.7906498120935278,1.411399065030378,0.8117853062715956,0.8172718546432071,0.9352900604581785,0.942122458332879,1.124538963318897,0.8658054501116751,0.8102274568570648,0.8837635645463896,0.9364943200887277,0.7683238169107885
882,0.8454062616128363,0.9208979417744968,0.9090047666969686,1.052975215063097,1.0412764976786166,2.8137289518564415,0.8440870879789539,1.7292185024386475,0.8608320801765362,0.8534994813660847,1.043737886348431,1.4294737746338313,2.6304808286221477,0.8916973393427581,0.8863602834235521,0.9981078658933606,1.0412764976786166,0.8748646312598743
883,45.91803915359568,45.34697066551297,43.76764297789609,41.993366687911816,41.47793354683535,38.69790283295301,45.9696956576488,47.43879666490488,43.738751015546676,45.08000267544514,41.16725124687749,38.0863823532359,38.45661255968207,43.568039884833986,44.61088744319056,37.75879408828991,38.53189361073951,41.943865869159175
884,87.9942430154011,88.57812783135472,88.2796376323977,92.11784996527352,95.26263550242687,88.66821776708844,87.97143248591298,165.92119207475312,90.16384485747737,88.06582310164993,88.04389047813656,89.73378024792656,88.57392584035745,89.0508210140123,88.45588481218535,87.71018724918008,87.76404073331999,88.33718549034309
885,61.67922019459294,62.18058194205952,62.14016547974677,64.54016681483233,66.16007152357248,61.26253004219944,61.65051996637809,120.50663708117902,63.40322103863218,61.786578537729916,61.01043167766434,62.18532386918005,61.21747150266398,62.47132706771859,62.083508637748594,60.91745048313268,60.998041241928725,61.801363513528464
886,73.0908523515619,74.1458484200926,73.8063476042878,76.0978374508008,78.76034271425276,74.06130394477921,73.0815646974665,141.67843580828574,74.73710979974643,73.13979999505206,73.356058545984,74.61769912038685,73.95556228351838,74.07937112755542,73.86906426918384,72.73037965177448,72.76940508837387,73.54127011630185
887,14.68084562719472,15.902973880932366,15.514423254234346,15.442931442322163,15.967513854187906,16.32,14.692496861028516,17.177142857142858,16.36118119831255,16.36118119831255,16.07768263735546,16.000898208837256,16.275232536240622,15.567536309005108,15.74349892753215,15.507045324143315,15.507045324143315,14.979614826049788
888,7.853734616661957,8.05556982090585,8.948385079603637,8.417455833118598,10.00326554041801,116.49579831932773,7.853175558375493,8.672268907563025,7.923369719256544,7.860659742523292,9.634351335578996,36.22944661011428,106.03735546962811,7.868597252325358,7.8924810555488065,9.512286014700551,9.572079407713103,7.408554682052195
889,88.67766243851769,90.03431830671992,89.54712957035083,93.01514454487068,95.02053912435564,89.83887644160252,88.67352075933206,172.3747607300912,90.93356777688182,89.0063127265098,88.67871415630076,90.26352097260654,89.68638408176945,90.2474178767067,89.81300288293336,87.50649524728625,87.5301707013926,89.80083177812641
890,471.02787142558327,475.64593238877336,472.84972334926414,494.4311791669467,513.6347198555703,472.4327573625206,471.0067996973559,942.9722564025797,483.3387732486495,471.2189165141828,472.9903135335942,481.53637960274983,472.30835727597696,477.8783668100489,474.8204608050089,472.2302224176713,472.4327573625206,474.60897705040935
891,1.5487635606600005,1.5696259979601763,1.8715409376505374,1.9089698864341609,1.726924040209911,1.592367884488748,1.5495858396361843,2.9737533968915586,1.545994966156324,1.5469737809172919,1.6160911943953484,1.6006385808032666,1.587884289781054,1.6539945682322548,1.5829006163174284,1.5395951295975507,1.5653071244000125,1.55522359349922
892,239.35397041338615,249.48335819257787,231.7069820964135,263.6457187826146,257.29789776031726,349.3904761904762,240.45695166971313,398.9547619047619,213.70378645021347,219.0087837298008,264.10763621096953,261.6544678446835,336.86480063413273,253.63372959032176,250.44011261632954,242.36883542433327,257.29789776031726,241.15273393998586
893,84.107035023817,94.54227953388344,85.56303383178465,103.90592524070526,107.94104209757113,168.88095238095238,84.46285156777357,171.17857142857142,80.55018656743489,79.06896998787522,101.01481634786353,104.27499118962237,159.34811571735182,97.5758851241768,95.36014962685256,94.74049604001641,104.5400755776896,94.52985725581361
894,4.212792719293162,4.201118174938183,4.070744839529023,3.9991811486384212,4.065825593642561,4.345238095238096,4.219545966185253,6.904761904761905,4.063014458484463,4.125730338511468,4.098717727358028,4.118528599414626,4.314736853603434,4.027905058336953,4.114494223469367,3.8656327212493906,3.8656327212493906,3.8412303856198142
895,6.696764619033229,7.890545311256559,9.82363620240228,8.876615793354683,9.700099157098487,12.751537042654931,6.648472562186015,68.26021908939795,12.51602266962876,8.581219589043245,7.547090814092755,8.083676318088548,12.00195820983736,8.116698276652988,7.916954751258498,7.066319705616522,7.754357658390323,7.724328112387095
896,158.82804125690353,160.7173983385843,156.41315157581886,162.5095116752141,162.0025452054073,153.8403495219614,158.91417982807008,163.81335695330878,157.25818074425055,157.92894649750016,160.15633273151374,157.3650761568488,154.1427487768349,161.49945336489057,161.00285995502475,153.73001049099375,153.75055868029318,160.17574352038523
897,353.928615216742,364.30108321497534,355.15104541021697,360.2153275987835,361.97044524919716,362.40572496790475,354.09530085036886,583.5052227403787,357.65449224937714,355.1019857088945,361.0036290283502,361.01684042062243,362.161424491263,361.20256705159295,362.8083235443537,359.49229592048215,359.7422399514191,358.72120146458883
898,27.39319780455315,27.801954297044386,25.39518072922802,25.833907598185903,26.498081891016074,29.390211640211636,27.439807311520582,27.19223985890653,26.44353211111198,26.53137166124115,27.669847000524523,27.82746841539591,29.223436266210445,26.723281251543256,27.34776915178668,26.492868656301535,26.498081891016074,25.777585855972976
899,779.0499529087944,779.7971360863036,776.3121596733508,779.8083271700615,790.4235343230594,781.2261904761905,779.033459386354,1556.6309523809523,782.5947015379965,786.1439473609795,780.2543893775878,782.8099008041117,781.1132149653864,778.9979518198006,779.2843152256906,779.2588396905413,779.2735934792026,776.3145419572397
900,28.285268870821906,28.87030659923883,26.727901373354637,27.395128604542922,27.617735197766365,25.857142857142858,28.343129276241683,26.702380952380953,26.73975825520554,26.92932241226619,26.985345416299555,23.719133438963485,25.371694412360714,28.02184835092837,28.50431467968364,23.444220874342367,25.4358256552233,27.292325842177434
901,3.6826211708546417,3.7881134541303645,3.843081767974683,4.952663754547493,4.458426577593184,4.319758843558919,3.664720105296967,7.778099501305501,3.6291521634783446,3.712800729485107,3.9719015535710667,4.03892853596992,4.260161037085467,4.171820351294562,3.8939398322653953,3.9611426457452956,4.061179118375253,3.788113454130365
902,1.3693891809835836,0.7015875799842881,1.3742268491348126,1.6219457941109185,1.3453882268222868,16.007101118309787,1.3274260791003842,0.6573682639791768,0.720024199646232,0.7664786921815309,1.0108190185745805,4.869884785020295,14.55080709510172,0.9655450651858195,0.7600773848180725,0.9380778478007171,0.9426958457898998,0.7003492476916077
903,0.37084729326829935,0.3574167870325958,0.8166249616435713,0.6953325554002231,0.44867367049575274,0.6203703703703703,0.3710993207791004,0.5992063492063492,0.37897357705048124,0.38669862541188954,0.43849821690972873,0.4662940466010848,0.5988222203485639,0.44119052341973886,0.37048208611625205,0.4130337151695959,0.44303357477346667,0.3552939595124775
904,0.7918254105094613,0.8457860914329728,1.2478602127410017,1.3210456642203001,1.069556709828008,0.9852416254605211,0.7917814440543339,1.6628572753118267,0.8260700165275577,0.8119740366580762,0.929411806029932,0.9314725010002811,0.9712313130165388,0.9800153678496791,0.8746616796051857,0.8417169630405908,0.8493214627559679,0.8457336994696495
905,146.48184919193315,149.1458929060373,146.59400973535455,146.0471419011342,146.95137266279673,150.60237171427767,146.57729157095415,153.89983291415368,147.4289055925005,147.08287651126264,148.68114077286734,148.63189660725192,150.3922764012594,147.49432944167108,148.4607424094313,146.88044561996728,146.90700499061742,145.87200003692976
906,2.473226489353861,2.444901683839044,2.859474020413229,2.7161839578753852,2.674002203909653,2.615079365079365,2.4735657366613775,4.997354497354498,2.6818552046515456,2.517252343647277,2.51024321953032,2.521116438634668,2.5945748813075094,2.480840971500785,2.4353489550581973,2.4783831902799736,2.516032877262829,2.370268020367387
907,2.3197569730217933,2.388771792402302,2.4641168721750577,2.748030002082911,2.5140751771060432,2.4247502433116277,2.3215249393040187,3.2888348885455745,2.3637477728370357,2.2964583272301833,2.355029648115503,2.35300970145263,2.40709991833767,2.4505882232628733,2.3852233229913944,2.344141919979226,2.4247502433116277,2.335393407344798
908,2.704381896209314,2.514045922418678,2.815434369501503,2.6504046459408013,3.397157621580829,2.7023809523809526,2.673259055125873,31.30952380952381,2.7443133730191467,2.8206927359534526,2.5600531169197778,2.6225850174252936,2.6559547746253824,2.4038658457195297,2.427167626508569,2.2885092323163416,2.3016865615681454,2.244952771315622
909,0.9851999539345654,0.9502957742952584,1.2101050448605717,1.1703030311733729,0.966851650945458,1.111111111111111,0.9873471496383676,1.5330687830687832,0.9617145282051697,0.9608273711523064,0.9506702439627919,0.9596813071347384,1.0888311240630546,0.9672025480877208,0.9347152386970604,0.9283132969080757,0.966851650945458,0.9131462037844414
910,56.21344847534558,58.60724093084338,57.243968601998525,59.33016139040839,59.97068890398672,60.009337651454075,56.22679533326252,121.55054162313418,57.61261036501542,56.260932669945184,58.02381456708273,58.03924912228857,59.636760024548664,58.17142558429848,58.24156865390686,56.83754687018651,57.41704584940023,57.82938137550095
911,5.717534066240404,6.4220267311329815,5.678530869537631,6.160790442721429,6.172567553090686,7.213298410621166,5.720518624405631,7.8334462377786425,5.971416905011509,5.88764064195205,5.997601727565978,5.870902597669708,7.005076094749261,6.182859866310061,6.300308292255697,5.560385839805371,5.925229016610082,5.971711015927634
912,21.351863150142275,21.367842914464546,21.49996162477528,21.668312570414397,23.21668122319149,22.952524798348687,21.34173756226266,39.809598871861176,21.9190278646201,21.792976412530503,22.48415849960396,22.447956364386258,22.844769756777897,21.27662606013364,21.273407768978785,22.179349933629506,22.474373050011508,20.577660267534938
913,3.405444108507675,4.091170365929636,3.51480658965745,3.5923012618218273,3.6222212527025666,3.3270174679600033,3.426451047767607,4.095481297580555,3.335705290471298,3.3873137367231947,3.270435904900134,3.0801931110696423,3.2668366698374194,3.7243475990422557,3.916268087614649,3.011015293107978,3.1550220583320985,3.52492611425145
914,1.6471019511178253,2.1208815954654923,2.0701240890805863,2.1090184842397304,2.227652093067237,3.659826285860077,1.6526428925501182,2.9101005351767277,1.6474344967502148,1.6429354872966038,1.994060950205301,2.187955383761981,3.4446186531371175,1.998568417101595,2.0440247346596894,1.8733097145177429,2.0379675574482388,1.9873870143379404
915,37.444675750596616,39.007521424998686,37.772535916790254,37.583907150452184,38.012697456702554,39.58367352681939,37.47980302709423,67.59413098461333,37.076276281554534,36.887973791781555,38.06949296306952,37.75483071111645,39.30688731499108,37.82104370503381,38.41900939716674,37.24587447220542,38.01269745670255,37.48686061561244
916,2.862554155227943,3.0855471377132715,3.075445073748584,3.1937039380155756,3.4768668710422226,3.436400509951596,2.8612601540773213,4.745505466123633,3.0773834340217263,3.116295332522114,3.2504882630125778,3.2486453554801984,3.3989060443529517,3.01952706591285,3.030315475724725,3.2398656122674594,3.3793203178697144,2.9761143619613466
917,3.1339792208869373,3.331996345469157,3.135949155522933,3.2821017547679325,3.3386790665902915,3.460035183115837,3.1366242490729572,6.127039161041906,3.141496911083278,3.13616260479446,3.2471731131996635,3.250189229993504,3.425625477266243,3.1909450246803157,3.2477108510484456,3.220038369892285,3.2749912766485685,3.1448814450851583
918,0.6136694824652443,0.6149356940158658,0.7927192718494157,0.8973766220444267,0.704050851122496,0.6580149445632827,0.6119707875070298,1.402225998823744,0.6057914015096882,0.6066101261932887,0.5992869678415244,0.5905202400965197,0.643119334919433,0.6708210954172049,0.6168094395492953,0.5549261887159984,0.5920864077505714,0.597386284345694
919,11.256767723092388,11.565435955464364,11.614257393421,12.330318924301956,12.711586958540954,14.154761904761905,11.2638733343175,22.5,11.272760936237232,11.41598042766618,12.640793554579611,12.860966101452506,13.973883574713062,11.78722994660657,11.615598153534863,12.540521617983096,12.610662405249235,11.537509927548482
920,18.78927036373053,19.03441313710571,18.183391798924994,18.000118136104124,18.82107896916749,24.894123306844506,18.78841224435638,38.24522897441447,19.065962349651084,19.058577278870974,19.886817037989918,20.457868404217045,24.324521870540753,18.34956094926319,18.720223137006684,18.757521750132362,18.82107896916749,17.62699757352869
921,1.3815788852691557,1.3685409719102264,1.458034041743477,1.6213823981233924,1.4921925466000039,2.2457053982005197,1.3817311930296199,2.9888003984773768,1.397632656647507,1.370590292733301,1.46662322992828,1.5918230095911794,2.1553758226867683,1.4071039478904257,1.3628803053919742,1.4234553601816966,1.4717889358835106,1.2846058583420963
922,2.5301620178480433,2.5842995759624454,2.435603314856766,2.3477222587030595,2.3559506278119335,2.824128712918867,2.5245608495331315,5.790019426569448,2.5704219631021323,2.529389418549021,2.373211685596426,2.34710532684721,2.754562283395065,2.339767490903196,2.4561883195956518,2.2610965709870734,2.3559506278119335,2.2524285598418015
923,3.773438378632266,3.7709231778099492,4.0152624350419766,4.0428024454387534,4.508454552225813,15.605856047788881,3.772900527446031,7.507355923985215,3.8180338456448566,3.7944607821550282,4.342716262892415,6.761878144901608,14.42488331354064,3.7515353134609377,3.7258894325111256,4.304229441130193,4.405252205011366,3.5431332963461752
924,2.365585089079475,2.468576955323084,2.3941905282865132,2.5685515463383517,2.478550766113617,2.694010133985451,2.370061482696493,5.0825688921771865,2.399893527377929,2.378808579390324,2.4124808678805176,2.415445213764632,2.650778470697728,2.4021081746294297,2.414039984757313,2.3668491142817105,2.478550766113617,2.3922666036436313
925,66.5996554618334,71.15322572140512,64.0688960671127,70.90423406495967,68.48375734007881,107.85891813534063,66.84081362942634,93.69990344669658,62.93240972577109,62.62529773213467,69.4665570166416,73.18028640849454,103.0418603430267,70.46558093427798,70.7430120564172,65.77227050854994,68.48375734007881,67.58404949146741
926,1268.272439549138,1327.1124087630471,1243.958840920086,1495.3252617580317,1413.814986150889,1331.9177703345194,1274.4179143388658,1739.6529905542648,1154.8869298998627,1176.3267918575482,1189.4354126974802,1191.7065761537308,1301.592268728433,1383.8916769491182,1343.2655980427346,1149.8292643982743,1314.3248494354993,1322.779276749978
927,363.2473794061064,380.5220109208561,358.8701703959525,408.70943066100335,374.39103688172185,364.6428571428571,365.19578622226237,517.1904761904761,344.62901238322064,345.6901694531434,351.2650195212886,340.58461170913273,359.6331224222006,392.6400881485538,384.89508997776494,332.2059342838456,348.0108442650673,375.99056082857425
928,0.6000120480454183,0.6006180010471412,0.9616538057393602,1.011887447090815,0.7740824367191536,0.6285325375094292,0.5989728977676555,1.1866784023149795,0.6104731566544923,0.5919578657154008,0.609660683975747,0.6094820778024207,0.6183632047006601,0.7154405833273079,0.6247521201812071,0.5882049006473415,0.6285325375094292,0.5994628083167775
929,9.435420715513894,9.957604069625974,9.05254378840054,10.477446507117458,11.31956520871551,10.659167213142021,9.437060786483123,19.05367647009624,10.008111183902157,9.986037662852164,10.664877705628781,10.705662711162018,10.638283447965014,10.066211088062976,9.964731468926677,10.451951081592105,10.568627366533272,9.945678929426014
930,80.87423308109386,81.54957328673119,80.16205244300413,80.16591325465214,81.83971219482429,82.53669486805016,80.91042146939225,84.26300194658184,82.56055667920626,82.50368260914333,82.06652104566341,82.09674513246536,82.48446863858422,80.77422909649277,81.2193922088281,81.56702508616821,81.56702508616821,79.70729052508648
931,233.9760002555599,233.7144511945966,230.79473898067764,231.36101492353512,234.14326101943252,235.16228405944108,234.00282348246222,236.27199604512728,235.1061922390932,235.0505793829096,234.5448334204807,234.58679524286632,235.0987972210922,232.45670020066177,233.19190291100566,233.96268386306357,233.96292456821448,230.95082971526233
932,290.5984289485167,289.6396565382823,286.21879542744256,285.7248119488645,288.69467296563977,292.0408211134863,290.6325888530496,293.64229515221786,290.2775045106717,289.810644786341,290.4811231134283,290.27192552707896,291.8553076187219,287.5885027630329,288.7966994728529,288.58776030625035,288.5897777447323,285.43372760802407
933,367.4486618031621,365.32192566990557,360.99574769639753,361.8667007095132,365.46177518982853,367.1728395061728,367.4350430772483,367.1728395061728,367.1745976794787,367.1740919195588,366.2000839180292,366.2666272267807,367.0776570673238,363.51392927947313,364.5794349752759,365.3198781198079,365.3198781198079,361.4616369311179
934,0.5566386037785316,0.5935553306072806,0.5715453950086101,0.6884530725733519,0.6225915674936813,0.7183056058270022,0.559120122805148,1.0113167188909749,0.5553891721152254,0.552352811288796,0.6088086539709986,0.6121345532322737,0.7024402375590033,0.5622361727538719,0.5621233405451707,0.5711190402328271,0.5751313725170489,0.5379968549548906
935,1.5026033366625782,1.4811599497042132,1.473776834835884,1.7222591567299375,1.8062956230674996,3.796206387197545,1.502443804956643,2.9456329071392187,1.4573144524162724,1.4525259796378707,1.6498267830975728,2.0783725147879863,3.5593639358255813,1.484494653357473,1.4543622551992128,1.641688021879567,1.7874732820000017,1.4472067599365548
936,0.4883584613267972,0.5101253283834851,0.7072792437508215,0.9478046398137513,0.9538718743932431,11.418166977611323,0.4884955056072661,1.5005802742034053,0.5661516731236605,0.5039867275957896,0.8787708774474251,3.778195287986469,10.437465636227413,0.6213366567451389,0.5287790611633117,0.8110924505584846,0.8185380184287029,0.5065676282408847
937,9.755080067491823,10.309735700101063,10.746826968350659,11.306651908098798,11.282931050150637,10.611425684434549,9.75881400902743,14.007081903453605,9.910041519306281,9.82396697818676,10.234551451962126,10.28113413353151,10.518452548305751,10.48892592659089,10.304787500094823,10.204098066169125,10.51871955057497,10.250412771255519
938,2.119415919046042,2.1402841887502677,2.1598195173525774,2.6937875810464917,3.2074477687289065,2.775606067642284,2.1143955167845156,5.5351202518987295,2.1854793646605937,2.1453310856641066,2.6872289093486654,2.7350303835213707,2.7484638111104123,2.2498070963322725,2.1439584425272042,2.575450522362564,2.642884065799396,2.112099900559517
939,0.30194937220003343,0.25762834497401993,0.5921794982837179,0.7640348188556677,0.4206391301586605,0.2651924222630262,0.2979921002341784,0.6046635975048833,0.25237520045489464,0.27587925941439057,0.24944299879679688,0.253763479752384,0.2560258213307007,0.4150850092271732,0.2976318332302403,0.22339287902783203,0.24495785460051947,0.25744763458765446
940,6.025347786947191,6.13653846523628,6.503870449706848,7.151552797526979,7.904304678944787,6.3809523809523805,6.026202855653871,8.761904761904761,6.314445916962057,6.314445916962057,6.6400405041168105,6.8472823653177235,6.401004224572138,6.5077107738812545,6.25228702289418,6.365724461144676,6.3809523809523805,6.134229002678623
941,4.092790963751742,5.732649783186218,5.195314282209985,5.044101675883226,5.165236267125045,6.553777161315781,4.120224353665597,4.692112560952746,4.076746240483639,4.088269079436794,4.577398865980336,4.411475374938792,6.209224162142736,5.25545253224715,5.509869315461574,4.080809428638445,4.714463045665594,4.959612412142462
942,10.478605952957865,10.960550854654583,11.320525678253077,11.800031072601977,13.073487961512626,11.231884057971014,10.474421361430469,17.184265010351968,10.797694682095873,10.575491382035603,11.02080290510284,11.227785580060301,11.148233171508608,10.940290694782727,10.846846726182905,10.878801251210339,11.231884057971014,10.798032517122449
943,2.5409184714536823,3.3628184320247283,2.870471356043737,2.7886684739870167,2.8353213849544177,2.8746024378923423,2.5498816132919795,4.600100505993001,2.550755210729969,2.537675545278342,2.5081102889870373,2.4618154545892015,2.797940558446952,2.962466723168326,3.175491333321156,2.4416933475737235,2.683030652439443,2.7419752755277904
944,0.885798313986592,0.8719673918832788,0.8727211865750926,0.9169788672631558,0.8194903247927372,0.8496093257097351,0.8889537400839499,1.1398925119938947,0.8482373448247627,0.870681064147795,0.7310306588226658,0.7238379545515414,0.8270681202309431,0.8161840423548193,0.8308646711394795,0.7183845508856758,0.7895210724383865,0.7208935643099202
945,0.3856945399532945,0.40938258264157956,0.5518903142325163,0.6711316563597585,0.5099153146110846,0.42539950213648,0.3868277226096401,0.5901858355956637,0.38439434839072684,0.37981636401838587,0.4204455856010995,0.41302632111206533,0.41924538618048396,0.45478881649915864,0.40703268346424876,0.3921091915875817,0.42539950213648,0.39291132446907256
946,0.4099111474274044,0.41436097284698475,0.7023771980258434,0.8179280775139701,0.5744424655750396,0.49448880814968077,0.410050228163441,0.9625717785296158,0.41053221930984557,0.40832452746017806,0.459802560710136,0.4602495792664229,0.48438544007772055,0.5157808886934437,0.43084166642868027,0.4354055922958003,0.4538902462902017,0.4088437943997763
947,1.8189425076917296,1.9072025953148177,1.7686921666619992,1.8701249206660868,1.8467876169093185,2.1004667958277974,1.8234218906815747,3.610674345728546,1.8353070054530984,1.7971390611157432,1.876545508479625,1.8751630703122215,2.0690746510311695,1.7984665074094595,1.8420608200132362,1.7996110837133124,1.8019715745773244,1.7967478719140608
948,1.574849324897036,1.760932570786471,1.4681401752534116,1.415922618946915,1.5323604311075583,1.9034783949713956,1.5828149998576684,2.4869359029952363,1.5731503558169286,1.5670715036049099,1.5835783749697312,1.5836853099149473,1.8594180171845427,1.4737739761955426,1.6185522644690238,1.5120338420501458,1.5323604311075585,1.3928179852517888
949,2.9261582348503405,3.150912762245003,3.0071173023377153,2.7728189882346967,2.9801283873385724,3.7023809523809526,2.9317941707326614,5.214285714285714,2.9055611814540487,2.940587303186799,3.088235921841362,3.088287825583935,3.618204623716426,2.833815740420405,2.9933419211584966,2.873922517774657,2.9801283873385724,2.741347998170184
950,1.7378728007365325,1.8161297745386502,1.9774807851610994,1.8920168984089443,1.7303288316620813,2.060846560846561,1.739862190811402,3.602733686067019,1.772770269287915,1.7272705975285965,1.788050440159432,1.8032094594948724,2.0267688094030416,1.757328569111431,1.7693905482007948,1.7164717220261254,1.7303288316620813,1.7441516291594246
951,4.432583989142056,4.554932512893107,4.799820165122547,5.264438567033564,5.886747159399597,5.270977719433049,4.42912394401868,8.839331198959076,4.414920480860165,4.44190687189917,5.091852724207292,5.091527106966141,5.209172478265843,4.690456572486515,4.556527184536034,5.024097716906554,5.270977719433049,4.537295674305454
952,8.964347630702179,10.485700110734681,11.19282425164517,14.247584513433083,13.880646937675593,8.83469838162977,8.916206358226372,92.53640810653019,12.153869545352409,8.596390729253399,8.877561951818008,9.914488268834111,8.812790775176534,11.630377964048884,10.766867808531961,8.808570318759775,8.83469838162977,10.484519183956651
953,2.08904437745958,1.9213495376838008,2.196743894916267,4.393051395149466,3.80262172631693,2.1475925981495263,2.0518282379588,41.13679108259348,3.400222685436719,2.2203038829051818,1.9702543780491242,2.102047975299944,2.064462809040573,2.7478532880697224,2.15370771503491,1.9049271077654009,2.1475925981495263,1.9185492633775338
954,6.112804999169417,6.053951413490744,6.7748153704735214,6.724978863637282,6.328439790774364,19.82142857142857,6.0602518839487765,15.261904761904761,6.681433059846941,6.546427055764364,5.307744804209253,8.273294865779325,18.234467662484654,6.125259568521227,6.01906533869267,5.120744332727569,5.296618982226242,5.763581866306084
955,3.7937298491029576,4.504882429342771,3.880194358018386,3.7218308278339607,3.574496728071514,4.9839738574637105,3.810247516045008,6.303980679310384,3.747079112879904,3.776446096889621,3.5573611722069036,3.7734799760572533,4.817406490819131,3.991522099249067,4.270298010263857,3.412135280439454,3.4312071030687004,3.7218308278339607
956,7.19264598625283,8.856267949768167,7.133939444674387,7.752670724068694,8.20058434294705,10.18195297484723,7.242833178481352,8.777932983831342,7.133818757218241,7.2006419131223,8.876004043522997,8.843735424472166,10.016853228711478,8.188551266557033,8.561360939596975,8.157412694973914,8.20058434294705,7.752670724068694
957,3.358288295851615,3.495582887816583,3.090990212677626,3.246709793005125,3.4465760968724957,4.142857142857143,3.370025790536085,4.690476190476191,3.2546810679834857,3.2743684320264546,3.613322600901954,3.624838009088878,4.075766154510481,3.249453274678679,3.367924706785699,3.339342601399851,3.3712800879308613,3.0144194211234265
958,7.362046788778962,8.380356810228536,6.973777573973083,8.19530588769968,8.611716738684487,12.382566692776741,7.389885471377716,12.48968232160699,7.389025467801054,7.429254283035649,8.870776886595264,9.213681981411233,11.950166845551445,8.139862923373128,8.248646833344539,8.395635837287662,8.611716738684487,7.896261381137907
959,2.798768094051818,3.032765500196106,2.7401788989556426,2.937106007635722,3.1362532977373867,7.374338624338624,2.808650710853614,4.533950617283951,2.8172518026005786,2.806127698322276,3.2375573848585364,4.24809988907104,6.971067104334839,2.864446320105286,2.9365203640452275,3.0372537296590765,3.0402371221101014,2.79591392845704
960,2.8401799923641544,2.925237373827866,2.972148710301107,2.86629854139397,2.90537653454284,3.2826278659611994,2.8436841333217626,5.0546737213403885,2.87089401898294,2.9113893166831115,2.966847529062177,2.970091157830621,3.2402222013302158,2.8135971921550293,2.8608603174493186,2.8753374951115895,2.90537653454284,2.7827756404238193
961,0.5549400037580492,0.5010541240033631,0.7212947254111657,0.8960518869936154,0.6989328602873597,0.5633715087324087,0.5504056306868015,1.171791946350078,0.5256465222234618,0.5054403993968064,0.5036245006011855,0.5074330831819366,0.5466429470578459,0.6122048646600227,0.5247908664647949,0.49177009669843746,0.5633715087324087,0.5005587231409148
962,0.4660730073290596,0.43413630728378455,0.603439225773268,0.7275462770688629,0.5891462895502023,0.6071618679323213,0.46323759275412635,0.6936682858667532,0.4107848764600101,0.4444144796332982,0.4420745968690718,0.4661422200753283,0.581178835866688,0.4882359405017729,0.4335508761690876,0.418986230100389,0.44287122697793496,0.3814007102423845
963,18.592488178109353,18.94002487950423,18.412880202725173,19.850807457836602,19.718116010966394,18.405939315885625,18.568162209587456,34.90390740268978,18.771112934558417,18.600490657798446,18.454771126425992,18.65771021197929,18.394727834864792,19.144138531004966,18.961363707064812,18.335725182336674,18.342593633262187,18.681630031931416
964,1.3000961992167381,1.3233578983967915,1.2090986193553492,1.301454731336048,1.2727210475891235,1.216153098452007,1.3058690525148922,1.506203361488419,1.2763862999742317,1.271739428988316,1.218881102891382,1.2121156040670211,1.2128404168076896,1.222455159720694,1.2614085256913785,1.198566424028323,1.2135879119295414,1.1653919897412772
965,24.581324201642033,24.69607002548386,23.941780428591375,25.8534046320131,25.54411039066031,23.945529840572032,24.547033320623527,47.02474694389242,24.934170637004637,24.576939323729874,24.028062084498686,24.33018345936944,23.94667790338957,24.991536635095432,24.746288502851755,23.874629864585994,23.87719937768358,24.371486940418837
966,1.9780593847277441,2.431649042774625,1.99471441867967,2.2904764683393086,2.5078898403378154,3.724673615567667,1.972307965146251,3.8479065419448255,1.9951244389754867,1.9801410294860784,2.3900344707767847,2.499777712654033,3.5466986638994196,2.224401861363313,2.315951555603623,2.290938006929499,2.408275273467033,2.1803436849335047
967,0.7204581400871679,0.7267489467466605,0.6381430493674568,0.7642717714442376,0.9291727271103852,0.9817935816763185,0.6982070122168299,1.2136802842860683,0.7229961071009733,0.7307398669404849,0.7600076730413519,0.7588204616561133,0.9417966273279464,0.6280371058493756,0.6590706296086888,0.7365681248013556,0.833893903173473,0.5944794403094753
968,0.692315239955709,0.6926565404979138,0.6010677250757694,0.7382281646751035,0.8401778231917593,0.7286820147734893,0.6800123662768685,1.3001479060596182,0.6740084931769058,0.6990581395378225,0.5894646104113538,0.5941108648955277,0.6980961849178544,0.6037774924459582,0.6303053548433994,0.5810712355421707,0.6877204175370007,0.5672402186175222
969,7.477567323506913,7.786257948671615,7.649362767098125,7.818070030397673,8.364862006800996,8.189958592132506,7.4622111415435635,14.154244306418219,8.069118507769392,8.11321011642268,7.9594105632397465,7.974285398928889,8.141110031763736,7.651275599617549,7.696051795469887,7.6862469013461086,7.723324605613759,7.417813526790553
970,4.494044343975077,4.448373165992911,4.419228656728537,4.707493563752294,5.0172921298943045,6.066181150031905,4.461234995308472,15.379035461933872,4.747487922259167,4.532576949270436,4.986330692619005,5.188305621328891,5.946584805484524,4.432260034594061,4.40696631416652,4.8897425972227255,4.944985298447119,4.319597596220524
971,9.16763323356078,9.959258692251439,9.541648266016493,9.822236150705917,10.001302840838528,10.015757401448498,9.132945941908742,18.001060271002718,9.180810417314328,9.181607151170672,9.362766776779766,9.440321988478923,9.90707512821173,9.724193746620141,9.825259832032872,9.129883136165153,9.35905059152114,9.47048965807209
972,140.0434884514267,141.96516442971222,139.4513224206941,142.10810238248865,142.46888058665164,140.255291005291,140.04043703297916,273.22310405643736,143.52511811347145,139.36392672627457,138.9197859791549,139.94220473784776,140.09619308331554,141.16750717407612,141.43751123177196,137.73025694369446,137.73328031437384,140.5502140888942
973,2.2746082715937055,2.1861184634557396,2.4656083307266274,2.2589166036137853,2.1616125058204605,2.3522927689594355,2.2761827076595904,2.7676366843033513,2.2233316323010963,2.2340216178569734,2.198707151488228,2.193716363097987,2.330743863687015,2.1465918528816794,2.1520856558693757,2.07823439681569,2.0910341345032797,2.018793137272014
974,2.8144694077216292,2.743284385571157,3.0291127628795302,2.867017458052833,2.7979550906458144,2.664285714285714,2.8166257865308975,3.5366666666666666,2.810540737209885,2.740068721200205,2.674925052876677,2.659162037006519,2.657297093666463,2.7262270211647386,2.7175197036532484,2.6344566636564224,2.6538445773613932,2.569627066951823
975,51.51928666209803,51.52073931011239,49.388860189529844,49.72797760393299,50.68470692731972,52.91005291005291,51.550645320490965,53.12477954144621,51.38978710780316,51.40157047344088,51.66862088014219,51.68563348256629,52.777553788053446,50.536887215485855,51.10620537429295,50.555003756412816,50.5711267496609,49.53324967892382
976,4.322376648125865,4.247722428305428,4.5529387633321745,4.422752559148307,4.218361865781589,4.3690476190476195,4.323418728952062,4.190476190476191,4.321283311321823,4.30009952842899,4.2389765136040705,4.243546762960294,4.351983315287998,4.2591155422275575,4.234010405514444,4.11413335743049,4.115737168768278,4.088447997635439
977,23.010472372459887,22.63555132591034,21.7722077019677,21.929763344891473,22.363885571960395,23.22442680776014,23.015453079028987,23.677248677248674,23.00757264372493,22.925203479523628,22.71441756535832,22.735600354857954,23.17027413731972,22.20291975242135,22.44336167659965,22.282638868201655,22.284378781489803,21.66511229349702
978,43.17202733848694,47.55324915409483,45.269842919874854,52.962790249398864,57.95573505166829,51.36904761904762,43.11139556808785,86.59523809523809,44.65087087776294,43.11637151256904,52.183639874973544,51.10387556567988,51.02226399443981,49.106957144327275,47.898477336407105,50.26671269499578,51.36904761904762,47.378895795648646
979,15.184213508157617,19.546385301807092,17.259147281290556,19.11272336664104,20.88711464474281,58.03622373100965,15.154395269971857,46.944289953961345,15.19465449564548,15.370134001446688,21.328465679299683,27.027177820890383,53.81621491696899,18.892338270464272,19.179834633967612,19.38673084477917,20.227349762670926,17.85416236474157
980,20.49188165064057,25.68598344803593,22.264705629789237,26.34513454133935,30.1729101172283,29.73196070771851,20.38551693401735,80.86583661099766,20.16082380097619,20.421657343253724,28.15520717531989,27.906852977503814,29.365347515549775,25.4721414331737,25.470026427327692,27.40868635974684,28.017747967534646,25.043918461281294
981,17.15579510120371,19.693425414262816,17.71701385741626,20.300119473287356,24.110321227964846,22.36524812825617,17.088083328131937,53.88439902814462,16.77557730370729,16.934935997980308,21.647167788916644,21.772353065667716,22.174069776877474,19.522493659052227,19.511225803845093,21.5004209872304,22.066492938000874,19.363700815696532
982,9.83347931702321,9.8429722022557,9.377628916445024,12.910209410686376,16.6287349596483,9.990333241268281,9.718907608412275,51.64566258027619,9.707156202292154,9.585268762008685,10.736965966392242,11.847522946722195,10.044471207977423,10.759711368603854,10.061616803706839,9.841016376227802,9.990333241268281,9.842935233398988
983,11.713499315266866,11.627267755053701,11.159219757356794,11.125116498472677,11.218011514687907,12.034580953680816,11.720131415189696,12.508532026051155,11.874696528600339,11.806368024507393,11.547993618294663,11.541430606016378,11.977628012379256,11.292023196448639,11.472969388336182,11.062999738038279,11.071587020472117,10.897706569322537
984,2.456473160184922,2.314461552326368,2.1142205617019165,2.1849836311403945,2.1582447031388856,2.6127020458499084,2.459992391079281,2.2400740374310684,2.378808827452325,2.3991032592580264,2.316851070005342,2.3234595397959903,2.57819655012166,2.1671444765608565,2.235715974378758,2.1180118113848416,2.1328659636839498,1.9578564753049772
985,4.074976795932256,3.971597772478372,4.036588452685715,4.204985669630067,3.953811327322709,4.206043956043956,4.077354367893697,5.155677655677656,4.074446915030111,4.122051603029225,4.007555567585222,4.007646969913506,4.179698996971627,4.002001428925245,3.9630495649461666,3.857387754806256,3.865642901736795,3.882154235487414
986,20.620181709121738,20.628678151226595,19.83762324723767,20.26270058990422,20.2929069036044,21.08809523809524,20.630067777515173,23.116666666666664,20.74225927092137,20.717175843714504,20.629782044685836,20.600727619090893,21.031278865536503,20.364598915863212,20.503584747952715,20.17993839415274,20.18338325339319,20.068641573260262
987,0.9071207172207308,0.808531617374347,1.1447244395420395,1.09906907311053,1.0203185958656151,0.7719967258126864,0.9018193246227155,2.477698367342018,0.8641866200948677,0.8567284561383944,0.8233345232174827,0.8292034897356207,0.7716915268056622,0.8773875380536013,0.8177349119207276,0.7689436348063601,0.7719967258126862,0.7316074330394895
988,9.502013963635155,9.505168846888147,8.942815374012648,9.480507671662602,9.57287739976504,9.96583365156966,9.510472586995476,12.071207846930678,9.708631425183443,9.57788351447856,9.612213408892263,9.630098847305955,9.919727070090763,9.368795682956518,9.42084936299897,9.348365319073284,9.37962916822507,9.092930433278314
989,3.1098547404928634,3.6783664469280684,3.168087355904857,3.212142749428722,3.225038888578055,4.572161648408778,3.111098387469305,5.562919989162281,3.1019101162380367,3.1097107811773537,3.0343052953703378,3.187801352676351,4.369753716412,3.342674942756277,3.519470727958044,3.0190450779576756,3.225038888578055,3.173393295655748
990,600.4326094569118,602.3537237569312,599.9400903907866,598.3774346116705,598.6243406808179,599.9353594678652,600.5738240192825,605.2936674500528,600.512048722917,600.2787024372828,599.0288035937481,598.9005044570176,599.7977328612214,600.2130090952613,601.4608210708939,598.325041663736,598.4585145472835,598.2267120829172
991,1.827940290646727,2.0201190809311274,3.5840161387814384,4.590055748530971,4.3162521239098455,1.6125311343019983,1.798529098538485,55.3160954000254,4.848237093296064,2.141809984396663,1.569228679625138,1.9850647173777904,1.5616450705540459,2.8247006682568263,2.2266588967075935,1.477692235801933,1.6125311343019977,1.9936591805148287
992,1.860870214999255,1.8015320801017713,2.2222305206079875,2.138450491104853,2.3382466489047395,1.8844237050424448,1.8574293640222963,4.683562807765999,1.8876069595555574,1.7976542014819386,1.9690429475429907,1.9533942850017458,1.8771060827609085,1.8752699878719012,1.8082941317542849,1.8251422759601674,1.8315787017635463,1.7684674898355752
993,0.639468811931418,0.7154850226692778,0.7398522739776611,0.9799679071591729,0.9126997536553377,1.040931017459269,0.6374947282406892,1.1668851498760582,0.6384209699798887,0.6430050161880726,0.7967944890337858,0.8130300913531676,1.0034002483702866,0.7346514368833413,0.6960135816274909,0.7327730463525627,0.7630104880969394,0.6800385362084741
994,4.944340207652253,6.042311698140913,5.4168261049237785,5.233212014098516,5.073950608421775,6.311600254703831,4.968796324585474,6.583616262246312,4.938548403959928,4.858703635502153,4.920592517102807,5.037226666398116,6.1251635070084385,5.527158583838194,5.809705667072261,4.695115251122426,4.839131428814443,5.2331058452363335
995,11.898559468891804,13.096781624831541,11.923018461347318,11.747145888944482,12.100149562796297,12.180886605763869,11.947558352245784,17.193231289447336,11.669548931030263,11.683695674506625,11.98576535651045,11.44130952727295,12.04400012778413,12.316812813547829,12.759557873916412,11.100578993264037,11.33928136011608,11.71450301302417
996,51.2246135171636,54.71129841816573,50.608373209193935,61.24097620538772,65.15174278510042,152.34252530453622,51.280137454039846,81.25292723110024,51.05912589751483,50.576887596963786,54.304262434992125,71.10532553942123,140.831042562539,56.58873132930648,55.129294146829174,50.88149055817785,54.071803203633486,54.00520086522723
997,21.377566501206065,22.999070872170876,22.59017966945954,25.63020778804704,26.904258162041216,23.77899997352289,21.388192668102608,78.67454809210861,23.541636153104637,21.622622171229295,23.580594392243835,24.223833158254422,23.722881660138558,23.827918575911344,23.213796972659633,22.340449346351065,22.349409012564738,22.53762242029721
998,153.05466118747952,157.26881820500756,150.9996607740767,151.676546063132,151.4201496034071,129.52455662424822,153.27205052743855,151.01806446401656,151.29467620967952,151.4933593292357,149.29292540811926,138.7391743075414,130.29003230001175,154.36491993603764,156.08139596989187,129.22769019663048,129.22800825617142,151.67654446125235
999,6.936985548872189,6.93580860201336,6.588479786667091,7.455041346267948,7.685451538633662,7.578541615205577,6.923246633943228,14.679461674792869,6.942677516266966,6.963710875948689,7.3413328619103515,7.366941286319154,7.533526606162893,7.048776299142923,6.945799998865731,7.262779449847411,7.337916288685996,6.876065074389724
1000,20.216926588970377,20.716571495614975,20.03317036645026,21.058984385950424,22.63200604599352,23.347442680776012,20.231306036180086,41.70282186948854,20.51573602743089,20.282693899255396,21.433141180107913,21.615142664000956,23.050500326153962,20.59100573721253,20.595119863397155,21.281630840792715,21.687127173596128,20.547586329297513
1001,105.90304933499426,111.23026117081163,106.33676159562458,109.42722888237267,108.75042036556052,111.97831279130169,106.00772974798797,169.93257152743197,107.94465110602732,106.38720462913727,108.55374047206219,108.68816462528027,111.49843979891598,110.13977218418354,110.74871209398232,108.25409079917152,108.75042036556052,108.98446758088069
1002,0.6986884376721685,0.8873994435514433,0.7644010510939578,0.8901752368592356,0.916980935104617,0.7774242461422213,0.7001139754238919,1.2189336700465347,0.698027173282567,0.6984410542202532,0.769182795711545,0.7740841813402711,0.7705095828265431,0.7904083375621213,0.8249920405213422,0.6857779632112301,0.6884798587468497,0.768190511895436
1003,0.1390154070935224,0.17884293903899642,0.9251653667720738,0.732843890323274,0.3437137746745917,0.1401098901098901,0.13862325296306632,0.34249084249084244,0.1432674915948923,0.14009312712559283,0.17221755516862292,0.17912244339566916,0.13836010042877658,0.37397272457071473,0.23724588762518284,0.13543549944892616,0.1401098901098901,0.17884293903899637
1004,10.383402416238178,11.262346141879283,10.311398917009317,10.21165187647284,10.630401160237296,12.164465487924259,10.397420272702272,16.583686641934214,10.389674975481542,10.343139224523874,11.036536045171355,11.044247490453666,12.020656963150762,10.590512002960724,10.958455604820175,10.628392665863126,10.630401160237296,10.205760769456854
1005,10.837983380810025,11.283146504533548,10.332185286737515,11.335287556821553,11.804865147064215,21.182980599647266,10.85417195631282,20.0705467372134,10.766538012589903,10.760947545553407,11.654087059337686,13.871484130067387,20.215811465793326,11.182654462915274,11.212574671623292,11.549586805218832,11.572830640895296,11.001791198366568
1006,4.290151830145847,4.606174889519519,4.998529727822642,5.566753104092707,6.3778247833679975,4.383092798678039,4.2680119249856,9.240874296560358,4.365062385809614,4.26520660287314,4.780086677859615,4.762601132131185,4.365436442723087,4.85398897570649,4.649506518930397,4.132108071218138,4.383092798678038,4.571656775290143
1007,4.959218815869041,4.145180293560382,4.007990547574793,5.44864917885896,7.35469158906074,3.567651790335221,4.879883238948516,15.295606213078528,4.411244063629833,4.298025870678153,4.282173424811715,4.679469995873409,3.608480458444829,4.4245025647650635,4.16753028089555,3.5663047739091382,3.567651790335221,4.021399971814966
1008,2.1978187126986466,2.273510205580644,2.5065248161242155,2.2718924125609186,2.4831457242238457,2.661816578483245,2.199901481711932,3.9316578483245146,2.2543361598840055,2.2114132875857417,2.443893049125036,2.4506076058264497,2.629727062120127,2.1795690571359496,2.2135820057384064,2.390908028373595,2.4524657822072107,2.153166515519363
1009,9.236259396055656,9.61901560160568,9.104365932756059,9.831660506189907,10.415796032019742,11.419497748715122,9.231225908596018,17.906153672377496,9.340537471460435,9.167420617902243,9.640889915000644,9.414776871842067,11.083767359360527,9.573616211487503,9.564442603379938,9.242311177602149,10.114156971434056,9.522572049149412
1010,1.0073191875044787,1.096646599179324,1.3801191634380203,1.898038597310329,2.357214330174672,1.0397356301467147,1.0022447962335668,2.25447091960124,1.0811402779073247,1.0227222317932856,1.137407197015057,1.342496972909915,1.0379737437704644,1.3069906352589142,1.1350997424945413,0.9994550389638001,1.0368906265596924,1.0365485371224048
1011,6.23245700307665,6.316667042900851,6.611261425244085,7.209557268329726,8.136355855505805,6.837877392331246,6.222634766245917,12.86717060618261,6.2997668308421,6.183883091285015,6.991899164291084,7.0747526228244455,6.824452155282096,6.554673791607928,6.361844535021915,6.799766942926237,6.837877392331246,6.313045171561835
1012,0.26980966788979327,0.30948436439159904,0.5585130986317329,0.8517250520604285,0.54670694893486,0.3680870991723797,0.26929396411143597,0.6208865859165459,0.2766209316039648,0.26604587546610475,0.40779793425386474,0.3941239202850879,0.36499620194448257,0.4959832793416264,0.36377478743935704,0.35091095871199757,0.3573116413257635,0.30948436439159904
1013,9.164659248336022,9.320372507140725,9.646412927693282,10.190858636308754,10.707570046551915,9.32390054560022,9.160804074185167,18.99845859311881,9.362128842523402,9.120024622395208,9.55323691136269,9.688516983166108,9.330912541194909,9.556825065254484,9.367243808833368,9.31342234119477,9.32390054560022,9.320345557044638
1014,6.882343188681337,7.370893277788312,6.59791378804724,6.703799589839065,6.994598608741374,7.465234687951708,6.897520619303538,12.181057924296711,6.971309468677042,6.918437203746369,7.115240077289145,7.107377792262786,7.4184205013352775,6.926114501073776,7.166286103244919,6.899157153861689,6.905916651278957,6.692783682913351
1015,155.03952792921464,155.40299054572938,150.17506816314346,159.7425152750334,174.191213332709,163.55555555555557,155.10288284903638,265.60317460317464,155.860871647977,153.2739082816153,157.40159534433172,151.23782160765856,160.73658150548323,154.1392809160288,154.07347341520457,147.39900226939713,158.8388485516106,152.6403033964712
1016,2.2376804867068834,2.3841242535626024,2.2969418988572716,2.4998809193435627,2.565982482119631,2.6865160346660364,2.234719190335097,4.46191359934043,2.194397352702344,2.1619739612037883,2.431367659450921,2.4334613553931654,2.6438596554687788,2.311592661088031,2.3238132344851614,2.4113836188043023,2.5028110631903293,2.2666945449235945
1017,10.730534289809661,11.856418216547041,10.483236778376428,10.272517515118247,10.76715749570647,13.29955256365305,10.766006369186728,21.265920452137838,10.571624898405721,10.681949103355123,11.575881357103627,11.66293001984908,13.102552058387893,10.933282397949307,11.455679376815946,10.766788275485444,10.76715749570647,10.272517515118247
1018,80.48381044003239,83.91950659410405,80.65155815397809,81.75464613377915,84.94042767270336,164.95238095238096,80.52964639106635,142.0952380952381,80.96316750424454,79.89577215630004,77.63882980668342,89.09037701611275,154.13913810207552,80.88018385667372,82.23412329738763,73.21939402417281,77.64775055584731,79.118665725833
1019,2.4089483528479545,2.6046522559937655,2.632160798439273,2.874585416666614,2.9815371965510953,5.822482736664919,2.4067594088861504,4.927477832082384,2.5421603352353124,2.425443007446891,2.8929369086707872,3.4498910269801186,5.499532861129929,2.6151287715234766,2.578965246652039,2.8092778080747682,2.9815371965510953,2.5122273593126168
1020,793.3251485579793,793.8173553719557,784.3146588626238,790.4807997098428,795.6108819214737,753.6119118637738,793.4386344795192,797.0588840828951,792.4407440858145,790.7309519719141,792.3570401207004,773.3285587160049,755.4681211131011,792.0248163093553,793.0705170513451,753.5406674488945,753.6119118637738,790.114281206029
1021,4.190715374297404,4.144372161101362,3.6687841052925414,3.908025647490206,5.094489799865777,8.965265632359376,4.183134249213446,8.936298887970894,4.489161732618245,4.230226316457242,4.904196728292152,5.391951839640666,8.460520924205033,3.8832083226293714,4.005588886112626,4.589864627269424,4.812123062267587,3.412183545185762
1022,1.3779160290827486,1.3902830928508463,1.4510116113204727,1.5929520177583107,1.4361541397348967,2.037103103917397,1.3797722049788443,1.9522830361023125,1.3923950130078901,1.3661701420352153,1.4872860904313836,1.5719754427718067,1.9757715516879477,1.4033926327591575,1.37435292740327,1.4339174809524564,1.4361541397348967,1.2575020603273661
1023,8.29988447037677,8.73738816366029,8.006557120318286,8.172160168931772,8.249642070242215,9.622993153654784,8.318383458494546,15.186820788669138,8.285817741000196,8.1827026426535,7.880629489920387,8.095599808563259,9.394589216840961,8.300604805918635,8.525674174073053,7.863603385366292,8.12080336216208,8.079121897497275
1024,69.74002522349302,69.7983341348035,67.69615177099169,68.13305298475089,69.15918414436027,70.92857142857143,69.76740330715128,71.47619047619048,69.70342738557783,69.66670728047765,70.043248841623,69.96847088235678,70.82577475258014,68.8907784792509,69.41733225325616,69.0847083516865,69.10179925249979,67.90222298890305
1025,5.8666577303041665,6.095114194271052,5.488758967377866,5.828706120036398,5.985388832304376,6.474262854713257,5.881484479842551,8.486276521509419,5.899618418547086,5.639059449283408,5.513542636928118,5.159812140806933,6.246516550079453,5.839264341212627,5.9633392572218185,5.103954588963188,5.802525534775796,5.464511421696327
1026,38.72440203171495,41.621140258983885,37.208631761942534,39.0098573621724,38.45113372103047,39.69047619047619,38.843099512296696,40.273809523809526,37.20803732255617,37.61592048077882,38.07153040383516,37.99647892322202,39.42438712082296,40.20285604280271,41.026792308245305,37.35186169733242,37.70311674942342,39.0098573621724
1027,2.3706973779888263,2.3639834756561062,2.914395608076697,2.7522444164234288,2.495714480694265,2.2261904761904763,2.3712298025705767,2.1785714285714284,2.340166911638783,2.3428487206257866,2.354226795255428,2.2974492889381204,2.2276010704098574,2.4829704273275124,2.393543811833727,2.222955474441164,2.2261904761904763,2.3602819900963485
1028,6.609174715343607,6.468992325395452,6.174162634246521,6.0245617122888975,6.157223167454679,6.911428571428572,6.610439811563043,6.881428571428572,6.555487903706049,6.518542294898382,6.493901121630134,6.4091267175705795,6.8499304623743775,6.1396618048139215,6.311552465796058,6.141699236430948,6.157223167454679,5.923379016989607
1029,1.6385598074198136,1.5377400725636499,1.597261802295295,1.46540251025033,1.5074397847018142,1.7569200489584158,1.6408860687048215,2.2029328975452223,1.6645427802046158,1.616935374143542,1.5616548344836534,1.5720509599534946,1.7330215339390278,1.4221688680301323,1.4724550091397972,1.419455671110116,1.44136150889189,1.2270174128285045
1030,8.4671669758873,8.549257846190242,7.45970514211201,7.5063190748412145,8.031145845840673,8.92962991853453,8.452668626170725,10.511923720945957,7.9090434250741355,8.105058129714807,8.20136784005654,8.192851880374393,8.83007387455533,7.929964890378884,8.278063007032857,7.813073492281194,7.911621620908843,7.380730426149846
1031,8.199552240386899,8.210115621761863,7.707233413741702,7.853070520084393,7.952861902372113,8.647707231040565,8.207450167820433,10.814814814814815,8.02629180327393,8.089868316828197,8.207431663904027,8.197858548148465,8.593504021081145,7.938811469023587,8.079326376210663,7.8434675471533915,7.8434675471533915,7.633232053314496
1032,1.4504145611823676,1.6144881693240214,1.4955542291296726,1.5336953566230027,1.5613819018083106,1.5299646081791234,1.4481546726754322,2.8354463746717067,1.4656338646419849,1.4565452812059145,1.4624816974231483,1.4594347023067193,1.5151501478500533,1.4799399448722272,1.5380724431989947,1.4295385263024698,1.4658627948026286,1.3969023834193741
1033,14.424677339895759,15.526603624690788,14.78897917772917,14.260606492957868,14.143979131695813,14.430666716391363,14.45841478672935,14.863768660252218,14.389501400010372,14.407948709285394,14.16787065900767,14.179889805642139,14.395920044660308,14.767162560555413,15.192480999452094,14.033849317882924,14.066074284529947,14.248498824999237
1034,5.914212996261161,6.683166610861345,6.147683870450429,6.194531299271695,6.440119302447807,6.656711580274816,5.933444344373537,8.76549902384287,5.812953971896761,5.846672126206589,6.19196528044928,6.206828113485038,6.580980374086974,6.2845506628050485,6.486688641496073,6.1785238085887,6.355887318479685,6.1143752687864295
1035,8.78187605089329,9.217148997951725,8.589615206247705,8.535774870091238,8.938009182125162,8.261789434420807,8.804398938311879,9.210693625346993,8.792464232978249,8.707644870969618,8.59811815932826,8.472112969652612,8.271321017468157,8.793468748804958,9.027758533841054,8.145154284638815,8.179745618202588,8.503543502941115
1036,25.79232869909119,27.253455030016735,26.033403466960277,25.827727491529075,26.009236910529662,24.55775829162687,25.858950976939656,30.889584100001827,25.76508087024341,25.407881918335537,25.056672436287247,24.71629936737484,24.522564558168355,26.378917781711678,26.864838495720022,24.01068083342447,24.15704668338371,25.7397732276783
1037,3.76547776271817,4.232434436647444,3.5662474583469668,3.500995090352383,3.8748439763622677,4.929128283659761,3.784572792393247,5.082800833522375,3.672749140460874,3.668462429461234,3.9289464999094434,3.8382896790287844,4.769311742608262,3.752994191041166,4.013365401014833,3.5679299778705342,3.8748439763622673,3.4889598937640067
1038,19.147342618209365,19.911652920419712,20.377707442522933,20.928176129867506,21.314385127079117,19.97661968688117,19.158584040226618,29.63692835237701,20.084872304140543,20.07534147568225,20.074286813561418,20.184488736687147,19.955915361535393,20.14780979920509,19.940810537708614,19.80508674711287,19.97661968688117,19.851508151639607
1039,7.473940507903248,8.96655995037797,8.400358999284723,8.296042145962359,8.2637883722495,8.61182091129301,7.493613044529158,10.240573326220042,7.489779426521853,7.446344191173814,8.15561888781381,8.179316610739093,8.545306558444725,8.469776506139729,8.72908068259537,7.938886743340902,8.04013526117045,8.240297730784265
1040,3.631608806595566,3.7313412298842876,3.378691472156415,3.367271339485027,3.408847076985676,3.6927686953082213,3.6431125064657337,4.679231367255321,3.5458220369391196,3.552780678498678,3.4640675089601203,3.4626300957367664,3.6618188342141598,3.456558996138977,3.5991689871351995,3.4029852859217247,3.408847076985675,3.3025174462647957
1041,15.332766324844316,16.499352644464796,15.693262362041517,14.805403007352522,14.7791443180921,16.147104819194865,15.349252041106046,28.00969062340185,15.32940171980006,15.321514159877504,15.234354386521423,15.258838912203572,16.039892519416146,15.517398582163528,16.074176001045455,14.776729436458899,14.7791443180921,14.805403007352522
1042,24.012836452868736,25.132578569807652,24.238212447786214,22.866806152363264,23.57193120130331,24.559778980956718,24.040754951620542,35.107200018981125,23.987246411661403,24.001003144671547,23.967588499144927,23.90934401950274,24.48064948836486,23.874872373597526,24.5995392943265,23.557083145978368,23.566496098461432,22.866806152363267
1043,20.470514162348852,20.381875361727783,19.950804535103583,19.681383325588104,20.301030936225214,20.666666666666668,20.47527432678412,34.702380952380956,20.64950922767638,20.439515008841745,20.403745808775366,20.353182292115395,20.62355824337179,19.95993857803265,20.19589486449966,20.12919069862986,20.14668196016471,19.63705393401717
1044,2.4918318949163147,2.4061591509526483,2.4508275120425163,2.426185777567813,2.5105851999766036,4.699294532627866,2.4956816195768154,2.079805996472663,2.4348877278725367,2.447341023356237,2.4731635555853204,3.0150674862207594,4.477783313779821,2.3333083598538784,2.357131449455616,2.3695625728890923,2.381789153651691,2.1687521111218864
1045,5.258795149980957,5.258889155788819,4.906589991156972,5.070210478956503,5.634643292415622,8.417435465062942,5.269896906500111,7.760842063096017,5.119350203720958,5.118831839323789,5.480327696934434,5.679210103148018,8.022398294068237,5.070588261973785,5.161018024967075,5.290655776488503,5.634643292415622,4.997201616889478
1046,4.898847863061035,4.8405999137151605,4.381571082919161,4.383927889945974,4.533117065606413,5.464285714285714,4.908023667458663,5.845238095238095,4.973231177779261,4.938548630856495,4.874113277389244,4.927755253023878,5.404247515836533,4.518296574295098,4.689126419338623,4.533117065606413,4.533117065606413,4.2313272749981925
1047,29.593921376457843,31.078286093083396,28.468773220429938,29.80425571279819,30.516539788529272,29.42636684303351,29.658845533438296,44.01763668430335,29.059292231455654,28.991137434904346,29.888722248520867,29.45071560491378,29.38193532524345,30.33157275905587,30.75327320494,29.181101444999374,29.367134618729068,29.74262150506159
1048,4290.398291051674,4292.877671101966,4276.161591969296,4280.650837890319,4288.144688135689,4299.857142857142,4290.642645524132,4306.535714285715,4289.883747509941,4290.853007161304,4293.755703411073,4293.8984401808475,4299.252049811113,4286.67702595593,4290.376478193902,4287.945743666452,4287.95666898836,4280.58911647506
1049,3.294501304520631,3.2866421592238226,3.386721833280504,3.163476317596944,3.201088253645032,3.457249098120446,3.2972546345335414,3.910089648464322,3.2644570167050713,3.28016053388196,3.2450300947594735,3.2614138467530402,3.4315676383620333,3.1422815158269923,3.2090312484450774,3.1198428710995496,3.1341717818546697,2.8649931030155398
1050,1.4555247714379018,1.4857250667617574,1.5777735778315278,1.7318182127916195,1.619997976093008,3.934514064549076,1.4583243689593142,2.2979105771552786,1.5362683159758326,1.4908787211863122,1.8036024098975165,2.345573544858047,3.7367685897883036,1.5177033715568031,1.4766600043070035,1.597312755830736,1.619997976093008,1.4111113631350742
1051,0.4245545513123145,0.43462636116668346,0.7772091909200904,0.9002502047225925,0.5629956446767331,0.43922026801539743,0.4228985850635693,0.9129167974199621,0.4259849763152513,0.40175619298813786,0.4302552848813848,0.43171113374838543,0.4322236405549051,0.585079063155946,0.4750412292131023,0.40531102957627213,0.43410043033628193,0.4346260104017838
1052,27.737105040363627,29.001654419328847,27.570375998446252,28.782965149452583,30.812059587415394,24.857989880973673,27.778574372121046,33.023801470065735,27.519293279693205,27.42309868347296,28.60031160191346,26.406102156421497,24.884198076518874,28.696305173178615,28.832473614177854,24.816901534897724,24.857989880973665,28.094797537590136
1053,2.751959047557651,2.862027210564209,2.3219932003688846,2.9013208091782343,3.4335797824705687,5.999599191147888,2.7655511532010943,3.274216353733522,2.589873997294042,2.632180262332255,2.791695871271646,3.353219657661215,5.612257953175901,2.7323230439698727,2.7743013121101505,2.68667536020892,2.825590434870717,2.492433189289178
1054,5.721836767744709,6.228172984823453,6.258377775235367,6.692619280312649,7.4972918394808845,37.584242664957415,5.732557578999818,9.059702315352208,5.649127381603837,5.72174179235483,7.362586616126609,14.402882853323382,34.533697087893394,6.246284011098126,6.184030486180539,7.34642500801187,7.4972918394808845,6.119144902034857
1055,1.4409616338284208,1.681433705821216,1.403831907191585,1.446012944715833,1.4839545896441326,1.726012820043976,1.4458630897185138,2.7871850223116375,1.4617205797492687,1.4478070159193022,1.5119554848064993,1.5146322381779855,1.6967431298574305,1.4602171216296649,1.5681055832712696,1.4185351638712362,1.433159574905492,1.411377730216877
1056,2.68283481251224,2.9846183845731535,2.858308226468369,2.936825020192654,2.936374885673606,4.329057642626537,2.6842286027855855,4.934068204867375,2.685298203821048,2.6894653367479555,2.891292243913183,3.0094348240370046,4.141000031157407,2.8461077631712257,2.9017067906015797,2.808469377531331,2.936374885673606,2.8355243425401464
1057,4.652243427898494,5.90202179247805,5.372488163770036,5.293868888228798,5.58586318629316,6.156632868790406,4.6778393593208,7.21862851550975,4.663781088343477,4.659196631277388,5.659526610808304,5.6703894514815465,6.089931255214098,5.477849964883535,5.703530171327472,5.512409814060104,5.585863186293159,5.289792621108476
1058,1.95685507131145,2.2779929919208084,2.104195562097992,2.1583705587246307,2.5287045195884765,2.773583087376337,1.9597811208695104,3.910790051076121,1.9713097966727593,1.9736953356669142,2.465159099750203,2.462102875844541,2.7254213827357496,2.123150211887353,2.1932483046829385,2.4038527321120937,2.482107022782603,2.0582933228259446
1059,38.28991028257563,42.19962526024097,40.62588597137214,39.74673046854863,43.14369223158787,139.9416715030054,38.354108901496154,51.07809469986565,40.57983780790444,40.251308332652876,43.88079456246977,68.47826778639698,130.7195338640636,40.215031039809624,41.22383233416799,43.061640344310824,43.14369223158786,39.569066985295215
1060,6.013973278198706,6.603424505527347,6.1307909739785,5.994290294837618,5.910571403664723,6.775395331926092,6.026331725547403,11.268426400408783,6.005303145427184,5.953470648229288,6.029667504375342,6.002051987226146,6.667377173204865,6.122110019210729,6.368479339567479,5.699774469207521,5.786734376648603,5.922569326065038
1061,3.3643240104163072,3.447230190586098,2.7771027155891645,5.51224112504245,5.490678802213654,3.4286002023207245,3.301467669631947,3.3127270033989817,2.7845004523367862,3.2958696775255176,3.0190261353102805,3.450296542622697,3.339928969982917,3.9696827369423,3.5337985081193053,2.880786083034092,3.1959684004039417,3.2632681366137675
1062,0.4768894458920063,0.5290578689539003,0.5680410335070832,0.6153288930035828,0.5920760529617176,0.5493412931111662,0.47812097520633995,0.7346751075290302,0.4686393614073722,0.464056050643008,0.4530037899196933,0.4541925292890687,0.529339963791693,0.4846994144151299,0.49031593516312527,0.4501527136426189,0.5346410548583341,0.4317729874840992
1063,40.39753795604228,41.260926119668376,39.664074364817935,40.274225293259256,41.03583442327035,36.95238095238095,40.43784651661567,39.82142857142858,39.73353818216659,39.743137592658535,40.46549449117222,38.004023478356345,36.96843762612625,40.682401993510226,41.00907477809624,36.56462100410124,36.56462100410125,40.26070452698759
1064,39.89416696670293,40.48239326000671,38.430024984622015,39.29047603153671,39.901990474999714,37.5,39.93391460943632,43.0,39.251249755355566,39.2987695175507,39.211794672651905,38.47742356598325,37.577620906161826,39.78940688945202,40.1819120502681,37.100950759259725,37.1017237425287,39.25861399283877
1065,0.9971536520116082,0.9702077036998443,1.5277889306584331,1.2671386813868935,1.149069696989093,1.0595238095238095,0.9946777836819553,2.2222222222222223,1.010169568934573,1.0181739363574358,1.0080191381894887,1.005963071493108,1.0453177043620385,1.0347149962181597,0.9758606535891204,0.8811486319468834,0.8814392689095848,0.8596651103785623
1066,0.46266276877446383,0.4322398327358423,0.8866867974225418,0.872039642256115,0.7769683973473761,1.4216997934929179,0.4580764050702069,0.8637496858579613,0.41265024567309583,0.4130032566243516,0.6094060517622478,0.7780987323078737,1.3284285046943085,0.563725179929586,0.4636144777974056,0.5621449297837483,0.5847515670089377,0.43223927978540305
1067,0.17619359869586607,0.1327163111575678,0.29295234316937085,0.4861116086286654,0.24763158473119504,0.20082714702409618,0.17503716380502207,0.20091799163221927,0.15746387795478523,0.1646814303800885,0.13504137433072186,0.1410781501328203,0.18736863791793432,0.2185146285165399,0.14521979857077824,0.11717519432518164,0.13792962292929456,0.11857386592696034
1068,24.57122160883357,24.69859498041578,23.546211090019696,23.733997693435043,23.983643035367447,26.333333333333332,24.589496538131858,25.702380952380953,24.64793825083666,24.735681480061753,24.660209404181575,24.895218898211468,26.16582765406865,24.125874675105678,24.447805659455003,23.95118835131247,23.983643035367447,23.488486457683393
1069,5.923832705826576,3.901318214324062,4.340204224025764,4.2934174525063,4.099075068587976,3.982142857142857,5.806673728327156,3.982142857142857,4.132333503152329,4.1333360272955355,3.942947232977543,3.94583469006222,3.9699823558825056,4.012822720457339,3.925629189667491,3.873969221086296,3.8768415412643584,3.879777815752417
1070,2.862169968716602,2.9432229358106317,3.363610884998986,3.1593159705584806,2.9232966163533214,6.476190476190477,2.8653616555497643,4.0,2.8255118906829852,2.8255118906829852,2.8322151825250543,3.6533457933488376,6.099730210143235,2.9528731786469815,2.923467927056153,2.8138481793253463,2.839272788517958,2.879082507983338
1071,1.112565918554701,1.299179431030744,1.1197776691861254,1.2239000047048185,1.2567543608173242,3.8192115036389107,1.1162165879099422,2.108003957659259,1.134479928074006,1.1209685700648424,1.3467868206370273,1.804106767146541,3.551652175132331,1.1603368391290172,1.21935370337275,1.2089848221153545,1.2567543608173242,1.1515270450706458
1072,45.386401237841824,45.432643131255105,44.9575833731789,46.11534468090351,48.606249624554216,46.04871688256395,45.38622278250003,89.31883979003199,45.53109909904128,45.359612545607256,46.47584529877253,46.84027481428124,46.08402391620069,45.555465683238474,45.42932537856665,45.977079393373096,46.04871688256395,45.41727591315751
1073,882.6965084722779,882.4051636889936,879.2373610356625,881.7680367321447,892.3460861118323,884.8503965977958,882.5142740172123,1738.2432735711654,881.8829516407136,882.8449593107777,880.5641175694681,882.8114386194328,884.1256885537751,880.3408432996739,881.1604538746511,876.4053114303956,877.0630629192241,876.1849837201815
1074,22.365317155878085,22.017655592404477,20.854217977956008,21.16577224302834,21.75610579907128,20.78615520282187,22.373835029972216,22.228835978835978,22.24832119139472,22.194225896591817,21.400439020857203,21.19911431838788,20.820969657948186,21.51356557515029,21.797263983286935,20.764466057475456,20.78615520282187,20.89434179247883
1075,2.962329753970593,3.0003610035220647,3.0720968793007324,2.884484148874266,2.850893180219718,3.5246913580246915,2.9672945389215655,4.072751322751323,3.166981868915595,3.170456108509537,3.1095241303806564,3.105337687436308,3.4753350786141226,2.8562121892978443,2.9220109849763,2.850492436760226,2.850893180219718,2.631352731062382
1076,3.095106600092448,2.98506642878478,3.1903783505534804,3.1503931357797126,3.0041815966276,2.640652557319224,3.0963225906284233,3.1812169312169307,3.0590800874847557,3.0438563447728293,2.821959218363489,2.7590937733397323,2.6467975815942437,2.9909077183597947,2.968965649273398,2.6400496664168434,2.640652557319224,2.7896421756427827
1077,3.80143325336484,3.692578435323781,3.5704249231164558,3.4198012038853682,3.504232330190067,3.983809523809524,3.8054323034209983,4.363809523809524,3.8829158517392703,3.8962592521109696,3.6991376746190086,3.6915009957434326,3.949851877189842,3.4806222011609425,3.5896597132321744,3.4429160110673216,3.4618831964452927,3.1830002542912195
1078,12.28505517138104,12.385126692525459,11.888457883852446,11.902153333623604,12.289184394733693,13.702380952380954,12.297369589386902,13.45238095238095,12.252000326925879,12.18017984007281,12.50473448136507,12.730649969506693,13.58134591072897,12.067502025220774,12.23980370851868,12.260155936018192,12.287434152019935,11.759729068064564
1079,1.5433328486336897,1.4642355023607545,1.6749132538314926,1.6719851560361054,1.4752880631093381,1.5902576015146952,1.5438536123880222,1.6887621605777958,1.5240047075959848,1.526933240612981,1.466605224434742,1.4706698391426185,1.5727095558922422,1.4874110013467121,1.4541378632707256,1.3710387884160895,1.3828594443363125,1.3646047930341183
1080,0.5411114048850519,0.5139991958704173,0.8112865390742036,0.8142379648812713,0.5518917278238765,0.592986002869312,0.541860802719824,0.5402664537530838,0.5366751045003304,0.5400255207669072,0.5058293658787525,0.5101322171817129,0.5790930259657129,0.5834916513223852,0.5224457150783742,0.45985032937935744,0.4732398617098112,0.49199152495280596
1081,1.4943540284105046,1.4296085834225536,1.772865522358271,1.703796872888397,1.4693767926285928,1.50508720006411,1.4940878776703708,1.50508720006411,1.5045401588924514,1.5037103924145183,1.4336108814948378,1.4356138464049815,1.493494231203474,1.487565044777062,1.4337981239535378,1.3221238045809056,1.3221238045809056,1.3211203332885437
1082,0.4335074537884296,0.4296587635117137,0.8421732077950698,0.7467911111957877,0.4731420777351376,0.49531359826637034,0.4341665518743729,0.5723276305145748,0.4456004386215831,0.4359803354224266,0.4200156808227819,0.4210368000640185,0.482198725031829,0.5066739168310838,0.4408925799140217,0.36086621157021087,0.36758553127641386,0.3885798019777706
1083,0.7190619913428901,0.7011684718153557,0.9286504995197835,1.0106291225882968,0.7854640714715342,0.7514672213335745,0.7187825312339964,1.4565189605188744,0.7783685279067137,0.7638268370973157,0.6981278870612223,0.6977203088387549,0.7397254497033505,0.7738826911126725,0.7105702940728854,0.6123193374298646,0.6145090232120017,0.6332896362227564
1084,0.8955939430570657,0.8689395407731079,0.9780035386311866,1.065235252662111,0.932723802534928,0.9824783304777746,0.8964352867040334,1.6913167559612259,0.927907939555388,0.8887450473443309,0.8881088689893609,0.885942932307841,0.9663755585829156,0.8825759739146769,0.8541113725570318,0.8250110741852121,0.8512183853629048,0.7954465109014436
1085,0.3657324701543902,0.39447013282610205,0.9904129898811252,0.843820118625174,0.5532439932961958,0.42857142857142855,0.36639658470472786,0.6666666666666666,0.3717106862332811,0.36961321585457435,0.42578161708354373,0.4218401726496819,0.42168222453368215,0.5374857487453853,0.43207812871855467,0.40688802128363166,0.42857142857142855,0.39447013282610205
1086,84.32332981007742,85.39973828119024,86.07145146146941,89.1954144995758,93.95936172032299,86.80990250830051,84.36478452681342,167.46323082350577,84.04703977969244,83.8320131240208,87.04380185640468,88.9361162687439,86.89215745824372,86.2821502572573,85.50900079966688,86.75228669330018,86.80990250830051,85.35679913043525
1087,6.778006092230181,7.515168334694064,6.7163117737986715,7.082168715568582,7.42739155444399,15.026753118682558,6.8031635646497035,10.879960602010717,6.457774882815897,6.575313849037706,7.4345639630090306,8.486018219819336,14.125984758289283,7.162808112675197,7.341617746897047,7.068794807243658,7.427391554443992,6.69963823450247
1088,3.775848392306685,4.085737084335848,3.800116998883528,4.115684755796017,4.333032885580111,5.192851727684977,3.7871248308251317,6.1029188394078195,3.8178839983820403,3.761957188759373,4.152281059847575,4.222319730437828,5.047142496102738,3.977991485809703,4.0131861807038955,4.03031871518174,4.199025805463421,3.8345765778398992
1089,7.854338039305304,7.67162881645869,7.140787941969052,12.102289455396695,22.327753018010043,7.575703903246233,7.759929758087676,59.620311380409284,8.66124334811714,8.96054885765637,7.441110575488087,10.747444119564795,7.514492334182393,8.070134009053874,7.3949928630470465,7.074057047090108,7.575703903246233,7.2251585898122626
1090,3.331105162096625,3.133402557671033,2.8490867546713723,4.937392942600955,8.180869120679946,3.3430078798337317,3.307636776256016,22.478865201203174,3.6410470848699537,3.8804454709709604,3.2784861795910785,4.06549014846946,3.2625757550364405,3.3100720037263116,3.0299921569548207,3.157652804304607,3.3430078798337317,3.0032013061704084
1091,4.222850129192041,4.538308199208358,4.15270806256446,4.224587737902593,4.496649717298581,10.489576844023572,4.23435173382281,7.710521477210393,4.091571585633077,4.156549694856065,4.462638148404743,5.459503216984854,9.80354457558884,4.252202115061075,4.392846760710788,4.323188107648805,4.496649717298581,4.1685785891873754
1092,4.787139819582294,4.846829269722312,4.7638080464198005,5.9669898732323885,8.379780763644193,5.3531858161298524,4.7626338910015384,25.006846839087743,5.034835428777243,4.961564554209079,5.0058497030501705,5.347513083898836,5.215911224367813,4.73626689231877,4.641650075762835,4.878630428126562,5.3531858161298524,4.52164001931033
1093,1.32784266404112,1.35227760220758,1.3814316635290886,1.6605218013583778,2.126598146456677,1.6422053054032617,1.31976323642432,5.727110048207134,1.322496668297222,1.35830156615667,1.4484659107820768,1.472714437027293,1.588204362564424,1.3034617047414303,1.2840461239311487,1.4295023367681454,1.6422053054032617,1.2365101911680831
1094,7.566159280406057,8.515404204052627,7.595128287217089,7.122123827221793,7.187228987355379,9.161708860793984,7.600307670748939,10.78381241698897,7.465800616708745,7.529653635655445,7.922025291168154,7.876586710706672,9.00638724658213,7.681540919455124,8.148925347129927,7.17693952078065,7.187228987355378,7.106400718293166
1095,9.299067805877522,9.242107234768172,9.200310155452305,9.19924912799598,9.617456583464499,9.456214758171853,9.30121811360871,10.35811802232949,9.48718900254986,9.448446488736488,9.366558928970958,9.39654301389911,9.437621244621864,9.132419391324824,9.177049987777094,9.159730279691589,9.159915637991977,8.76893222756337
1096,31.39347008203946,32.41122929904457,30.931137056655036,31.611385927454364,32.6257146622871,31.374777101816232,31.437476717371798,38.614123415980266,31.493209276968173,31.258293013006973,32.194782385339586,31.85085597940676,31.408939898337238,31.94568267349153,32.20926066328145,30.76087458414712,30.779760779768385,31.487193959269337
1097,1.9033891220213048,1.7224960658683932,1.6394797015876874,2.082224365228781,2.26609589800719,1.8273261041850513,1.8918662107322817,2.6683623582211546,1.7810343333964085,1.8427871002176157,1.8383939747131397,1.884478244870282,1.8184403701932486,1.7826168864087826,1.7178059950909959,1.7390031092921918,1.7407887602563006,1.6481504490436623
1098,0.4389166244210862,0.4202489284310962,0.9033131543397621,0.7739418385063662,0.5306777224072369,0.45762330671193246,0.4384400313578314,1.342361699688335,0.47682003101727827,0.4291011683425659,0.4286614773241297,0.43261045758878147,0.44958341667224505,0.5242344732520964,0.4443565279075039,0.3792211833458099,0.3805414140450177,0.39912863908419727
1099,12.45476321003577,12.330763889864196,11.952425187038743,12.450234022252443,12.555635750778071,12.243613134033312,12.459542001843957,12.757265914130267,12.59005813376679,12.42338364872846,12.316553615724201,12.306803675193983,12.241578319100327,12.270710167486484,12.277993091655874,12.203303697605564,12.243613134033312,11.873598237441435
1100,26.736640214199344,26.877616894711537,28.995807011719418,27.863909254243215,32.20734148750536,327.1441940067419,26.74756572728138,30.287410818439735,27.115972708393922,26.962238139131546,31.947983788597337,102.94706824548383,297.8188984754685,26.735180318977438,26.668102403097915,31.84864808321095,31.95644040613189,26.489607183330055
1101,17.13663637749152,17.530291326252158,16.892769617510307,16.644824814396213,16.977649887877455,18.416052847308222,17.163846761434524,18.599262176105828,17.139389265164393,16.96503759804419,17.51211782924447,17.578240185053815,18.32159657465427,17.00073109236593,17.297628757987685,16.975914391268233,16.977649887877455,16.59198455777369
1102,14.272428595397626,14.603847151189884,14.679873668919015,15.046481200452737,15.176868128032579,14.837023441698994,14.282029385709867,15.649677363511325,14.585401836301324,14.255578676485044,14.853975881888282,14.84749062746787,14.823719196110071,14.701224940817204,14.613052850639825,14.752447981932777,14.837023441698994,14.534159789391877
1103,17.699376369892153,18.728296937756937,17.598260686706983,18.918033442090746,19.19739654120902,18.27932304466986,17.731189951920115,30.593207782266877,17.561360021157267,17.23770181230668,18.42983013100451,18.461401663031165,18.272604674814243,18.634650689463246,18.645594958328918,18.032442369665777,18.086677864121338,18.47058171247556
1104,30.17142838750965,30.458994173910877,29.48265178460304,28.81217243834472,30.725139822471125,29.111794498782185,30.181714624895218,31.321074976056806,30.26811493250499,29.900798441660992,29.890005253895833,29.78303695118079,29.166730025171905,29.51868623316209,30.054815700099596,29.09973069113926,29.111794498782178,28.48556191027737
1105,3.7227536452589027,3.8078265688428665,4.736856315308078,4.289084614040128,5.09662724503719,47.627329192546576,3.724179898544907,5.51552795031056,3.731623871035719,3.731623871035719,5.004127733179074,15.534899560236902,43.443649150045665,3.8831803661485114,3.798302033694808,4.910349376002877,4.911611538517952,3.74073508797446
1106,17.154091082782802,17.123684171330286,17.751027238098946,17.59940547587923,17.291554753476976,17.142857142857142,17.15353640699897,17.142857142857142,17.143247939326884,17.143247939326884,17.17122187912058,17.16800702474877,17.140944227938657,17.27960198045897,17.16638501262677,17.13300778879873,17.142857142857142,17.117552693147058
1107,8.817877789587136,10.405053947611433,9.203147229527312,9.162493193099502,9.479597183657456,26.460287001867016,8.851251722429156,15.952139767995357,8.636531888886736,8.74454711729751,9.698399921882938,12.932336121357963,24.65410737638973,9.586909293543036,10.030548659549089,9.170604104819056,9.479597183657454,9.157803103894109
1108,1.379314140096645,1.3903697191234885,1.8076874506451244,1.7242252077180258,1.4780779380063436,1.435897435897436,1.3764769589565395,3.0549450549450547,1.5236015537137868,1.5021773434820795,1.3568816929621728,1.371142418109421,1.421695859922812,1.475649107209847,1.4048858688674135,1.235041677795335,1.235041677795335,1.2607851273716861
1109,3.093629212865016,3.8164016198900534,3.7415728225900047,5.1647244825066645,7.707193242144858,4.776929146353228,3.0786546501420955,10.10188848611666,3.1928762919665847,3.2805589148740197,4.687041241987032,4.594184529056843,4.610345784756292,3.9785581676238007,3.7583830669256586,4.0929927819993,4.776929146353228,3.6268377572384165
1110,46.14901906984673,49.886879002725664,50.127701262072236,50.475740407658584,54.35410113162564,110.21921692451889,46.14622183090657,80.39557049147415,46.45096961941024,46.16044038729827,53.29040832834227,65.96417745989841,104.32468963692118,49.22669037038727,49.39369490943715,53.06325005944231,53.42173476933323,48.8134457323654
1111,37.987484831984425,40.772996966620546,40.862706351667995,39.50628934339699,44.093059157723495,207.21810067207693,38.0285739136484,63.889891885251565,39.405256072598554,38.07886537494484,44.79887810813353,84.18003203865175,191.1814944998721,39.528381742450115,40.1284481379383,43.90139916454319,44.093059157723495,38.49707754386455
1112,8.58987276514112,9.655153754592552,8.63318015724218,8.31658321709323,8.369167790561248,9.268062009809663,8.627504337856804,9.655228989332299,8.411023090868921,8.511282984414096,8.726880772793649,8.619554252215513,9.185295775732955,8.869484545953904,9.312953925563738,8.158718732716556,8.172687888133684,8.31658321709323
1113,5.141848968086175,6.755338154075169,5.952368275368368,6.203289829430009,6.406223657017141,8.949845935078887,5.135816844737527,12.516012699673867,5.202219085709355,5.15040029285706,5.740842402526133,5.902543466030553,8.485321468472483,6.313628837863036,6.5388899906568225,5.52051735767263,6.168399463884351,6.143995909430207
1114,36.52045118133678,40.893735553805094,40.087632447418116,40.742452445675916,41.07904979605075,48.2589615049248,36.53912163682255,76.78137131951625,36.62214869571914,36.50502271652589,40.56376151177809,42.08458097674574,47.40892523147011,40.04064157842095,40.36590938253474,40.38603774488303,40.68939777784711,39.372583960442846
1115,19.447489759224506,20.688322395305175,19.460404338739917,18.953062685683047,19.912216953046578,42.35710518840787,19.474812094418375,36.31587511464077,19.398717829201715,19.40477905823799,20.576435938189167,24.73568666700262,40.019055639932134,19.615134752375567,20.209713468984884,19.801496008175665,19.912216953046578,18.947150659948225
1116,18.363670495248794,19.953188653917113,18.53390906440455,19.419795001390444,19.212649461011527,26.82778806116724,18.38747602436154,32.56982492352293,18.350646899137868,18.33798782068052,18.78698244650984,19.69346209905196,25.814947365372337,19.53647472821504,19.75049897977099,18.439931622244497,18.97762144021362,19.167283558998516
1117,74.74648219726078,80.14838877305479,77.91221252866295,78.09756680290594,77.58595964142415,81.66885588735536,74.85280945231251,112.7372321406552,73.37567871614208,73.51173238065932,79.23364645602943,77.72368584026499,81.10300390947512,78.34363925027496,79.23944771489356,76.88790367385648,77.58595964142415,77.96535335856822
1118,32.81586728325532,33.56067561147254,34.36459874372796,37.198491346914345,49.91970422412847,426.85714285714283,32.836358648377086,80.57142857142857,32.79523235842682,32.61259351633618,46.09657017667308,137.50515536957596,388.8424499729908,33.806547664754014,33.28149583731966,45.48573179563302,46.20214363742545,32.38143315454942
1119,1.4723577958759229,1.9943157600741725,1.5526258351444084,1.8843796370303902,2.72559025540221,2.8090444221423065,1.4747468551437999,6.461793198131157,1.4807377839522198,1.474666740780992,1.7942043094548634,1.937554585404117,2.6472167906653543,1.763244589038484,1.8596225453765858,1.7738249743437857,2.049247831658103,1.6790048671378568
1120,25.746776108536086,28.43473406786906,27.994600409774836,28.191098770678707,28.25066540312552,31.180167801622645,25.77341832456492,57.89139545849198,26.00620794881885,25.749868678374323,27.614605222189322,27.96918374931252,30.701908439616094,27.810215178361876,28.06427821424731,27.577928417306364,28.186201901414048,27.298594485643793
1121,23.191257216919468,24.54065418614793,23.984297791798678,22.816392614209587,26.379675990376217,192.4122349387757,23.242481729710974,45.58595459478418,22.943162313065926,22.678414225962985,27.67029695026368,67.70540029242163,176.18940150864637,23.051182289000945,23.794303560606465,26.102521964166016,26.379675990376224,22.225427914754444
1122,1.1763349174909874,1.4033173300463349,1.2444717026215997,1.246315133785992,1.1984327026610344,2.9355430606352897,1.1823116175905486,1.8686819584994983,1.1622637398499396,1.1633832604588141,1.369503112769052,1.639211620232036,2.7674100530675134,1.2125962301388473,1.300096089656784,1.1939017549447621,1.1984327026610344,1.155159622615125
1123,1.4006437345099467,1.8303117728097564,1.4458812806889743,1.4231784790731894,1.4620462594473034,1.7917819179033352,1.4094220343570576,2.712299509117852,1.3911400895086288,1.3878778671567291,1.3679786978568398,1.3906971507195038,1.7304139167689285,1.5332244920404214,1.6890319083657699,1.3601702627033305,1.4620462594473034,1.3620064950533612
1124,75.83963390279966,71.30946496404185,71.20761585382515,85.7375503513183,82.51727050961516,218.6373626373626,75.13856567422384,361.3186813186813,77.70948110814358,77.53746128457242,73.93927347686947,107.50399995364201,203.64742787320438,76.45055133557958,72.86838999535283,73.44831464727062,74.08775720896095,70.88345237446354
1125,27.80677169845444,27.169078410851085,27.91699119309175,29.745209687016725,35.63062918678077,27.122985814930534,27.733457261925796,54.80353964064545,26.897913984641864,26.431666643057625,27.161305919879478,29.00961777017825,27.09860193469434,27.522297353526795,27.086002781023666,27.077927899913785,27.122985814930534,26.962155264598852
1126,1.6919635256241439,1.8737647709318939,1.7187968832246379,1.8836913838797296,1.7951020116269092,1.973017892588609,1.6946306099167392,2.7551738936876,1.6965499243318523,1.695217110231284,1.8090297663717223,1.792885396275367,1.946798932932369,1.7714601752948476,1.8070986361704442,1.7697115989715275,1.795102011626909,1.7626777944225693
1127,0.3682552916615793,0.1927145148208779,0.609113176765706,0.6072170940005028,0.3526055590062877,0.2405537600182708,0.3588967781287244,0.3270385642153158,0.1954186274743787,0.19619314793905962,0.242296650405462,0.24539956732292487,0.23643213245169434,0.32123844084212466,0.22522951797292082,0.21976147609832677,0.23885028594919802,0.1927145148208779
1128,53.78403174749988,56.26851085473601,55.28764490135925,54.64085837463984,54.67555203240002,52.3922484695535,53.88381122938355,65.04899929685429,53.40583120139352,53.538036219339546,53.23893274477297,52.12376913655502,52.238488735955684,55.315295560958276,55.853771364329795,51.66276106351929,52.39224846955349,54.640858374639855
1129,94.50456800922227,98.84034555276804,86.30635510667808,103.94477475051731,107.07485964020981,93.64285044499842,94.15005755708535,324.8999767613424,96.42502140570373,94.33023931705874,93.36614331588794,95.79489047472998,93.44729763686291,99.5804948267154,98.70150958436444,92.60141023872433,92.88645359827456,98.64848934973725
1130,4.109320428774687,5.768519214371658,4.7201922464956985,5.719914463431728,5.879627628802875,6.188897760859484,4.128230296633903,5.072739728940343,4.099674323243197,4.103107774675834,4.536868395240177,4.6800545151621336,5.916134700119535,5.543589961543133,5.630397062674194,4.195906877261967,4.681174376222435,5.356179368357425
1131,8.185095492677572,9.110800253019162,8.268531248537341,8.989603855814453,9.44862279584626,16.599291067593303,8.204027575052342,11.227935206921464,8.018295270100984,8.172543834624813,9.372688256462041,10.893923606865394,15.83705132228362,8.840585317931215,8.952406262227441,9.185431427797438,9.401338682226916,8.797962164706941
1132,18.255821525066395,19.669744308574337,18.377084369456288,19.393311662887328,19.767312473532947,19.33993576932845,18.286070160527665,25.8141548113301,18.16336121879884,18.213362421419248,18.798001713160772,18.865866041236277,19.230630569301727,19.252996904345363,19.436197887350232,18.35589307805486,18.525522164147233,18.623565039460058
1133,36.910422691100365,38.19379177264112,36.74230762329888,40.027175189697495,39.47708978597522,35.75516315808127,36.86043086122321,39.71890269638133,36.695227413427666,36.88916382436407,36.33412745241359,36.62804645816289,35.75352428684155,38.46076086263064,38.14464598018765,35.72662724598498,35.75516315808127,37.532778421683716
1134,7.3277279672435,8.090031149099717,7.485031741164224,7.438609804637065,7.894647446654385,8.896624755584506,7.34995312318452,9.911855208173728,7.36218573595627,7.214232842757887,8.091051325126868,8.11049385770639,8.79234886388952,7.627703156463305,7.872311795147932,7.772085693136499,7.860183957044364,7.298810953072539
1135,5.576502421113351,5.790028833710159,5.175816423586984,4.86479279940233,5.180242619956672,7.075394287461658,5.599440609268259,6.213438537683452,5.311378557700086,5.309433726103522,5.300516871468748,5.516480316566281,6.864482458029262,5.213232350678255,5.53190740868668,5.093420390604036,5.180242619956672,4.786104144559165
1136,0.286790544711305,0.3051279985161938,0.4459501624328013,0.7079668802598894,0.4561793579692548,0.3312654935197212,0.28621780532196234,0.42226126180137297,0.2876722546067356,0.2842572960014561,0.3252899815046372,0.32088045034492213,0.32367121141628025,0.4124440504594508,0.3254696059506348,0.2985999871754537,0.3312654935197212,0.3010898165338615
1137,49.42174700823807,50.601284023912115,49.84856696233777,52.724132205335444,56.29085669773641,47.83634426246682,49.343301029774324,90.21165133988366,50.57079200780001,49.69081006135422,49.87302082636532,49.87452112934716,47.84314480758695,50.578320810740514,50.331845785711494,47.5677184814699,47.83634426246682,49.76097272013192
1138,24.531838884859667,27.424635096781742,25.10465697002223,26.298753136214078,25.53814524700525,24.049079221283264,24.63658745313495,33.22628702352268,23.169762479087908,23.73415250801016,24.42858901196553,23.938929966707217,23.961142891756328,26.698332942423225,27.094907553260413,23.551044796214317,23.766293120495153,25.972139791428443
1139,46.914839667499244,59.32836190732812,51.92951856162016,63.22019563049853,58.251544240985005,60.20893228954514,47.207653103880695,363.3985781194985,48.98263446782115,46.373532835960184,53.60747379972751,45.6134056969859,57.52386469914409,58.43986234151362,58.2927021384264,45.444817040524356,58.05651759035256,57.59829680537263
1140,33.360814196565904,39.74297401996001,35.67403108175953,36.13623975029369,34.20227681320657,24.85396144103112,33.593049780143865,28.468447094679103,30.688853954405214,31.421151538615618,29.2906768793731,26.43089629989902,24.73290487246813,37.79764340715194,38.93077054012281,24.366934653941453,24.496028121198595,36.13623975029369
1141,13.985276562534905,14.017275242851698,13.737999997983946,13.936988488968359,14.35870609230372,20.251268461244212,13.98386333507608,27.137693510787802,14.11961731006272,14.080198586379176,14.584407268436777,16.00600113051998,19.709832975008933,13.814962411761494,13.897429441419968,13.922589489306821,13.922589489306821,13.553553536682392
1142,32.70576647858666,37.756405238538825,33.94736925344321,38.369242382185995,37.0761444766975,59.119854074340175,32.91145287362436,36.415121729210036,29.605230531636824,30.121288523181345,34.11691519216835,33.77259855171846,55.29584245693598,37.78471446700399,37.70098268751886,30.584518421957863,37.07614447669749,35.507003990980444
1143,401.70151264499265,450.0100475164865,435.3355532160634,511.34827392387115,445.09675932018087,416.74971045616957,404.79021895952997,463.51772159084913,368.23583695140815,380.78814605359725,413.20427895206484,392.8351637810936,410.9303293890245,474.61207768679714,458.3947596565991,386.2742357136504,406.26438837238425,444.76032510333266
1144,777.8008139901309,789.7227445993434,810.3114354859272,976.7825008698313,866.0722763738362,674.5040125961542,783.9816847098009,795.1257693388337,704.5518859167319,725.5863795230174,744.9136944836831,701.8728573946381,671.0835212378706,873.9826164884771,821.2018918559303,659.0821437905339,669.0178906318409,785.2915615328906
1145,489.2395695013831,522.1897211965598,496.0474425781736,576.0533228678422,509.72102972153715,425.47918391909076,492.29167036104167,539.6602602434629,441.20505968476556,452.53977243417074,440.37291261088325,429.2659655614029,422.4077893700199,543.0828609556823,529.0976984418444,410.4855936170937,420.050278266136,518.1756176257093
1146,108.56781313656886,127.0410052513876,116.06193425600047,128.44404948814352,114.94030203400915,149.82887409225762,109.24738696648045,145.30666427524753,101.08882121537529,103.11710438731836,108.06419489550764,108.95601112955045,143.63301587196443,126.49227045380576,126.52144967252453,105.04731307394223,114.94030203400915,124.86151045078873
1147,50.551031058025956,57.89543117117095,52.48475469261752,55.98613376442202,53.79611096735874,44.84211054665269,50.85978138510942,65.96225525032034,46.3856344278316,47.60911964269888,51.845322308436984,45.22041980109834,44.5110592860656,56.74529842083444,57.38846189976545,40.51648926347611,40.55253675187051,55.98613376442203
1148,73.35681808916291,74.26153209063334,72.17613406005975,76.3037191730862,82.28261663709334,74.77745396547554,73.34750606573371,139.25915368224312,73.48143550186718,73.94648585623985,76.1897144812495,77.47088671708565,74.95147386805867,74.86311234821804,74.40148100559323,74.70775280784555,74.77745396547554,74.25000611540153
1149,0.44694107102957054,0.471200016527955,0.8431890086962267,0.8227692213305327,0.7755528231112345,2.1862811332073737,0.44736967657766397,0.8349014840316508,0.446662607001439,0.4497063890307564,0.6954625944541125,1.0691023124897423,2.03749993122535,0.5632779527534247,0.4879415911359463,0.5806017377550122,0.5851972446299692,0.47114397179540024
1150,26.207859190793318,26.641808322201673,25.504238632006803,25.098940640387514,25.573373049349538,25.274441046829565,26.223233404129783,40.8147076034107,26.17613682775494,26.059225532607318,25.394727964965114,25.215739291869657,25.249835773273777,25.774071715606805,26.271601015798655,24.675931777066804,24.704808972727022,25.0711962713555
1151,8.319037028829962,8.03105540558106,7.96234785554589,8.508389245401542,7.9897774979933205,8.116730542674686,8.300359370503218,16.233461085349376,8.177141494076078,8.088152937701116,7.814166138914438,7.850740443021558,8.071905310751255,8.161339995520624,8.057157482363923,7.477416091288828,7.492337072224209,7.864285739897568
1152,3.726593316291624,3.915416975323975,3.574678937691189,3.6586810816336004,4.1237994183005755,14.142324123340899,3.7337796507472087,6.1838171544379,3.6317789934094242,3.681316270686356,3.9476711653389622,5.966035352845633,13.039662868673611,3.698538207087792,3.8074228708956626,3.816341414685752,3.9671241130063426,3.606660300236331
1153,6.523673336407235,7.0308308069957555,6.27893237884619,6.045044778770847,5.884796769563818,7.404586466162527,6.548112529599966,9.540296514478364,6.6637359886884235,6.491911489656161,6.535298385068139,6.393931306001942,7.280952522078958,6.382225642630747,6.734017825189138,5.853203358556403,5.884796769563818,6.029236840746246
1154,13.165660001674686,14.636766865103068,13.147470989768472,12.92424671686519,12.452007595773829,16.819059118772085,13.232441000442549,18.242622313554907,12.132468518710247,12.577409196961503,14.451607486327262,14.214279823599961,16.520668371224303,13.65411253308548,14.213370510400354,12.45200759577383,12.45200759577383,12.92424671686519
1155,2.6360353023835494,2.8671190382041924,2.4461820086671233,2.5461220720364355,2.7427003919616895,6.092208728041503,2.6420282098969294,4.492261197771281,2.5611096298305798,2.5893786809238186,3.0039745360671937,3.541340761455926,5.758271689513834,2.6079595182260955,2.7397765813583415,2.7285371027677825,2.7427003919616895,2.4497871590648947
1156,19.186293433037697,19.707796110859178,18.55043936726806,17.68737540683802,18.293140141192854,52.107778466652185,19.204538373878332,34.71140492923724,18.38100538967637,18.44591850943532,19.418045240315738,26.316222127749636,48.72904148690636,18.39172255606095,19.107959520270857,18.205620436365333,18.293140141192854,17.5285643117378
1157,20.317689269201114,23.155655832654976,20.5082272213698,22.404165630168876,23.839907450212724,28.118443160514577,20.394704866424448,52.46165244822469,20.09792987973771,19.349842918333547,23.052284775380457,23.130701805498987,27.3633064100252,22.519346738099998,22.838596836438125,22.56429933546568,23.706207909054598,21.554685670648833
1158,29.512947066403502,35.79708070725774,29.65318807893043,32.686924507429005,31.858870699324015,64.93038411075214,29.725956477211952,62.086085787645196,28.15133362528523,28.238111917661254,30.71091333703538,32.522659190412405,60.26113447940187,33.95572413142836,34.991831242706404,27.83443151873101,31.858870699324015,32.49154343692586
1159,13.568346918353404,16.03109188492395,14.113211159207737,13.973696889684549,13.620616362156198,18.579122736295858,13.655704429950163,14.365309442089611,12.33427985662955,12.37716248846067,15.473307932523403,15.571602891240657,18.230826752571655,14.82811568232777,15.508074514691124,13.6206163621562,13.6206163621562,13.973696889684549
1160,25.88659289098997,29.183208715233537,25.975964141128383,25.996158153172605,26.013621894776055,27.083358229386935,26.01023366967485,26.66837174286834,24.150951349767492,24.391950226768596,25.79068630149725,25.75203824587132,26.878545567576456,27.390620365947075,28.418398239137517,23.98304070106248,23.983040701062492,25.996158153172612
1161,5.69146467507957,7.41371459873321,6.370455154862518,6.099332312471401,6.114940848613681,8.313529898101383,5.708684467054916,7.752728144407359,5.613019102255009,5.702304033086386,6.8197555679806205,6.950523296387575,8.153495151002707,6.601313042909034,7.051503477357154,5.954681230487417,5.978656387305095,6.0972122340353865
1162,91.24890623343867,108.28906537094731,104.22478644537739,108.02512628809825,100.12389472106447,91.92172891292402,91.8808748277666,94.20134184609462,84.87047595682704,87.53431454255973,92.03034152143539,89.6070627569045,91.11284488191397,107.71491228855048,107.95328008815522,84.910653736966,86.57787187556055,105.43160457844482
1163,195.5273985825862,205.87415461123348,195.6438962553428,218.88748380741404,209.0113563136042,203.88154817126815,196.40737928239272,263.6611429593477,183.01977327282955,185.11475089710015,201.25490665428137,195.95397419604228,202.1444677495701,211.4164211045243,207.85960566339796,188.82110074328375,192.3031521305135,202.18097756377028
1164,209.39886200678276,220.24726176554063,205.24723839658543,220.0390145832557,226.4300578525292,945.9029290008772,209.77414694765164,368.1872178251515,195.0652112381853,198.00241361444805,217.85575060145894,339.00217222256055,862.9680644146728,217.10257111386522,218.25964941034258,201.5129190116638,217.8104332318653,216.415084739465
1165,415.78676820638617,434.7362365256638,412.19583286198235,483.3620489289763,478.2276393169628,1265.624305194855,417.1384556242294,663.3074605108691,394.81398671018474,394.1290406200299,478.4434212676536,584.3687523871739,1171.6186001259007,447.2654481120071,436.91983445252595,447.79259416915943,478.2276393169628,430.2493550491302
1166,11.262807187784185,13.182882169596787,11.239967707777447,11.60212915318848,11.371984461350545,12.956501831593357,11.344774112779405,13.654838478944962,10.03463626955724,10.377598158896534,11.782384891738502,11.871091371986529,12.821577125928988,12.23714752975804,12.767302362068987,11.2950432880991,11.357012692158804,11.602129153188478
1167,23.202221613039253,25.192161129094348,25.703237348175787,31.727625276499865,26.981283752885613,32.198207726966814,23.195623229204813,286.1917510145876,27.238274679813077,24.761768457521892,27.214985717015285,25.92448615212967,31.24096220658141,26.366827982487276,25.15969221757716,24.561066185858184,25.976455390381904,24.252109917062764
1168,5.350932921748175,6.845122996099971,5.786824656166008,6.615574235606174,6.291724015016388,6.412593072628938,5.379529070208577,8.679165334171305,5.210116867282907,5.220950489482912,5.6597813750805015,5.557022285270214,6.255473730623344,6.467319217925264,6.630874429327416,5.508014238819956,6.114064437975404,6.307420217104436
1169,17.22648229237943,19.7835857322401,16.96201453062407,17.68267935550682,16.811020055994558,17.62067642318164,17.346457609903375,24.996710009015413,15.40320067943164,15.665529343395553,16.75392740394094,16.84142732966983,17.509053631937814,18.58247862231362,19.266985947095147,15.94765860081393,15.95841150113697,17.68267935550682
1170,0.6136432025577704,0.6182229647050609,0.7145351351749882,0.8372212774125876,0.6691110125122313,0.6575962412581999,0.6158150025004564,0.9196681655170719,0.607574104170092,0.6024379628481807,0.6109713479045115,0.607775004736184,0.6476120416125855,0.6486445965469045,0.6114130115589377,0.582725484254199,0.607597073689438,0.6095256020272147
1171,0.48178367524922194,0.3584543263142055,1.0374918091830392,0.8989045815351968,0.5346400676734492,0.35714285714285715,0.47408983399354554,0.5622710622710623,0.3502692257720339,0.34976980010112885,0.366593298797459,0.3751696521517611,0.35258057372067225,0.5355828567206947,0.40696255514783974,0.3394347258785361,0.35714285714285715,0.3584543263142055
1172,0.999233566818197,0.9363680474302343,1.1053822939929934,1.1095726418364582,1.1257672999590753,1.1512111117302848,0.991867862137226,1.6883151170877895,0.9930593260868141,1.0163690069369835,0.988692391675266,0.9790673726134896,1.1196487728277982,0.9185834467521592,0.9042013516675192,0.8670742628552737,0.9159407980791027,0.8159321039109727
1173,0.7538399224690134,0.6540947618778603,1.1534062577126238,1.107077270730415,0.9292910129454569,0.6861664070380517,0.7441716584011809,0.9582997919622619,0.6284478725563999,0.6389941932320563,0.6699532006091843,0.6872963060718549,0.6754404805886409,0.7850048408165682,0.6835193113363268,0.647711382349872,0.6861664070380517,0.6539791728444442
1174,0.7019106930748849,0.6438587838448102,0.8285212202512463,0.8016746954651102,0.7336912558212596,0.5504954843481921,0.6981919227153676,0.8229165488106158,0.6472701896901306,0.641749373440719,0.5531754452037786,0.5509126342168417,0.5423309331069474,0.636371666119362,0.6201291191060874,0.519006220791478,0.5504954843481921,0.5018897510565701
1175,21.953431554090916,25.763806407526292,22.994782864566915,24.89733348172133,25.929723273798597,28.598077852864908,21.97754876626183,40.703080559611955,22.30177212317049,22.06607047358769,26.49890788291512,26.00767781067279,28.22597780090639,24.894834130513924,25.31164090133497,25.49932113551287,25.910090762131812,24.597997300882323
1176,32.77970155812502,38.85103451196807,34.74303990731474,35.26233183190805,34.48229215779268,44.81196243904423,32.920614904468124,47.34458032149819,31.911450223193594,32.10291544213195,38.10872768638858,38.35722677773881,44.05039782605252,36.74053263434087,37.93095763189387,34.47134198783675,34.48229215779268,35.262331831908035
1177,42.376249185914155,47.622141341661404,44.667968122139065,43.64533499772613,42.57422613714894,47.919043463364204,42.48289186807332,69.50465520188662,42.72396422380078,42.499254779990686,44.16151816627839,44.154169313231456,47.444234154518675,45.269274502820004,46.59352332607515,41.94050876012267,42.35106507675456,43.64533499772614
1178,3.3915513429540454,3.5389047000564777,3.560916504598214,3.6183297713556253,3.789194902323796,3.9250184838935667,3.385893825707784,9.010635653675559,3.3735450235034157,3.517456502436232,3.550574919308452,3.5545998353063264,3.86075100183263,3.451103421098876,3.4731808729677147,3.40992788668184,3.5142440258121197,3.387282408215434
1179,5.857335414005537,6.784931235493656,6.299534167622903,6.0599466039550025,6.218057168971684,14.147967997210776,5.859909084157359,12.791808502044661,5.780040616520498,5.824459554008506,6.664318685918791,8.182228942838341,13.37132356415077,6.249183370858641,6.529050757911885,6.213710373629778,6.218057168971684,6.043053306240856
1180,9.660545823544062,9.511119166677133,9.199797380485384,9.97068976075167,10.215450576776076,10.623194796500707,9.65882993769787,18.19754274307481,9.77154328833455,9.716408430477363,10.028258722658553,10.023239717265469,10.527551821333619,9.539993741004087,9.474450422957439,9.886704183707396,10.21545057677608,9.467791510986949
1181,8.895569188521021,9.46600771792241,9.219645580493347,9.766056540238958,9.805000971521538,10.237913216970929,8.912666041978676,11.747666243424414,8.895709528398468,8.88098264773447,9.706956684102606,9.644557072159193,10.144656600501923,9.396865197446727,9.385750646139988,9.303136360797213,9.378110635526378,9.26763945122022
1182,1.5441892007311058,1.510640674129534,1.8401217401199979,1.8181814856775602,1.5745460832232114,1.5906593406593406,1.5451730539426496,1.9203296703296704,1.5402356516582547,1.5402356516582552,1.5157723483398338,1.511260005089898,1.5762985634857725,1.5779767337623234,1.516830854908756,1.4993927646874707,1.5289834235780557,1.481696731191109
1183,61.24539264300557,63.82852424630743,62.50410450526574,61.524317640179966,62.20313810574996,61.032601614647575,61.19581915503812,111.59611756261556,62.27399769203433,61.27683505527205,61.00327328349189,61.02543236170501,60.97856531448889,62.54205408983796,63.281688138902275,60.276605116235864,60.50855383819253,61.52431764017995
1184,23.622507483361172,26.932434314256167,23.71021640017732,25.058370782617118,24.889019854758214,25.51487375648452,23.727133743194333,36.60434113386544,23.039468322566012,23.281932722847102,25.073606078870785,24.980581932009,25.441521735411854,25.899201523904804,26.49605295222798,24.611643815260095,24.62606585138994,25.05837078261712
1185,10.984349709081583,10.877230390479872,11.180234324150716,11.03309859244085,11.937726337106612,11.394957983193278,10.976551931961488,27.831932773109244,11.168243133423692,11.174654470436261,11.402378697846501,11.451814859539098,11.381336213772883,10.85302525797549,10.84303492144175,11.29395684751882,11.384110343335605,10.821964069289718
1186,23.445622544249122,24.597088474717026,28.047516213063023,28.728345955135804,35.21792538291961,418.1950549450549,23.460208301866214,28.392857142857142,23.635180692031017,23.555210192549108,34.655473411113206,124.04221649322574,379.53998646950345,25.749780345887682,24.839060374615986,34.19035581131747,34.721876195500464,24.540718419061292
1187,3.3627854877021495,4.71455564025616,3.761220166868122,3.7920402101035116,4.119086013312477,5.592138756162391,3.399389560722003,4.70154742105727,3.2930039565493865,3.3010295607381277,4.020711878302208,3.9301895144311243,5.342655773661694,4.12914135375659,4.4505923485147525,3.4833671644625617,3.9070123977672027,3.791615184084192
1188,11.237405941809937,16.84351265608122,14.241878537586288,14.757841293694895,12.841406286213436,13.130913447225291,11.346066054903682,12.744880127143844,10.903217463311762,11.135660925307638,12.23405108209493,11.818741185182583,12.894628539682708,15.671295430052494,16.343574194909195,11.152036220647886,11.662199926580868,14.757841293694895
1189,6.983859668441435,7.3949575288115215,7.180830269506081,7.435822702064264,8.05389415122888,8.060434641709131,6.983197805337189,14.58056852395807,7.010408661599694,7.01373345351227,7.832324460875713,7.782799427349829,8.007978273052474,7.257432254819478,7.302037532666286,7.488794483947125,7.5144316364158295,6.984934894884172
1190,7.6444056907140405,8.621005944174746,8.009245630153115,8.563249490031533,8.946590740936356,7.659550816145637,7.64805535118322,16.577116619683977,7.422506843776655,7.581150255675841,8.053975132650397,7.769113540097663,7.622450937080941,8.413972909940481,8.495435576762004,7.452464227941415,7.589489884447501,8.122254965668175
1191,0.8455062078632661,0.7427241156055792,1.401436009846167,1.3332958594849762,1.4128620052733478,0.8021978021978021,0.8374481175220946,2.9523809523809526,0.8185738930130827,0.7994041781671012,0.8881490050808737,0.9241560798043569,0.7978899858046479,0.914660498552523,0.7818947914260956,0.794573683562304,0.8021978021978021,0.7426638194898322
1192,1.0444702261181165,1.516028768952132,1.0113127775447475,1.007713452944017,1.2148001445567191,2.233217255091016,1.0378367477581245,2.556711270832991,1.0598802767749285,1.0575799014642304,1.3584986944636455,1.3559656734305092,2.1123682245495634,1.1466768293002365,1.3406413654958926,1.0517974035148585,1.1060759885501623,0.9737168230070452
1193,0.3758762711278507,0.31152360733076956,1.1785863439526754,1.1895079979755074,0.9437855899971833,0.24175824175824176,0.36623983287522455,3.9157509157509156,0.432660269784366,0.35546366516724043,0.3235194894660589,0.3886374115284634,0.2380740533438314,0.6330637328548354,0.41195116078880306,0.2343121198989918,0.24175824175824176,0.3115236073307694
1194,16.9277563795544,17.078316685346184,17.09875464896763,16.99936786675701,17.186977810965065,17.355311355311354,16.934020801142882,19.01831501831502,17.109125545275692,17.00626888662892,17.167985674269104,17.16192295933068,17.32614256957061,16.93854645967485,16.998337599147234,16.996233054164318,17.01736702950244,16.572640985363467
1195,0.986695751780997,1.3211661026021255,0.9628459355859001,1.0193269577999093,1.231578482882896,1.7396762236578809,0.983842967367536,1.7637428907835828,0.9885111236461556,1.0208351282381403,1.196146377352869,1.2136697135946124,1.662599385080734,1.0573586582160834,1.1885500355713245,0.9826811919886405,1.0298502309568736,0.9478949612192427
1196,1.1964222013234278,1.2323210879199473,1.6831463753588898,1.635320755610805,1.5088905816665903,1.414021164021164,1.1930268612873183,2.1097883597883595,1.1909423952095979,1.1973563731693708,1.3029771974171824,1.303227049989966,1.3887011585611921,1.3289942509107995,1.2458319521111898,1.2598331096823543,1.3419630355319354,1.227123343721991
1197,1.6776918739575606,1.6401871674555812,2.117852409264294,2.1378187614224946,1.9096350126798118,1.7216117216117217,1.674186262867819,4.439560439560439,1.6387497581123325,1.6334825875705672,1.660804869843276,1.6757495538801663,1.7044368616446617,1.7814595458239355,1.6708856983352982,1.6525062253526326,1.7216117216117217,1.6377461637018647
1198,3.996520254688544,5.0948311968020334,4.245171423986116,4.066845009923132,4.04117368038645,4.584063159043709,4.018284619871991,5.731394695980023,3.9380782748628174,3.9165503619688273,4.133078007400595,4.1291030592916504,4.522050766630396,4.438767256802972,4.798308617628102,4.024784945479123,4.04117368038645,4.066845009923132
1199,1.0308700603808685,0.6119587719707931,1.3019626207258301,1.1152682701194854,1.1433015207245987,0.6943779337750291,1.0005912486222472,2.3064886025749782,0.6891687680350168,0.7258041267332235,0.7178018718694209,0.7172302768351085,0.6785183175437134,0.7493792332499934,0.6395107274116384,0.6523870802088034,0.6943779337750291,0.611923471306682
1200,24.723170465559615,26.140537645291506,25.349981785103367,25.751482291278318,27.407397101103342,27.321234166859554,24.71807248056972,45.319582741236225,24.3743413435609,24.391572760335674,26.480645530346465,26.521197464162828,27.165349861306208,25.59672072376844,25.839181457998325,25.79839549754712,25.922032666715577,25.146015247445035
1201,359.35761803713285,398.7573106661964,465.3794319527085,402.72288628821065,540.4813751199903,8799.38012073066,359.4872558541351,399.33815391957404,373.76100961760704,360.34478346996116,541.8392915268897,2579.9202999439,7989.333198333657,380.7212313513331,386.7383508300422,539.4691747131716,540.4813751199903,380.37214177831873
1202,5.555833519931464,6.7750585126171545,5.9245441008181094,6.013582339190059,6.074712060486999,6.1726106722237875,5.5750879442221155,8.76140951374542,5.505031182524266,5.542487833316508,5.82173318605835,5.818971529155846,6.109824672569033,6.241887161656147,6.525205988813362,5.524454525442572,5.599692374699868,5.862678014598434
1203,3.6467550068339256,4.82497844488871,4.312164458014968,4.396349962936605,4.596646982561436,7.266150067749621,3.654843769121399,7.066285910209338,3.630424587481629,3.6324459974299557,4.305107375938205,4.7430499218625055,6.9068886788645365,4.441274652947336,4.630843435880483,4.2293849268612576,4.392002063183806,4.167439491140156
1204,31.5707936678001,31.943035335444666,32.93771910224607,33.99580994901227,36.693314335830586,32.0698121443952,31.516160852651,74.26323323755089,32.555076825058265,32.04689749425996,32.08020747657567,32.92097341912544,32.02347518797936,32.40993420994218,31.99551766149496,31.838254691428634,32.0698121443952,31.833896442318046
1205,2.712532386313761,2.960155287061871,2.8445254640403745,2.737788066174895,2.643613948784832,3.3168441777596307,2.7124337351393364,3.8863788799985888,2.673499440519212,2.693557123305626,2.643479918727735,2.7413197343881444,3.237789893822915,2.7384879708931416,2.8449722712203225,2.530550498258272,2.541961897727379,2.5710209526799153
1206,16.29687529994938,19.98761372294739,18.147330351469453,17.63523413075792,16.68759588985924,45.02569033422676,16.349974782688896,27.997676148789836,15.887323853206956,15.830958417805112,16.7890287027469,21.982611433825355,41.92271959314704,18.55288431623789,19.351672453716045,15.876011219203809,16.254182469690132,17.63523413075791
1207,32.07786442327518,40.0679488488063,37.33525036163889,35.35105461018225,34.424791432561165,39.87059649094068,32.260065948632366,44.94149883373342,29.523968494060956,29.740498384508953,36.03487290984129,36.08091729260445,39.39561867088388,37.40706568829561,38.931010934714344,33.093632505288916,33.093632505288916,35.35105461018226
1208,1.018911845663582,0.9991029784982604,1.3815415545941239,1.276584435451319,1.0242889484181328,1.0776942355889723,1.0195940980980935,1.363408521303258,1.064202680237263,1.0638713289732673,0.9890679413060409,0.9930064411418599,1.0640067925667085,1.0537789284076602,1.000797811605909,0.9072635716072607,0.9204051823657721,0.9036538428157465
1209,5.992568047834591,6.8046605502887845,6.018408768131096,6.5608696497496695,7.342302360888006,6.788823297122433,6.008976291698249,8.491417076400758,6.043257035546513,5.926793327205522,6.42338172669433,6.415990280803896,6.6930784661524605,6.378541607860119,6.561199335199134,6.093712122734883,6.182546921921328,6.204776895838774
1210,1.8529386338306064,2.0767395711666468,2.118221542477724,3.34476298039902,5.135863350209042,2.2738120983145786,1.8397482645521024,2.721662359603897,1.7946561405716224,1.9730334910709824,2.190493790047028,2.534909714889636,2.1946283391285886,2.297819108203196,2.0660676657621533,1.9469937123902303,2.1353312566390565,1.9562954468303222
1211,1.3178348763092698,1.3382631665536184,1.7671487629863074,1.6920946380074635,1.4187936351518162,1.4209523809523812,1.31911447363707,2.179047619047619,1.3321445146258233,1.333461329966859,1.3316683920055323,1.3298665597635446,1.4037432184875271,1.4168459907365925,1.3460963974562603,1.3200801415789294,1.3771528282731051,1.3259911692841506
1212,2.060614999256244,2.2283301027456415,1.9952334899156856,2.0130265198706847,2.1407859040609223,3.3596038084843123,2.0707651211501923,2.9478549761860005,2.0071394860377527,2.0432712191207982,2.3300989532093097,2.4615800267870434,3.2438260956608844,2.0112624412234035,2.115243229316404,2.13967967076726,2.1407859040609227,1.9252797444932448
1213,0.7450869760907226,0.6941014274952169,0.8254489741773682,0.9565923649281078,0.7002033830992399,0.7811366496169193,0.7458926066892387,0.8329470610774976,0.7252802973063822,0.731218550554711,0.6952923417942051,0.6877047439960359,0.7670265845422471,0.74751150684989,0.6967849657902607,0.6288557315915884,0.6389080238895319,0.6523486084021247
1214,1.6039928977162112,1.6355423810681675,1.5997348542400012,1.6645964957874044,1.5620015601823705,1.6372648175271214,1.6084334717892557,2.517287815067857,1.5623624471134494,1.5554848722949206,1.522767982335364,1.511555627332486,1.6167669179706543,1.5676885190318954,1.5886294155986451,1.4762520850108662,1.5035742164314883,1.512405946489752
1215,1.0220984341284616,1.0488222459337315,1.3086544415823405,1.4909250910962282,1.1515581932903445,1.0481552071712494,1.0226782147660356,1.1293427591634806,1.0062876476300306,1.0111441667532566,1.0460381430845291,1.0470945315327291,1.043300544424571,1.190928783803069,1.0867180887506078,1.0270792220564917,1.0425746308680595,1.0488222459337313
1216,0.18150429067804383,0.19574385547229078,0.4759350082279999,0.7080155059220398,0.3218330791762961,0.22885674216297228,0.18136106332378343,0.36343789588934444,0.18284228163699148,0.18449760433245935,0.24933870846758135,0.2387854115849327,0.2265592541875452,0.36824591647664434,0.2446725764611072,0.21094448329528973,0.2237349089433742,0.19574385547229078
1217,1.368438398325351,1.3082251078957687,1.3425528756053813,1.4687374221364724,1.289306678185208,1.3694221045427755,1.3704777944185362,2.1063065013695366,1.361132797773136,1.3495846439146983,1.2946996112106117,1.2901878142353278,1.3579727835704514,1.3078295374341187,1.2887104650914283,1.2585354077979094,1.263736850286589,1.2585259552550365
1218,0.9119865370551214,0.864594631660231,0.9969805775207162,1.1570116941044306,0.857767395262682,1.1018808752635711,0.9125997674605247,0.9593933203053496,0.8986697482561737,0.9023608567804442,0.7825623031022259,0.8455025984241912,1.064154109264129,0.9352273797881977,0.8747095429688257,0.7517117819843375,0.7566143087527091,0.8028491759455378
1219,36.17243876050096,36.524121655184736,35.26441151036894,35.22980464084008,35.66344277742291,37.176752602481116,36.205664722337055,34.219839939297025,35.84793654032283,35.954407414051076,36.27057340884672,36.30516475647987,37.07924985386851,35.76887833430059,36.19608397154024,35.508204503914854,35.5462776851593,35.076959896688194
1220,3.8003798929657826,4.36143398573785,3.886938835447779,3.844745385312302,3.9433636204738907,5.583996167965464,3.8209369947138314,4.121291475199839,3.6553729082510826,3.7360258427221367,3.5318692272321335,3.5148956496794503,5.264695534128243,3.988596252279757,4.184820468375737,3.2592039273217748,3.6802588411760944,3.7091761438911512
1221,24.390056837682575,25.059994356105904,24.136296108090658,22.843476454962712,23.34773753110318,22.825205074313022,24.42839639722831,27.139530376986315,24.705713449939196,24.32811067528832,22.935261779740255,22.891143820848104,22.81421947559913,23.80759863268028,24.524443241250683,22.52201534055308,22.52201534055307,22.58569490034046
1222,20.776286433197736,20.509004205334985,19.69789772379134,19.894089747085562,20.111078231707566,21.166970341005285,20.785295279519,22.39720594725924,20.953589327913082,20.96888939475821,20.537126403564706,20.56327875617632,21.099784084806178,20.10794981679315,20.326119131658135,20.006220888043313,20.0106567217093,19.599808095560572
1223,0.7787793230228713,0.7842562085819624,0.9840925879486991,0.9719011483532219,0.8422284297085598,0.916363533645851,0.7801134427226305,1.4371356287837174,0.7841743236429822,0.7779429688806146,0.7993541324733965,0.7988118364979568,0.8973647908649292,0.7980971544867135,0.770597021188452,0.7941887826857098,0.8422284297085598,0.7624227226425706
1224,7.998415238457571,8.686309825876888,7.812387458949691,7.99340787778475,7.688529936171618,9.686888549270734,8.02609480522809,10.813672024438132,7.8784130870308395,7.933007363773327,8.456831662941433,8.429399572008295,9.53789178118033,8.204997314489312,8.461418052359896,7.6809357517349035,7.688529936171618,7.894782865704194
1225,47.97678384902367,52.02711546851257,50.172152673539635,56.53503895106922,57.503503907805275,58.16607465372519,47.993840648065806,96.26996272209892,48.98449591109988,48.393411224661236,51.007234209400714,53.02551327105223,57.219183674583725,53.018633257298575,52.12073603542881,49.75391291888968,50.08781211548561,51.208601970575664
1226,29.75040532737015,37.59900845068777,33.10911720469331,36.377797563124766,33.92009241431663,68.38225054558582,29.957906472061698,47.7503744251411,28.834932958130963,29.236323761178483,34.20619993855081,31.546409649694045,62.93423789127348,36.49424787874878,37.03850699115437,26.857873681864888,33.7601271989574,35.70967506052399
1227,3.398837802570416,3.785043128513608,3.225872727867008,3.181661303317148,3.398336827488872,3.737973588746937,3.4140669512121775,4.923518530166446,3.3742237097816954,3.369005520654898,3.42117634772382,3.413899317276728,3.6916831314242096,3.372333341093224,3.593314683588138,3.251483960903899,3.303847860373073,3.1484894157124934
1228,18.410163536936125,19.418487092995292,19.311297262575934,18.34575821715612,18.377100929246705,20.023809523809522,18.408639547331102,41.095238095238095,18.40481049919661,18.517638699545483,19.09646182487738,18.506828689825365,19.80968505210786,18.55900272963035,18.99714456554243,17.4323604127074,17.43236069627356,17.8581998261453
1229,12.043444119191841,12.845147272238085,11.944525573123327,12.63986339916616,12.666637173088901,12.718351212289917,12.035270143198156,26.142063092917805,12.093195320491681,12.05265223947073,12.005043086452467,11.97820559343368,12.580050676471275,12.473206112514754,12.631738994783786,11.687100862748018,11.887910266081876,11.998127230925371
1230,3.976141589310396,5.538551670960321,11.541034444228407,10.525714574293355,11.58006143336472,33.42124542124542,3.9008804732867755,129.36904761904762,11.738281579063218,4.164929851583053,9.33509341967535,16.5184036376661,31.192558761819985,7.035758794961019,5.898304681920803,9.302115710391911,9.385395349865755,5.538551670960321
1231,13.674409918837368,14.895791556969998,16.54196875541494,16.42805426237568,19.395634161441276,135.71428571428572,13.678767714637454,22.61904761904762,13.878035968646165,13.790199301871391,18.63134592098586,48.32434098833118,124.34453553623236,15.25614987699864,14.942549357139647,18.14793918219934,18.191547045932065,14.782261699138992
1232,3.320369355083843,4.245104050306691,3.2438305231693274,3.525825173780262,3.361658716190016,5.021339820924368,3.3214912272747523,8.660147461122767,3.268684189138602,3.2323223484291437,2.9821216338226297,3.0785448594685705,4.726894427960812,3.6979276553166236,3.9812246226962196,2.9228003541388126,3.361658716190016,3.402200659251752
1233,20.51215485110312,21.516169832937276,21.02231088185032,21.671384290200972,25.580236081084298,55.72619047619048,20.50348539725189,40.26190476190476,21.86052194951382,22.278235046927808,24.835391938733817,33.37870488711783,52.83673616204644,21.204073078127056,21.297802174987094,24.385153375606468,24.55290622472505,20.365491154498887
1234,1.85874791296109,2.2740553513698347,1.9356157267335987,2.145107837384586,3.1385422582535902,3.938777636444355,1.839617957094722,3.863377934028191,1.8445301634853264,1.822576657417657,2.618994037414915,2.6835695574644394,3.736298693456755,2.0416403735391353,2.140783467236417,2.5893891729626692,3.010591443327151,1.854303103973306
1235,5.910258456846723,6.112450641659289,6.303651515057207,6.841740241183427,8.860097802183908,109.18404046595371,5.86041920379684,13.151513922786977,6.1114436061230535,5.951549282559772,8.964394946566962,33.53387018555886,99.32508553254837,6.145761447339509,6.046254805351733,8.81722694685541,8.860097802183908,6.027095386009884
1236,28.47654101900254,29.52644794417876,28.49614909340477,28.74287294516903,29.35018979827475,28.093848473276893,28.52120116845144,31.582990465752143,28.455734969791877,28.369958619233753,28.85832006137382,28.58303230402089,28.130258041493345,29.02585411592118,29.300096893975077,27.500280024581414,27.50028002458141,28.71393299273913
1237,95.23925667834486,101.44066160068833,98.43157330960685,96.74017250211016,95.93004925682412,99.1479264221506,95.31276224876684,183.9310535881042,95.37897136108573,95.17474814166464,97.06065240490882,96.71833307201503,98.83110815806457,98.83196702576095,100.33515576456416,95.0721322437608,95.33886459441277,96.6396327604818
1238,6.287961892310413,7.429818463840594,6.367183819275536,7.344647255800585,8.203457521346095,7.0811342658054395,6.313344033407017,11.624745267329581,6.2771501779789505,6.212367839352203,7.199435719075311,7.23353188691999,7.059585267317872,7.204907589050467,7.296096048939714,6.583774108157435,6.723538067781942,7.190407423055639
1239,3.1922969178027025,3.161337614376644,3.1099233603279095,3.138899278527049,3.387864737494583,3.587797660146532,3.1742748382984955,9.660770687301873,3.179618938622623,3.155519985854134,3.2585059174977524,3.276122177103409,3.5375762998876756,3.010657619868784,3.067595018193565,3.128747217551019,3.1697399849766383,2.8184051440545583
1240,7.657305266271372,8.058662604293067,7.5385087352851015,7.699155357752594,8.136595369780126,8.591793747834453,7.660402070071392,13.704168190656262,8.017474602525906,7.832657060085629,8.016808689409741,8.00930465134674,8.501604746514232,7.729460202208699,7.891113936543928,7.698674393822949,7.93162830840864,7.357665621440721
1241,8.857892946001114,9.11863682239393,8.513374498952606,10.024388579618188,10.539985208098607,13.888190871533082,8.832581075429038,12.963388931450098,9.034126759307957,8.845085522733582,9.930653526460988,10.129061496837656,13.324625545195504,9.32806668576877,9.143981724086917,9.786497398554898,10.539985208098608,9.085604097672245
1242,1.9644221806139688,1.8426993015384578,2.1506305013204643,2.286780658793625,2.5379908580528654,2.7922384432561707,1.9462212747224548,3.7215785264519337,1.9055822130474842,1.9936685319424081,2.2953730852537406,2.3595596301627637,2.721470610102573,1.924939149026786,1.842043041060368,2.2522258630916947,2.310648533257094,1.8285206131527507
1243,2.1243930097947463,2.3159294120658203,2.191305310008639,2.2734671322778475,2.541246089712437,2.4574314988488477,2.125526753004555,2.884900643998597,2.1155511994442144,2.113069553366511,2.330372039014249,2.2880094366021506,2.421469650433114,2.1912549559278527,2.241233233712078,2.272454093697081,2.386690048614767,2.1102968808736864
1244,5.254040792034324,4.998563302388319,5.323140843874178,5.395137497086027,6.163047126303216,5.414236865884664,5.2106188775050555,10.789153362420556,5.327246634321452,5.149722912771279,5.419309201448258,5.346651829266359,5.367699247208353,5.081744632556297,5.0042104503321,5.220494471219236,5.414236865884665,4.984849813222709
1245,3.0802787464504267,3.1709389310603515,3.1664654865404103,3.2369868809416253,3.718775108390728,3.293201867609092,3.072167249666679,5.014497433352043,3.092474775561516,2.9886367749145877,3.1570707771164295,3.107752904757777,3.2388157688321684,3.0714961870256055,3.099369820892361,3.0225175998285843,3.201218067177104,2.9651473727284987
1246,5.267208166955783,5.490363505013896,5.321447745515239,5.3011741564423565,5.5903957662196575,5.728730367343016,5.263255303302034,7.290285104094656,5.253209965185968,5.266106301527852,5.314145231172453,5.23971742613114,5.64204296556331,5.293234621793164,5.386903741581212,5.200146913798895,5.536166475832427,5.13802399799124
1247,28.248929828337225,29.878918824837285,28.513931857162145,28.3712924590014,29.854061483279214,51.697778916239486,28.25935218345297,45.07224662356625,28.62101119796686,28.347390795780115,29.750364277644035,33.73918197293882,49.26861278149557,28.903303587269694,29.43544023669433,29.371449808687398,29.854061483279214,28.36131920158971
1248,31.98045784170948,33.072213388593916,32.81668941889384,31.446703896201754,35.11642670115297,75.7768802071197,31.95707773753369,69.10671278645272,32.9145282713691,31.967056901573716,34.9704229931169,43.65356279501675,71.50317030658864,31.9516533975421,32.55011613340781,34.5991334368324,35.11642670115297,31.343253503370573
1249,19.07430062113494,19.891447923628903,19.294834545204466,18.346893092863066,21.051843391752865,44.730126345658284,19.05257980447507,37.63067301469149,19.813855852339383,19.38253267336705,20.91857246387033,26.568869566899295,42.34501029061983,18.915029821997432,19.451886918276664,20.86069804754591,21.051843391752865,18.32329872059651
1250,11.857334077821925,12.485525300449119,12.251289519372241,11.534299319355677,14.31561303502373,80.2847373620858,11.848358477884283,25.042235072758274,12.22998494108377,11.864698149193023,14.10102215119631,29.103211027722313,73.52885795327451,11.635221571499336,12.05547803165247,13.988449217081184,14.31561303502373,11.328493029126975
1251,17.633787500620254,19.05421532810339,17.879378326015814,17.96865077563532,20.0435905673079,70.94226119377946,17.64054040370866,31.572915202987758,18.031222612515727,17.837058791751918,19.93469954226136,30.826181468359064,65.6106462241408,18.175156359138892,18.621885334262277,19.748163294007245,20.0435905673079,17.884425862356206
1252,15.858792483526543,17.19963833056833,16.177024340703227,16.683514044863887,17.818898963877704,78.25393937496021,15.865031322576208,25.55630319003359,15.890833601498874,15.876800242773896,17.577857695447744,29.47311148287895,71.7051588939635,16.57081045707875,16.85912340581953,17.069482895364366,17.818898963877704,16.472542970956507
1253,16.54183861164611,17.908069532928124,16.706427783017826,17.208222749990203,19.402093021944122,45.904014875869,16.567848866418114,25.866458096309373,16.42832746443963,16.465478564333214,18.7315770861516,22.228392073243707,42.59823302679683,17.25912248372626,17.57672503539148,17.74109343787661,19.201475293826338,16.83157191046941
1254,9.492997237390911,9.735247575768778,9.569378086598247,9.668503895033476,11.906117242674869,40.939896703524,9.483112203740657,24.114732199846973,9.54798625967134,9.575233646113018,11.407688369698903,17.106475919539896,37.718066830305226,9.415966624803934,9.538917008839514,11.20840536732126,11.773016404773117,9.18260085487263
1255,8.521909548710719,8.76875237492012,8.645791053339023,9.365783687722631,10.579995324984532,37.61312299696186,8.512611325433223,13.190888375299204,8.53368373656342,8.560802313764333,9.664038633742686,14.709393089912131,34.47790505986139,8.77208399559154,8.699240854613528,9.19105611363713,9.801511985861948,8.466413786164194
1256,6.1105069794381075,6.185086144190709,6.614453273362905,5.851011105136024,6.62891891416997,35.73846442548537,6.090545374513965,9.90236425564445,6.213097426132894,6.017527118553059,6.401872184672766,13.436244719050867,32.810972229272004,5.776099489371383,5.963423689792904,6.292851749232146,6.600799606179458,5.649740237045239
1257,197.83112989793048,207.17450923545968,200.72002542972186,212.90304441062608,242.59281957153794,218.12084143396012,197.9341452656826,326.0830213911187,197.95527617483262,197.86060599039865,210.4681136354503,214.09906925657114,216.25546570406527,207.81300319352877,206.89572114760392,200.7507752034522,208.94426195949362,200.07639504702934
1258,37.451193954147264,174.67906009156852,164.53191118383725,157.51282654649214,145.30577069883557,11.394620811287476,35.81442497428664,2715.0405643738977,183.10204183434587,62.320219257556836,11.391200435885827,42.09987784600168,11.202617902943501,145.02651204647026,157.7613773681148,11.157209652575496,11.394620811287476,127.07100242195634
1259,73.26339780836007,303.687431033075,260.03183440376574,264.1433636222302,242.96317599853077,2.91710758377425,69.65874103264393,4638.784832451499,311.24192214860733,141.82176683653304,2.9173504505260848,62.965930281900086,3.52431081775408,244.8986655985776,270.807909244298,2.913359865909706,2.91710758377425,210.8184990391372
1260,52.30027984358051,70.72965424408868,71.88897845352919,80.9636898734899,74.6226450025817,56.74084249084249,52.00633659083889,664.2985347985348,70.35885481150099,57.02764893851346,56.55221687036819,57.222793092371234,56.02773199210469,71.33546464099175,69.88928862257849,54.175910418160186,56.74084249084249,67.24858745187422
1261,2.22651957607083,1.615634138007061,2.9360785710320054,4.02935675054676,3.583473004148351,1.0830874660201342,2.1296407022245774,60.618258359234666,4.630883959253258,2.292905738835407,0.9806870989376524,1.22716204706562,0.9979442872030067,2.3184465156121474,1.7757873461695521,0.8591838101107475,1.0830874660201342,1.608758815368934
1262,6.977019097160901,9.04324186185269,14.084295516760188,15.739124127242688,14.874499117368268,5.294532627865961,6.814046430827211,178.98236331569663,15.298830660146542,6.460044716164371,5.226160808722267,7.262993919735586,5.237441781293587,11.202407234603283,9.621601828566272,5.200821563129878,5.294532627865961,9.04324186185269
1263,11.884986666784918,11.72846839200559,16.188450944985377,18.48351794465939,18.455070804724283,5.093300759433443,11.325314810087049,260.4299781944798,20.151759760064476,12.835268106933801,5.205145991933012,8.666247269454015,5.170880944299265,13.476971900764278,12.036904691292696,5.068259581975691,5.093300759433443,11.277411310335147
1264,1.8449194797540602,2.1526524162821805,1.9089274719499676,2.098521536363417,2.4312155357491734,1.8210267373989815,1.8461464940208359,3.11937422669747,1.905791607082474,1.7969790717175533,1.9061913766799208,1.9298667714241324,1.8142478479380018,2.0214567636969947,2.0751829042179137,1.7833136936510081,1.8210267373989815,1.9110729326031597
1265,5.534993041908765,6.1720650715834715,5.249694512719306,4.950507766267006,5.051802132123851,6.700663937624401,5.543210658174054,9.184737819859869,5.47530807504731,5.394085096543953,5.51580015404064,5.610449323093026,6.567721942110965,5.442312761961122,5.851610470063144,4.961941317972864,5.051802132123851,4.947051739867409
1266,86.22681052182025,91.5861245095016,86.9249736101343,90.2090276900446,89.90175217345626,90.40273021086425,86.4896350408705,130.73462008837427,83.44303192474656,82.8466239408466,87.98718714850635,81.33479113344316,88.70236579783757,90.54367007297681,91.08420528846057,77.88565519451829,79.68233275606356,89.14480257614441
1267,45.79402047423728,48.80296452588749,44.826862874521716,50.79903467929521,54.45992915342404,46.81670822467952,45.847405866970945,101.17308110766568,44.23401784238849,44.30653670151941,48.771580719184634,48.723650098218485,46.83508223885843,49.048982806409185,48.720887807012446,46.225885095418626,46.81670822467952,47.706238200875504
1268,15.15026832134788,15.572959725476139,14.198338279311253,17.903094471545867,17.813184858150866,16.313492063492063,15.030667727214633,58.07142857142858,15.048871525617743,16.137470816974755,15.700207829294131,15.647939820097308,16.119550961487413,16.11199509154534,15.638326190232059,15.489655005026725,16.313492063492063,15.244167203800812
1269,8.367816479753643,9.202507631563671,7.968984946289283,8.390482812067715,8.323025817950976,9.231409411410068,8.347299447260527,13.499301257993942,8.428146803249973,8.402191002602821,7.421556558045338,7.624428411081453,8.96696028305329,8.650057226088554,8.946382350399112,7.145280875918227,7.404426132822164,8.218947404755099
1270,13.643358708809735,14.386952359138407,12.74722766577588,13.648507449811548,13.468474378308963,14.252000427243127,13.59681670322241,24.67935115875738,13.723552524341514,13.688983033561387,12.376710760833305,12.599170438138978,13.973221401515373,13.859888334181244,14.138244772285049,12.059340474591474,12.323663552636667,13.28969442900651
1271,25.17082895932336,26.243460340294586,24.265994696537636,28.098218097650435,29.214233978830634,28.205141592839407,25.15622101795162,52.875908390726316,25.434833468040093,25.46485116910958,27.879594351405434,27.950654705094124,28.111379926798197,26.831490078618206,26.397228441938992,27.779120553440695,28.160012520333435,26.224967771883815
1272,5.096900079084647,5.72955775183771,4.7426474892512465,5.431986154789658,5.9492203639455115,5.320748600270245,5.066557921223821,9.21431478390817,5.113991435558295,5.134409164975193,5.123431411910006,5.110286733431728,5.252479616205541,5.412278527327589,5.5622076397969975,4.974275179933978,5.320748600270245,5.196324781093089
1273,18.583247408954993,19.130735522827923,17.44646014784212,18.094223184787772,18.31537997704746,16.190476190476193,18.615655527712136,20.32142857142857,18.47639456488058,18.3912465894265,17.553068742029,16.980119771855932,16.24488780054263,18.510621398985542,18.85824396413362,16.057252680475973,16.133428012444202,17.93818820341671
1274,0.1001412553133872,0.12364877460794371,0.5024261007354579,0.6266481569211715,0.28525085596571964,0.10507395983352508,0.0999342958922716,0.17760888694441013,0.09893864485908499,0.09755997083012036,0.11706525057746946,0.12857410546329623,0.10143102717723283,0.2934050312636605,0.17193285299001518,0.09779284952466742,0.10507395983352508,0.12364877460794377
1275,29.884410557651133,31.783055873791337,28.412785241668185,29.592545985074164,30.0003976418305,33.714285714285715,29.960901277125327,33.67857142857142,29.68352043545491,29.768740641786227,31.434431790884986,31.640292151897082,33.48735190069236,30.590758749186946,31.282846900690586,29.986631326378696,30.0003976418305,29.59250798036294
1276,35.57260079722263,36.93491003224981,36.66677915900854,36.16201953029039,37.18528564878532,37.202380952380956,35.59671359221949,44.64285714285714,35.68485077642655,35.68485077642654,36.52498885833538,36.499247411800845,37.06955486833253,36.23020775591713,36.576647435632026,34.968460809391246,34.96846080939125,35.5482658959071
1277,3.561072729833617,4.06091358572291,3.536710181907189,3.6326790652507825,3.4610983320334214,5.7286840668581425,3.5525234909100845,6.514974036819063,3.586489612450863,3.6426355503798455,3.666259403981009,3.946051156763622,5.492025172007296,3.7278756010643668,3.8991574179980977,3.4235717567346104,3.4610983320334214,3.619043865025995
1278,5.562518708428173,5.566612748525331,5.573308941099494,5.708649118711154,5.777295766599583,6.1239357901083125,5.538027318149038,12.60911498356571,5.706334704902123,5.617334916013991,5.505158856929735,5.523866713432688,6.025521466597837,5.5191112207847794,5.519167406349079,5.223539657196809,5.328996822179008,5.221396210339459
1279,9.130609371556652,9.544754667319742,9.098823260087274,10.032292201563326,10.47820145912673,10.147794114074403,9.122697466174142,20.07079532055855,9.285419929218042,9.258011672645283,9.960631729566105,9.924930159201018,10.090581632121106,9.600673099130256,9.522037959569241,9.69537613546108,9.738689301839742,9.354719783357297
1280,20.359134055728845,22.417038513763647,20.05439893136349,26.481856692535654,31.65409474369797,143.76058540785075,20.39194403654185,37.05011892300306,20.408593894739223,20.373540813544405,30.189875933913537,51.74909687488853,131.3231946664748,23.902255723811972,22.879799346741933,28.737603173643965,30.342746818519647,22.290524112246146
1281,27.65617569855606,29.974461395363907,28.782183724396393,27.961086435565978,28.343186012552334,31.809034577484557,27.70832319348447,32.550892118796675,28.176224696519323,28.29100833054584,29.54603579357215,29.57600637712137,31.54072240483751,28.800438485008097,29.46469172791194,28.343186012552337,28.343186012552337,27.961086435565978
1282,71.6898674948585,72.32255654790005,70.37965520207332,70.3807925400264,70.03454469106272,70.42236220275466,71.68599742523617,145.30355494929753,72.45737079300447,71.84606942351174,69.64589233610069,68.79918720328756,70.13141074088203,71.17946454945078,71.82398934983733,68.54667173479503,69.06225808029073,69.93439285484344
1283,8.338282383397301,9.134895735800303,8.352064539117316,9.30828885062155,9.546939488908821,13.909159241322174,8.351308715716366,18.756290492085963,8.398713326287819,8.402871732587707,9.451362026869523,10.216849145729523,13.403920212018173,9.004730689435807,9.030782932348474,9.36786455167421,9.546939488908825,8.888410896579513
1284,10.052318697015961,11.452592026628826,10.335979933924563,11.13270681036749,11.351832005204736,15.990490396595069,10.07769723013565,11.719257622838414,10.102775770630885,10.050473552215303,11.620963982155976,12.173052791759188,15.47391687928882,11.137043319170031,11.289027079806559,11.220423235109811,11.351832005204736,10.950883739386818
1285,42.227614904847606,41.832875147296285,40.67588531790201,41.10052633381657,41.09637876475775,42.99261722517741,42.20298047141544,85.43104249471143,42.500681948981644,42.066911824392854,41.57993341360499,41.61556242085856,42.81630754307571,41.327030075526345,41.59701615898109,40.44460119298443,40.53842937584779,40.77270146129102
1286,176.34517422503507,176.41216524401963,175.78215306236154,175.46593487776033,174.21097961509827,177.70874077493178,176.31084267378114,349.3559043321238,181.89658620942092,177.0429598673023,172.23079184104301,172.75410331352847,176.92475890945767,175.49004712425224,175.9355572913196,171.7142247942334,172.4782085688636,173.75892104439376
1287,3.6364769383538174,3.3955243445469243,4.144849680835854,4.316780982805146,4.697224481660146,3.428571428571429,3.6166251161185414,6.857142857142858,3.472038269444225,3.4720382694442247,3.4600856623674985,3.6608165185474966,3.415608608277889,3.683605120471155,3.4693452445474446,3.3962170035881605,3.428571428571429,3.3774899999632346
1288,3.582475810485517,3.832703517771584,3.4350939774444846,3.6438591549296127,3.928313559742769,7.3935016448629085,3.5778137847916125,6.983625436722677,3.556100181778353,3.5750228229612286,3.7536717835597813,4.356545223417846,6.9724133886187545,3.590169192642948,3.7001428732302934,3.731364562523597,3.928313559742769,3.525642939708925
1289,3.0007790122369813,2.3958032655774084,2.9137620434263596,3.4248732231203145,4.422498665916652,21.61393930600372,2.945856099754407,6.973148854727174,2.996271658754701,3.0611594968447853,3.937232618163499,8.975379389900812,19.98622775074809,2.701002819111134,2.4676425849338446,3.872004665941075,4.111935092832395,2.384982339209133
1290,3.4533935582937993,3.262296122584568,3.4434694116121896,3.889332308862913,4.658550638361272,19.606954716231716,3.4075949303666886,9.753159292511114,3.70515678186081,3.4944203995690124,4.140793749432679,8.198684913113784,18.11206163714348,3.362752670402543,3.2513439708346716,4.109742109717247,4.518368853746359,3.204408422281053
1291,3.0033418261485365,2.9923810779509012,3.220702156201711,3.0254690376354945,3.00805378617193,3.1730769230769234,3.004423887581421,4.063186813186813,3.0540250217207188,3.069946712132358,3.018566021068126,3.025616809075745,3.1524855425774247,2.9364547065212467,2.952617645073772,2.948335776354932,2.988179599967809,2.857404148927827
1292,211.3089137143776,217.7363804335921,213.74104102791125,215.27470125704892,218.9791234327329,210.8304635917391,211.30868775442957,407.5419072878838,211.35327919067979,211.30005181574288,211.3157999049554,211.69579323293416,210.62818653072136,215.90022447801164,216.8566421232058,208.51556093476654,210.0075546717254,213.1764746661762
1293,69.46787310125079,71.83775199591908,69.479968913731,70.07697754725932,70.85954722095153,73.65476190476191,69.5396901393661,72.0,69.10219831105867,68.99139722046839,71.70051356091366,71.8934451598143,73.44589638399331,70.81748147898192,71.39607179891847,70.49857281843342,70.69034498743808,69.855021945586
1294,565.4098700065263,571.2161667881916,567.3283646525193,571.218091952026,584.7645194534879,591.8945043388096,565.39159251645,1128.1051581556305,570.8112549684171,563.551160264709,575.478614959749,580.9738455857924,590.1404284955756,569.9784004082795,570.4237652853878,574.4064442320632,574.6459297517246,566.3832403594411
1295,18.907484420965748,19.083406646678533,17.907017981773947,18.28055846030497,19.07212347931699,20.12953936819591,18.908449494620424,20.52026872854911,18.8602264700817,19.12742307530856,19.343548796705992,19.36439139469583,20.031744968230445,18.559050000607932,18.844160175558176,18.666184073199368,18.68299555802763,17.893184454837357
1296,48.56127590356268,53.96513384643103,49.57696379305253,50.709593763722296,50.14515048577315,49.92708205428226,48.63504953097768,77.13135615754084,48.400519106156445,48.43301995068605,47.285203570646566,45.26247157636832,49.03099298406152,52.03852143731419,53.1227667145213,44.72678773508171,47.42935159061637,50.25919268453817
1297,27.35781510482155,38.46777893832013,33.43644816050122,35.50053114543899,31.47117681636728,28.071499637617702,27.496015701347073,58.25579820595892,27.31514828576429,27.31730096818724,27.639353602788265,27.595778156230566,27.828127083110413,36.58480445334382,37.618745003081024,27.066038971704767,28.071499637617695,35.45480112667208
1298,143.48154888946817,159.29289451974265,149.98374662654405,150.87949637893738,150.61665241297075,146.70223518253775,143.82852560322718,222.72459848035706,143.14852302545026,143.35327924721815,147.04573346558718,147.52638065223272,146.6826740464103,154.6422848335079,157.32611209744906,145.8967849368867,146.07598944226427,150.7603137048292
1299,39.1793695210412,42.083899369104934,41.408404438998296,41.27075171550587,38.31177712035416,40.42857142857142,39.2252332973687,74.71428571428571,39.115714590635285,38.73097179125864,37.5491298353956,37.136945841520195,39.89841831090147,41.0542236120167,41.52248460300036,36.876239525132554,38.27055673926206,40.73401615635573
1300,122.84522953656477,130.95834229084494,123.1622945014016,128.01821878809412,128.9439189504141,127.95683576475632,122.82900223631815,317.5853125128804,123.31813549765108,122.89365162771283,126.5325951538308,125.95445549119829,127.53196476942567,128.44618552571762,129.70337678149357,124.57529525437117,125.56325535667467,124.17738193652654
1301,14.220650352718451,13.903994584698522,13.532913680856417,13.498513311241837,14.333504489416612,13.621664770499166,14.156289879630682,39.44676754083502,13.99631984043504,14.150173862016226,13.644364680530733,13.682843953977953,13.60125602800885,13.552606935334774,13.727764241920525,13.500374582265122,13.595288394178175,12.971285286173943
1302,41.75612442788565,46.47984551966596,42.76181291834933,46.45115350055428,43.24729377111735,43.87285547984354,41.79501310682281,48.04237080050931,41.80290086274848,41.68869033860451,42.66213648818601,42.45878402792014,43.632332180870776,46.285909440118466,46.359169471048965,41.90758665304798,42.54217426080906,45.03961095367011
1303,19.567593120540014,20.618962751952292,19.82722490887631,19.763352011347717,21.440964247386045,19.14059417650523,19.599320210502,30.776639180099604,19.38699234370489,19.246480661976456,19.655383372246952,19.75995027338584,19.15475518172291,19.935450813964234,20.28418840051248,19.125094850370882,19.14059417650523,19.42222693816318
1304,38.563008652615565,40.791846826005454,38.68212451100538,40.445363584543664,40.76291790584803,43.757430831818574,38.6150990166233,73.39094339019788,37.49276480389715,37.174986292482785,39.812929975476244,39.12660169879707,43.012326378213174,40.35678788524256,40.554987092892624,38.57507225697204,40.76291790584803,39.71737251290499
1305,45.481359986118775,49.052772224755046,45.18146460238517,46.5657491532929,46.865497100331716,85.35679325688595,45.477902155949074,77.00251045484792,44.64687784230804,44.19419821287997,43.74528245885387,48.93499212897706,80.1687593696282,47.1711437229528,48.14697275217706,37.13845115090851,37.977871974539475,46.0541796334978
1306,8.812225364649022,10.497507003202248,8.996884811255518,9.227330575679323,9.45013598357142,11.715355632441652,8.830768536809654,11.915356458196724,8.246883991163434,8.437935783819773,7.859357796059295,7.418390775829984,11.000867193884595,9.718379802352738,10.151286765961315,7.08864847040865,9.45013598357142,9.227330575679323
1307,101.32694873778166,110.00278126537712,101.02647096428943,111.96602493938035,113.69308639571882,106.29761904761904,101.53153500851109,162.98809523809524,99.16629246819718,98.31609127967022,105.26115036139208,105.63920993146466,105.8397252848852,108.89994290881411,109.06137547629642,104.50742878361473,106.29761904761904,107.69249732304154
1308,39.58225600915324,43.47150668684074,39.297731023738756,42.846858399578956,40.86644219138213,72.15998999592198,39.66005161791228,59.34278406473987,38.80390561387812,38.726317491276255,41.218489167472015,45.20175813382246,68.44613559332738,42.589138489001556,42.981748834695075,39.24842960378701,40.86644219138212,41.46257492775807
1309,16.52072257864256,19.00343288581517,16.62418259651528,18.774507923846098,18.776198716540367,42.633958927708086,16.57190596986298,22.36956809067391,15.217751726147057,15.510208126762786,19.07427423268621,22.896554211074527,39.95745124105027,18.578825448450754,18.759155121338228,18.22601069126068,18.776198716540367,18.196985961393015
1310,16.31794361408207,19.696435000422643,17.648884330649377,20.080180981809942,18.65660867734601,20.043560178387008,16.34075520109287,63.44446211015396,17.344140769891855,16.46839005354951,18.797346919144555,18.00301844899428,19.718270067349238,19.524384767428288,19.54027333353978,16.736997286435592,17.096119925548802,18.497499849803486
1311,19.819802666260912,23.26441424207761,20.413728580019924,22.543773966331585,21.94624895837333,21.002918305535534,19.87932145131996,29.063313318723118,19.126982956819344,18.991291891529972,18.70795253523531,17.632197185372945,20.320031413326934,22.6147672746467,22.93511701601135,16.042825600389385,17.91543845463187,22.173911241401132
1312,11.236149559944275,13.689598620722675,11.982278192031515,12.34235527893785,12.022034894903351,16.343958596092918,11.212202184353272,22.55860741380774,11.740817003334923,11.644552558031984,11.833727636981486,12.215762029304239,15.7540878149566,12.78109810501487,13.269827491683856,11.392307405685765,12.022034894903351,12.143926305643946
1313,387.5420851085485,389.78429735208647,383.8313808571233,379.1367840961703,377.70566178164194,388.0201465201465,387.71052939409464,388.84249084249086,387.5311243548595,385.32560536113397,382.5829261484732,382.45625456486476,387.42715886187574,384.2827949051914,387.5410373767836,377.32803377849353,377.4622966025854,378.84203356008305
1314,147.99117179738928,149.7489806264716,145.1123958539947,145.30001599934394,144.4731885357863,154.19649311844015,148.1235457409633,153.98104503010086,147.33203722004626,146.83867209461056,148.50757701847317,148.93433296604192,153.63423139570392,147.3776960981143,148.76523428357825,144.35536199368593,144.4731885357863,145.27629019884793
1315,156.7572420089423,159.06519239006346,154.9651250761837,156.92206802514366,157.76008800385458,161.7070234912633,156.8656618524712,156.9603866323031,155.96962264730357,156.00214892025306,159.2076823089911,159.45603860845804,161.45694846046368,157.85436154389126,158.54743557230364,157.66745899743196,157.76008800385458,156.82131463404826
1316,4.446665917445473,5.20343219666749,4.769817332564218,4.884189908293647,4.972915977281904,8.418204167141477,4.460713524828977,7.594984627502654,4.469025446243222,4.428901756292251,4.743749173335671,5.229559587689273,7.967399665589241,4.9089947197536015,5.053301286047462,4.676257167550464,4.972915977281904,4.8560016048742325
1317,5.81587654707943,6.464343076331564,6.213554314797006,6.434778416814541,6.997552778123896,17.87553440521908,5.818244379933642,11.39969645551905,5.926682966123143,5.854599733412375,6.87045397005373,9.302596092436207,16.736185299009623,6.276869661407299,6.347907849922077,6.8030204096811575,6.966716860533052,6.233243867649769
1318,3.6386540352400867,4.236585638575105,3.9088752985308943,4.030243899080745,4.415510318280846,5.75096046820016,3.6494080268718196,6.58986531613749,3.5907703345090654,3.610073361134217,4.316880486545615,4.454005467394903,5.564634274793531,4.007168533618489,4.114519700142194,4.271006090260111,4.4155103182808455,3.9693447185094275
1319,8.58048744025947,8.75603755554401,7.894021423452202,9.345802909849553,11.088632564467423,9.31578947368421,8.59300855493696,12.31578947368421,8.715254884173321,8.593023490261524,9.4817675516041,9.768002075894392,9.3219319290189,8.850876960350558,8.745962932103534,9.308712660744973,9.31578947368421,8.67972982739318
1320,6.028753089680617,6.803759821216521,6.297078795721055,6.505992149578032,6.586969227784526,9.165911670103872,6.041931088862365,10.114063605822485,6.11904068811567,6.038940951481458,6.200598929726293,6.5507287528597,8.78507932573185,6.512853740947382,6.653312050440892,6.066571123882557,6.341810411638673,6.354559008999068
1321,33.69176643330321,36.48977427769305,34.340033131283086,34.44294198923775,35.39417050959182,38.273009512545954,33.70672515839601,48.9353827794258,35.02806184678903,33.95613174225783,35.56050915297107,35.57235749069692,37.88943338352758,35.24246488663602,35.93711614203118,34.346949648337755,34.4166765006842,34.33889476138204
1322,17.81572109220639,22.06087978129391,19.50007628424251,20.05107669115019,19.356237307829577,18.84238554019046,17.850683127798067,30.643112982318893,17.830208497019154,17.541365394943934,18.07315003951987,17.633263033744132,18.589528934421896,20.688969763145295,21.424033740496046,16.39753374545005,16.885445336680295,20.051076691150197
1323,41.1926182029596,46.25016493116528,43.64188081155962,47.06449205177248,49.45819212813161,47.94276201968944,41.19546112171464,69.36410260265954,41.714341194866684,41.41214264175182,44.562956705893136,44.24747403809965,47.172462948307476,45.73229824823914,45.82101099961969,41.35004669688916,42.65427500732773,45.19718010473201
1324,1.0466735588251594,0.9963092091192047,0.9824722007281964,1.137652476212075,0.999829416254471,1.1330023188588962,1.049053117860206,1.42094731799746,1.0429371337925666,1.0368766967481953,0.9757086784021741,1.0041178266878628,1.1145070459635986,0.9779894050634829,0.9676233424723985,0.9022878928247738,0.9061970947808019,0.8654391022709067
1325,0.8135812342395591,0.7714558846585439,0.7863071351558197,0.9802173776626496,0.8059998347814394,0.7715184449385997,0.8158417030221149,0.7325862466061338,0.7622012358231774,0.7749764139275466,0.6780477514754056,0.6261445536958475,0.7423457430595488,0.7965786434878996,0.7624830711488387,0.6101404644775429,0.7244255334646161,0.6667190092849795
1326,5.494981767153995,5.4203047224833165,5.1829259327327515,5.209593040107166,5.343985087194171,5.025163014623156,5.50132457300926,5.349157621645656,5.437195514781048,5.431442376306246,5.195533735854897,5.112801689737188,5.027467369629126,5.2330483410363335,5.325746040242385,4.99593097124946,5.007826185534923,4.9641580541234065
1327,1.892649349580285,1.868478017007808,1.8224144342847843,2.017944185779802,1.9649875502060308,1.9487240703487256,1.8962226994679308,2.262319159521111,1.820065982825887,1.8493908289487033,1.9092803964386975,1.9065538375321787,1.9399798695200035,1.8602426343704845,1.8452714318672818,1.8167273697651474,1.8168711088252867,1.7149202151109229
1328,1.2595566974961543,1.1832262072028112,1.2264886673323563,1.435200647828798,1.3150317796297684,1.1644446495879357,1.2604076100766772,1.1804329361175083,1.2322774421430513,1.2464902913300204,1.1951478416406816,1.1438831977362636,1.1537615528842355,1.2312339022915157,1.1837141991844637,1.1058788561651953,1.1644446495879357,1.0727773208934754
1329,1.5018972179700392,1.424063381580047,1.434400264517014,1.6183106878910152,1.5496642642463228,1.7266579659650534,1.5031531107043798,1.4738756524535879,1.4918532236248236,1.476054676298084,1.5176009742376044,1.5308633089092092,1.6974216977017864,1.4427739370295163,1.4127284603103911,1.399192747399067,1.421790639648398,1.269395977701197
1330,7.394337852510781,7.3356832005816015,7.204811390005993,7.299792886149656,7.533519288700497,7.611009380686366,7.398900981400492,8.13989136124325,7.318740141240602,7.350347667647988,7.512221765189299,7.518096174698972,7.596842925688126,7.232117242440446,7.273707825103098,7.458960047360212,7.463879542562442,7.01089104451284
1331,11.442794824171324,11.656343320981401,11.286684127918248,11.557263630978488,11.522965058343708,11.949172463602721,11.445020268041231,21.860168157699885,11.47792972156789,11.41739122858427,11.507919967143605,11.443879190289323,11.872346074909828,11.466323729998848,11.546620345552915,11.3456711589071,11.448985441633154,11.260754812414868
1332,0.19144127256114793,0.21955627796150015,0.8520842717044488,0.6915670555576278,0.3109493312730869,0.1984126984126984,0.19156577369467295,0.36507936507936506,0.19198176064922715,0.19274557511473223,0.20965583799045687,0.20704441270112053,0.1949885756487811,0.37810686435378454,0.26438735994102686,0.1888380707654497,0.1984126984126984,0.2195562779615001
1333,0.7795836993937808,0.7665058661214692,1.040668233726423,0.9074533813923699,0.7794167745541039,1.075091575091575,0.7820681546013656,0.9496336996336997,0.8047739887466757,0.8056625484013518,0.8262797780081884,0.8452831248929282,1.0447333355780184,0.7458560289755143,0.73637626851555,0.776492275129908,0.7794167745541039,0.7184713482422714
1334,2.0046491511915714,2.1707570079174805,2.219656224713556,2.135395513628286,1.988762693686133,2.4523809523809526,2.009825954696394,2.5595238095238098,2.027668163224026,2.031363533348248,2.1049725626027462,2.0707363442679214,2.4007312984807436,2.040881403401187,2.091880000341756,1.9072444566226094,1.9705180351174507,1.9063522569162643
1335,110.85049762210544,112.97822781253304,110.6249974135569,109.95793792093514,109.07339854677781,111.88136839042802,110.83280333179253,225.7198808382565,110.54490497900674,111.09113512025944,109.58827312407537,109.4473891916201,111.54527098561876,111.09829953433676,112.13750850147916,107.37979381822292,107.81118253038511,109.22427443772563
1336,253.6186755506274,259.06527765514477,251.6833727678795,256.8368232714327,258.22601244729316,253.81084656084656,253.55951288428307,514.2526455026456,251.60297643412193,252.8774062315853,253.79935619750754,253.03773195690883,253.46527232120835,257.18308691123303,258.12809010508676,251.6711379246871,252.8436966648669,255.51047414907237
1337,235.4999828199404,245.23057546507422,237.28440605344292,241.86933768840584,242.78626582481164,242.77737765598613,235.54554738218425,468.989945742001,234.81227863104652,235.82739798982524,239.45219817796703,239.96474043156186,242.2425766157484,242.83376398528196,244.09996465120742,236.95372970124777,237.7254595254034,240.8815109386362
1338,1.1003649467091507,1.0673774247875873,1.4586017561985862,1.3489477889399322,1.1598098349953427,1.1858178053830228,1.1012753860512783,2.201345755693582,1.112274367321233,1.1206267407150696,1.0895856286247498,1.090204629538645,1.1688216606400366,1.116779818673425,1.065206513176242,1.0739769447788061,1.1172588351685195,1.0426374384704453
1339,8.925241005681395,9.344082197589772,8.747684166968984,8.908952665412608,9.431681009433829,19.273139468178204,8.868550170861207,13.865742629094548,9.08164594000143,9.001687652813246,9.595926741222817,11.800697642862616,18.296241152011742,8.950526024883064,9.144421790918738,9.243589870629934,9.431681009433825,8.848461862275045
1340,4.876453478595273,5.546104761400571,4.941750070763273,4.732324123357803,4.731548441029973,6.689148056014447,4.876318110221267,9.949281917345068,4.884338645294737,4.873967683319191,5.041124703992221,5.161627177766168,6.487011071821576,4.980010967591045,5.281458409927606,4.690402313990166,4.731548441029973,4.723927003152778
1341,5.287557211669905,5.755063627466022,5.468638711665328,6.0211510391213245,6.728872559892678,22.851983181070405,5.265342283512572,20.208184709104188,5.588780093758575,5.441998973465627,5.960530335043418,9.834244392713849,21.104152789235656,5.632764318844778,5.644861580549789,5.900634826752722,6.307785632506698,5.484067372220882
1342,8.263316450004139,8.635199640325078,7.97630331394399,7.990865066156405,8.231173355079486,10.07519136807322,8.276454601801413,13.861697218709667,8.249032222824521,8.43295145447033,8.767005772419687,8.805764815575051,9.916981133683285,8.211467822848958,8.441331426040602,8.226011552241596,8.231173355079488,7.988760562914561
1343,22.059031066176306,24.576210813818534,21.808842038655744,24.49991514460993,24.320008205567714,29.257380375904916,22.07592816345169,46.5761965963846,22.078006798928175,22.021018721199706,23.27774736842331,24.426996031604194,28.561789098152953,24.23549699231098,24.367309448358725,22.90510923953583,23.00614487001114,23.634691673638006
1344,2.1253735187297003,2.8524016170463766,2.424080771217595,2.5887848098020814,2.4220864478699475,5.426974075037937,2.1300838242950224,4.340490052990703,2.119161750413354,2.1222795960462073,2.224588505909935,2.752923668639483,5.054124441044791,2.5603718385016463,2.697136575647064,2.0831093563301564,2.1990106119907713,2.532582807931295
1345,8.860894421758823,9.433571221025884,8.995094727421879,9.214338892130911,8.863465981056555,9.646615503760945,8.866604957719423,20.935551629502896,9.171606955472532,8.927170820083843,8.637844919257253,8.713728722717649,9.504608743884413,9.142139838935861,9.273363015955667,8.628133849030172,8.863465981056555,8.851546643235743
1346,1.8806746486905945,2.0749360444838962,2.328542275708297,2.795707513140749,2.694541471313966,2.900557476218351,1.8692255571255803,8.632688876748059,2.3086935065918994,2.14129290518574,2.3875239916076842,2.3301479014926985,2.8014503772411743,2.21207842202776,2.0762145898731466,2.264653162570142,2.4816883671169765,1.9797119184784575
1347,4.32866540185124,5.064446621797468,4.104855349512374,4.784867871152344,5.3440527075259014,6.84215167548501,4.332741757321815,7.513227513227513,4.313638422253628,4.323697397977917,4.3451824635168235,4.593530919482286,6.482328185402651,4.714646968902247,4.874124294021942,4.240157659458659,4.729547600634622,4.678095370927692
1348,0.2851354588895706,0.2744954560141753,0.7685372542915268,0.6491032883405529,0.3839759505514586,0.3253968253968254,0.2855978859345653,0.4365079365079365,0.2945569850018363,0.2919762822371728,0.29296542732661757,0.29323296656768233,0.3166496315873297,0.3784789664682886,0.2960919628256425,0.27610065199760486,0.30349373081760156,0.2703446432221372
1349,8.821746967480692,9.576640956935092,8.336137371407341,9.1563692218107,9.751748050110505,10.602226011441756,8.79794441867994,22.414207318163083,9.558733577540144,8.816496449259274,9.884289367377942,9.874873741872678,10.502300588483537,9.223537996434883,9.401087670429886,9.274753505368837,9.395834292028058,8.620903826614287
1350,62.13754696947645,61.849185141550926,60.40629916465429,60.83139486346835,61.364447626113694,62.726190476190474,62.150728013279796,61.035714285714285,61.736389461658185,61.63820650039593,61.85578097963907,61.97525215941804,62.644790624257176,61.26111733829931,61.594956580839806,61.33971321942604,61.364447626113694,60.68304810043919
1351,2.1460257516491468,2.077545832402203,2.3274968711045907,2.224132938399808,2.1018170245065178,2.2371794871794872,2.1479035636591206,2.4935897435897436,2.138791476489948,2.1265562060827228,2.090485074870058,2.102335774740538,2.2176504926363703,2.062633551096198,2.0504115196466466,2.0242960919955655,2.0454031713108374,1.903228958615089
1352,2.021103240791916,2.0147142654836454,1.9429893356181431,1.857952028735733,1.7872253954494461,2.433022381677342,2.015733798583612,3.2051586010554356,2.011962894640063,2.0288446959141044,1.87425235282108,1.909349956593565,2.3625854852916794,1.827086651860034,1.9134440611742836,1.7719563114296524,1.7872253954494461,1.7777438734333184
1353,18.7979984501446,24.471794609997513,21.343089906883563,23.558160604738934,22.7078645587558,19.467056988639033,18.919403018412595,30.333771239562978,18.62452134469507,18.52799668612182,20.478172796166994,20.039917884209558,19.430064218142178,23.697382145855666,24.085806713577757,18.323206212169282,18.34455456706604,23.242833669498648
1354,100.69418437980421,114.52599981006044,105.78835141179313,111.05008937222941,104.79608529678598,101.08249363979174,101.23536873362151,128.91901824666704,96.21639985169757,98.21260950943758,103.0910552365702,101.88204784043319,101.06729731334885,112.57304262631028,113.69321646500005,95.88908766589225,95.88908766589226,111.0081593409056
1355,0.7343263040420039,0.748733763136671,1.213700906664922,0.9507123956258287,0.9776793982289891,1.7857142857142856,0.7297668641192993,1.7261904761904763,0.764239114556308,0.7407070722223978,0.9148143592120249,1.0909315926330383,1.6900671439656871,0.7512060213119169,0.7260785724701296,0.8499317726466328,0.9286591426711976,0.7099270988366623
1356,9.144213342426573,11.303130976893087,9.02279481409329,9.171600918992068,9.028608488049137,12.461564236932189,9.190139441380108,12.352434608502008,9.170896253600084,9.103119790384609,9.739076901032126,10.157933041902707,12.178357318576325,10.096052919403967,10.786384627048173,8.823174373162248,9.028608488049137,9.171600918992064
1357,9.933424543127005,10.990797780205613,9.283783618412743,9.433456355249556,9.689112228342205,12.371252204585538,9.957265085051882,14.264109347442682,10.095829197406323,10.062472547797693,10.331159527048753,10.64879944459785,12.164682479118829,10.086992926605353,10.599243644896173,9.681028365269066,9.689112228342205,9.432963798093963
1358,1.6149446945359045,1.588514979988168,1.8927092555583764,1.7330974919860227,1.5550881553944027,1.7023809523809523,1.6163141199147006,2.1527777777777777,1.6143242277470755,1.6157901557990895,1.552048119861771,1.5638628290278778,1.6826906848082628,1.5768787585277508,1.5637178968137586,1.5136182585381805,1.5345883713280142,1.4927954541698514
1359,46.90886555121896,51.89943007452678,48.64128170704574,48.07276167051918,50.96980302750486,49.98319747747229,47.01465820163736,87.11830326621926,47.531012643523546,46.672436561770574,50.09462338436281,49.76238636536721,49.89684611642085,49.77219870539013,50.99720220676024,49.363451811792494,49.45499128998821,47.90374499097111
1360,3.046432003909921,3.0246162426805348,3.0558840288850866,3.0648367167884722,2.858160059783952,3.2704761904761903,3.0503645056704367,4.272380952380952,3.0603587024994154,3.047953935592218,2.9442816367496856,2.968770006126544,3.231706241330908,2.9425437349739636,2.967263380855377,2.76018190875041,2.794809111713653,2.746353243488148
1361,4.765337416990234,6.076521087020393,4.674450397700296,4.907526802056565,5.131101590898662,10.965056669715457,4.799165449406654,7.105697880763587,4.689430072646045,4.6320365967673,4.921073476447584,6.306153764257675,10.342393096225232,5.369500329541076,5.764307116429289,4.866292008939625,4.89866767173832,4.907526802056565
1362,52.65312834287398,57.453424747889464,53.09556345839908,55.34408303485511,56.42338519512597,55.495895503536985,52.75110013653597,106.14132817005243,52.5045211754036,52.01820851061026,55.4261229114524,54.90421908345528,55.341739947599955,56.14482165666021,56.869039775066874,53.254842304012435,53.31110705401068,55.320091243052126
1363,2.6007165557303815,2.5253977354465995,2.7355416415800757,2.688704759691604,2.6139007248696067,2.6978021978021975,2.6027589169697656,2.8104395604395602,2.5316545947691584,2.58385640737921,2.591841367945781,2.5943305823522635,2.6819181571486763,2.526844892213455,2.506727072867987,2.519371338400631,2.5302386774517953,2.4001343455296835
1364,70.08728391147038,70.52177264050084,69.5103918051275,69.79835867141064,70.16010833505003,70.63755178099794,70.11673807016392,71.24171782734095,70.22049287881312,70.03579341597127,70.08670361021692,70.19194601911933,70.57437164130866,70.04204388931068,70.30155591602998,69.84994991022887,69.84996612783358,69.48557015687021
1365,14.595581644658978,15.329523502840148,14.718441231103583,14.000364004890983,14.824542735544439,17.56564870106143,14.592764917070197,30.503553502921477,14.839644683410356,14.826598843759685,15.323570831070418,15.418616479660379,17.281062347443502,14.453929539103529,14.928642505802614,14.776478191485836,14.824542735544439,14.000364004890981
1366,24.083993563515907,23.99913779353008,22.604231579125102,23.77443703815666,23.514406371359843,24.46428571428571,24.08241867900433,30.925485008818345,24.229197473246845,23.73869775681479,23.754452160961918,23.78662237334552,24.37827424993874,23.741792630269114,23.86140097968787,22.87604770595099,22.883786735510483,23.038531152879482
1367,16.70084474185106,17.24929675840261,15.760539335773226,16.375755877324906,16.34307122838009,13.90450953911102,16.739978516563838,18.058840813038227,16.71054953352268,16.362271322829063,15.776260311833235,14.193428566966661,13.849668878386487,16.691875975530223,16.9973723630936,13.71177179215488,13.813962984175282,16.201654288893906
1368,3.9838066697659635,4.06345107386029,4.506565111672986,4.409089822367809,4.153777757944317,4.1309523809523805,3.9869667620786795,4.190476190476191,4.072626796286072,4.073512262190878,4.089805646012189,4.096136314000812,4.123310186266946,4.161461923841914,4.084701368027628,4.065444544064537,4.0706465276675585,4.048923141246598
1369,42.27857853506833,49.62496001148523,46.132657231148976,51.30518301909874,48.788742122811165,50.04662786801217,42.502792686202916,62.28670147940222,39.69143999163501,39.89524919416087,47.8900991811826,47.33901957178731,49.58878715026351,50.139328853869394,49.75252930969746,44.68877542679224,44.77606554909005,48.92989029511889
1370,27.95044600011431,30.751026920605018,26.695741740273206,29.41502992967078,26.961449094184058,29.53140863309569,28.063810461635683,39.972944610127364,26.405180063107167,26.616289651747042,27.817303631145858,27.76414649029171,29.311277005213963,29.935821367851542,30.389615005754905,26.632875776287886,26.72720200718365,29.124993575567018
1371,588.3911083838765,601.9212156539271,572.9951574021228,669.7483716609098,695.3349306467059,584.3571428571429,588.9092882213257,958.1071428571428,589.925992092756,574.7761785462931,583.4864826983047,616.891842481743,585.5447353352865,628.2494041213785,610.6319975522581,582.9231059177904,584.3571428571429,601.5533334064193
1372,20.131347876233946,21.02157512002454,19.67736818395326,20.384079339573216,20.476089759351492,19.933091358510406,20.127798477295464,39.388507079222144,18.565849449517245,19.05450820545447,19.793027354786023,19.565457241537228,19.838805948247654,20.54911443137578,20.795699772943493,18.9411745867681,19.118062236022116,19.969223099607415
1373,32.23271630653213,33.46449344846568,31.50511893540232,32.09593460845831,32.28928047041883,34.407797784259614,32.25962493967085,57.7293065483683,31.771182451969143,32.12663844174991,32.500966376774606,32.39202920896067,34.12013503407565,32.654390244526,33.11025445874517,31.521275719347955,32.28928047041883,32.07501685873995
1374,7.990188038388278,10.37962294206127,8.458870235618067,9.553065654279553,9.500862207260623,10.310464003188727,8.011959466565273,13.800491358242986,7.961334104843853,7.8195258701183015,8.99831375594353,8.50078218328958,10.003056538224653,9.784984309737302,10.098241091907736,7.8120738701382955,8.505386877308167,9.44590482334729
1375,9.194335137707798,11.633672385373947,10.317415843146948,11.922088707363798,11.875243710759506,27.999787977857206,9.197284913921864,20.60671589241802,9.156983155220585,9.232289028630762,11.55132306206949,13.557401667043514,25.981339070822006,11.542881604993445,11.540956327291644,10.680071796845864,11.394232061397057,11.3680953492074
1376,34.72178128512554,41.99760786563488,36.06495622789476,41.89664406521599,35.716873695021455,33.28720591587616,35.0025464517096,53.59110402863022,29.29736906184102,30.229595066250294,32.44030618995962,31.21792867410421,32.784708189877946,41.60994218411272,41.761617485510975,29.886920608149797,31.185584565893098,38.551095879217655
1377,11.89781977522607,13.286285318924923,11.788530138931096,12.054229599724394,12.227064696268952,12.419187091699728,11.928315592911291,21.824622950317366,11.773549280396523,11.808079191640969,12.047494003087754,12.064061302002917,12.360358699451723,12.54452269109943,12.959403923420673,12.006042011327045,12.094790042389894,12.028097846125371
1378,34.11912715516515,41.45394087714088,36.10917054578102,41.69998795941011,35.87958111327148,47.841979658764465,34.45994717644979,40.76421748109262,29.63625102332792,30.584301826639216,32.403733394662545,30.96834677021451,45.174297344487144,41.21021218958608,41.2684288672335,26.597840844473172,31.631730269895513,39.351383062515396
1379,17.26081522648917,20.117763294322373,17.290857278903136,17.932221176688017,17.708269809530552,21.020457702765434,17.30271373741731,22.84832358996243,17.27811550560415,17.07873216070627,18.472762326331893,18.845371110566557,20.756239705443218,18.86812138456975,19.58025752619682,17.70456176719712,17.708269809530552,17.932221176688014
1380,5.408721843277333,5.098839385539083,5.170346762225006,5.2036260486622,5.749144484228718,5.468425194314815,5.376107922474053,10.29217095517782,5.05912639411341,5.069031937530403,5.22033352932545,5.227048182359839,5.4099311939972425,4.995927769975844,5.020401552003836,5.186234280383662,5.418369093842739,4.958399720211033
1381,8.26528583214423,9.009904057169303,8.236307050268836,8.171742241010262,9.851971970987782,9.82136813112106,8.247411190229196,12.523756898205706,8.01784033599713,8.014622022066945,8.88460258730286,8.985984529841751,9.66126807408399,8.273165316131502,8.638970680844196,8.672363762548434,9.038502813351526,8.030427312407328
1382,0.6096382002923632,0.5734328391904556,1.0559721112158234,0.8337065099584379,0.604398739378572,0.8112874779541445,0.6084233933565714,1.4144620811287478,0.5939539238184858,0.5873783009924168,0.592199969827433,0.6219047954680296,0.7846147615176835,0.6247099794001085,0.5750173684324756,0.5523140109235573,0.5639409145008738,0.5541939092949797
1383,7.140599634469246,7.44961488941635,6.901240083917315,6.937660223152604,7.709595163785591,16.933333333333334,7.152360547836023,12.773809523809524,7.153027799258382,7.15598767349362,7.796560141904988,9.636299133464417,15.96196505298789,7.060903598315943,7.262274223063739,7.586321452416166,7.709595163785591,6.814862209732518
1384,0.2195619147565321,0.223534176388858,0.795496400736536,0.623536760334631,0.28861477024142546,0.24735449735449735,0.21961622245610626,0.4682539682539682,0.21977143289939302,0.21916759327532667,0.21355767639082338,0.21192953634859035,0.23876704248346323,0.34421269838675544,0.2527681203940196,0.20494898236258197,0.23050837006646133,0.2231149106407506
1385,1.7711107680887783,1.7629060133110663,1.7587231399744392,1.9090808146169405,1.830785952707364,1.8389600686667575,1.7720196275808562,3.2790444839168216,1.7527188729043066,1.7206381100550718,1.7459139808992958,1.7472121210340716,1.82189579383472,1.7286365259359193,1.7234325652342675,1.7117141289064677,1.7354653587334152,1.7032605155063842
1386,18.97799055388064,31.45681335511661,26.6272749740882,29.84941885379546,25.598033262175928,25.047277991596896,19.29600688389915,75.54893740729132,17.932770351760027,18.239632465372726,20.841536061008664,16.601184342629377,23.417736211117006,30.340899354806073,30.935515735076407,15.751086222707658,22.60767905391589,29.629208940195493
1387,21.067277309017054,21.399566588097468,20.57927152203312,21.057414271317388,20.943376007541435,21.154761904761905,21.074534445921763,41.75,20.932349766330397,20.95161440022501,20.654051286388654,20.616380775792646,21.06198185563267,21.027806233464844,21.202698239146198,20.46691276673147,20.728080982536806,20.632241221176425
1388,20.65888454749334,21.007034446172092,20.482256371555483,20.84861925368709,21.139331687788772,21.465608465608465,20.672747633868,41.26499118165785,20.782876569804003,20.77287958779185,20.94431248583218,20.963608114640568,21.384910853926456,20.733992287428638,20.85129728767448,20.676568305750234,20.744933089845812,20.361445771599843
1389,18.974099338361654,20.100593893854096,19.72037389256516,20.0118581364122,19.324366699850593,20.41358942648319,18.972223320827638,37.15198271617148,19.280762867064805,19.18782907886916,18.282173084184244,18.25481743094865,20.052437770030096,19.693540499079553,19.850728012091416,17.90303323867558,18.43133911881275,19.192381085228714
1390,24.504044861430135,25.12968931303028,24.238493043509923,24.63749402187288,24.373414324494657,23.820105820105823,24.50576323874026,48.04717813051147,24.694329951497213,24.54253073990256,23.88734727616148,23.68765178744597,23.77004067120295,24.647437513463526,24.88011159624644,23.604895942754897,23.79325618335194,24.085104537699127
1391,25.695459765679583,26.191517535362255,25.744780808443434,26.15437515440688,26.078203862905767,26.78968253968254,25.704766069287135,48.077380952380956,25.513919152630248,25.642252726948684,25.153805858154325,25.03153232545377,26.487650539434032,25.882661101720405,25.998306503546118,24.89689470013442,25.57699501377883,25.348595583198744
1392,23.006409672454406,23.056232534597402,22.755609480885013,22.92710780665367,22.97636033145635,22.50595238095238,22.99875240095757,47.3095238095238,23.020227061110248,23.16687882832149,22.326926049241422,22.204216235806197,22.427454155601925,22.793757659563685,22.903743581929067,22.1605734968517,22.50595238095238,22.384889434684776
1393,4.102752035150668,4.814430335745804,4.102178217384439,4.792051700055906,5.3056504090093926,25.312693843978707,4.082956018207157,7.567187060988041,3.9999416106861454,4.148661652190708,4.79356182488544,8.748626323518641,23.065837969664916,4.566595188104118,4.658501277537913,4.70176711414937,5.3056504090093926,4.564798079760709
1394,8.827393828723649,9.80586200438879,8.674795118790499,9.02090808110237,9.204367542446052,8.836519947066503,8.837658729914606,16.191623314771856,8.984478214783282,8.75292621789866,8.650439315553692,8.590270209041435,8.77317935504966,9.278423392448154,9.56249576354115,8.505564421411433,8.717019418531722,9.00269036651571
1395,22.839313499282024,23.63413821985682,22.323652687637633,22.714449738140928,23.327318133113874,24.706349206349206,22.849348975136248,39.988536155202816,22.66120232823135,22.764894073877205,23.297340601350683,23.601594414103968,24.5585021941182,22.979109098146974,23.325282199768424,22.619103822343543,22.619103822343543,22.328793149938175
1396,27.87906588237682,30.572877288688346,28.48964554827528,29.5527562893284,29.684831898424633,27.049382716049383,27.876253288395535,55.61022927689594,27.843116466924883,27.81333123092092,27.74304749241449,27.50990081849062,27.018285942306324,29.75336986435183,30.170807057036175,26.755458594399382,27.049382716049383,29.31346327922562
1397,3.6197171762258553,3.8782062404626854,3.878596508471946,4.479104772400881,4.3261822141138255,3.9179023112600233,3.6224440851855664,7.663856569063099,3.653327239321437,3.6366539640733095,3.933682073146588,3.9534135490538063,3.906276850812421,4.019227725236779,3.896352166885522,3.872973660074957,3.9179023112600233,3.8751623733153235
1398,4.636048249064298,4.863280280861413,4.74396779079624,4.699323851131532,5.047524352128551,5.488977072310405,4.639270218511321,7.924603174603175,4.793563777681617,4.755771241561242,4.90140534717375,4.899718143169738,5.3968832481818625,4.627207487796582,4.731868464867507,4.751753825910568,4.875376411079255,4.532283461860959
1399,5.437665953397793,5.695748400959328,5.585040283256798,5.538794245061976,5.998681865758262,6.408730158730159,5.441891305357,8.246031746031745,5.564660437432991,5.540288983598902,5.844975437022119,5.872133059760803,6.325228883109716,5.490830993702443,5.583435759022604,5.581740875800551,5.641917639786768,5.370548559822154
1400,6.949157432161042,7.041942428739188,7.221424165786783,7.298001965445924,7.164217452179819,37.28544531052673,6.95474268011467,7.855584913299512,6.790974738003523,6.890155123851695,6.955071129394103,13.354803002804504,34.09407852568512,7.0090760040353315,6.990180772523911,6.782444942005836,6.969740905417784,6.904614182564774
1401,44.34403233255896,51.17063068869857,51.21799412336043,49.06522005538713,46.543829165201,48.68313716159326,44.55360368387363,79.41881324099135,41.548174525228745,41.61400422279439,47.77747676280402,46.49412392664993,48.36349350679168,49.75689213408131,50.518487289740904,44.778653832903935,44.78679519482032,49.05748362552148
1402,39.19033067751895,44.19715738721467,42.29819064811725,39.33504808355361,37.672640300951706,72.34585054148891,39.29864776521763,60.185879133050435,37.766643448083144,37.66982576483535,37.29238701789139,43.08847469187659,68.34724359088672,41.368774127617534,42.97044521751184,35.65052923054206,36.52581339676655,39.33504808355361
1403,18.436235636880024,22.3737148418012,21.116632477159868,19.71566169862651,18.737446591084264,20.28711971934261,18.53700428759645,27.606161438660067,17.256389905475093,17.47459715818042,19.24434226582297,19.04529495989641,20.12090830581946,20.817582260078634,21.69675636667972,18.0125715654817,18.012571565481704,19.71566169862651
1404,0.09991168742997651,0.11843522002260863,0.7708119891794502,0.6107950879506734,0.2582258125033072,0.10846560846560845,0.09943865413501247,0.2698412698412698,0.09773026202539643,0.10022528488695899,0.12149793988490358,0.11844790578098353,0.10362303577383325,0.28118203434439626,0.16350999703718497,0.0963048622816665,0.10846560846560845,0.11843522002260866
1405,0.09453122971024945,0.1160269715253629,0.7951792912342084,0.5861880098398919,0.24711976349197898,0.39814814814814814,0.0940684589967698,0.2698412698412698,0.09408397688369269,0.09544048899505142,0.21260180291875871,0.2511470149587589,0.3770142101516918,0.27404391951826,0.16073849364307358,0.1554100192341503,0.166504920654464,0.11602697152536294
1406,0.051570249958399726,0.08454236030558981,0.8079599803299463,0.6186104826220284,0.2118031950072787,0.04894179894179893,0.05121310361634287,0.09656084656084656,0.05011406641734606,0.050645942491265576,0.08123874443998912,0.07988943304403075,0.04749308659827637,0.27262872008488337,0.14082945588636506,0.04545338025677594,0.04894179894179893,0.08454236030558981
1407,0.04226148615844591,0.07828797637442848,0.8050663400589017,0.6294558398487505,0.21707890175905184,0.03659611992945326,0.04182293183232344,0.07231040564373897,0.03630443298484264,0.03679162790497817,0.08287113588362145,0.07542780920719766,0.035852415709892754,0.2742592787093305,0.13756946625184716,0.03533590624603169,0.03659611992945326,0.07828797637442854
1408,0.163352424775422,0.17481589790815363,0.873497748374286,0.683231464504724,0.33761038863758047,0.16666666666666666,0.16224721832672642,0.38095238095238093,0.1550332019440702,0.1583679419394529,0.18255755028123524,0.18828692460652566,0.16308204818654876,0.34524590432828145,0.22288123402544704,0.1513332767784762,0.16666666666666666,0.17481589790815363
1409,0.16286257965150322,0.16788033435018304,0.7904665110282041,0.6302624911534608,0.28538373213826357,0.16666666666666666,0.16200938019263675,0.30158730158730157,0.15421907028381063,0.15250350234077456,0.17058134433283526,0.16875493102345598,0.16172116894823477,0.31656323927501173,0.20755153468568008,0.15180900896790192,0.16666666666666666,0.16788033435018304
1410,0.15208203614708868,0.16509374491732948,0.78599147926457,0.6282038408901446,0.28538745798330917,0.16666666666666666,0.15198496770491818,0.3452380952380952,0.16260053928244797,0.16453351763507554,0.17573766173598918,0.16982514849504896,0.1619243426048104,0.31672620915061045,0.20656531050989146,0.14514948307199702,0.16666666666666666,0.16509374491732945
1411,0.21613758678060782,0.24011100203095334,0.8842869844491869,0.7469348156208676,0.36999930855443824,0.2293233082706767,0.21620442034766915,0.30639097744360905,0.21969409343739418,0.21853815101632248,0.24855139621561842,0.24178501012391163,0.22536061161002205,0.4092435807447334,0.2875369947769828,0.21492488654877964,0.2293233082706767,0.24011100203095337
1412,0.20565791323143442,0.21515976003425372,0.8363828143735299,0.685354608450825,0.35160506430154764,0.21428571428571427,0.20551315302384246,0.3452380952380952,0.20279187646740637,0.2022053384317427,0.24061099335855138,0.22861813936212236,0.21082950429951927,0.3702322649649345,0.2579827813799009,0.2063736003621883,0.21428571428571427,0.21515976003425366
1413,0.08318422797547015,0.11539256910113532,0.867803283026435,0.685790681670237,0.2627837055189813,0.07619047619047618,0.08245975718098979,0.2904761904761905,0.08283508759522669,0.08017054200432762,0.12151673864312329,0.11003718597138153,0.07422465572906546,0.3185241530237433,0.17694900930331217,0.07306376429828298,0.07619047619047618,0.11539256910113521
1414,0.07470470622439866,0.10868661620900444,0.8301107864935687,0.6601106476223894,0.24122588741309728,0.07341269841269842,0.07437776799599417,0.22817460317460317,0.07441180708083471,0.07376832062858307,0.10873909096727559,0.10275450414585607,0.0714360479969804,0.302527130838547,0.16657366180230548,0.0672414397946375,0.07341269841269842,0.1086866162090044
1415,0.6749006588852575,0.6720521835919726,1.238158945901268,1.1436320109740488,0.8434439465345176,0.7043650793650794,0.6746922569759412,1.3472222222222223,0.6918667387470151,0.6884894577497128,0.6866639855331617,0.700835571862362,0.6974359239169381,0.8176972772129533,0.708675464223551,0.6628037945430193,0.686562574244938,0.6705318377839969
1416,5.326346941516539,5.313620102868644,4.94746933005142,4.65861292520296,4.979314477067644,5.988095238095238,5.3358649901226025,7.892857142857142,5.329403926663955,5.307613625769375,5.302067825129973,5.3127628066621435,5.9051772103691915,4.88494780933168,5.117870696324869,4.91708806173579,4.9446430284012814,4.540797230696267
1417,4.489862700373097,4.742542934705187,4.019086680183358,4.267866736622932,4.741275916927339,7.357142857142857,4.507146374628789,5.523809523809523,4.468616081631898,4.504093012793955,5.097718915043639,5.545703569712134,7.130683404840718,4.433963069019729,4.602012964436365,4.741275916927339,4.741275916927339,4.161278838034165
1418,4.7368256177476695,5.081299443485488,5.3126990508694645,9.121023974088773,13.501683808339124,8.5119687514798,4.718009457751348,11.206401440495448,4.747431265852355,4.757686230783701,7.060693311499027,8.741533265743366,8.331048831631206,6.470446840463388,5.48558683387895,5.788418652989487,5.792599587346128,5.0792291019710705
1419,0.727019562352539,0.689946941266462,1.2567008393605743,1.022771651611101,0.8508624605087959,0.7619047619047619,0.724747712167718,1.0714285714285714,0.7099982022468584,0.7080298816803691,0.7219893763738924,0.7202153558966647,0.7499806783260419,0.7815479094918626,0.7086325956893615,0.7078151988231531,0.7493508227514466,0.6895264839571897
1420,4.555428032915929,4.50123283509235,4.511780367255582,4.379980879825101,4.250221039851456,4.7936507936507935,4.557771822185608,6.198412698412699,4.545691461916472,4.556047244671743,4.4092292121067365,4.366813833349268,4.737006110114474,4.3195743946475496,4.399521667839747,4.212450124888369,4.250221039851456,4.264719321642066
1421,4.265355788826638,4.062173911171368,4.578133735128518,4.9470201258421325,6.311643213461591,46.764705882352935,4.2575142540302515,6.2521008403361344,4.150292391260847,4.1033857847179975,5.590323739506893,15.709823106906034,42.68466597511814,4.278625954917133,4.094521673408166,5.536684777526129,5.555386298586401,4.060252518333066
1422,9.899671097318851,10.286049829260715,9.845382206497543,9.91610131273184,9.901046841773153,10.670102276670178,9.905496976380066,20.45614544641256,9.834609065748035,9.889432888486526,10.099002139600076,10.033458576195189,10.583747468150294,9.978350991141253,10.133516394847726,9.604821752610368,9.6526727972011,9.808568890857728
1423,5.042845300950785,4.75643519546412,4.729943939412345,4.967993451558634,4.9253444494189145,6.0313746392722445,5.027056337530874,13.720544241548877,5.321269358399387,5.129497229114203,5.158093736821409,5.198319123383514,5.922865449796785,4.703623191528388,4.697248522213909,4.77951529551225,4.794492947374594,4.621610101740666
1424,19.579500171862673,21.020565196866333,19.463310228529775,20.237615811799834,20.648652927157475,21.95312120018906,19.61093447081231,41.05613834403092,19.554831054762662,19.713451924972766,21.025588909412992,20.929800923250685,21.817391419857188,20.46068486046559,20.756195707777838,20.477122108941995,20.588802784742253,20.237615811799834
1425,7.494283323135872,9.136166231502523,7.908208421185456,8.06816983177068,8.27975169867002,6.93830585742982,7.538589456430549,10.463301821160426,7.428788026407048,7.349302073616933,7.119148979556836,6.582187237454846,6.810278256778766,8.428050543529965,8.811131759167907,6.284036019650647,6.568484134913334,8.012186157688816
1426,28.185407806786674,33.88717211427996,29.669645355526484,31.44884555784169,31.95316761994997,27.07440693126557,28.32977056994606,30.167732131721763,27.390080401627454,27.74164341444398,29.308601280304114,27.23530767130015,26.885433840881344,32.41232941376262,33.23587197272146,26.48176965119974,27.07440693126557,31.44884555784169
1427,11.660955059522543,12.573400153188928,11.583131474124981,11.84347259007267,12.192700918039433,12.429989713345945,11.672480200408236,23.16635256737726,11.780749964658925,11.657730043746284,11.902427916406566,11.927751826326977,12.34524251060114,12.052216857588911,12.327434151578869,11.666687945323213,11.711647001828041,11.796781117447194
1428,8.450258227714817,8.528386320466213,8.617408178212353,9.250737185186615,8.879229713377088,9.600701940286251,8.440067196242074,10.282014419544018,8.581312886355391,8.717542752316923,8.690280256713505,8.552192948505533,9.433951482058825,8.656450253743099,8.523665133996973,8.132382892691366,8.251671146362655,8.498293486861488
1429,3.399579247130884,3.575708737867515,3.2952453576751632,3.312061511677541,3.399523432457903,5.052469135802469,3.4115385675041843,2.9585537918871254,3.3111180102435216,3.31839540319438,3.2076147585127988,3.208980467415469,4.776588845459445,3.3577164918474054,3.4678313675574413,3.033948687334945,3.399523432457903,3.2092292247519754
1430,62.02166739283361,64.18083278267592,58.85929380718958,60.995075440733416,61.64978444336143,53.51190476190476,62.13094646311362,54.92857142857142,60.75897040414461,60.78551279569685,60.01891408749506,54.155290900218,53.26794354251873,62.44303275036659,63.450931643031055,52.68197557295312,53.09434799060865,60.949232449708546
1431,9.816374753058943,10.555664047086877,9.746694288663463,9.884927782820077,10.028237412951052,10.442408850852813,9.840913865346481,14.441336591064607,9.663374773926535,9.640928760897424,9.771195601849561,9.720888739048796,10.32395774431563,10.106764021551632,10.348856382456335,9.69730594160547,10.028237412951052,9.837427208515173
1432,22.80288455152464,23.248850212492243,23.721743702508935,27.443498794144517,31.249698232182876,99.42857142857143,22.811795457241278,30.85714285714286,22.724618692110806,22.754142736687623,29.837757367540494,43.707325853903484,91.909584063222,24.972955593734117,23.848919826688768,28.579522298623832,29.890668749872617,23.237824522431016
1433,4.360864479559759,4.7850730615600225,4.268615360747943,4.53468086563508,4.738461216900792,4.120212221660478,4.340951088948344,8.730175992339008,4.312969362918832,4.377886351659243,4.178218931442528,4.147337063344923,4.097544736794709,4.497513434642035,4.631081963843504,4.061944400791057,4.120212221660477,4.357087998746555
1434,9.812272007545133,9.797323690125031,9.957242758238232,10.013373379501152,10.69341680141126,10.285714285714286,9.785908159727251,25.19047619047619,9.575461197201799,9.57731901707667,10.08571516180631,10.094675068742761,10.231070221283332,9.731822958951058,9.729477259448554,9.857968250239127,9.999957446259094,9.579919889328268
1435,3.828811344744752,3.8207807026941496,3.61867825797049,4.827373662773778,5.324585484007597,4.005213181616785,3.806055214000011,6.876875462775991,3.761348139568213,3.816471442065998,4.089245933407014,4.187404385283426,3.9804577567058606,4.028349747635628,3.8328337362471405,3.6487754497018687,3.660294524616211,3.723322592538532
1436,15.207651336146318,21.417614783700405,19.086938527450368,18.52300599073864,15.541741824034716,19.408350891502817,15.333514913609546,32.540215083703096,13.952823656816806,14.411359104537945,12.955567996424245,13.222363546787497,18.40701070404297,19.707180729924925,20.67029004443951,12.784024784739932,14.910343418216202,18.523005990738636
1437,25.636500245801017,34.128184035596455,31.897907659904394,30.82651795226742,27.917854666065654,24.996555793964102,25.921276275666873,31.042034304989134,24.2981265417213,25.011496452565854,25.51280418251044,25.104620166031378,24.885629575412313,32.33399598648062,33.376103614161806,24.653986162986527,24.996555793964102,30.82651795226742
1438,3.8664284778465077,4.006097454593942,3.709147551682841,3.7801000956916506,4.441473694062476,4.489220909064623,3.877067228085981,5.914597791240705,3.954273266483559,3.8033096909220965,4.268554532652131,4.296858404681305,4.45482065790689,3.773982705165196,3.8846636980278197,4.0554348605734996,4.071266971285874,3.59486737886453
1439,0.8586418783909141,0.8618055617123477,1.2669901092637028,1.0630016418698782,0.9594492993499989,0.9796918767507004,0.8589965543762285,1.5952380952380951,0.8718898309204258,0.8679793004869767,0.8928324852789004,0.8919088969832109,0.9639240265779089,0.8834563928328727,0.85151856401058,0.8829268126768733,0.923803977058753,0.8449308425976962
1440,0.40032728178293225,0.37558665375536565,0.8767193337447551,0.6944076181811236,0.5775447579871696,0.46428571428571425,0.39950002250885824,1.0873015873015872,0.4039807846479864,0.3932789371649563,0.4382858995375454,0.4352673818971344,0.4536755741653186,0.45258343205767493,0.3866060761377527,0.4246154237323612,0.46428571428571425,0.3734467972755511
1441,0.6241241256127962,0.6085527310263007,1.0422533416853732,0.8421600865763662,0.7435390986554374,0.7380952380952381,0.6228091076912675,1.1428571428571428,0.636017992711478,0.6199165608356898,0.6460732714660675,0.6460687143386399,0.7203652248562754,0.6406284455304517,0.6010483056429496,0.6368669557408134,0.6908190699026209,0.584061134147191
1442,149.06054094406775,156.98974942061702,154.11057955329503,157.19672626334062,155.06508850267676,132.7243875985529,149.35267278806123,166.69816827344417,147.99566235340208,148.3442525589097,153.61954725603962,133.78940809704702,131.92140995258123,156.821766114344,156.85740288347543,130.37025717321276,132.70020023113008,156.6551094862421
1443,5.902833358453383,5.414951958631281,5.0462917904556805,5.68639824897367,7.793585203282842,5.926899110799572,5.8648470529844134,7.788258506207296,5.320834570066832,5.652391437984689,5.365248721688534,5.607755638304404,5.782260976863743,5.179718322863761,5.231828876898983,5.271031879632321,5.578147526461817,4.882125468854398
1444,4.638062490286772,4.175111838404063,3.859689775483234,4.359475121940548,6.418425311413628,4.654710792850335,4.603543322498949,6.350186887729102,4.091861624393927,4.388815669042213,4.16676746374105,4.4135531678576525,4.529523690766377,3.929516366604451,3.995807142427933,4.087574010534361,4.332214126643637,3.633313683778003
1445,5.533552292817714,4.964824769562125,4.603969380892001,5.076405734557074,7.520666154358701,5.45182416709969,5.4938691054107975,7.41692896992685,4.8969368549468655,5.194868373872914,5.01951925338875,5.271869179939134,5.324534830112529,4.659632486393672,4.756111992534922,4.921405912086359,5.20113800468591,4.343732657644773
1446,3.919773298637685,3.9883558752507304,3.8140238851996138,3.6618172634332837,4.028095257188084,4.275829417185808,3.9121016907681003,5.021904486092075,3.7953967213594755,3.678085444551138,3.805027631101602,3.800709200367226,4.196704613190174,3.6699965170642614,3.8237905194294846,3.69251033394483,3.8718278880517025,3.481289708697739
1447,1.2993803362804242,1.077073174217017,1.090888987590243,1.241348439274957,1.746310605827914,1.2539307105548227,1.2893656861170888,1.6693583794275,1.1097991686883264,1.1535175021063353,1.1087886761231804,1.1587659401224208,1.2136923088853775,1.022703841041337,1.022563769177629,1.0633778519903643,1.144505185601025,0.9172075982565584
1448,5.588976379674136,4.65632558273285,4.537470378593813,5.073306292500681,7.357131538683343,5.081696280444963,5.527862251631874,11.368168073311503,5.003819815176065,5.161135710381941,4.589935487638008,4.924504732954645,4.949435299801076,4.47282789630976,4.488849378249932,4.337763056412719,4.567206053115409,4.155900733325615
1449,7.613527605357633,7.826685122560343,7.407730868205277,7.673168235788495,7.5138779640216535,8.837652835188191,7.602201906932713,14.828040653537494,7.56707451942427,7.582501655539269,7.56388349928745,7.532037596593156,8.649155809057628,7.544973328768536,7.664811600946209,7.104894855278132,7.428116526340517,7.522917887043918
1450,20.943381499131743,20.66640094784678,19.78192892178397,20.431797775997286,23.567702633863153,22.127353153913685,20.868422514393316,44.30031512416508,20.548650326552597,20.32456345175876,21.391332123166336,21.037320756230553,21.85543127175616,19.988610976224383,20.260767746630382,20.495088207671674,21.189144329307865,19.72330866739245
1451,24.34052893054276,27.188749331204033,25.395500787251095,26.28310223780451,26.009449573729032,29.961904285673114,24.380517634504205,59.23238001090761,24.14252008153575,24.219798002266455,26.84472822258577,26.4891816156341,29.47994744040319,26.426543267244824,26.809615101478077,25.55937979064457,26.009449573729032,25.47208878748604
1452,2.2901473436523196,2.247989070319721,3.1243117163151726,2.9060533576461185,2.8067795242533866,5.53968253968254,2.273329152760876,5.992063492063491,2.2037298387509163,2.171285281312357,2.3929670305496664,3.1015725772283633,5.199422282510558,2.410292065059369,2.2728952724739284,2.1831813870927452,2.2361256456776504,2.202963254232267
1453,1.1060301475352046,0.30101157197993333,1.2806915514430017,1.1302292166725412,1.6840134750420146,0.2579365079365079,1.0583299672838085,1.996031746031746,0.4720375630620082,0.45819102787855265,0.3887336761889622,0.5569822992276815,0.250581744762083,0.5712165248193645,0.3744366244340563,0.2380497763496167,0.2579365079365079,0.3010115719799333
1454,4.301797437811164,4.78503663323389,4.153613420434976,3.9794349576088313,4.143012295604119,9.333333333333334,4.323794572793129,6.440476190476191,4.057524366897521,4.1122679396706365,3.9092217915644856,4.537699453287273,8.655727342822397,4.223674884648939,4.522437315214527,3.7638747394276457,4.143012295604119,3.929960806178901
1455,19.184623276024265,19.585752488386106,18.877149554810398,19.32894241500971,19.236277393105958,20.001488381569583,19.20292827531809,27.074420428922817,19.10324121101797,19.014791323656596,19.430033511676744,19.431258404838303,19.927579180471508,19.348882270874203,19.464972757983656,19.0418169089066,19.12824102682138,18.822447253292143
1456,2.540256805995274,2.6237100062408705,2.950133047917021,2.5168225793416834,2.4975702157059523,4.634038800705468,2.543426082621197,5.181216931216931,2.5314007002878642,2.554702889720556,2.572681775631836,2.9723005658909827,4.414449622415693,2.466276049781803,2.5357787653349697,2.4735416209294314,2.4975702157059523,2.45826276603607
1457,1.7468972086433032,1.728448459833556,2.032077469817125,1.9584389029417233,1.6875060253054228,1.9043209876543212,1.7475832424129487,3.694885361552028,1.7429455989842886,1.7608619204481208,1.6715990511200485,1.658757671524904,1.867420630895432,1.7390914104659352,1.7076610950652986,1.6077117718237848,1.6686654603404294,1.6978549504793152
1458,0.06509412775092327,0.09198121260666453,0.6609200839130277,0.5878411016486794,0.19945394463640412,0.06812483986376827,0.06514607192356528,0.07455171154902944,0.06607278271810542,0.06634848994366888,0.08371709091167835,0.08734612874240301,0.06586707503594025,0.2634037494925227,0.142188449528572,0.0635709396513409,0.06812483986376827,0.09198121260666454
1459,0.7638788835002593,0.701257106387196,1.2529186720100955,1.5377774117398422,1.7806960557356133,0.7583774250440918,0.7593429853562359,1.2843915343915342,0.6981310184386094,0.6993895346322176,0.7838790548704858,0.9413203055990974,0.7471322339684242,0.9287399324559251,0.7464636784288651,0.6943997681529362,0.7118579277491163,0.690240730265315
1460,0.7741656350106302,0.7693014677135768,1.2105744383098882,1.0945387395497872,0.8268685362322036,0.8434744268077602,0.7750766629132498,1.8390652557319225,0.7740651773815976,0.7602960977584882,0.7547202911637264,0.759118800733714,0.8281941229295913,0.8403528218293906,0.7757458617273523,0.7133697118138237,0.7186765759800914,0.748456237117279
1461,3.89962882214239,3.701229930158718,3.815450184500064,3.5571037043520586,3.9797262488400444,4.115532586258187,3.8859277126562817,8.095082208878065,3.8384547710971746,3.9771764122066777,3.6776010537652546,3.7168304842947806,4.0458904720689555,3.5144537077656586,3.5989882949239593,3.4113631826159967,3.4985017089851547,3.3583864928001823
1462,25.867219819551647,26.528435858763263,25.49623015328648,25.380964518753377,25.154047428199487,29.33578226796203,25.90222992632162,33.95907067793757,25.553073095106807,25.27887467625756,26.007986005186627,26.38925532764432,28.964120217090976,25.821413678356958,26.21363822410441,25.006717341076598,25.154047428199487,25.209423085030313
1463,35.1296451723187,35.430833958954715,34.06068250948535,35.31369789925936,35.505468310300294,35.233333333333334,35.155928908012896,36.740476190476194,34.621735340182205,34.867373552160885,35.30061425538639,35.253980289232395,35.225010180990644,35.28481352364559,35.35143720752031,34.80377879483344,34.83805164465655,35.12814445223196
1464,28.259129348255133,31.040283387325534,28.729791782784904,30.81559265933416,29.68575274273741,29.02277804041947,28.24568235788116,46.92601842799662,27.330487667066567,26.85786868562192,26.777337814805914,26.878780466944153,28.585584639854847,30.630767767843878,30.805156278216234,26.37263230905083,28.125746076020516,29.88382043118472
1465,655.5406773744143,688.9619764670551,707.5368782280817,741.020824583639,857.9087673834651,672.7876015584884,655.9630138266514,969.7858344803709,651.0766828115577,650.8015191751427,679.1031024831897,723.3205420717042,674.0584077938754,692.2914858177504,684.84580067751,672.7478182319268,672.7876015584884,684.1535002080204
1466,107.06588705618249,118.6481391683618,107.14765250986183,109.9590341698983,114.66160416461281,119.53571428571429,107.42260295833864,140.29761904761904,104.85869408762686,104.70951227719972,114.59949886280289,113.92882436904195,118.6897401569961,113.41403788682021,116.3410069479908,108.68735423867714,108.71025280420464,109.69802177909816
1467,91.19663650628443,94.3525180665011,92.13363917746322,93.79423421507994,98.40212069320326,81.72735975504858,91.10318425482642,182.87715169189448,86.7512176193314,89.1502962958189,88.73978569246778,87.0685271188894,81.99181731196137,92.88868572751458,93.48265943172028,81.6154113097408,81.72735975504857,92.35271681969368
1468,695.489327069867,693.5399427654975,683.911563953039,742.551760985717,716.3393359947867,766.6565491298043,697.3174785280904,890.0138427908296,673.2373655624222,665.8689392106011,710.4631656057059,710.1979806500345,758.193695709724,709.1554960980193,697.6524787118851,701.603098205234,716.3393359947867,689.8400570939102
1469,17.939694474076664,19.656904053529193,18.298120860694997,19.70850752037984,19.516485802783695,26.372088620368032,17.993619058751687,29.345942195698736,17.16988558531472,17.083222819767048,18.621789866551005,19.338092930844194,25.3441315661498,19.529755427347713,19.569336516750965,16.99262244851649,17.45887048057698,18.900944087838088
1470,40.13365524327449,40.45794438780678,39.67501617110437,39.22905822378936,40.6332473017758,38.127425044091716,40.120121020495226,67.54144620811287,40.2792633203347,39.107618999004714,38.588119865783,38.615129740384354,38.10732693479153,39.65115070390382,40.08906276979098,38.05153415546814,38.127425044091716,38.49837484797151
1471,216.0950224711827,237.2613925195133,213.2369772398289,233.3236023366983,220.02055054665743,174.31140350877195,217.20775995096406,211.14160401002505,199.60437472116192,203.59600449938208,193.61999622875211,189.50838215411008,175.14191783468132,235.02619585866407,236.30340147850757,169.77988657961595,169.77988657961595,233.3203421991299
1472,13.676088980674228,16.10081084724196,13.933837610665188,16.012232738503698,16.681377328406807,17.975275272541577,13.699950356225647,30.75514647742686,13.802681159376085,13.718182054997845,16.45573053932773,16.49051915930296,17.7513970185123,15.796548293820912,15.916712186101078,15.885459462523917,16.076588865136493,15.200771994925681
1473,7.814049129838444,7.878326612204741,8.319746847410444,8.759561868298636,9.363319521160063,8.316612005497213,7.787272285710208,24.080990665245213,8.647318647115284,8.18302841402056,8.070484873142968,8.093818424167287,8.227179386839698,8.012881928437563,7.858693783862479,7.547292226034316,7.696738072656392,7.553629106743521
1474,10.038106493419392,11.701198775228258,10.260627618877079,11.386237494986768,11.601331500839864,13.618696973876355,10.037176852468354,16.813965209497137,10.084710769067359,10.045142935785462,11.16728596331366,11.346102941061757,13.27768555392822,11.30788428769454,11.48727285683566,11.141086333665442,11.601331500839864,11.203475168713553
1475,13.274982972457906,19.182270535460088,17.48671352597535,15.773576331840582,15.134718460704981,17.85051024502552,13.384220268060554,23.541241343929006,13.00857834093361,13.087102337713,15.658872564093372,15.541355322687112,17.53398144007565,17.233168087181003,18.343888272995812,14.850716979385524,15.134718460704983,15.773576331840582
1476,6.114333008187509,6.225564441447631,6.3165459273012665,5.954279839530645,7.082540835687013,6.729123569110375,6.109037837708942,9.939790989838135,6.052545298525019,6.02062934901955,6.639661975627125,6.661411716861036,6.700354540187052,5.976538882945209,6.09874223623612,6.602184861305294,6.678144155984815,5.6947921265520725
1477,292.89131673148125,300.0554524198339,292.865823239163,296.83159389542186,295.94834971141336,287.5714285714286,293.1333146957253,605.0238095238095,291.2043725942856,289.9414217061936,294.75023010793683,287.77596177479364,287.23332842876863,297.24040329791313,298.64068400473406,283.7716061620675,284.60756532333124,294.940630567539
1478,33.52810442891676,35.390285902902654,34.89315437453185,35.91766928775835,37.3577492058951,36.010437999051895,33.535936615559365,52.56542250667055,34.947552334473706,33.516231655421976,35.573911562463614,35.88795599773949,35.926537414494604,35.32018047299954,35.28213242158197,35.05096097830091,35.084232764815404,34.87228862923816
1479,26.124462641841905,30.63765805415727,26.902593666687437,35.48124808842202,42.14371469264298,297.24959011928036,26.23953474597762,44.53895941860313,23.854896366996318,24.43602373424638,37.19978868544116,81.10515527900357,267.66191189382647,31.745856947971244,30.765674542086444,33.26937002892389,39.86680054989858,29.597864153556625
1480,44.707099985638784,39.41070842892025,38.574026478199194,39.1680099802801,41.18777721076224,39.857142857142854,44.294582844165745,66.25396825396825,40.212275626495,44.28831677582062,39.23244091468285,38.86210949883684,39.60820797315183,38.47287243702094,38.83961720794151,38.56120979959311,39.410555984422494,37.255312649696215
1481,23.695793729802244,28.541764142414234,26.596156863604637,27.009038234714396,26.127928709984573,27.07365749701728,23.78693799684307,38.13583402508986,23.638737520229256,23.632309141823153,25.734125349255674,25.719937642441717,26.859008520064393,27.57567937777239,28.10739700196743,24.621915017775482,24.729961846240695,27.008970015809897
1482,68.69890886774259,73.26410043202915,70.38978535395997,70.17055811338099,72.26165203425025,74.44615155252723,68.74385810005896,101.73072782633903,73.7259264902598,74.31500134876707,73.26702087364431,72.49799777236377,74.17430481261863,71.53854991257448,72.53097317781594,70.5065275581099,70.5065275581099,69.63437546829896
1483,39.42914548258636,43.72786785142347,42.006985722114024,43.56246908394494,45.26053373581451,47.856017183651225,39.487299734374744,53.99454626818565,39.44603753865433,39.414212498462895,43.348905074718374,43.49520516570319,47.14425965539376,43.11017792130517,43.352394148245175,40.09465784644405,41.51307366367343,42.0925744357595
1484,6.339472487838132,5.93508996830825,5.75381735844016,6.80287369957099,6.833404825851251,6.095238095238095,6.289818468798159,9.523809523809524,6.069605180435791,6.119269179629627,5.903124142739288,5.945049414810011,6.033484743079167,6.192703552168976,5.995828614227585,5.744302404165135,5.951741099146969,5.884367049331705
1485,10.285998427498631,11.326024316000742,10.6353292735697,10.860915156194075,12.577091119041379,69.85280980270907,10.294491226574932,20.87989491440049,10.482575967248566,10.369397804054366,13.167219112398984,26.561335212438014,64.20483697132259,10.849051889405194,11.076575062156392,12.560383492307622,12.577091119041384,10.403334354402261
1486,11.46664783941962,13.116501315898487,12.776347091875962,13.897800880650147,16.500345469005335,85.06964957176662,11.460477183503068,26.697527473604907,11.682917528110854,11.634621061024118,15.689451024809125,32.40196785283501,78.14840872979389,13.116560352123367,13.02278315131221,15.454955639872745,15.61031157516009,12.483180006407153
1487,21.260426707227484,24.09077872021847,22.42821962138535,22.94218789296595,22.944614840174268,23.601760340078343,21.312534816438482,30.02798221485215,21.341128895783754,21.156858092256,22.40395554615964,22.120584787722347,23.349908532626383,23.20340559813319,23.660690821354198,21.415857988056874,21.74319895281836,22.553994406414215
1488,43.29041899340705,45.87995872647631,43.451096919950544,44.66556696920518,46.26309518681142,44.793532688215414,43.3275870386123,38.00253443698198,43.371764479140495,43.28539003188559,44.87142304260394,44.93620794102807,44.754510673812995,45.005129686743594,45.465795151919906,43.976941773978275,43.997251448385164,44.442303180537216
1489,22.794859201035205,27.431762123793565,24.939371178841665,25.44306781473502,26.390736002720814,23.145225466042493,22.859927886585467,41.722461634615286,22.632135834199914,22.548752166172722,22.38669658687171,21.66005093999449,22.716994331942853,26.143243861223194,26.84575375283555,20.78298444221198,22.595169236113907,25.44270332124064
1490,0.4307780821476104,0.44145605510669356,1.0411758428635285,0.9019917661128423,0.5097434069845257,0.4307780821476104,0.4307780821476104,0.4307780821476104,0.4307780821476104,0.4307780821476104,0.41736234800588196,0.4255605222866244,0.4262333061563619,0.5951818739097795,0.4845762938199307,0.39016908554023894,0.39230293506472463,0.44045838730734393
1491,5.986793804793717,5.966578598679391,6.152891094028866,5.994128648910802,5.601545108108618,10.058482846734357,5.9900552837496726,7.539414055446273,5.937353380127654,5.92825326422976,5.598759098204918,6.643562239816876,9.610210129658194,5.872156871368642,5.902842687172741,5.532901717130564,5.560130001710828,5.643760515739603
1492,121.23620931959094,122.90883718404069,121.54321485901971,120.77086594705276,121.81694625688596,117.71465030119207,121.21232967384914,241.8054635884032,121.40944780161682,121.51339028851366,118.09690966378918,118.6105746294172,117.70027260554862,121.50338874434512,122.26590673107408,117.67073744649821,117.71465030119207,119.75584801426855
1493,38.499127320727716,40.072737763230556,38.16032049573361,37.54154266678084,37.948218123388095,41.52339188211241,38.50917459915774,78.41395906802975,39.13338890940012,39.13353468853861,38.68137804013586,38.70218919202761,41.1482461901389,38.58264030625284,39.42281880233879,37.18818993429985,37.78633956366295,37.23253741860563
1494,6.431836461699699,7.457954517645657,6.890575323028852,7.398721761404783,8.524498496381495,13.636410405150594,6.431666392873406,11.415329204592583,6.2704962836580584,6.340071714255825,7.052872500698741,7.922082290762963,12.780724099311554,7.168883655084405,7.280057096355361,6.5113225550836935,7.127041291743826,6.661444219034518
1495,12.05515534819935,13.828603178970047,12.838848962104956,14.248968577212187,14.689557315028438,47.28284681072614,12.070979178047217,27.328914380274213,12.026629327286479,12.043900603879282,14.372622832779555,19.969017986197656,43.559917361372136,13.758841954798697,13.733512147711323,13.903249744947123,14.689557315028438,13.411464304488646
1496,5.506796029593588,6.069010934278336,8.141777486343521,7.654830917842298,10.483005976673912,97.11797795792059,5.485453658014723,13.086722013410151,5.948723301882719,6.0853283595780345,10.373607743306897,30.48524847152193,88.35633309466095,6.3569746826668805,6.06300933521933,10.34911754124727,10.483005976673912,6.043819243894173
1497,9.618437394114087,10.72746576597117,9.648125747994955,11.645564349219201,13.31571196246189,27.28901953746883,9.603349410211017,22.631855256525707,10.471276659424928,10.344622981799763,12.747180949867946,16.375112424631762,25.84417602690509,10.790214358916657,10.657453035466519,11.683937002033991,11.683937002033987,10.336466831928488
1498,14.704966684041423,15.991283414435756,15.89801390261047,17.65219916352142,20.770918656177226,212.02945040820222,14.736082119785928,23.62920852945742,14.512449707303702,14.483827366135403,20.303097409982062,62.643752604342886,192.2528017543101,16.221212056546985,15.93912785549666,19.0398096012413,19.673664692679534,15.844629091394852
1499,8.244173177850213,8.551682528185664,8.145082030100415,8.11046947820804,8.088145874240086,9.964932949030816,8.255904261795823,11.961500826509585,8.178111225006159,8.006299821461452,8.176539424991605,8.545324469760478,9.779662756335036,8.227846442864058,8.397372999577152,7.960841621440501,8.064466869475817,7.878044527026905
1500,5.268241495916425,5.452374548734334,5.428626498199936,5.56543144490188,6.023159343431292,5.199306628186759,5.265563683366007,11.261508027296218,5.272494924629894,5.243144237944451,5.601271442284529,5.370273391976117,5.194716941120734,5.390412599095868,5.39915207342561,5.157653196129225,5.199306628186759,5.320402422622084
1501,2086.025839722896,2105.790326194097,2091.6296854305083,2103.273781083648,2134.9918554409155,2099.334588085501,2085.6969971018248,4184.8675255682765,2098.5323698171296,2101.9729365123662,2095.116817068611,2103.049928341113,2098.4359257030737,2100.1799479849383,2102.5016695534896,2084.540424350001,2084.8759886233024,2094.555065417883
1502,665.7739786001501,673.0758894788561,666.8300163810907,666.8844635469517,669.5799444644043,646.6013099034508,665.7731036917174,1323.5018668765379,665.9648353905903,665.3862692593592,654.6979656309431,649.4349741098943,646.1056675474323,668.6950710978286,671.0151368268271,645.6009338589442,646.6013099034509,662.6599678920294
1503,4.483561479817636,5.019104870582772,5.2511700526552465,5.577847552911419,7.890018416683913,40.036555498313035,4.440232683248576,16.691985948198102,4.885034867518544,4.612039841173052,5.982174950759998,13.878272275477066,36.513075854647504,4.7826624335881185,4.800732589026755,5.8420727717931,6.0778382962365995,4.6995149719408245
1504,4.581718958239043,4.757662209371738,4.494319571640429,4.647377508508158,4.745953817014191,4.671245421245421,4.5919679762559245,5.947802197802198,4.59547438512896,4.526514533351574,4.623904580756824,4.589830877736513,4.652414780169135,4.59417786056061,4.666266390236245,4.387228876909312,4.41961408420907,4.563968077249733
1505,11.494168305445134,12.729895021663841,11.35204555236254,11.695499083586496,11.82905545717359,11.641551384275166,11.528407491686044,14.235743247067646,11.386460081127465,11.284094489050483,11.492349195260365,10.975392849633034,11.50654357941273,12.082354874096191,12.439596839789829,10.412324600084576,10.48835636930322,11.695266785837395
1506,3.577376093494523,4.733455109138021,4.014449032336937,4.524922613995683,4.568213759024603,3.5145750993591522,3.565186235415068,7.624036130793162,3.6901953620535743,3.624441947467021,3.7715108170431058,3.789128454463992,3.5193264971441263,4.475840876734722,4.59360589981699,3.492620466759836,3.5145750993591514,4.277899774503016
1507,97.95101516536265,98.42675516691638,96.50039791736198,99.08091402701218,100.19439977023167,100.07806862353728,97.83816031988981,202.1351047396704,98.08923422808977,97.30698454766951,99.0156637381718,99.25079861723329,99.9156524207383,98.51667564935639,98.40580521246646,98.00193176142976,98.03431287643359,98.32126832201773
1508,3.843609305862446,4.375112429879992,4.1968638177481665,4.242320824982837,4.561309147242507,9.43228967566022,3.8449450462451717,6.366795531070648,3.9763729550849862,3.969404285930098,4.431758652226956,5.397371516090796,8.884849349120826,4.160895224964029,4.253948411321435,4.162407738723524,4.2049551915398,4.023245635845192
1509,23.55902796389441,25.114601051914303,23.50122127417684,24.21296857674919,23.84227195240662,26.326202467380025,23.55714659764787,49.684093883528135,24.12761482907396,23.719266937184642,24.13142816073365,24.17950343566585,26.030106524528133,24.42747754544111,24.78303790479127,23.09431058650422,23.444032900964284,23.62128301417469
1510,34.4917944605308,37.243118511682496,36.93781376229182,46.00694930151541,52.39759614087732,37.60398550672841,34.5136129802892,77.0825564324902,34.81316818636558,34.417935409518485,36.91297663236663,39.68582585736226,37.333822694812135,39.98409655825526,37.94568476670912,36.1690530621295,36.53279918168468,36.81757504614597
1511,6.1593441650961696,5.132622363674385,4.906697917124901,6.344827924231773,8.377650710447808,6.315177318234178,5.956905872609752,9.084053011286898,5.731521314263101,6.41399060100425,5.650347900233421,5.874221272547217,6.138584366904042,5.33415354916431,5.116137655121051,5.351542761379792,5.659793339255374,4.502662645522435
1512,81.37792191861958,82.36069877997228,79.97625008884992,81.05800003903961,82.78213995250967,81.69620811287479,81.4307466546016,87.0462962962963,81.21723595762877,81.28344880973889,82.03826830021409,81.93818565714952,81.69331691350341,81.55427273288349,82.00090995874739,81.27705825594778,81.3539804829836,80.77935637497743
1513,185.11069739421012,201.25293938311336,194.6580901126367,229.2630324271863,221.1691522550603,267.70340243788047,184.90894682558746,366.5957375514508,187.98943141418133,186.55227527239813,205.88826020032403,212.58465572081232,259.3248818198644,210.27435052954002,203.66543135153768,203.4263265901375,210.38249726876623,201.19984645003797
1514,175.95087970049917,191.0435504215251,184.11026886586316,222.17240412085758,216.09819456331854,260.37844965466553,175.9368875237678,365.2364273391386,175.9737483515538,177.04233516219924,196.08888942419753,193.59994356172388,249.68314497611723,201.52789413299328,194.0180679529448,180.3487681781252,191.92464476793694,191.04355042152508
1515,25.30349357636594,31.531849777430352,27.887791638421778,31.59830182841875,29.09132927768844,33.33387204371979,25.38489073614851,36.46483173422627,25.40784737135596,25.303758136704033,30.916482120412308,30.12383546290268,32.914879517835956,31.284801127779673,31.36576439553531,28.65727777108184,29.09132927768844,30.951894025850823
1516,44.497901541899544,51.13756139924896,51.24738334250349,57.13518597899321,65.0723108444713,216.3771903567684,44.6080676953297,75.23013135607566,44.121240791538185,44.942489003219805,61.39714563187161,84.65091678637742,198.15791795644748,53.01821121864054,51.621462334090246,55.25457650056282,59.702940700790755,51.123253394228016
1517,22.040451886616598,25.687179739242197,26.34580322175375,34.36315690979837,43.04275838174842,244.85523793155633,22.027415388378486,48.755711087237394,22.35771781837496,22.347811835761124,37.775784792016154,81.70926659695242,222.93906495772288,28.63406375469296,26.532068248663943,35.55616179872303,37.95903785532127,25.682681240141388
1518,62.128725892904065,72.2978647142392,79.29238008094909,81.62929058997675,103.52343155096541,1224.0935718806402,62.059930688317856,119.64797888751299,63.41357800736417,62.42943928080776,99.83275433950756,358.94103692942593,1110.140246554745,72.80588153853809,71.50322437670198,97.94432938987715,103.52343155096538,70.49873821231407
1519,54.42422971755351,63.06918217008132,66.9297816772356,79.02507918765153,96.70426126660095,755.6600313876792,54.448710059226194,105.67780722095078,54.60008780306253,54.62422076805543,91.40308843186762,229.56136312689273,685.3542940735783,67.39805288823598,63.92495178759189,86.6993970482914,92.49896161415802,63.02838680737121
1520,51.10795005446926,58.828956195925485,55.47050970419766,58.524000684999656,59.464827068046496,52.405384971507175,51.09240169829864,106.88788299740013,51.55170245023401,51.112617858136936,51.37697900239587,49.92190178651919,51.61584827201519,57.90142021637445,58.271927830323925,49.02336927403274,52.405384971507175,57.320128916736884
1521,33.21945854611716,37.133986323255506,34.524099017342174,37.57094582921038,38.150886938270304,52.750671347293434,33.26548570709411,51.260507528331765,33.885013406484966,33.62289651800071,39.322258375114835,40.66540390069221,51.11146083084524,37.046045815361566,37.025269257488794,37.76017586977201,38.150886938270304,36.787885532959116
1522,86.548303406684,93.86864226264028,92.49000390574327,104.51727206375078,121.20170668251535,978.8671180601436,86.4669643326901,159.61547872302546,86.51357982938477,86.77755385784978,114.54959653870144,288.03683644936285,886.2043080660889,95.14759333933448,93.40933537559131,107.26928548161884,117.12226544686574,92.08409694541085
1523,182.95893947157037,197.99691451983063,191.14365508616308,211.57935786440495,220.1244183946777,237.95458324709082,183.14151996138983,390.1715813317426,183.39092618727238,184.3207945965108,201.2526630270206,204.42015117342703,232.3853985714533,203.1448974716519,199.6617304076473,190.77433043777864,197.86242270354978,196.73422062205918
1524,49.91719548699685,56.663314891157604,55.387582745711775,61.77809144405305,71.77647028862309,270.87510732624423,49.85486194665783,95.96129485783615,50.11825628375792,50.70422320729556,63.41420704440378,95.952210511698,246.59919559817342,57.084437427106046,56.31906012781715,55.86515679871278,61.881065070086926,54.530681489843914
1525,525.2479178884125,574.9207534447297,520.3382618521581,612.0725519333944,614.8286342419618,785.8461698711534,524.762224083942,1065.1062105840126,534.4646829522103,528.569757317455,565.8665494200434,560.9419062631376,750.8101488889439,582.7752094443632,575.4893894658553,543.8985331143336,605.0931103562928,568.4061727083509
1526,65.0091700808328,68.88066008875124,66.81479806639483,67.69806451562776,65.8497741446412,71.14516950102872,65.0536200211516,117.12818467693315,65.32723151244925,65.03489239161429,67.13988058184789,67.30580786983359,70.65398358213908,67.82135301800649,68.34461503224942,65.06995495607411,65.35331535658156,66.15670934339559
1527,3.598182322919193,3.871340757265532,3.371846630489145,3.308621663371653,3.8801935579764404,13.440476190476192,3.6126042825993063,5.833333333333333,3.5671766263581492,3.6197462114117496,4.065630311647769,6.0758084025578585,12.471402029234197,3.452278078411584,3.6706669340662708,3.7331464904968428,3.8801935579764404,3.2093230940299793
1528,3.02552728609427,3.1286631980348774,3.4422053762016827,3.471352324603533,3.7333364614277813,12.844356261022925,3.028201983868063,6.603615520282187,3.0487707683272567,3.0637542344301685,3.7440311084521185,5.953581170124512,11.945104884734008,3.1463812550411703,3.098880059330666,3.6501418326821216,3.6636913588840856,3.089192462763112
1529,1.8548946745150803,1.963009199419659,1.9413258800292217,1.9254480503184708,1.8400418402651566,2.357142857142857,1.860742624250383,3.1666666666666665,1.813137130686452,1.8102880417399199,1.8431622812483441,1.8534949093464486,2.2847192928210363,1.8015597849347564,1.864188912041464,1.7657994798416683,1.8400418402651566,1.7785583413247597
1530,1.4639698295662154,1.465087936063333,1.590805904203721,1.5649053424399302,1.4919087649465201,1.4601449275362317,1.4675479093901522,1.8881987577639752,1.401196957440255,1.402005255231271,1.3894295111555923,1.3832946601482246,1.4441140040490474,1.4272613196170438,1.4289008127725165,1.3676777529318909,1.400395339193955,1.3687272868775542
1531,512.0141051525763,515.1628486833471,513.3819989220459,511.73992416717334,514.2232357818078,514.5886243386243,511.73669515807757,1019.8121693121693,525.4827144031229,518.3881791658297,511.5281956365811,512.1600340063266,514.1436346605445,511.8687286414476,513.4653627984723,507.8331925652125,508.20015725570266,510.0369311261897
1532,2.8673389780782643,2.7918190769893605,3.077200419698615,3.1809658328005104,3.3131972170786295,5.126190476190477,2.858014717007902,3.2976190476190474,2.7540717524842404,2.7734890878675853,3.1741629081382805,3.529468230187941,4.904397946110027,2.844500262141409,2.7788374247893333,3.155454393338769,3.3045472010531185,2.7547091022257324
1533,5.539151869287008,5.500911096249304,5.657914413197855,5.210291761127483,5.661231698320123,6.595238095238095,5.5307107516270095,11.083333333333334,5.5017027304006065,5.493631881979071,5.592258526582154,5.690359933641719,6.465341532396092,5.211964708533212,5.350859728325623,5.483607041045693,5.654353612355107,5.010985728788074
1534,1.0537791013365851,0.8780452017730922,1.6954115087379957,1.5393763711995903,1.9602647048460866,2.0357142857142856,1.0380037136587712,1.7738095238095237,0.9019324262428997,0.929571227084037,1.5361719567426224,1.5595646650684447,1.9486410889306445,1.0672409331195964,0.919770729503675,1.3914802859346433,1.4567162234276008,0.8519165123020299
1535,1.8406179924001735,1.7024450165816736,2.713475408445241,2.690980813590834,3.321113458549337,8.654761904761903,1.8115243272932355,3.0476190476190474,1.62291658021671,1.7017151979273095,2.977810302301006,4.089680404319915,8.027410599757491,1.997494505949576,1.7726523941360315,2.8295631027972896,3.003194142038797,1.7012651728009711
1536,4.882809769025027,4.847823003105357,5.299416709635454,5.056690180490412,5.017891695944278,4.988095238095238,4.8806219516010305,9.928571428571429,4.895569457760373,4.894260202547922,4.864502266230484,4.88031124309183,4.966275438441383,4.859726050508087,4.830376892156897,4.7426080676566,4.7511231667421265,4.673171669895127
1537,0.5523256053391106,0.4686747585494185,1.2145727078069164,1.0305366133462859,1.004017491704147,0.5,0.5445092714273062,0.8452380952380952,0.4556255218282761,0.4600079577092897,0.6175222174369016,0.6058418561646429,0.4974291655445955,0.6417418469182113,0.5120142725298219,0.4912692929860157,0.5,0.464864259031834
1538,28.81347909920618,30.84001749717517,33.792446979704444,33.997112608870076,42.54030032645644,92.42504409171077,28.582598950258586,63.08553791887126,29.31893559097794,30.457360049847853,41.24460829520508,47.28029364207638,86.09235497571667,31.45654392927395,30.855743000315005,36.37859245449118,41.7797781386785,30.492176677177014
1539,12.522579459259331,13.330989503526261,13.204062751467921,13.693794880064578,14.083912659892391,30.436813186813186,12.535376840571251,21.156593406593405,13.186657339981616,12.802238580510085,13.918720032106568,17.69881564466894,28.752474177517218,13.262791412510305,13.243806080091455,13.698130544960215,13.816594022884695,13.176158814474668
1540,57.897791439875284,61.81075169260359,59.249494195593776,61.82344998582523,62.62382824482847,65.44809523809523,57.93336899936232,148.37,59.94680069304766,58.013248466321386,62.39086711717974,62.429100926729994,65.00157833363284,61.356626107960665,61.51858752324552,61.65573951885646,62.395735837929244,60.04177427829418
1541,9.979691306214564,10.02813740143436,9.714199688339322,9.825231564370366,10.436301343671433,10.492857142857142,9.988675958702165,19.416666666666668,9.854815227950633,9.901040980992489,10.109180572237422,9.889429800291277,10.380750958732984,9.83304974098123,9.927629999192035,9.868567009654795,10.370422059657583,9.76950667231585
1542,40.25446243801622,41.97527712197761,40.197122972550964,40.306038567417865,41.90667969106749,44.34744268077602,40.26600508778884,74.29629629629629,40.580965033506885,40.25723943878368,42.66727914610643,42.46409224035527,44.09944043163296,40.924539957200835,41.50311396306764,41.4536286560714,41.57586931733072,40.11105190612816
1543,51.17576593406418,60.1880321258627,58.14968676502107,61.668577368504884,62.07539190635032,127.4467062818443,51.20824346206005,102.9613444473227,53.499882049771536,52.453845464687134,61.75162697273646,72.1149602813508,119.87538368864777,59.82857110774621,59.78031164515107,59.70591489700599,62.07539190635032,58.92761164686684
1544,158.23186611144038,173.82905690946902,165.86293325628773,185.47339854997472,175.33791685628344,163.73891283520064,158.9445471385674,214.36212120729905,155.15006343795656,156.8277908624707,169.8889281363823,162.35183336104703,162.95341255416278,178.85879122943007,175.6507658773834,156.96144930631309,157.75542053735788,170.40407542144868
1545,53.954398054049626,59.70212291461316,55.63950344992302,57.15701019382407,60.011057025061746,59.57276156631112,53.98323089224578,67.77104474190024,53.677393011822836,53.677938005462245,57.39585372327278,57.091642517296386,59.081625651354535,57.43996665109111,58.55975643245375,54.09866640076948,54.76113781642898,55.6058210683056
1546,66.50530790649977,79.4096321957768,72.42465968623794,75.30528487960233,75.2171471369526,105.66666666666667,66.84927687739611,105.20238095238096,66.64285612670729,66.11790731931028,78.20535943967589,82.37492163928431,102.61146349030115,77.01495783421846,78.3695622823204,74.63314236477494,75.2171471369526,75.25635258979786
1547,33.36925543610385,39.14133695983815,35.872929462069536,38.74510196909268,36.710842615721695,70.57142857142857,33.481973083719744,49.583333333333336,34.065678397685126,33.537669276091094,37.54995012726167,44.96764809902603,67.2304366496789,38.67983085826916,38.89352125372345,35.84182805857443,35.85737754033146,38.296522155376515
1548,8.380738910150512,9.371153710709669,8.68598048542385,8.946722850432415,9.288536275818887,47.26719576719577,8.402918789152706,15.563932980599647,8.315577100403859,8.298001364920632,9.397283656784586,18.314711610758224,43.47526345458459,8.971560647595572,9.166345853549918,9.061559363625674,9.16602322838709,8.800291909687479
1549,88.32489543851307,92.416077399818,86.50899698355931,94.52370467954721,92.58306506664542,96.13932980599647,88.32061585875455,137.46825396825395,88.19678802212191,88.29256289051814,91.73767589010275,91.97841533088045,95.50878796899524,93.06423946803778,92.57798584991114,89.44656176471831,90.06099870925853,91.86513765027411
1550,687.1903005477071,729.5884896679107,739.9516063713754,792.967253162576,838.2346997335053,685.8368606701939,687.1056061695054,1385.8165784832452,684.9985165142233,687.798421944534,699.4811338670597,743.1335822560485,689.8653350136575,747.7420183563944,733.6012964091802,685.8368606701941,685.8368606701939,729.3396523331822
1551,522.7149224866233,537.8627190006185,534.2142496552382,556.3227264360829,573.9414627053199,521.8959435626103,522.2908281108489,1056.8192239858906,521.4861414410249,517.0951953004275,527.2146680941262,539.4909888231033,522.8969538006819,541.7408580412015,538.1295270943358,521.3859004259816,521.6399464869819,535.221503518447
1552,47.528736941678005,31.358128138326247,124.7832911518553,173.27928509604075,414.6484735352378,83.83012974337076,45.20829820408765,1058.0739813987493,35.87325311520737,61.31754652785096,82.0084242483246,146.6522425701369,80.87950570982228,54.6328674593479,29.223422468854384,73.49985714612214,83.83012974337076,27.830019322240734
1553,1.7053868461284882,1.7029566356066164,1.888309596540468,1.7787065629360574,1.6255860354399443,1.9209523809523812,1.7064715465716915,2.8800000000000003,1.7647422465657094,1.7531882546658129,1.6852613118483581,1.6598828911684462,1.884640663441493,1.649197551716196,1.6594608306372145,1.5567723808469598,1.6159444506891252,1.5811366600211318
1554,16.732501845914253,9.643259547765481,10.8102165694782,20.047013588828104,21.732418658266273,8.159892465420356,16.127726444590166,15.944145780595056,10.501602808285776,18.308725741810758,9.848293883510467,11.287192642028899,8.14331582029791,13.191970617201008,10.665984147276706,8.051077985670743,8.159892465420354,9.640962651693195
1555,72.84087639286706,79.51677607483164,75.5665426491296,78.83373161456545,76.03655247749843,80.97506400315038,72.75458269335346,131.37681828623582,75.32076891680222,73.24425246603094,75.70368334336386,74.57115034825001,79.98055342737365,78.58217679481697,79.0005978708542,69.87971760858638,70.16628547931954,76.73029995883762
1556,105.65722696568486,128.6402817080187,121.39389561256029,125.58764951193213,126.81160685034057,294.4367134892857,105.5933954428614,263.54277796491596,105.72720717000603,106.07300317858113,120.86146273083482,149.46078629534193,274.4344171211889,122.80031230434376,125.26901715319713,116.22523272703067,120.53509980749385,119.7900686082142
1557,21.01176912549772,22.632514861983523,21.684981366714936,21.075647223087856,21.910082832267392,34.214285714285715,20.965381223542813,41.07539682539683,21.725664100459667,21.266856508832884,22.064226453620137,24.634243998039107,32.94776691788968,21.5637098533045,22.135303773096425,21.706086305573674,21.910082832267392,20.969239183170426
1558,21.135471802850343,28.249202578010294,23.990292451081263,27.114623627989047,32.124852562169245,29.607363661037056,21.126034886962255,30.09115265612746,21.041607216900406,21.118846322468542,28.66530723329127,28.805171919174096,29.341660229532152,27.074219967544366,27.63336318131465,28.267229585775254,29.181855647745067,26.630778448502955
1559,51.89230744069369,57.5395735263991,52.841335759818456,60.11635873535884,62.00351858090311,60.6882085116843,51.877409580637014,88.455507136187,53.23621465914841,52.899966541508924,59.48152363300091,59.53815708793156,60.41050978805643,58.20119517338852,57.65379715539717,57.67898422927279,58.132132910479356,57.138886454320904
1560,3.00414261663838,3.0985375139726123,3.1742109349927907,3.059479093442672,3.070369166485888,3.35515873015873,3.0087231489327526,4.583333333333333,3.042637692354519,3.026495861962132,3.116310325866118,3.107978792469663,3.321010072363086,2.9734958925933603,3.023197886753484,3.014539538175345,3.04540090420836,2.926046355211003
1561,32.24319365722691,34.414782362798185,32.7885019749628,33.362840762833336,33.82860448790189,43.918737060041416,32.2357174502559,54.986024844720504,32.458495744506266,32.57467346240923,34.776592924507106,36.421904000406194,42.948394744457005,33.59625195809653,34.0171558957849,33.61775250412659,33.82860448790189,32.966482562876784
1562,4.290763677431991,4.443200936998365,4.4626695048464,4.491634836870535,4.42086933662578,4.959435626102294,4.281958764182775,7.2477954144620815,4.305500507400976,4.318374684992384,4.354396522169378,4.408088208050455,4.878915099698887,4.339897932211022,4.371274945949804,4.23674934999676,4.418187182687082,4.234044920848627
1563,356.1698046234572,383.03943381821364,354.5982227553048,386.0307252472992,378.9085621241538,422.5749014228609,356.5251632489847,541.5791798625474,354.4873336675294,355.1707491144585,369.02088252184467,374.2624137564729,415.36051403468895,381.8906957682145,381.94528649472386,353.01407536624066,354.44451822256457,378.83722236761133
1564,17.97077781738263,19.4498281787738,17.985931902306252,19.041977334944164,19.056005666282957,20.98628083028358,17.95648983857366,39.46610162505476,18.11325423693088,17.963885153728327,18.945052504795786,18.96827654675137,20.68972239879249,19.02479397159161,19.226748387436757,18.493865624470832,19.056005666282953,18.512767177525507
1565,45.486877921075724,52.98226906997777,48.214037198025586,51.96882444047151,50.0210443513019,92.29453262786596,45.56648686477723,90.90476190476191,45.768163994366695,45.64047288252618,46.818809924771166,52.21225107057725,86.58120610442649,51.49428351382309,52.15157166957952,43.59866451658548,46.41231693992584,49.82600241196121
1566,146.91020921498128,161.19130374380134,149.23250532914773,165.05309680000047,161.2043999649821,160.20122862856016,147.10606290204967,265.51012658671385,146.37687459519523,146.17134215214824,158.53262646877485,151.13627478832387,158.43374468877622,162.2108606603102,161.3804050036231,147.6407467818618,151.7417725120837,161.0578495287142
1567,59.37999718351466,73.7971341543635,67.59430433971795,72.82009621023226,75.96047050114866,171.01818601887408,59.56025179526886,96.12331518987953,60.26594781287983,60.058579455748145,69.47206455689705,87.94345983246677,159.51158524175437,71.89689063030049,72.69822285225892,66.33860860074934,68.17159197172957,71.2355432735455
1568,250.15805246777725,272.8087788179251,263.6088864030931,285.0373975802215,276.8776723432932,278.28395061728395,250.30434399299256,424.6887125220458,248.6138579930017,250.806136893386,272.1716746511409,271.9556201752119,277.1448503556198,275.79449530903975,273.2522031207629,262.25639955992006,262.25639955992006,267.12676854164613
1569,191.82880029036843,202.83467653800406,204.91875676834488,203.95849957991535,207.95365960715995,187.51236338287958,191.3459241047808,351.25440122188,202.19611719054288,194.38900380163605,195.93324311631645,193.1722203440297,187.66787787540548,201.1737367308643,201.63681629640527,186.10570530022994,187.51236338287958,197.31941879394137
1570,0.08156980043320045,0.09671180650180218,0.2067115777170613,0.539592829544319,0.21079889259179838,0.1092928470824267,0.08171272910957819,0.09170221228233809,0.08133267505352204,0.08116074386024504,0.13960119134179994,0.13039331566574167,0.1087341640653348,0.24192669296045755,0.1365036110702396,0.10491814380300728,0.1092928470824267,0.09671180650180215
1571,1374.4870589922757,1392.0451700331234,1410.8545906177733,1520.6125718524715,1556.1549812261762,1300.5674603174602,1372.9583912119715,3002.265432098766,1449.6278886334455,1384.4116215603526,1359.8031899768805,1397.1237428112572,1307.4117155503893,1437.874055480599,1405.947568501186,1298.4744879179423,1300.5674603174602,1359.6015422276644
1572,4267.727457755849,4263.68326398862,4166.6528626723875,4630.961571602404,4642.0093946268635,4359.25,4270.297726106149,6070.952380952382,4260.966033714998,4258.8803561558825,4432.1221474759395,4468.529021218678,4367.28884127334,4428.375186567647,4325.012697525543,4357.900798622936,4359.25,4260.713663251554
1573,3.739776055484184,3.912940825506435,4.402865705601831,4.301832102356003,4.210535136458048,11.392857142857144,3.7368828277091954,4.678571428571429,3.718387629906491,3.773318581239041,3.869554267785789,5.144896534339918,10.528949117526828,3.9676387387814827,3.9012805367805172,3.6990602085800917,3.933934982329346,3.852670987658531
1574,0.25810059681336955,0.2433940179463109,0.8198629016651168,0.6638562059844355,0.3480890539227701,0.3805114638447971,0.2576431285987337,0.30599647266313934,0.24192435109132582,0.250257694431276,0.26864300670227875,0.29188385392234395,0.3651312264060223,0.37252794597907624,0.27558426932270574,0.23137372242387963,0.23644535432707406,0.24094823914377542
1575,1.9992814518140605,1.954767797002363,2.3949953222707623,2.2768107662262533,2.036725544270324,2.041446208112875,1.9992679996923641,2.4581128747795415,2.0014054342142433,1.9834127539941795,1.9596096157732577,1.9631361727802688,2.026779731272594,2.0306439961529628,1.96468340815188,1.8710684529272144,1.8764653084044092,1.899337600422493
1576,1.3866895084475075,1.3528499326517156,1.8442155020104931,1.7125790821602067,1.6374985364792323,1.4761904761904763,1.378789197939699,3.0,1.3249716978076729,1.3351187874752553,1.361468329271218,1.3605660652973224,1.4469629754077828,1.4192188543726207,1.3521585446120756,1.3278468371510372,1.4049701829164463,1.3410228640723532
1577,14.485925246728064,14.832412077265998,15.012419139837618,15.975440879754316,20.140290992643568,156.11505431120528,14.292760782306232,36.548294574780904,15.267603608150951,14.795330950821254,20.788473039556305,52.73255190053737,142.5912432025137,14.695863463076572,14.607857507886168,19.953744162468894,20.140290992643568,13.87178351657091
1578,1.3218315631616846,1.3612244958016193,1.9302750393236192,1.7391524298725007,2.1150058940227145,10.630952380952381,1.3227906555621123,3.464285714285714,1.3115150452342335,1.3605136623392398,1.9770167095824898,4.102768626760256,9.773815059567712,1.4088479340169375,1.3463521441709172,1.8884189092187977,1.9648313930698145,1.3369399902128185
1579,11.562738699118782,14.400153240571589,11.378305746594998,12.868475012786,12.265890794646573,17.75,11.611945387867072,22.428571428571427,11.545463913781674,11.545841776931232,11.366174854984388,11.077833006905758,16.729073185553,13.412687737844601,13.951976706160584,10.592122786581179,12.265890794646573,12.792930677933905
1580,3358.612545719155,3398.0353073185815,3366.640523897169,3432.432484624874,3424.2564609950155,3442.6071428571427,3360.4296888750846,5088.880952380952,3347.3025654920325,3346.8828646733928,3432.615538995525,3428.378793213473,3440.7295371086416,3410.084684519843,3401.6192474506333,3419.241314863349,3422.85020278306,3393.6987368932946
1581,1655.8087086170892,1694.4907242559755,1692.5870314253361,1664.9813425656475,1664.1887751266759,1576.0952380952378,1654.7620558210772,3260.0119047619046,1727.107249841026,1677.8458709493489,1642.3724854959028,1607.4874427005216,1578.095547803827,1673.9601947206472,1684.892311156205,1569.7086972222362,1570.2478618839405,1656.9123381053744
1582,66.04714483376024,66.83788828998627,64.88051474955135,72.84914603093841,70.42178247934314,72.33534062984914,65.79904684674648,233.8386747964331,66.10749145282044,66.1484132518335,69.34061141976602,69.44447652322661,71.87218656636362,69.23865645105086,67.65302898415335,66.1790366398431,66.32947272624166,66.8369658022421
1583,98.33334117618995,110.76110494647247,104.51576971380746,120.80602571092997,111.19738271274099,116.50440091260408,98.40027812297045,209.96997576297608,98.72378787772051,98.30953867822286,113.07939732826758,111.83146025461423,115.85535800657988,114.8223633023336,112.15491980248869,105.32481897178042,105.3248189717804,110.74110119496059
1584,41.1645946332874,50.97123969042872,44.62685593900923,51.025620428616726,47.06107478063151,46.02972167598159,41.28501342213986,74.23159495701502,41.01525960869234,41.14265038170644,41.17752044672574,37.97417618726849,44.452757143416854,50.30854892028531,50.540591908954376,37.23390121960943,42.09468284286095,49.21443467300259
1585,59.75162483009899,72.56764664878197,65.22215175421671,72.92019753344876,71.24502754425231,67.4066039392931,59.907893358518805,109.97786687339806,59.64681977704137,59.56465482450806,62.58677431062953,62.864949221073424,66.37096048060819,72.17330560445646,72.27296227425364,58.863548132117806,59.76546695723093,71.94956373180658
1586,17.348980053335428,19.197822495162345,17.370759416412373,19.124015912141108,19.204797224870656,52.248544568088114,17.158749821686893,30.07077223256226,17.350821153953493,17.42289559578749,19.67382923601416,26.08098920578276,48.76367767969489,18.730531146591517,18.907612822039564,18.38033892284138,18.786983149062426,18.21251751859895
1587,6.633083355868145,8.371295409543825,7.265864080294489,11.091162987582829,11.902774780604055,8.190209096203974,6.5379681835474655,9.800737519363675,6.474148561271657,6.677247449527542,7.943204220674024,8.384347204374784,8.060029880958425,9.080593418628089,8.498862025993075,7.809236706100208,8.190209096203974,8.150521917142683
1588,34.10681420343973,37.74949121905642,34.90326649391029,36.31193784183008,33.56718988278576,35.551303193778004,34.05317446734748,48.225602425039256,34.07601205920198,34.12224006168238,34.17838752354777,33.47323039851525,35.24575446167274,36.739566998758605,37.27564612333298,33.09493018702063,33.56718988278576,36.25864351145321
1589,24.87159416038445,29.47428004471664,26.48698540183975,28.470021811946726,27.30522223947962,33.55550481839138,24.93822282536885,32.75701332280665,24.817286596877036,24.81054057924074,26.83623259497605,26.0280740834131,32.40655569479654,28.66202879128518,29.0749502304529,25.370829712293045,27.305222239479615,28.017404969275088
1590,12.33849845174837,14.842876806500223,12.74468082566895,15.431106064683307,15.253018171441704,17.055621433742882,12.329441228897673,23.571392650390774,12.199397208172675,12.21620123695132,14.957681249541482,14.505395631888343,16.65219567819407,14.839803924892223,14.770322651289135,13.556278864766414,14.169702767288342,13.998131323351826
1591,144.60839822154136,155.62446943184568,147.42538318924377,148.28408367380348,140.51205664548237,147.68880055999585,144.61725485702632,213.10332019185537,145.80137409461918,144.19285032672622,142.30304572406362,140.17856932646774,146.5848101017787,151.34511433589725,153.76652846140377,136.73560196584916,137.95596991816262,147.4401256782701
1592,7.01522328730148,6.897877220421784,7.093447055730583,7.008348889349353,7.218832511040749,7.1953262786596115,7.00907667930684,14.576719576719576,6.988105905786082,6.96384115462423,7.015298321126797,7.033334103217427,7.163489984868446,6.842851433871144,6.849404116758065,6.980789899388399,7.038630578310149,6.720298857799332
1593,24.808584764939724,31.816336253106428,28.852901010672536,33.59517477049291,34.908490041201844,25.43077601410935,24.851020495161094,47.90873015873016,25.13682407023342,24.827333606896058,29.11842817273009,27.41887233871309,25.382017184564898,31.89236816519775,31.6515360547585,24.53222695539635,25.43077601410935,31.271699226775084
1594,3.709920357844318,4.259548997004449,4.361919141246211,4.814368126123132,4.812404658032135,4.277777777777778,3.7049515367694146,8.515873015873016,3.7219171847220296,3.774860208330137,4.353889389440912,4.3112748866924795,4.260084018860124,4.4184337689107425,4.294656955530235,4.140163871099039,4.204883560904155,4.25925978312555
1595,18.66526641038657,28.12728335490968,23.583654551585298,35.934593325197504,43.99990982203087,40.176807760141095,18.790072061514,38.74955908289241,18.68608431972184,18.52293098629605,34.09873445397659,29.130227798088907,37.90591797456614,30.639795010535405,28.7984136180756,27.51324950867343,38.68799391131441,28.126693737838945
1596,211.61405336731454,220.3399328863188,213.43086067390186,219.2200306767143,218.81593784012458,241.2883597883598,211.7542166754871,408.1666666666667,220.73832762586662,218.22223588852628,221.49091199451024,223.46133761918827,238.91248456388777,218.92824678756836,219.57084204827103,217.96040535604035,218.25398809143996,218.029826491363
1597,551.5537371494831,569.4938799736095,565.4902877807697,566.526053943007,561.0163527088093,570.7605266152177,551.561431047355,1042.0464638363717,583.7820610749266,568.4431600516842,565.7274890882909,562.2437639421663,569.5808295331262,564.5012334665981,566.6547253327946,557.4424600976178,560.8293470657104,559.4451596826488
1598,6.474011153920931,6.421529568544148,6.245954034631251,6.462773983305998,6.482750127375726,6.7857086706301715,6.480556541481701,9.960441612131214,6.249306620234914,6.2752164537056885,6.518239379393463,6.515585065205054,6.748018320045851,6.351132194013253,6.371525919072954,6.395306172089111,6.444096784665572,6.2069744010008625
1599,7.731398615248467,7.733628796646105,7.558525653727956,7.208990913656806,7.486196547106389,8.098498740323096,7.733823262577894,15.554055376778052,7.926218330393099,7.8199830071330085,7.685038540726165,7.673024885812162,8.04521230666077,7.394428451975436,7.579497122015593,7.422988081126331,7.486196547106392,7.12222124555904
1600,5.891311941835415,5.7506398939494305,5.480545636683352,5.521606603693492,5.557559523018193,6.054945054945055,5.895139099124999,6.65018315018315,5.907695121234074,5.785307135907172,5.7077174469470995,5.742912911522495,6.018041296631478,5.551087814899687,5.650410558188308,5.4317181539556785,5.448844433351586,5.16276969379463
1601,12.93855854010871,13.897930339686951,13.016207553858179,12.33643755526039,12.085956253015182,13.385872277331432,12.971778153580757,13.702422204251457,12.239177777609472,12.323863994915607,12.648211610742804,12.483354738726115,13.272890166090653,12.938724124901434,13.471417496355405,11.948029319506489,11.963194363166883,12.214457742559803
1602,3.038218104932545,3.100575349246243,3.1055458666871196,3.4224330257081115,3.3478494774918244,3.468991758328059,3.0387378377097036,9.158334878269024,3.270876025092866,3.266624054358496,3.1474738415056973,3.1444168504123056,3.4127739284616965,3.1306948339001877,3.081228898249344,3.0224382492511093,3.0738212361434827,2.9492826794272893
1603,220.94020846811145,239.46000380796127,224.58908016933967,263.3677901263089,249.47757506948975,256.9832111495445,222.18502915942284,320.66919573836833,212.7509217528485,213.91883515096742,255.55830018337292,250.7530649729067,256.1372369995858,249.96695661715663,243.31551924764457,234.83197296885018,234.83197296885018,236.09448356240932
1604,716.0117082284695,690.0178419345248,671.0503134067845,711.9862795123208,705.8825341506167,2039.7341269841272,715.8857381501339,1481.313492063492,704.6140932744383,712.0243773400538,689.5748443446511,950.8575050013768,1892.870890484913,694.296803738293,690.1201649796009,673.6745636368454,690.333698675741,682.2734474644982
1605,257.64769018424914,256.72785341730656,254.48153961487307,257.55203103415624,255.69160205670983,321.7601142797986,257.58968036122786,509.05091876302885,255.97639229307433,258.00017632765446,252.68679025631977,257.96089949508655,312.61134652074236,256.0986726063778,256.2262763842902,245.00697069750478,253.15999935703908,255.0428107737732
1606,79.06631696112642,79.92594900333269,77.64417629676332,79.13952791239215,79.54296338795156,87.15527950310559,79.117585514729,84.5734989648033,77.94222294520259,78.2815706711134,79.95056487065419,80.69890601121081,86.27112276482751,79.40869429993376,79.68927652407022,79.13219321245533,79.54296338795156,79.1370907200168
1607,27.916429027029626,28.002804078088545,27.333177435673562,26.904149043483546,27.301836075371103,31.22256728778468,27.93430998551646,30.63198757763975,27.57660873369534,27.74504359978464,27.113590895228427,26.921808115019132,30.581855949517834,27.358643596326313,27.722379973913316,26.506049335512913,27.301836075371103,26.829129964499657
1608,35.70105893525619,38.844538220113435,35.977332187720386,38.60258161902357,39.226015938879605,36.357142857142854,35.78719915022248,65.72619047619048,36.068212276251124,34.7345086587646,37.93845839946848,36.52236168121763,36.259435145038914,38.45472426165264,38.624092078829314,35.40732749907476,35.559513996440444,38.276630001972904
1609,49.35192748745501,52.392591702424426,48.24788253673498,53.6470492110343,54.749222038768664,54.24402020191667,49.41684799368691,88.68430179301238,49.21380721941255,49.17848882846727,53.25070514063841,51.834346546168774,53.76344812466622,52.64462287185475,52.40335674982665,50.43617504788551,50.8750043289463,51.23385103272185
1610,0.12555373598674188,0.13269734315045473,0.45819466600954356,0.5417634361403563,0.23739710966224328,0.14049405319618227,0.12577692949430305,0.2040599032175586,0.12458409123864489,0.12440978767205241,0.15080491905344096,0.15312276874991992,0.1385328716104197,0.26425964829647214,0.1678092872851178,0.130804036705671,0.14049405319618227,0.1326973431504548
1611,2.114851187102589,1.7613477636343022,2.30171235849956,2.2466690883102074,1.8908950019827835,1.7794486215538845,2.09738657781655,4.37593984962406,1.7990378648026566,1.8019139539960636,1.7626050877272361,1.7621138424783966,1.7711399264102419,1.9140822866696332,1.800859299415805,1.6822282265061295,1.6831800297591972,1.7515674257989744
1612,183.79634010894745,191.77152157061263,186.70346722229405,188.00472957466516,187.8433319393766,189.01172354034577,183.9970318191083,271.14617021452574,184.633318722636,184.52126617078036,186.75619969747632,186.725276699535,188.62987626263535,189.48315137692,190.7589796861631,186.4922023654935,187.2456433476792,187.96757148599156
1613,6.704159309234672,6.851225074639518,7.347178002689237,7.862222894216249,8.885361581384304,7.137630291673968,6.698934988498046,13.580656798366562,6.884026987316562,6.857284523315182,7.25182358827094,7.451000990656539,7.11852281644369,7.0691543905759815,6.869380098489647,7.0745629473746705,7.103988324596539,6.842880022509944
1614,2413.411805087624,2346.6852824717776,2355.074983731168,2646.9769409866044,2331.0815822685163,3846.8095238095243,2429.5918046212337,2441.214285714286,2080.8588006996383,2124.0886528317515,2487.706251479792,2472.343164287262,3653.86867286964,2462.9790551383944,2385.078297956633,2189.2514512906614,2331.0815822685163,2340.1816969842353
1615,2.6901408923377654,3.0730703914197384,2.834063192321985,2.966038930823889,3.2935911120168946,3.5248035631219543,2.697841765980938,4.191787206785991,2.69391109544855,2.709930544476505,3.1998703086207407,3.209393350125367,3.47528018295233,2.9044207278148932,2.9779783819841392,2.92455325802411,2.9289155690608593,2.8855460030042974
1616,184.49847695164124,190.08578699428173,184.35150035186942,190.14850568838042,184.9551767849321,213.45238095238096,184.9979487689271,262.4166666666667,184.81566121149535,182.22926157114352,187.63578358422498,191.934521156687,210.6463617787343,188.9786765889686,189.36971009158947,184.8589764343494,184.9551767849321,187.11039963044263
1617,67.37671539183442,71.61403378201898,66.66472310303814,67.10040188657155,69.31017156064097,86.30379188712521,67.546344897618,112.90652557319224,66.85635375691881,66.69253265645486,70.01452536005911,70.40020754614837,84.0468237770314,69.07337862823408,70.52965031105033,67.48188614572182,69.31017156064097,67.10040188657155
1618,83.08572181516031,100.09241158954468,91.69855003666756,108.93744153009148,99.02524150075509,147.59528799644667,83.69225347403572,100.73630270888303,76.66736121861915,79.00122361406324,87.84450838936027,86.11805465801852,138.10026575445144,103.03030775072882,100.91126153983691,72.69397650344004,81.96304968543483,99.0789058183929
1619,6.1074027626003184,5.961488880518906,6.0214371810664735,5.95950076798892,6.418469045896212,34.50845317471096,6.112476196719896,7.300357878403503,6.3029293733388405,6.0398316720478205,6.549647102283185,13.932993695262118,31.863165159412343,5.844820083553947,5.887059423964931,6.39572909808863,6.4176782952108296,5.742734463321988
1620,1.9875787852478204,2.23761669093796,2.0667346232024078,2.3958547207620837,2.5123932334025363,2.4204046277445577,1.98278951965736,3.7986570563175106,2.0207042002060223,1.986020439528126,2.261162840430297,2.258448924641669,2.3854935569004,2.1587646232681603,2.1681628040503935,2.245011417208033,2.3839922749342946,2.128891512344601
1621,0.3474314773281904,0.34745900478484043,0.49515335090025797,0.6554981285405773,0.43626599822625495,0.4068014906370589,0.34825499450390635,0.6716455331014096,0.3513968023184688,0.3442248880991167,0.36196647035536994,0.3629816502086041,0.3971498181141387,0.42980030116386475,0.3631927396167276,0.35185736028862485,0.3711660279074808,0.34315504237133715
1622,0.584415343567506,0.6185832960336725,0.8245392227320449,0.9977599710161201,0.7929754365559686,0.7407351558664949,0.5835218618124638,0.9516745516268953,0.5956091692076826,0.5840586036983816,0.6836985357276806,0.685789237359077,0.7279446187190594,0.7307211056950766,0.6448502932190773,0.645687334217934,0.6585057846471072,0.6185832960336722
1623,0.650129783285548,0.6730894532270701,0.9684029816766916,1.1572509131262985,0.916599237512957,0.9385656383979598,0.6484567520856342,1.3675474521313786,0.6630857538751476,0.674042830084609,0.8254080959877074,0.8327245320103334,0.919444316224136,0.8236476606358137,0.7113473307807587,0.7957426157143042,0.8140994577328478,0.6688227316219328
1624,0.46146094977331703,0.46294050832962236,0.6398646963347088,0.8417842425449149,0.5967208213382226,1.3846401020757837,0.4615152448830991,1.0250991666338405,0.4610950669953157,0.4583760480487466,0.5739967139393403,0.7645333732385264,1.3022761912298952,0.5610582945174262,0.48027464338398157,0.4905556408531682,0.5145510483517599,0.457576448613584
1625,1.853179165327047,1.8460524358558272,2.0600883627508613,2.2089248634578365,1.9957671611158434,1.832893757068738,1.8521799564864618,6.312300099638109,1.8852764527583252,1.8773500313663192,1.8244017953290987,1.8321017873448964,1.8254139796390891,1.9421563170806388,1.8640142285274655,1.8062359179257805,1.827489868254878,1.8382806512855183
1626,0.7482017096651162,0.7924464064788809,1.130240756901974,1.2616790922595154,1.067902556483389,0.9532198074478733,0.745546376514833,2.436494850475278,0.7568263855747203,0.7519526771520798,0.8951410886173795,0.9030348900510825,0.9385239494358847,0.9456616563192181,0.8341962440830207,0.8571149904576076,0.8700493549935954,0.7924464064788808
1627,2.038992040937726,1.9686807570234481,2.4111247632645108,2.2240449966834372,2.3088143556562994,2.0396825396825395,2.038843203549234,2.0515873015873014,2.0369089415686155,2.0366928996793603,2.0339641647170716,2.069326232511735,2.0332039096012675,2.010713658721705,1.9649381053511341,1.97224229132161,1.9729861571744325,1.8400729753409901
1628,0.26907785770325315,0.261638090058614,0.8105891125380832,0.6403199365647625,0.3077949444957385,0.2857142857142857,0.26920729739682714,0.4166666666666667,0.2568513641508399,0.26049298188162506,0.24434642008552535,0.24359114482367797,0.2767172592999049,0.3722289557893466,0.286974422545545,0.2277209521771287,0.248922147943652,0.259018470538298
1629,0.2948156052213607,0.275341318405578,0.7309849888467195,0.7768176260237928,0.5045472470243915,0.27483420505002426,0.29189176810308454,0.5166368277032974,0.25866638037113737,0.2599061563645486,0.28742569526419454,0.3006661032147108,0.2694051788124682,0.4341088817967684,0.3167754020617541,0.26105793503310987,0.27483420505002426,0.27534131840557813
1630,3.9235730059917118,4.199586690441869,3.604986447368203,3.6377608610888856,3.822650135377177,4.523809523809525,3.935361482895843,4.904761904761905,3.8377829499747107,3.8248489334227265,3.7639542264860797,3.768264491580565,4.411808140165477,3.856250123037182,4.047270386825228,3.624701656525943,3.822650135377177,3.6377608610888856
1631,3.1241126730608677,3.0165999959068786,3.2851473809530787,3.8814835836316974,5.230437767371016,3.1732710453964406,3.116236902008847,6.063667643317541,3.0709184433711534,3.069686501431504,3.0711460437471394,3.3551507996007395,3.1152556962064017,3.1078324520718468,2.9712027373254806,2.9173437537386557,3.1732710453964406,2.952268801574734
1632,35.51602272293129,36.62261315610691,35.98364535130412,35.147454607040125,34.65014950174664,36.58383043920005,35.550712346116974,42.2549696985436,35.98462380590668,35.638701347825354,35.29542787342444,35.20746737549627,36.409337099281736,35.70446267567177,36.21201587451643,34.381182128812554,34.53088259638191,34.91120952298447
1633,2.236952454387086,2.1417339164418983,2.2995335214558934,2.1451507718629803,2.251888542448779,2.4038461538461537,2.2369365714261873,5.584249084249084,2.2825505092197513,2.2789008015350993,2.215474164023168,2.2162245024878575,2.3750361326009597,2.060599002315013,2.0893975487501613,2.152134745127259,2.1955691756560785,1.9758904630009786
1634,69.78075062912197,71.1315230088074,71.41960759201152,66.3686787014302,66.4308116095773,72.02806502120002,69.82104809536348,113.78087558221306,71.10612468610172,70.07366337109521,67.60947708660962,67.55915429964031,71.43084838762671,68.42266724724817,69.96939663829475,65.34846024441737,65.65341458011004,66.06848772907772
1635,5.831720980476927,5.783725291117318,5.820590479191433,5.982337224795315,5.900331613045363,6.854037267080745,5.834491000206935,11.556935817805382,5.828916104294572,5.810398546124694,5.870122236142056,6.038813151486342,6.742061439549403,5.760358805045413,5.7449373079899395,5.712990995421705,5.781611036683891,5.679992276721951
1636,23.661016551715395,24.097000634264067,24.9711218316436,24.25147895460434,24.673868188487287,25.35714285714286,23.656305239842258,57.035714285714285,24.428135265792434,24.21800287454212,24.666254874249727,24.512863554932796,25.227477149812447,23.929396900246534,23.971196846052013,23.999610427016872,24.14338137357288,23.231175138266604
1637,0.5595610449216871,0.5394817391430832,1.2592871381511708,1.0181726415979753,0.8616991089350284,0.5873015873015872,0.5586527611815103,1.5416666666666667,0.5813620920782334,0.583012978103249,0.6236720531948822,0.6182180735361152,0.5808278312126427,0.6882265752211066,0.5772355259384312,0.5708605350686697,0.5873015873015872,0.538664774476247
1638,3.352079036270519,3.664736375955258,3.4938086322654054,3.5543517426888784,3.320816915571939,3.4285714285714284,3.3637867823271477,6.773809523809523,3.470293244524439,3.3013479238610777,3.1206999152789225,3.033626507590986,3.3583808466701215,3.4791944074879155,3.559235672128125,3.0178162931847514,3.2448797121012,3.294614020610703
1639,4.9541842472639495,5.26771758802154,4.954372318992031,4.9797407844536465,4.997878642539061,6.25,4.964715702567908,8.738095238095239,4.81168209387361,4.889627015705533,5.057114643622557,5.12462724076918,6.092524636831886,5.011055313161163,5.138010948539045,4.890642230223116,4.997878642539061,4.908079918108258
1640,2.23318146584711,2.3399562741135385,2.2764133338707446,2.2168566704056425,2.3903914566308795,4.714285714285714,2.242062333322124,3.214285714285714,2.137014758373513,2.159718962901849,2.280675323994579,2.493087479146796,4.396833291203787,2.202484234239066,2.266746121038824,2.1729477255792986,2.3903914566308795,2.1826173738534065
1641,2.252080164599279,2.1932831349000064,2.08201905853942,1.9342555183979278,2.14171934487006,2.5119047619047623,2.2569060986736997,3.3928571428571423,2.3572268058104906,2.3299955247359976,2.2548490210106653,2.2611731890521822,2.4809241068293333,1.9886889640962935,2.0934261795658795,2.08246959644466,2.085835834406924,1.7847618616163654
1642,1.0961872159809771,1.1145864804497823,1.6277030007886886,1.4138096901722292,1.3325735593678276,1.75,1.0972773767706927,1.7738095238095237,1.1180618618070877,1.1104575554584526,1.1841158078843028,1.266863438314597,1.6769882431082213,1.1726527900313635,1.1158421334153006,1.1306542803084663,1.1644930070705637,1.078289989154203
1643,6.336392432730844,6.880517780973274,6.008291706756478,6.306121306083771,5.957867899852808,6.916666666666667,6.353481587396145,9.94047619047619,6.3206504807169255,6.3798834198777366,6.338337844366637,6.196391254316649,6.822960282826787,6.489292163749563,6.69906096293684,5.691653616684359,5.725924454272622,6.235830987760714
1644,11.497940861566333,13.249507294941601,12.305618848708002,12.88774868650902,12.774840823909608,12.80952380952381,11.530248360100765,16.166666666666668,11.60069791382574,11.514861365550487,12.468982418194374,11.050530870212924,12.476875885407383,12.875399881119888,13.053489583107613,10.992966700921862,12.410210317833851,12.746035780852566
1645,10.247965592385698,9.569213021506611,10.238403770801229,11.33302488949188,12.618500903772336,10.140786749482402,10.216738495705645,20.0351966873706,9.946816785753294,9.727851640092231,10.455590274944136,10.913454226146586,10.176096433105547,10.20465079781127,9.76423577418336,10.127498397558728,10.140786749482402,9.563871093170617
1646,95.05650401174064,99.88739836687517,112.14070427922117,106.6562763097506,150.4852071008652,2199.8340487406917,95.09522983024739,130.01995828663962,98.8320882459483,94.71535161639476,149.9632119324691,651.9975748718894,1997.965816579411,98.3744706895226,98.10685930022447,149.6237910930474,150.13740351943582,96.8457059422325
1647,35.221802375665895,36.096316559013644,35.92568707466004,36.62945293789283,38.49299041868124,58.46558878647076,35.1670840887957,87.60278767521653,34.219670749571954,35.192364661026275,37.73844854138883,42.48631978491972,56.3282946027266,35.98253470691598,35.959519808205634,36.91188308435755,36.927706122625054,35.893024338043
1648,57.0513026650463,56.5970629498774,55.58148981767994,55.64712323164705,55.95359788055854,57.281585709496134,57.05686276889591,57.72744736092525,56.79474320983878,56.75857039329431,56.60430678835866,56.55989613547172,57.20422414273367,56.04234013456136,56.35603311426278,55.872491080799044,55.8785625423994,55.32353782893341
1649,7.283901091320879,7.446714076148687,7.9182940584087405,7.707139770291657,7.844204550120047,7.506613756613757,7.286594879932491,14.604056437389772,7.380672557338681,7.281007875963799,7.430884243147567,7.4474538050698404,7.48018178011263,7.407144474237078,7.3901384476281,7.400261769027607,7.506613756613757,7.31640194905462
1650,27.416169617525423,27.369971868329824,26.61063926549871,26.83124046883786,27.700196087576384,26.184063645731044,27.425078613573575,28.171479850751126,27.4591439005461,27.363167756272684,26.92958404844165,26.767838785728216,26.22675496244746,27.006201935023128,27.201806878952567,26.172926304495846,26.184063645731044,26.53401583810809
1651,0.6440147932353704,0.6343848108497957,1.18464181436305,0.9610136323412077,0.6848267689168163,0.6838624338624338,0.6435839652313594,2.5595238095238098,0.646775515647207,0.6672730813869912,0.6295659947904709,0.6292867039300312,0.6734496500978301,0.720017684977918,0.6499943917128245,0.601277646758497,0.6136174834305477,0.6272663672474266
1652,13.452584852686483,15.997907651292222,14.10554261296719,14.849745782302875,14.948196397736771,15.508963591634933,13.488384700860555,25.051688243377836,13.329652675798021,13.34298729422031,14.919999855235458,14.692179801111505,15.379009195160899,15.298113514639768,15.687818828113373,13.262909142885784,13.375305535456242,14.837683721258179
1653,64.26778499227521,65.30067298446367,65.24928452248177,64.62901573785975,65.95481266226984,65.8507326007326,64.30209212579584,72.49358974358974,63.16793714472561,63.76485214081581,65.70378794889558,65.75572530269847,65.82799761133695,64.89017311931163,65.11855194035884,65.2388902870554,65.24909004426421,64.58010966108681
1654,24.945606240518156,25.840381714993338,29.03792899918464,26.563674535892762,27.863274202625814,61.464285714285715,24.698349259738094,283.60714285714283,27.57053730711795,28.526569883561706,27.143657132203515,33.2950906471896,57.62418416956215,24.997276693141895,25.213999362500488,25.92078202131454,26.550404936226442,24.776709677468066
1655,3.7381969675180713,3.9255206942156398,3.7302974100353388,3.6308945707457894,3.905084532140794,4.444523466124697,3.7457055713225,4.719038150797106,3.709068634230586,3.7177086633432967,3.8620426468227524,3.9538931804517152,4.375578463876107,3.6671833699643988,3.7955399415112274,3.829088946389733,3.900523618082335,3.427252489122875
1656,0.06172839506172839,0.10169082637799204,0.8115088448588669,0.6316996293264538,0.21570202194121543,0.06172839506172839,0.06172839506172839,0.06172839506172839,0.06172839506172839,0.06172839506172839,0.08066024058596494,0.0941492366042596,0.060959541745232416,0.29046138987639525,0.15890293066315472,0.05930327322873589,0.06172839506172839,0.10169082637799211
1657,10.973344357293994,12.081881563479888,12.002455939730567,11.994177673165362,12.47363802447804,12.607142857142856,10.981205722076558,27.96428571428571,11.279529056888073,11.088685824555268,12.080340739464894,12.075222767209802,12.512085757525496,11.779746686904943,11.899039709309667,12.055198032182929,12.357157967306998,11.508053637643748
1658,0.05435143869854478,0.05326118380666508,0.2725082723468863,0.5728962272613798,0.29710220488265837,0.03709644243775666,0.05237010993439308,0.0674241127997645,0.034900259623382994,0.05062678198457807,0.09758158500057938,0.10025856049963577,0.037396985559493084,0.22731289182649986,0.10229807172479356,0.03428533629034198,0.03709644243775666,0.05326118380666509
1659,2.617995841204231,2.659483972414219,3.0999612626415813,3.071856107994574,2.9136389209986966,2.7276190476190476,2.617441431207364,3.4895238095238095,2.6914710612860517,2.698093870910982,2.667291285438928,2.6848378089465155,2.711119717969183,2.7632808123411174,2.6764292936977916,2.6226235013420838,2.677062961642284,2.634508293860932
1660,1.2777737132793816,1.1562656085128575,1.1680835091591277,1.3426296374833253,1.4943034845809577,1.0679296500740139,1.2597408407020465,1.7131926000860667,1.2522133858269207,1.2843808163288915,1.0937419306683551,1.141692359789517,1.0627577423671475,1.129502841185498,1.1167737539468912,1.0470397413058607,1.0679296500740139,1.0913091430907205
1661,1.492091336482716,1.5574298171158232,2.0264396747572166,2.9443877397135676,5.049947993628229,93.05462306468371,1.49021729316578,6.040469339777407,1.7232647532380874,1.526201188534636,4.208069265683889,27.337557560072153,84.52859099700503,1.9497852066947094,1.642102315734581,4.0055947655871655,4.0309900341661375,1.5373519892630263
1662,14.530357959627752,15.524368031474898,15.51610985766638,15.470924531192397,16.228881556637628,16.10493827160494,14.553542139921404,22.405643738977073,14.434034646732195,14.292587592988506,15.360587812740912,14.989487687749557,15.887425212845947,15.297658499260445,15.385687150891549,14.820030709198045,15.597230738768742,14.858305032675668
1663,0.22601303599848546,0.2410305997292769,0.6447787222359862,0.683532396220394,0.4036146201113131,2.2790452288071195,0.22609145620270307,0.4345016755521463,0.23124094579098306,0.22763839905878666,0.437782486602905,0.9392125124796045,2.108871390096203,0.3843622321482152,0.27966262889846333,0.33096928623102967,0.3337825108588377,0.24103059972927696
1664,0.4266164399464671,0.4117820095673188,0.824838468528148,0.856762938935212,0.5470543851951567,0.4307549142247638,0.42472168546696887,0.6346919983265573,0.4263887519005169,0.443303766749846,0.41538559657632707,0.41593249938941,0.422705179212379,0.5508954211336424,0.44741688144561875,0.3566544440934744,0.3605773774065682,0.4068209210389961
1665,1.2777436136078542,1.300154766732896,1.4072231872843701,1.7028739078792834,1.4831407384839996,1.413068086836174,1.267845295574421,2.4982395413389136,1.2921031218586643,1.2877956055261663,1.3157746693540604,1.3284568864037873,1.3938386894298684,1.3811321465774309,1.303653992895832,1.266934572606166,1.2880507141719486,1.2491354647724797
1666,0.9334130613820903,0.9513853550611362,1.1154881308263775,1.2868843706742996,1.1044668503353563,1.3610719176469537,0.9264220867781289,2.370229099539888,0.9247084819974268,0.924338284701217,1.0420315513848786,1.0804901241772817,1.3193086049167375,1.0054739085784596,0.9457421474386436,1.0106163308146978,1.081889591492036,0.908864230083593
1667,0.004673926561044041,0.05995851406301673,0.5930389105157053,0.6158723079486575,0.17028254065325502,0.004673926561044041,0.004673926561044041,0.004673926561044041,0.004673926561044041,0.004673926561044041,0.03144699681642676,0.0436683457689803,0.004630478576402448,0.26220115364274493,0.12268414812776586,0.004272730920358475,0.004673926561044041,0.05995851406301674
1668,3.407330146979602,3.7560687827320405,3.4030624353022656,3.257284372212238,3.3631871423574498,7.012527937683607,3.42224380635059,4.639189285353077,3.377094717753714,3.3846512354983163,3.168732681748389,3.884459793266894,6.582415326034109,3.396078951218795,3.58552941982594,3.1293270494780985,3.2140851018991836,3.2124096703044223
1669,0.07722825193658424,0.08426610063584371,0.811046274177865,0.6154331434064516,0.237898175001764,0.04894179894179893,0.07561637701867541,0.06084656084656084,0.048239869234913656,0.04752323537381555,0.08085249981306486,0.08444957000348025,0.04718523852081994,0.27005936549485204,0.13943374501313613,0.04141656196820904,0.04894179894179893,0.08426610063584372
1670,64.23653177236936,68.39123552206074,63.246621053881086,68.62258375802072,75.02516982228074,65.84276397752829,64.32197744392484,96.82745047781354,63.38632985198327,62.9020629805099,70.02883110815804,67.7612220236161,65.79406274327113,67.89543288627308,68.04616004684145,65.3340092247164,65.84276397752829,65.22569299960918
1671,4.015615632103208,4.054711450145118,4.0594248235992305,4.209861990482763,4.0455765227825085,4.120162028956156,4.007676302954587,8.561948888345624,3.9777262040588517,3.9760220782826052,3.8622237886554216,3.8771737779821844,4.077350609048916,3.991753606361732,3.9958003652832343,3.589776837419722,3.5973614202037005,3.7004701688638426
1672,11.90572636891553,12.296408832025916,11.96170954025977,12.670392278103577,12.323691415372489,12.270732879641132,11.902303705680682,11.12921280823619,12.555218236773166,12.018228331516106,11.830082646152624,11.557267164234444,12.13279125960595,12.15449439175408,12.160705576722622,10.960453397545935,10.997467325615977,11.562207055425702
1673,1.792183418601326,2.6922230683187514,3.570159150799757,7.643898991047401,6.459328841681075,1.2200646262295167,1.7007552304950326,103.71927062177497,6.964089431537968,1.605246627210022,0.7752728320114319,2.0205103324605864,1.1363824207180986,4.388099370810739,3.1833827911861863,0.7674120481055807,0.9614876844581245,2.6922230683187522
1674,1.8813354367929331,2.9725682142014844,3.956709647550511,7.804415923046129,6.750499855166626,0.45271599143869423,1.7961564673190489,104.38509739120984,7.068952887126405,1.3671735098662328,0.49147832712017586,1.907431170091022,0.44571160151487904,4.584694405583324,3.424507251624504,0.4433464833873116,0.45271599143869423,2.9725682142014827
1675,1.8861781171430592,1.339122709065462,2.072122563711616,1.96148059148811,1.4617605892888177,1.3333333333333333,1.8507948532435712,12.04761904761905,1.6576736073829341,1.4686414830654224,1.2852701652936773,1.2804147878994718,1.3174995831829028,1.557444693786038,1.404165833395913,1.1914854283674416,1.1970928337846534,1.339122709065462
1676,2.244220970603226,3.3965235874284025,4.692124544600149,8.535485383677448,7.374139237706597,0.48513608448927825,2.1336865984721727,120.59726553490593,8.246879955315496,2.1557407713868773,0.4704495332642124,2.008531542955853,0.46457607970314907,5.070975580390962,3.8514974473745553,0.4531567224079196,0.48513608448927825,3.396523587428403
1677,1.3060905973070418,1.1924357781570165,1.339348535196405,2.436769454632328,2.188083627449964,1.1936582105874673,1.278215734960056,18.56766435124835,1.821446066583314,1.4080180401561764,1.3003743994181798,1.381630317052034,1.1846237670569222,1.5902547820552855,1.297719899474871,1.1601953552161703,1.1936582105874673,1.1924357781570165
1678,1.3965680509503942,1.187112358446565,1.257662834629033,2.2644205969356603,1.9723571775031685,1.8088723007283078,1.380629500809654,5.9064064765849045,1.4206032325927573,1.4797850354113689,1.3880396345685941,1.5523556744915072,1.7527773222884473,1.4749348561575726,1.2420417683629186,1.3075035432926256,1.3202201247969156,1.1563753603731108
1679,1.2779771423033255,1.2510697851433228,1.746034840919992,1.625905634221554,1.2873514239640997,1.2839506172839505,1.2781153333690238,1.3315696649029982,1.283749185214803,1.283749185214803,1.23571871285212,1.2361027086090186,1.2747064783351065,1.3587780454366387,1.2750227698416572,1.1512871358763361,1.1512871358763361,1.2135520185479887
1680,6.524099838060935,5.866128424750916,5.981394116513212,8.422728390162169,8.164940803965292,5.894415105108167,6.404055901179025,72.51838376418216,8.37495534167695,6.479168510048177,5.7875984400836655,5.6566484469720635,5.747065783613736,6.577635222994625,6.014700779777539,5.304547744343233,5.894415105108167,5.866128424750916
1681,1.2925281337025414,1.2339748319761912,1.6884017813928114,3.5921865832083104,3.2114233623215855,0.8905255442733185,1.2540862890918598,37.32312794908888,3.01882880758431,1.484250063127222,0.9845954327786209,1.5317388875642466,0.9079156776864225,2.0170771848592324,1.4521749276734832,0.878874933275264,0.8905255442733188,1.2339748319761916
1682,0.38313426436440895,0.39154674528695826,1.0868153976072632,0.919809172930234,0.6858195476936597,0.3844797178130512,0.38122223316728926,1.9153439153439153,0.40575873975355714,0.3872611928706176,0.4113934979467486,0.42355848219346576,0.3783443907007024,0.5625195833330169,0.43757787031924256,0.3715485631668644,0.3844797178130512,0.39154674528695815
1683,3.253971423339968,2.26718127166931,2.2607527220308796,4.453715125208116,4.119322684110869,2.1013076086493503,3.1639215781409846,41.39943654722048,4.291793052596794,3.3688174462204903,2.1383560800710097,2.4563758879671713,2.077959903323968,2.918163193125823,2.4214256389768214,1.9987497541522121,2.0887722814289957,2.267094449198139
1684,0.6029013062041232,0.3457880858870042,0.5230620472295002,1.8033624877801364,1.0953503104424953,0.2658244006453295,0.580562302329894,7.612629174732903,0.7827913156236307,0.5881359953073172,0.35946364755410865,0.42833869500043487,0.2593734506319271,0.8264139465969896,0.4784797085142188,0.24580565677440605,0.2658244006453295,0.3457880858870037
1685,1.7610414647061357,1.0464591395119396,1.264365309765202,3.097351179674069,2.7424797085624824,1.1628684402559328,1.695077285343254,29.79222652248508,2.603154145734037,1.8560896052146063,1.2413159557600386,1.5410500829586955,1.1636404452956632,1.685248060225918,1.2091770039494303,1.0969532315735782,1.1624795383114044,1.0464591395119391
1686,37.06948222048995,45.86198588328532,40.58839430985618,43.902217202064776,41.10073022816164,54.07262390553094,37.25474563877408,54.44853424370376,36.07423076462001,36.86745663758427,47.814873823170416,46.20934598071875,53.162336315298234,44.593760873717066,45.285494118908105,41.10073022816164,41.10073022816164,43.710702596238185
1687,95.17565553913086,100.19706639942598,93.25133128952488,103.6871666223305,98.53176415991987,112.64264603095351,95.34259086866223,154.88810128799238,94.7473103637147,94.46218534027226,106.42058623177599,104.0405927134625,111.64324558482673,101.58820035749177,100.66858010583955,98.45733534343503,98.53176415991987,98.49118000634036
1688,30.92509612760306,35.55857564879964,33.09967381360242,33.26084779068622,33.38332559158376,40.383442647347316,30.97492078124812,80.64398825996106,31.686824532150222,31.423441252150255,36.74840257943122,36.031093673572904,39.871501609839534,34.19851211765186,34.96386233183867,33.27580977138171,33.38332559158376,32.674322053363625
1689,13.0266343914096,12.0134255368113,12.281880156674136,14.323283512334484,14.764238377072077,12.22881984919047,12.964616018877551,22.864750896588152,12.1307055192743,12.021029879160764,12.392146239618732,12.83240883886638,12.229407923474225,12.908621443655278,12.309167960128663,12.199863538013823,12.22881984919047,12.013425536811303
1690,0.8719870887673494,0.814121132636556,0.861861577098936,1.0316239733551418,0.8725106166127822,0.9602909824076268,0.8735598308166316,1.4161569585310934,0.8512929973563624,0.8502777061460938,0.8337705165705799,0.8343917218671111,0.9403202393656965,0.8382937294517335,0.8034912537120394,0.8278188490630893,0.8725106166127822,0.7970517854438892
1691,36.738739231712685,38.08308489451864,34.96049539742275,35.68110918489416,36.71067482820422,37.88619642454156,36.802709833789166,52.50450725404618,35.94225048966532,35.377435789722036,37.106904174734815,37.09697258205367,37.78914236630404,36.75405730691946,37.5207443236101,36.32678361534002,36.3413133708525,35.55082167058288
1692,7.414513043337334,7.451640620845377,7.291856216499027,7.293054995950567,7.349218617970202,7.611278803621168,7.419267278294363,11.17537315151246,7.472782855599765,7.417633449057907,7.329349796125854,7.262970016480036,7.556892842418648,7.271893378539936,7.355632660757269,7.133152765371349,7.208228326586293,7.226641359229743
1693,1.005307269170231,0.9362870500853675,1.069443744552258,1.5491204436331556,1.9124274466667126,10.376979358774193,0.9961580140046983,3.0791955284202666,1.0370929588961908,1.0250948646447393,1.5879741539078587,3.7769188019721036,9.503872689026634,1.0993154245555068,0.9670852025205221,1.4494238309059915,1.503835276827479,0.9361034604684821
1694,2.831877824961333,2.832482871977908,3.0360763686616665,2.707802453932065,2.8198142421009185,3.0476190476190474,2.8343018260205715,5.285714285714286,2.9094796646603798,2.842436509899714,2.81873053504015,2.8161659608012664,3.0138941773719847,2.683190582063341,2.7518974565980856,2.623433049697998,2.658726311276418,2.35336298235053
1695,3.8710967016715934,4.231044445202494,4.3507911866796505,4.94752378135671,4.83242169508516,4.414021164021165,3.8775404955532387,10.664021164021165,4.293222618604487,4.3003248366991595,4.326100998671984,4.406347108258547,4.393735069528387,4.393049211508411,4.248749975299775,4.216720256582399,4.2213544123048665,3.9673664139660896
1696,1.219541073621536,1.1390496270734127,1.1548048229864947,1.2802401379070592,1.2045144194072355,1.3099079649995353,1.2107862210785656,2.844574801591899,1.244680300858119,1.214299116971531,1.12409185151288,1.11863591245475,1.2783089845676798,1.1173083434127844,1.108192344230573,1.071243416019431,1.122173506515767,1.0981982403597517
1697,19.28950684048787,19.612064024149472,18.528225619808552,20.81310531117308,22.137504848073963,18.771989154206707,19.305720459757694,32.89036527300602,19.318571672698056,19.214528024782727,19.620326762771782,19.81509801134784,18.818731630839498,19.990896820499174,19.71039205937045,18.76921239929326,18.771989154206707,19.53815725671122
1698,11.36843885127238,11.67378640293803,10.417832041863548,10.817473944792205,11.23108525912859,10.39373897707231,11.388838104637843,13.544091710758378,10.9115846863617,10.814512360321464,10.894180456091691,10.604440454530675,10.396091675096867,11.157416259404364,11.446067006053982,10.025711006509697,10.025711006509697,10.68421577722271
1699,15.742713010509556,15.424211068494673,15.423501058648618,15.110208358952272,15.290473227187059,15.714641037379224,15.733566390532216,31.26535643792001,15.620217240895506,15.646478281273678,15.418390492562983,15.408916175536175,15.675640865087688,15.164909142200678,15.295938160811609,15.244140570223173,15.257944987403791,14.964863159882775
1700,2.640652251700033,2.5513765497194956,2.7191267658350444,2.5261088318274765,2.341636279996975,2.786380687072139,2.6409270938191387,3.976898095576935,2.5922183975496873,2.602347899333423,2.4962487486245792,2.484159008615555,2.7489720664837702,2.459014185562266,2.495296762805911,2.281286140569573,2.297315119927808,2.294005326070621
1701,0.97240999238105,0.9971254715353082,1.5746641837334596,1.4066348137160591,1.1036085451924056,1.029100529100529,0.9729552139653408,1.2570546737213404,0.9893058402773569,0.990711618140752,1.0050661766268398,1.0086251098213916,1.0218573387133585,1.1224329355408909,1.0281811274371908,0.9985450811544783,1.029100529100529,0.9971254715353082
1702,15.749410654852836,15.52208009796197,15.729503096099391,15.65421405802305,15.828970280046919,15.721340388007057,15.745564495285274,31.818342151675484,15.751229557669694,15.754988452014773,15.583694175067066,15.64321634682821,15.701653475041283,15.495050924416214,15.488925351685358,15.442896660639692,15.447463460243506,15.22526305465401
1703,4.8941637657141515,4.546551932118593,4.57010125535244,5.592887173590075,5.60011539542327,4.66088908296676,4.864494491305522,24.56414516698698,4.798944201792449,4.519308153342119,4.488657969891426,4.714596255075507,4.628828261606879,4.829013884120164,4.60176735242302,4.337201411026025,4.342077752161198,4.3660653783761525
1704,2.196612327379213,2.108039066860083,2.1335043810754795,2.640605513922932,2.7918976858021893,2.5431630420368805,2.1869693486250212,7.484812982808033,2.357838472756451,2.2813295195825862,2.4066750747976897,2.40926116267719,2.5065286259891004,2.2472356484614227,2.1332169054373984,2.3455785202572836,2.4788101141017904,2.103090715489147
1705,7.211159028941286,7.52286115870302,6.7175917945342745,7.1399917167427445,7.25569878513707,7.7693026380353665,7.225662706896554,19.93216288142261,7.085696163884198,7.170136742926171,7.380495761741042,7.382445264656414,7.71891191047379,7.221961580657613,7.376229761789193,7.248598678463902,7.255698785137071,7.100135527986718
1706,1.8821562623187276,1.8758859030542379,1.8811306936549759,1.862409138884147,1.8648177949869325,3.0595238095238098,1.8875792237970888,2.3333333333333335,1.9006157549789162,1.870961532066841,2.002664590830516,2.190894237109188,2.948245961419191,1.7834466470536012,1.8183419909142418,1.8257427380690334,1.8510042488686504,1.617192730813284
1707,0.38588465022505547,0.37715276030112665,0.6372082638325113,0.8553161642761093,0.6596487513210412,0.4439718013167367,0.38418237631447893,1.1188280075415686,0.4085149620982409,0.39476578309920646,0.4198628971931944,0.4196610263418976,0.4296472913213236,0.5154855504014965,0.4083061374883654,0.3907132535349425,0.4426831453473785,0.3768453949040185
1708,0.6013031014884676,0.45284101462646525,0.6968948047590073,0.8754150875824518,0.7378574663756154,0.5343806217185461,0.5875791996445378,6.653296717247763,0.7396933457436954,0.694407002271979,0.4690551586096093,0.46594700971095865,0.5122217774275363,0.5766891796237633,0.4813949514700176,0.4319601504407726,0.5325881344061224,0.44887150781880764
1709,41.88982659246465,41.053564226130995,40.178198046318464,41.68896638242243,41.91458840252158,42.359597913790566,41.82692600924205,90.32581328314916,39.9846909706775,40.678748032459886,41.3133740526736,41.30920040302909,42.180047814752996,41.08150541201469,40.995198326341594,39.69645413868926,39.71896653601413,39.889325898987956
1710,100.23662105570212,102.7035760254034,99.20101152025715,102.09471517013772,100.08429051021402,105.7056155993,100.40122614654098,123.14118010752712,97.79764992412602,98.38306074030714,103.1611024829932,102.39402466297345,105.32937295040684,102.15792632895132,102.42742352230594,100.08429051021402,100.08429051021402,101.48542731921401
1711,2.0540402343234057,2.1948047518357074,2.1209398672850592,2.1634719518892105,2.163450742616122,2.2855576379743554,2.059232365118157,3.933189662794858,2.0878030718521585,2.047049899511429,2.1477874213857127,2.1548228007013126,2.2662128291835977,2.098694544615284,2.1370541552082165,2.1321020460371964,2.163450742616122,2.090090240557442
1712,0.35887467051725547,0.3972930237854471,0.7273698740425493,0.7992797192372492,0.6940973564229892,2.850723036993011,0.35884666739677207,1.1523759162172997,0.37375948178965396,0.3713407068338413,0.7671266716450132,1.2943379175002132,2.652058019915031,0.5020517083538169,0.4161001784549874,0.6463025318057752,0.6613734959079303,0.39720746171165594
1713,4.029929572248254,3.9004382240993323,4.447361545944408,3.9822605063096823,3.980163039469909,4.116402116402116,4.030772244254584,9.83068783068783,4.095083368740855,4.088807845340464,3.9365795678680233,3.954542332615766,4.091779515944659,3.8408182312777153,3.8524627548282537,3.7258285794519543,3.7285935270455606,3.4952727638667938
1714,15.461164482108558,15.251258344328512,14.508779948540441,14.792790933461712,14.904563437790676,15.845238095238095,15.470297504998982,15.495421245421246,15.31443688386843,15.356821051477008,15.386361122114657,15.306048084026079,15.785122352692946,14.937432631554614,15.10542597745723,14.859790157244994,14.87489071329864,14.51063588999442
1715,162.76474200328613,163.4594488362362,159.568337335186,161.05710830015184,161.44337829088195,158.37006068839221,162.84196679240657,169.43697945830456,161.27409543402044,161.13611762867197,161.25680929637585,153.89797360361413,157.38206485017236,162.09453212457564,162.87418300510356,153.635833763267,157.90886635419562,161.02509946365845
1716,6.811225605974805,6.573401991132111,6.135825842570838,6.050988773512221,6.353853288246511,9.625016206563478,6.816717850418164,7.297205959721563,6.765732268743572,6.799272494274121,6.820863114342461,7.468041861464331,9.362393412318903,6.230401082269593,6.416570995574486,6.3296505210710166,6.344992805040005,5.728923797740066
1717,11.669497759620922,11.377263692775221,10.583588702035417,10.706731580966549,11.085828708895491,11.963403880070546,11.676472678759174,12.246031746031745,11.516627194994756,11.618571170656864,11.475696621611007,11.46831565551672,11.908828000108196,10.96389988533349,11.19317470942955,11.028263496964355,11.046754244756352,10.451096457436972
1718,0.38111226807194637,0.3965156874551834,1.0456883135906756,0.8724488890781007,0.7245139452699698,5.565126050420168,0.38087114896335056,0.7871148459383753,0.43328824221060924,0.4143678550138623,0.7634969872743014,2.122396995686137,5.128835074752462,0.5372289505103407,0.42946019161573395,0.6375887493324348,0.6701664280943315,0.3893573521876091
1719,13.159556628663871,13.953498502672673,13.060772206912468,13.50045408925393,13.964873647159868,11.977313757151698,13.19392990524198,17.39442298798252,12.811582642263788,12.762753069269266,12.995653015910152,12.18129276307351,11.926629573226473,13.581917896848418,13.770052244555401,11.525158959044433,11.750863810654481,13.257748602802755
1720,2.772067904776488,1.8243317682367852,2.426674569682462,2.745731192842174,2.567143374208213,1.888453525265189,2.706063952777574,6.817797237205499,1.8626261738237282,1.9601375821253537,1.9434442179703322,1.9996502687781665,1.8790398633302194,2.1251945243238612,1.9063160011798672,1.8513222435333896,1.888453525265189,1.8243317682367854
1721,1.5572472091097904,1.473139256312251,1.8855283992525766,1.7467075282065274,1.4822424688883566,1.5789241622574954,1.5553772382245317,2.9537037037037037,1.569064323039757,1.591717001084391,1.4435850876525826,1.448479679389968,1.5584903867142765,1.5134763860578373,1.4661268267221133,1.371459053761371,1.4072617905151885,1.4082713436953338
1722,0.273828863262974,0.2874251890718031,0.9325998559512173,0.7413207845257039,0.40464935159580123,0.282967032967033,0.2738727831685804,0.44597069597069594,0.2677242021440273,0.27068261752461215,0.29718720845751695,0.2952614257128945,0.2798272632504521,0.437113333391812,0.32875812998214066,0.26910825150044176,0.282967032967033,0.28742518907180314
1723,0.9523827818724161,0.9246712133459992,1.4068927871230479,1.2123145662429522,1.037666255016376,0.9898589065255733,0.9530569326257746,1.6547619047619049,0.9495183583026359,0.9605408019519445,0.9622439365047367,0.9614709340933114,0.9823138610813572,0.9953016925609329,0.9353575176959227,0.9502286607048213,0.981513704923926,0.9127379341501319
1724,40.19834009247499,41.92005876041525,46.76639798727282,41.61568390434632,54.028343526871176,656.1558773649696,40.211323151794296,66.4499428788095,43.29333759290129,41.324159978657754,56.331042133648225,211.53602370828483,598.773844192914,40.270393510377225,40.90079798311918,54.02834352687117,54.02834352687117,38.674230418650616
1725,0.34625596050594926,0.36234756042161154,1.0279452868452346,0.7786045972915071,0.5972374837875193,0.5934744268077602,0.34626086057930355,0.6565255731922398,0.35106209229910346,0.3615146546177846,0.4772041127852032,0.5100137171635298,0.5774475544112673,0.4920018780926571,0.39537547930669326,0.40829042773278496,0.4083541574938969,0.36213748645277266
1726,289.2479873991108,288.34403222961754,281.72445777247776,274.4121908080878,262.8189213041104,374.51895943562613,288.6380674101171,438.1291887125221,274.80550656156475,277.4631072550593,263.5160876227115,261.32636826769584,358.0388688296375,277.3483496360454,282.9786163403149,226.42823827925739,258.2137078938279,271.1725085576404
1727,9.711406529051333,9.553130150217209,9.24489235618109,9.329925422995546,9.736012466535238,9.957671957671957,9.716749939173232,10.838624338624337,9.788489225730038,9.685713649392003,9.74248398962662,9.73383076130426,9.925116807463246,9.338410652584582,9.442494238998925,9.528665821388914,9.538193169332096,8.998942355694593
1728,6.960628877275223,7.02938480509993,6.815915045764302,7.907008284035865,9.608438437259997,10.980054712067554,6.941752652824565,8.479097791634748,6.738084089159661,6.676855255355225,8.591087278552218,8.614377056195819,10.592298689818264,7.277816915295523,7.083066538152797,8.340588068067992,9.028585861349628,7.02600989276051
1729,1.2058221800435505,1.1860387475666445,1.8234720928925767,1.5565955111248695,1.345117016681369,1.2038095238095239,1.205591207897051,2.3942857142857146,1.2595277078298797,1.2595277078298797,1.2241845723398297,1.2258719189656049,1.2016425417099463,1.3023775563357636,1.2160287735518938,1.1960014203713483,1.2038095238095239,1.175036751368099
1730,41.68487823472795,41.42044331200939,38.28722873295616,40.489740892620524,42.32721042356541,43.45421245421246,41.564553870191375,43.1978021978022,39.84736296374746,40.378233507595105,41.87073050944402,41.810312295644216,43.1925865154636,40.539745575826686,40.968481051179126,40.20857849831475,40.52958566626942,39.487223299074294
1731,36.18389389122649,38.16988358084618,35.463020494049864,37.130372962774594,38.73905334210533,112.6388197633418,36.23203440023381,68.82925204093588,36.34375086458983,36.44306222628777,39.174540492096064,55.8727357765751,105.17875329481176,37.275563085466054,37.72225973797149,38.567381953231,38.73905334210533,36.34016502807826
1732,9.946509339968921,10.165025232416971,10.33213760161465,10.061591965725167,10.402192692603924,19.17195767195767,9.950868685167672,20.56393298059965,9.981819763560857,9.896856940882055,10.224060877428844,11.808212661721013,18.16748554408363,9.962829183252866,10.048031752954959,10.07576633938311,10.295318449047551,9.637105998609485
1733,8.620833117862835,8.657673034169227,9.19313031071336,8.606200657300011,8.761928864245435,16.93606701940035,8.613450398138655,21.11772486772487,8.624731089680933,8.527391635122997,8.384724984136499,10.192137579887344,16.022556642874857,8.487002789017803,8.55462076249662,8.34112059116116,8.43547248601813,8.026704527004496
1734,1.0561326901050818,1.0523544226032353,2.276293906427562,4.062987949412235,10.016703234542243,0.7401525446525307,1.0305267106297524,0.8380357773661039,0.6832954767948948,0.6764237354482102,0.9405708173314901,3.05865006455855,0.7632222923896351,1.6605690139742866,1.0803357378636278,0.7305509120208756,0.7401525446525307,0.9731158290006922
1735,48.94263275023233,49.408415243461796,48.79576296822588,50.01881004988639,50.718660698312014,49.583333333333336,48.97130800423354,97.95502645502647,49.4544132861372,48.90733344770202,49.35822219786627,49.50525393813973,49.517408516822506,49.3109590917227,49.27279592957782,48.30678310952781,48.343829748053004,48.45014164736097
1736,7.204012592901659,7.176945675993409,6.817322903629958,7.070294360117882,7.277915036255107,7.710479111999152,7.213750131782782,7.570754719113381,6.901662234941287,7.032634952970284,7.3493426630029886,7.3092882280027,7.6537182274483095,6.991464519864196,7.071035893975776,7.11610463608429,7.12387896909832,6.788329288698606
1737,7.188658280289364,7.429794456625371,8.30521648208891,7.60832701644049,7.422984008721566,7.46031746031746,7.186692562225033,7.055555555555556,7.142689408274044,7.2003607188557694,7.2260662197686925,7.0759589918593235,7.388969356632231,7.294698276021276,7.321908993860937,6.359204595928882,6.359536868168466,6.889499411835554
1738,3.6371661911371476,3.597410763516932,3.8795210971463603,3.6646597176975884,3.538530056035054,3.869047619047619,3.638466313874868,3.654761904761905,3.726011615268305,3.727061053467597,3.6170669024998667,3.5841370133767785,3.8297878943057255,3.514943706102897,3.5365619722702704,3.4713018843334655,3.538530056035054,3.4616822054227447
1739,263.4529424257193,263.1700778504032,259.5333750841084,265.1010308020538,263.98024536154054,266.6545613183218,263.4563287595576,268.22031315857197,260.9325786089269,261.3324090149071,264.31472739142833,264.4067134007886,266.3478144320457,263.42381834809385,263.1007574147272,261.71453021794156,261.91111249668097,262.64250561615233
1740,0.5166737313664924,0.5327854879677629,1.1159316312721739,0.9657754379005098,0.6150822502293543,0.5357142857142857,0.5170329047220715,0.5595238095238095,0.5330057056344049,0.5330057056344049,0.5248570245258041,0.5261874897704539,0.5303326360817796,0.6718659965612934,0.5698382194756931,0.5003761987639733,0.5086032551577848,0.5304739472844696
1741,30.727223864779706,32.961412850117874,30.718344631415846,32.8163611342126,31.518915799866093,33.92948717948718,30.770746869033275,58.399267399267394,31.563150619756854,31.537413505924565,32.55968786907379,32.38492714713292,33.74449648542282,32.70339181235452,32.81368559185796,31.204656627836926,31.22249302449011,32.50028447740273
1742,17.21760461559717,19.511030132415637,18.01873557415806,18.64995333948305,18.56679849575372,16.192857718101507,17.274227837618124,21.273959836802984,17.080873151299706,17.16327435226268,17.069067412176384,16.914991394854685,16.223235781690263,18.933191651737424,19.244542719933495,16.192857718101507,16.19285771810151,18.36005214265271
1743,1.7045942197236812,1.827893147913098,2.9818941356153488,2.9019674992591007,3.756694721039907,49.73015873015873,1.7019895080077083,3.4444444444444446,1.8353768029221253,1.8353768029221253,3.2160824218377404,15.793514820365585,45.35100226770839,2.166322030604386,1.9155987106740022,3.071597908543044,3.072815106349004,1.8278931479130975
1744,11.685962679689553,12.173265787200329,11.589060464238033,12.194171094708052,12.456893119924226,22.979685064610806,11.696336623054563,21.95521559868672,12.26318033863052,11.615515971529753,12.16710257417021,14.916868946711032,21.92127563972075,11.992264390601798,12.054916256476345,11.957517055282068,11.966848826304512,11.992077869014556
1745,3.1904539309511897,3.877365842902463,3.4361585207908383,4.358284100218653,5.504712396195072,3.8753616243274487,3.179256695998046,8.66396966118659,3.251416431029616,3.1984181308880575,4.059198063850396,4.199189849517108,3.8635682023794407,3.823610095083225,3.7852519734202072,3.8544474323438673,3.8753616243274487,3.7666725574959994
1746,2.7460764743685075,3.4122928450302563,2.922948566963927,3.049612640851645,3.429502707719068,9.4298203690818,2.7583364112096205,4.222501898422067,2.72606553566521,2.7433385565044994,2.980688000611927,4.119724111564747,8.690916374914883,3.0580861935330645,3.2291222125734875,2.8854348027637067,3.142718970361853,2.960068236399767
1747,4.637731100420743,5.015568471534706,4.870324645947782,5.494796944728065,6.153778248297684,5.198892026059951,4.6359481516507985,11.741586160376862,4.6546025623093925,4.664801264954138,4.957258804617251,4.952628478209816,5.1091320719677285,4.8919659637562996,4.878955449773325,4.440585630905583,4.461832584207785,4.6032921809559495
1748,1.842331362851655,2.251532350453545,1.7975566003490775,1.627295123660695,1.642282459560202,1.9001258468825608,1.8527626567959128,2.5460070202305514,1.836323050267304,1.833580985475152,1.6938234526586715,1.7001485006603554,1.8737331035298477,1.8281997286732068,2.055507939729271,1.5876223436133854,1.598542078373665,1.59072627554759
1749,1.5911694215762668,2.2196520859959077,1.7267545391778345,1.629422786200965,1.6823448142338826,2.352463131673342,1.6009125936482809,2.5896911302970307,1.5956192056238958,1.5872770577822397,1.9122306520808336,1.848008132072205,2.2867720060339014,1.7968593641914516,2.0198922600164484,1.6384095618808345,1.657490988129843,1.6112181278693318
1750,5.069559525054462,5.134989869731483,4.583232802111588,4.700277016849689,4.992080477151755,5.675485008818342,5.082632140437315,5.265873015873016,4.829424120948073,4.940129387121453,5.2527863829661685,5.254871557599323,5.626321657011725,4.8440919120679276,5.000980719172623,4.944873256846626,4.950905815401695,4.571744080164938
1751,30.050902574745038,30.842966842578694,30.199041446701553,29.344044713074013,29.163617619827246,31.134026839969476,30.074723585306185,52.25372165714293,30.08159798595165,30.02151015496766,29.937471691178644,29.839125781416655,30.976664053750834,29.917682614917027,30.430655592415793,29.040293112754767,29.16361761982724,29.283884176709197
1752,15.186628693561198,15.789848233131059,15.29853334634531,15.792894015978954,14.858033635826393,15.977584374547147,15.19478857948694,30.442466309930182,15.27573695514087,15.204692247076833,15.076571835451984,15.027636218842453,15.847474008205685,15.604193734410854,15.670663860008382,14.551602212238002,14.700560734415477,15.284441708461415
1753,5.264681029669808,7.180933447340416,5.887831649402099,6.1344306192944265,6.466363162884707,8.347369555481913,5.292206785701451,7.3949851095544465,5.234536639731961,5.273707722636394,6.789996555738319,6.584764614720277,8.097119904404078,6.466246861384513,6.849114371694159,5.897036230336298,6.275250853906641,6.03269090288201
1754,20.225292303564302,20.82671769013288,20.751080436226296,20.839112753166983,21.01094608573321,20.72428132877891,20.23487923392034,21.15672188898341,20.308517243271407,20.227439823721394,20.63558081161499,20.657233744533603,20.698642373709355,20.70350492761848,20.74637411455957,20.590810029557883,20.6452319686065,20.560417676532193
1755,4.961286578454513,5.215756135791704,4.978918758320437,4.776099859492356,4.719957170775503,5.510154099373744,4.966599461237691,11.1844934176142,4.971942728155319,4.965279397509619,4.915580574667666,4.919756250886803,5.433537369948145,4.8737947442283325,5.049659598347069,4.7173640426175405,4.719957170775501,4.721768483242602
1756,1.6160364796962448,1.7374770664411647,1.6950857028059974,2.2590686306023806,2.671807320739532,2.789801891837788,1.6151907885674623,2.5240976564367634,1.613400362140223,1.6188586794569495,2.069262435896938,2.2426851543920017,2.69115946742251,1.8277722915698396,1.7326750228241703,2.0007533625888683,2.061967766396211,1.7227656021744007
1757,13.085634159658376,13.963254585007753,13.150841446185908,13.838032532222334,13.97558079950979,15.22605852300537,13.068288990650922,26.14582160338099,13.290459422940843,13.11163043168083,14.322030892479518,13.96373736045471,15.042488999678048,13.706527673833662,13.813976008190584,13.61696150999085,13.726513284047707,13.68550648010033
1758,43.31803558172624,47.62343450257969,46.403927694020716,46.99105959907238,49.763993830472295,50.40035710747665,43.366646846567846,74.2687526441015,42.64109602399251,42.86513244788993,47.68153280515491,47.209552217988595,49.82274052593912,46.872666374284414,47.21882788889159,45.14488739963582,46.633700198747164,45.45274474556567
1759,36.83758556605397,37.191702118817545,36.39027872937886,34.463533521203466,34.98072674538812,37.24580062473927,36.83334852466256,50.83386199504745,37.15276411972503,37.07352412065142,35.98282602687353,35.80190666536371,37.07338909702872,35.66723989924517,36.543426530004915,34.278287976918044,34.278320259803685,34.049049066439316
1760,0.4382120717269375,0.4645750783820573,1.174530576750212,0.9478991658527489,0.6399787175962849,0.6548708092490477,0.43724748682253,1.2769790300190855,0.4787759941808323,0.45761709890213903,0.5500099102837147,0.5658736834321662,0.6386314994682145,0.6205627700987861,0.5064083105842808,0.490609216461551,0.5161158166554932,0.4638332108166281
1761,1.2095042973341152,1.248373099338294,1.8592926812911064,1.6193138085492276,1.321541533063405,1.2770887686767545,1.2095065242939065,2.130704238079494,1.2399615705104827,1.2036719302389465,1.1926334620586958,1.2125809929053701,1.2628319168827924,1.356009530222965,1.2727475299991713,1.1163338363793642,1.1171573559780492,1.2231409684932246
1762,0.9361056652028775,0.9355856663307908,1.43009346318628,1.2520227997800881,1.0265245679167332,1.0320724685993492,0.9352146579158531,1.5469409599289978,0.9560518998883252,0.9442983989199618,0.9476990462299181,0.9531215952694977,1.0173214581973953,1.0121221418249198,0.9465965546331176,0.8890207552800393,0.8980145171363813,0.924972257470146
1763,39.59018736826624,41.39595177706769,39.18135636508187,39.762459572931014,41.086392841850504,43.249559082892425,39.63036554482157,82.89065255731923,39.60435998843604,39.37404737088301,41.72999625413816,41.31697629223253,42.97971083351391,40.39926526948914,40.954091476713806,39.755057515637986,39.877820878018845,39.45262286464501
1764,19.763626706809344,21.428100280424673,19.010964714654552,19.935426247973407,20.35350248348821,23.781305114638446,19.81385548642999,33.17989417989418,20.502400507465207,19.703540305455622,21.694167743724744,21.445595814561884,23.491771466025657,20.573658481048497,21.06037841271807,20.318612139572185,20.35350248348821,19.93540401562548
1765,18.8418203118255,20.012607204884947,17.994352424709106,18.893289388125652,19.70791443052114,28.541194581507416,18.89891615941256,28.342588615773195,17.766048268556784,18.059653058263198,19.295351919298046,18.4737155863633,27.025871179224414,19.26023191809571,19.66540515935095,17.3655067433594,19.325325012839155,18.506037654494012
1766,123.14051943398177,138.17340001669876,131.65978565034843,143.33666857471147,139.42077089357127,234.34661597265213,123.59231364902513,202.49509243303677,117.91846531197977,118.13377651459695,143.6071163935707,143.51022408049934,221.3593645417017,139.5243181548864,138.41839539817732,128.51887199065888,139.42077089357124,136.04914990322368
1767,17.479204489659743,18.960475813526568,17.8728737831493,17.271534372122293,16.93775532998904,18.12043655834584,17.53388381670177,17.91063788147347,17.027203265187563,17.212087219936084,16.519098795731995,16.11672901801366,17.79295278095878,17.98330302471928,18.53775820165842,15.975092992620306,16.93775532998904,17.24031331254157
1768,5.726193602231539,6.93393213385393,6.332409083959448,5.950235008221242,5.990743595385854,7.6109011894081595,5.756498912671752,8.433250072209612,5.519282670740079,5.610420412070872,5.949684289988764,5.92319942045297,7.363144945037678,6.332566728304403,6.6671019293781555,5.553423234472302,5.939560368948968,5.950235008221242
1769,57.26665995511873,65.02662146896854,59.55309395096907,59.76166331509841,57.76766770081253,230.12782328693285,57.5133864476633,71.08544134398278,54.98649644839006,55.78176179455704,57.36380809170932,87.20622457094875,210.72892653227134,61.235004524222745,63.23178160279565,52.515212819516016,55.67658813034933,59.15550020423681
1770,0.8912759790990292,0.8816019298593726,1.3395286925640246,1.164717586183573,0.9349841850441276,1.9334215167548503,0.8930144972213379,0.9850088183421516,0.8841809446398514,0.864728631106846,1.1413835238408339,1.2180113994549555,1.8424232743948525,0.9348343068575163,0.8816967723792805,0.8773690692349385,0.8919508526986647,0.8213967692412084
1771,7.702773900822453,8.432468768309358,7.939566054701124,8.327863211514707,8.246311061280588,7.878872147816836,7.728509776058041,8.598576815165492,7.3730737263326604,7.521175238246961,7.979443912074117,7.960059329682726,7.8777629612654865,8.270850085868219,8.341585478362388,7.703924843123662,7.710260582150714,8.255629832214941
1772,6.798196628621594,7.676999168985234,6.894598784741887,7.22698625516004,7.4129361388490524,8.007353390376892,6.826759965159435,8.467159397387329,6.563403479258741,6.605495561114921,7.168024414980974,7.100419642389306,7.861784754578004,7.31832997176591,7.50145243242389,6.795904766014147,7.089523170987867,7.197332109595865
1773,3.695750101472747,4.077496247924429,3.552676045985837,3.5360398965932007,3.6978630022422236,3.190533137342572,3.715263939735357,4.022609677138165,3.6084477927829273,3.645825118512606,3.3084402469090377,3.2249610258095167,3.174244592230808,3.720328781153217,3.9138838313506006,2.976405749801627,2.9777187584361022,3.5127713117194794
1774,28.095340016144558,28.188164099481742,27.139714576058875,26.699479113538715,27.387643446711476,25.93884543132879,28.12462665645353,28.480418113816246,27.806941448534385,27.949334701867627,26.67148777347242,26.44214611617647,25.96927665075762,27.360402051672583,27.837038587197046,25.750576779569954,25.753586738225508,26.644942714750673
1775,10.067320097158108,10.12464782979644,9.602196634552914,9.147068456612415,9.193092419842456,10.757142857142858,10.079896668229983,12.783809523809524,10.025047470955537,10.13682686514248,9.94718094746051,9.82302816613008,10.650043335528947,9.533537972468414,9.863647045888586,9.168144829959243,9.193092419842456,9.04383753871396
1776,15.69737636441829,16.103850111352102,15.745462551869258,16.085859742603702,16.1104632869115,16.69275561436292,15.69643028857378,31.46770544727094,15.73768298468517,15.71251251122539,16.131837227186644,16.128436619120183,16.611738160002123,15.920694370657706,15.988789281557493,15.79027706628939,15.82702909889953,15.77350508695274
1777,0.4416822429834531,0.4354350401192266,0.8040361132703246,0.743280176209503,0.6061838901071392,0.5541611492095531,0.43926645332381686,1.8626359980993765,0.4344812117817353,0.430252836543149,0.43638359450588887,0.44649558012687107,0.5313636677434521,0.48941817350052497,0.4330428291524244,0.3852886577831032,0.4111880612790699,0.39429562269223434
1778,26.90425104166327,26.69027611941094,25.60668164239306,25.848539317029473,26.306784831562485,25.635338345864657,26.916089818807276,28.995614035087723,26.802308247558415,26.596818748217874,26.03674966264786,25.883773152951246,25.652325867354705,26.16355192066142,26.45418104849702,25.602731402398756,25.635338345864657,25.497620959080052
1779,4.014876521308459,3.95996533275757,3.9748171649069746,3.9835190891259615,3.8105837941042515,4.222567287784679,4.018938260883532,3.242753623188406,3.984556014827684,3.9944470131458423,3.969655112241409,3.9534637541009805,4.189976873600396,3.895282190521248,3.9157416709621167,3.773152560760245,3.781654057670309,3.758360047191324
1780,1.256346154634554,1.2529026577255093,1.498839974511089,1.6831596890404537,1.636430269680278,2.616673603969116,1.2580930709955496,1.8034247404589594,1.2103595339818949,1.1992687105923774,1.3622986500957313,1.6129404926329967,2.4700752628582516,1.3746908293046596,1.279216243778372,1.3198642996248304,1.358217301020283,1.248668182575065
1781,5.561661122317461,5.302905825494961,5.316069628615479,5.699590473413121,5.756983879562185,5.351622796696069,5.541570770213503,10.653554743902673,5.4667005240936986,5.3178130581084915,5.040882130192824,5.197235364834592,5.304047935913412,5.3563607065138195,5.289514791596852,4.882219706340774,5.005931497722887,5.195934444377559
1782,2.6666666666666665,2.590970220555232,2.997372631161252,2.8729744153926617,2.596752211200625,2.6666666666666665,2.6666666666666665,2.6666666666666665,2.6666666666666665,2.6666666666666665,2.587492535123411,2.588922074622768,2.655041344674298,2.655221229317486,2.5982503627825824,2.479311738470972,2.479311738470972,2.4969164800221404
1783,24.442791274844595,25.109154106478925,23.512363331675544,23.74010874592543,24.41883436499727,26.33571428571429,24.453933638731485,37.18571428571429,26.319036216285014,25.919186692664642,25.18212878779416,25.047804589919338,26.17727103994551,24.303024868819538,24.757516837643337,24.1468953532527,24.274286204634603,23.612223995717162
1784,0.26930659918370875,0.1763167544567429,1.2378950499864783,0.9511786706914124,1.253371592828287,0.13095238095238096,0.2615757609946139,0.2619047619047619,0.1416593689287351,0.1927317132178226,0.3028947599507397,0.4290608917240788,0.13708413346458764,0.42144070017841906,0.2402126497704553,0.1305227752871955,0.13095238095238096,0.17631675445674286
1785,8.335799622779762,8.335958563848965,8.329723151871299,8.005994128006476,8.361653292098188,8.78615520282187,8.334119592791048,14.016754850088184,8.363397025040317,8.316255301076906,8.294027204734475,8.29627769215792,8.712181061778287,8.0081237015887,8.165739984303492,8.029267004362328,8.143414945684071,7.811778021692288
1786,90.19031560549327,91.11015751774619,91.4062767191793,90.40014427776303,93.72383060830235,96.8404761904762,90.22547088425382,93.81666666666666,93.10146567028112,91.15676723282803,91.18834835927179,92.66235483006416,96.18688218319573,90.31998908333811,90.68965130852303,89.96149165023165,90.21789048741375,89.11989707233668
1787,8.775190839860395,9.890204207995458,9.044740081663786,8.709061104451024,8.867145818489254,9.339543421188337,8.821001648683845,13.058840146186816,8.352771680378943,8.53271754200645,8.719012744059247,8.580691158850158,9.21661938346554,9.224345616765023,9.605791882033312,8.440557677671686,8.867145818489254,8.701576114342544
1788,2.8243648266861308,2.7623086802120618,3.3426113772672394,3.1648970019744946,3.021238131907074,2.952380952380952,2.818433963060681,3.2380952380952377,2.727639194127373,2.6843615352162016,2.697255913966702,2.6795309123930977,2.897440871704584,2.8690252437620516,2.782296682272563,2.6261670163310087,2.760675141723839,2.726615637953376
1789,0.44606961092522024,0.4278830928171697,0.9741291268344058,0.7977105594182133,0.5171957094428711,0.4682539682539683,0.44526917859612647,0.498015873015873,0.4444478293730186,0.44171448310617434,0.44154706258106335,0.4413013317319056,0.46093058896127576,0.5349629873255844,0.45203492931043,0.437534203358787,0.4682539682539683,0.42788309281716974
1790,3.971979977023245,4.88729205353921,4.2928979732047425,4.076148406599248,4.238629371525345,5.492324598738828,3.9909326471293887,6.7946946891036175,3.9088506813165034,3.93894605242418,4.049720391611575,4.200613210657216,5.303315720227929,4.367977792528666,4.652268164125257,3.8474352364778603,3.923452918857533,4.076148406599249
1791,16.410964033696846,6.9699416567194055,7.069399469454159,11.477765095662974,11.932994966785458,6.291590996036729,15.867975265266622,11.258636519223622,7.108593220790794,20.414055332607305,6.110948786976234,7.575757930094022,6.281719534823922,8.355710319721636,7.315894788367604,5.883262139588456,5.883265803698692,6.855734414370439
1792,51.75890329995309,52.600952832610155,51.762688107514045,50.88532279768565,51.05114389645345,52.92666992760936,51.80826152200718,53.49605287613812,51.606048609367384,51.63755029288271,51.96500170094813,51.88587100386014,52.81331680349903,51.64642779635272,52.19593241359633,50.98870175287055,51.00198489443391,50.87214990669009
1793,5.7214821514293535,6.812638501599555,6.292429461232065,6.402840860464735,6.738248254530878,6.568576260170107,5.738089332645591,9.423040336692294,5.829631245247057,5.709876113402945,6.459980443893424,6.407689981923731,6.530372627557061,6.442613965621338,6.624998515509674,6.272700556912143,6.342236261182772,6.238666605536761
1794,0.5401153142377739,0.5682743698941167,0.7386549227311928,0.9759028779548086,0.8293771395282611,0.7330173486107815,0.5401722463472228,1.1845148731875401,0.5529184538671531,0.5469436147418647,0.7097451491887146,0.7177264800880949,0.7257758930001844,0.6803715726100802,0.5911011586650503,0.6774692027914065,0.6825566081964974,0.5680951836029211
1795,0.5407015583128981,0.5369783085313568,1.098736188560632,0.9302021815236667,0.6184572669371061,0.5537918871252204,0.5407478966712426,0.7918871252204586,0.5502685895043068,0.5495557618068757,0.5388270953749522,0.5387531426274684,0.5480245835791128,0.660570814590767,0.5688906476503022,0.5042646157309549,0.5059263843641226,0.5340279967290087
1796,3.904801763709225,4.268308985411186,4.15918671371417,4.397224241749887,4.464738074541235,4.673553533121731,3.901769919804144,7.882681869439527,4.069866377099777,3.9678727754132037,4.230456550288572,4.2365853817230645,4.599926279992107,4.18552832571525,4.199859532445143,4.03417637090116,4.074316612147938,4.102189609627337
1797,0.6413564752587888,0.6478725814907911,1.2999193675785632,1.1057008189076598,0.8917296787673424,0.8597883597883599,0.6398276790615548,1.1340388007054674,0.6342685069924668,0.6329076604767095,0.7605240756930732,0.7844908038838886,0.8440444648124559,0.7903912679284408,0.6841451523208627,0.7327621138727415,0.7445448173349957,0.6478725814907911
1798,0.3888024914188815,0.4039765839870759,1.239565119680454,0.9172898723345057,0.6197118613425662,1.4265873015873016,0.3860382034930616,0.5218253968253969,0.3450778276127188,0.3449883547327923,0.5300696119993287,0.7694239821218535,1.3380356656998798,0.5803237675872476,0.4552411868894943,0.4334571364233446,0.43727533138550934,0.40397658398707587
1799,1.9064605534266317,1.8460998577517032,2.256391290517016,2.141740753907616,1.8409639266606561,1.9093406593406594,1.906455661998286,1.9212454212454213,1.9069660462790727,1.9069660462790727,1.8290616740453862,1.8286252190834087,1.897081678662382,1.9182673171072013,1.8568101242005124,1.7337494975692593,1.7346230929606028,1.7811600270577832
1800,0.9193849561759609,0.8990151775512222,1.335468954116248,1.1620930096160011,1.0316939107677217,0.9761904761904762,0.9203586851396821,1.3432539682539684,0.9386543009270851,0.9300972426867732,0.9353739423718306,0.9368387460934717,0.9662159929160691,0.9547562940200521,0.9031201522434998,0.9148434125534738,0.9337446512241846,0.852244084508027
1801,1.0425686756956374,1.036207558832989,1.3843608522065118,1.272098775958299,1.2300840652972764,2.2738095238095237,1.0447942849711178,1.2142857142857142,1.0382966616411442,1.0186181584589882,1.251438792549024,1.4959745371055468,2.1729885219688194,1.0738600654900479,1.0319982170384696,1.1905811250776444,1.2300840652972764,1.0057868081289778
1802,0.32411876436738524,0.3132521614270764,0.87211828626236,0.6703795444448284,0.45698072939668083,0.6785714285714285,0.32447219609769046,0.31547619047619047,0.32539981291392067,0.32626132076855074,0.4573757668745924,0.4991775474993758,0.6544581726306021,0.41807681442423744,0.3374846533831291,0.40870087525527105,0.4301201692765393,0.31126222164865797
1803,3.1477272333376702,3.6581171196998454,3.5386790252602456,3.4801361617354343,3.8091332343776476,17.700469606873266,3.145919757540724,5.928478455397964,3.238641254491888,3.1526674392256235,4.026068518764884,7.2979316392169835,16.349097529780877,3.407292589186141,3.5189471351268042,3.8079134105247214,3.809133234377647,3.3755982398652677
1804,0.4597024445338242,0.49470596392403277,1.3878124201555597,1.0349921666658497,0.9094816704146588,1.4841269841269842,0.4561629588218637,2.011904761904762,0.4256122842724493,0.4232340135937824,0.6874970257534913,0.898256342474434,1.3986706013300543,0.6543254314425164,0.5320280788068442,0.5635856619206907,0.5698045222961237,0.49470596392403277
1805,1.4935681154949414,1.5527101390359646,2.477688512138228,2.2818232746441254,2.7200907513315706,33.530476190476186,1.4942050991934615,1.7028571428571426,1.538038167328579,1.4971900226300938,2.579582350708735,10.538724395628154,30.54851069421657,1.7907043296548502,1.6175328447590722,2.4968693125458823,2.4968907754995593,1.5527101390359646
1806,7.629392998655277,7.79405262382048,7.643184383521979,7.5483826613863245,7.809100599838733,8.351126619477743,7.643150585262501,13.591150034039208,7.593869141612511,7.479979819428611,7.883403459627196,7.870906058486237,8.28427588377311,7.530286196509695,7.654722505833678,7.559287591631751,7.56074084737725,7.211814109158724
1807,16.918555389714637,18.02945627592095,16.89934377993255,17.657402273843285,17.662316270566667,23.55952380952381,16.950109038822976,31.11904761904762,17.367578870918383,17.118317043882783,17.76815990151477,18.290803591774928,22.823841307404592,17.633781293820043,17.82087076762569,17.063244163849998,17.48733523264232,17.317093864981217
1808,32.07596471859072,32.709063590838916,31.642156429794202,34.4058523557874,33.64393311646338,32.05366701251798,32.09298670538309,65.74833426327788,32.642275014008604,32.239150110774226,32.290701585181914,32.31175935810092,32.03114258350121,33.33351075636414,32.905095124981244,31.860222146979833,32.05366701251798,32.664323453453285
1809,7.570808840517862,9.444363663862367,8.268434879364353,8.195081826744131,8.575298401458829,12.713268076205438,7.612256908128781,8.784064064832533,7.453602636297151,7.531736521368828,7.849166403449952,8.73763396438399,12.14410623032296,8.66895367138162,9.098015089128877,7.588617470059297,7.790471069697555,8.111930769230804
1810,64.31017074218225,65.10711503919735,63.46865009213628,63.89982091644449,64.99182085603799,64.26718147954654,64.32533040006885,119.0658786521991,64.28621353029469,64.34979876363728,63.94064994619672,64.11380331555362,64.20543085644577,64.26424995965225,64.71255668301883,63.70434785236552,63.810472200937795,63.251139623645564
1811,1.1415253415493478,1.150198977414176,1.4367569688148982,1.3750200975143787,1.1502124609781437,1.2127069877726264,1.1420689237112633,1.6814038454936353,1.1424064588003733,1.1363591788433443,1.1183921193834934,1.1189486432233215,1.19770515601401,1.1748114238131968,1.1389724086975253,1.1109733078277415,1.1502124609781437,1.1331207751506776
1812,8.877075464170984,9.193842613944692,9.62589625911931,9.804069501192416,11.199198688138525,68.30737688094396,8.8793990091016,18.08877868372952,9.343786505590247,8.989089233819028,10.994195627703641,26.765019272893444,62.984196954090606,9.294139793746794,9.18480558254831,10.630155746943212,10.630155746943213,9.060869648857445
1813,2.2961090838994647,1.7220943468820213,1.3385338683865573,3.324477984441083,2.9267521627314537,1.1108871464714327,2.2420798807262265,11.151333188205667,1.7204760244214092,2.0903578625534434,1.2211626746926505,1.557759494254553,1.1140789668185247,2.2695623450429845,1.8801878291979506,1.1106490615779012,1.1108871464714327,1.637290865971239
1814,3.844946100771642,3.9116051238237652,4.587017923301501,4.499636124386484,5.165941875775011,24.27579365079365,3.8391358576200836,7.648809523809525,3.940749715637644,3.9491116959868697,4.835724209435013,9.976152588493134,22.418805178832397,4.058556313070724,3.9350901648742926,4.561740927302228,4.568714716956236,3.7996767506193216
1815,1.7561212731800986,1.5905768668667897,2.2560947238870916,2.186444889274198,2.4162735327832774,12.441086998506117,1.739441428482728,3.4402201353335173,1.746163090432573,1.644876638130376,2.1809705209546295,5.086877821215388,11.49490386077841,1.7850622191465775,1.643543329636965,2.050170737551321,2.0545558739923524,1.5905768668667897
1816,4.15383932976678,4.630940520680099,3.670795244519025,3.9543369937293313,4.247364176660272,4.528118518483368,4.174292849407789,4.505652801077576,4.052906738853818,4.060782808240011,4.273817308952459,4.2578038195576715,4.489392671069525,4.193928451899318,4.432445219894491,4.140355237125953,4.175898126611654,3.9501490500617478
1817,2.426849122692539,2.5670313669008062,2.2826363588154615,2.497554441064402,2.738335899725858,3.3033126293995863,2.435123047008604,2.1231884057971016,2.3645224651254755,2.4008983356186233,2.780585216322564,2.7699184514623245,3.227391688426824,2.43499676502344,2.49086645279966,2.662316330439485,2.738335899725858,2.37422391166252
1818,1.6634549592845895,1.6087909940923018,1.8730320345291513,1.782848347764497,1.6351603368950756,1.7211779448621554,1.6644915987886384,2.382205513784461,1.6688409226872085,1.6705135968049774,1.6299327535594026,1.6255347220734793,1.7068765248908255,1.6189720558833838,1.5944199911979309,1.55207326825852,1.5635342889585544,1.5287318916328465
1819,9.331840370493676,11.094546365746815,10.356172626086238,10.730181345623256,12.743308222685469,71.20177559751646,9.354913279840298,17.07740431468871,9.51524332874772,9.347747679034734,12.926355739325004,26.371822172673514,65.31471547866373,10.5577821395742,10.794741063411168,12.518104767684179,12.74330822268547,10.372461406777758
1820,10.383831909512542,12.466166609003125,10.845278432915322,10.996014210049106,12.228748149786107,72.74810715715533,10.423924922002023,15.592086209296207,10.4561367232435,10.400680442200972,11.970171389393082,25.293284864588234,66.45506207689921,11.382960262663813,11.949332835220446,10.959327128755026,11.230772272783573,10.958556362068771
1821,146.03562403566136,150.75741830751141,149.99715454205594,146.5748107102551,149.73114498725963,149.45446726776768,145.90982814122177,292.6723822384146,152.56749893451226,146.59580570041354,146.95765783616358,146.87394479205358,148.95171750000483,147.9588121576886,149.4682232832956,144.29471126766998,144.97952165350742,145.12797563226786
1822,0.032242303473179156,0.061627814482619475,0.2259697757037067,0.5528902978744914,0.17087524442511945,0.038272455988849145,0.03232302366790174,0.0751413873692744,0.0319578795149362,0.032222916027087684,0.07272674856308078,0.06179670467848833,0.03677493776024845,0.2297071837305901,0.11024711279429611,0.03458629899512339,0.038272455988849145,0.061627814482619524
1823,1.9596891435396515,1.885545358928488,2.1915108780452,2.0552119589194096,1.8909998004728603,1.966490299823633,1.961639438846842,2.7654320987654324,1.9452627526588735,1.9335893251005487,1.8325400311814368,1.844946422023206,1.9467940355123365,1.8815614813231372,1.8626356852621526,1.8188907878644216,1.8531086391450844,1.7691890793127858
1824,9.852877370370052,9.864955251661685,9.284226975638513,9.046203258070546,9.284268490532902,10.428571428571429,9.863706561455404,12.25,9.814514906396461,9.83310557379391,9.780011844201463,9.74993879470155,10.351124860347886,9.364557855627545,9.642951157430772,9.273927311602247,9.284268490532902,9.009139886513966
1825,0.5732459386661966,0.15050196565528087,0.9566850867388027,1.258794588516408,1.1552136848507943,0.07537440480144718,0.5471835404867659,6.838630320375369,0.3285983329997249,0.7638080486091704,0.2549314086851308,0.33396713104273096,0.07591425518507049,0.534147624340524,0.26304007247050126,0.0737421771620861,0.07537440480144718,0.15050196565528098
1826,0.7096145348690976,0.750030162120602,1.3479230593487397,1.1556882977216814,0.8426573028298902,0.7666666666666666,0.7088406198817386,1.5814285714285716,0.7093467449248193,0.7065449442180589,0.7188109374368552,0.7174489083067606,0.7538957139509394,0.8613715869432318,0.7726096977349556,0.6719675692509465,0.6817081312785526,0.7378704574831157
1827,29.81465277037543,29.755867639287192,29.315508346913244,29.455768602867654,29.588763819144518,30.15652557319224,29.822411138973866,30.61331569664903,29.966198334386338,29.931693728366582,29.772306986208445,29.809836333332026,30.116203896550946,29.534742436078204,29.650359393603782,29.446621072435644,29.458080598129854,29.21464840941751
1828,25.67457610877484,25.5758238438315,24.929336628378724,24.929798810781307,26.44436495911856,26.169753086419757,25.683737248224503,39.91534391534392,25.67378631268244,25.559624280927935,26.175453122866315,26.23337566604646,26.16948384227739,25.188131841715887,25.405223966443533,25.832259854804544,25.832536357940672,24.75515022259592
1829,1.7083720347098081,1.5503196126376189,1.7123355430538882,1.533211904845482,1.6650496472371372,1.7638888888888886,1.707008511978725,1.857142857142857,1.6206532671938707,1.6076319933662904,1.6538889597432345,1.6590592810777773,1.7484190292791066,1.4787700857360437,1.5065808403556673,1.5872619073390035,1.5878696194816744,1.3519006073683346
1830,0.3894598535020739,0.3766190018152346,0.9170073926497522,0.6869377322441715,0.46129649387976296,0.4226190476190476,0.390019177012679,0.7023809523809524,0.3979816432745946,0.39549842707931293,0.3934347162151937,0.39299666130895144,0.41525030913839717,0.4604100818616906,0.393007045393494,0.38836255500720274,0.41371429002299237,0.37582604995771013
1831,1.4831836981233693,1.8549002794851173,1.7532089762789187,1.9774756400103932,2.0778683885111606,7.929364239843309,1.4809686131371282,2.307413540032,1.5261391650914418,1.4923289817530767,2.038494529623702,3.2709877800492113,7.307590025792378,1.7768606667514941,1.790245884072565,1.9683689737079055,2.0778683885111606,1.6978734022986812
1832,5.214904768130927,5.078640063986534,4.880144266655182,4.883440210787723,4.964775658223935,5.568783068783069,5.218724253539926,5.254850088183422,5.237678745852183,5.236471955507008,5.1749484074457275,5.196530115513034,5.5252353411369235,4.908733666558546,4.993323952016479,4.913583393972814,4.914091264047539,4.64445557792859
1833,0.09154437509802843,0.12090360121423564,0.8048097041855965,0.6029987794305862,0.23918358817652488,0.0974426807760141,0.0915142430495522,0.18165784832451495,0.09513951953107447,0.09369679918231326,0.11880736307747107,0.11631649118024068,0.09465036391979416,0.2860875615296954,0.16876991443016784,0.09142402587409983,0.0974426807760141,0.12090360121423571
1834,0.9814599088144326,0.9327003184664298,1.2859007085175822,1.2052837145675752,0.9842339134524153,1.033882783882784,0.9825017495297855,1.4569597069597071,0.9599846374576102,0.9519247171881862,0.9391356211858763,0.9375992835289063,1.0178231179849138,0.9831465439338115,0.9322758952334166,0.895792209608327,0.9049161741344491,0.8996037261795765
1835,0.08240892340159871,0.11247093299098426,0.8128716669023408,0.6407041323282177,0.22416675392852348,0.08516483516483515,0.08233108443653085,0.19597069597069597,0.08174569885166726,0.08251206548165824,0.10311869697914784,0.0985903889396584,0.08146060403768558,0.29563779618321284,0.16630974151354258,0.07643736645758119,0.08516483516483515,0.1124709329909843
1836,0.24181548980884968,0.2493941256627498,0.8381530046418139,0.6695593165958531,0.32016361805829474,0.33959899749373434,0.24196651850176434,0.31140350877192985,0.23722784581020714,0.23420751074860321,0.23940762500261326,0.26507771125438434,0.32631454518285263,0.38156006775850543,0.28356050569206104,0.20916008414659007,0.2104212874224727,0.2428897786464276
1837,0.3969917765632285,0.09351758081161611,0.5500188420292264,0.5306730496718478,0.213025146307707,0.08053999064037475,0.3806428450498869,0.09701407963499686,0.07966099831890083,0.0798889710956409,0.08892499128941116,0.09494768743239006,0.0773156210258277,0.23505252612175298,0.13164128954687587,0.06332726903071718,0.07515269108071997,0.09296518925026076
1838,0.7253719950070833,0.6251756931335425,0.6415236752102594,0.9723876883385288,0.9788364432443505,3.0364174420485583,0.7142321895651033,1.4798709271053812,0.707036400188671,0.7005067215864976,0.8086397164925901,1.324861882889928,2.803813030754609,0.6919114633416349,0.6262211466421234,0.7612887455840781,0.8838748200174423,0.6196131040979372
1839,2.1326011395731714,2.2922623211904427,2.2898106198627626,2.3373157066208337,2.7138046871458847,22.90590509094425,2.136628153984502,3.4837736844931695,2.1329808571680346,2.132761921571869,2.588189299956022,7.763046748311571,20.93740652401497,2.1864951041759775,2.219164896049538,2.5499009230867955,2.6040103915196773,2.1522078457356777
1840,0.2092364649856456,0.12164511054242721,0.9234875092465952,0.6985475334421034,0.3328021109329617,0.06349206349206349,0.20169390285092315,0.1111111111111111,0.07102437846878101,0.0721748274016678,0.12118515631360682,0.13043307683861216,0.06409190389306728,0.3315151043872695,0.1867336158551651,0.06348283932565978,0.06349206349206349,0.12164511054242716
1841,14.689293847360139,14.740184499664103,14.702037459141662,14.44644369495999,14.702122359517581,15.085714285714284,14.691198626726825,23.888571428571428,14.803214380275683,15.25543134247689,14.802560562831582,14.731417997241858,15.035659627583376,14.479380540483639,14.6085188623531,14.527677386515983,14.529770388766531,14.283050813240655
1842,12.020468130298491,12.147636431276238,12.020435469794329,11.808372042542699,12.005652072890882,12.419047619047618,12.022084857502996,11.919047619047618,11.931738972190407,11.970845732035103,12.204181216352412,12.086118421456996,12.374393871082454,11.84482240586685,11.994547181662254,11.74390228889642,11.75124739428891,11.649346334065777
1843,56.452826304037565,55.7124003058374,54.07822657181651,54.350733389774376,55.065851919019686,56.585263485908634,56.45495931083956,56.585263485908634,56.57637215518,56.57765465328984,55.833025877062106,55.76771152677413,56.498302134183085,54.954044395869154,55.39045255338528,54.90873841531441,54.90873841531441,53.96413352531437
1844,64.45510045648639,63.790699474220965,61.67732339925444,62.24808974185202,63.654239156893915,64.78571428571429,64.46308698057392,64.90476190476191,64.57765522460362,64.61904731579644,64.14768634761562,64.1716191149845,64.71995258407254,62.94451032075153,63.434251583884794,63.56304401808918,63.569280950386485,61.9364362938403
1845,3.6057458815542156,3.576492648114714,3.9028673888452245,3.862310732588772,3.6378191881261195,3.7050264550264544,3.6076112762164065,4.05026455026455,3.6838803330482364,3.6833522264525205,3.6026027875557065,3.6085340879968815,3.6897172323013514,3.634702833885948,3.5794489968714167,3.5237139402908433,3.5247776874704058,3.5325787334748715
1846,7.057737772341228,7.016095091105218,6.981938297090345,6.950557988857969,6.990769233274368,7.268270746649182,7.0597636257914465,8.903366914618049,6.965975498405522,7.058841220871639,7.014687815759036,7.0010332074480806,7.229983182302838,6.875777858760348,6.9341565146741715,6.815772300970132,6.815772300970132,6.731531286539496
1847,448716.17210171954,448753.35147679906,448754.0562689101,448735.8318576254,448744.7555943452,448683.09631108097,448717.1448511397,448750.35811728897,448699.8192467396,448700.24741989345,448719.11575182294,448713.8713455834,448686.1688998893,448744.510384337,448749.7955319241,448683.03875622666,448683.0449908919,448735.5783297585
1848,36.02879347473223,36.162030411798135,35.572948986678504,35.81516021820298,36.36459425459207,36.65364394180566,36.04225991194927,37.68439201971305,36.550928059901416,36.523710290029115,36.43170436432756,36.4310276636335,36.62435408487756,35.896810156925774,36.033913871911246,36.2105408881004,36.21577287869933,35.47004885212271
1849,0.40602283370995745,0.2799527094896782,0.5519978613811883,0.6268833338083004,0.43896811781971873,0.24902655719370992,0.400873285734598,0.31377346206407447,0.3011287109108282,0.2981649912339028,0.2644951561827882,0.28069399761570196,0.246496000645718,0.3733829431503175,0.2981163841142527,0.2352319966506414,0.23960707215335889,0.25305715786618294
1850,6.311421758223838,7.78772386122327,6.6084535885079205,6.194984284530086,6.449286282586133,6.663336910607744,6.358984452122574,7.788896027603577,6.105675305081054,6.171511726828302,6.409979114293132,6.330647375838989,6.609758177262653,6.865920769170418,7.388898631512627,5.942227100248417,5.943765956649815,6.194984284530086
1851,2.337555121039792,2.5270236755124023,2.1487645618347284,2.0816042631280043,2.088462000796143,2.992900299419132,2.3374999238040792,3.895300715671681,2.3461141761902238,2.3401432182134414,2.403509438715379,2.406796783841841,2.9222403548974807,2.2142852244723965,2.3803213963329264,2.088462000796143,2.088462000796143,2.0365401430079726
1852,24.315543605335737,24.121816419851744,23.73570952804148,24.157346112332295,24.906240640978897,24.722222222222225,24.311731384812173,49.202380952380956,24.365344390670543,24.56098643546079,24.17382269955476,24.20293794970804,24.615277381600478,23.922983501537033,23.99029978903266,23.77798424498019,24.07479085106446,23.509097177975708
1853,57.25922643524908,57.87231848678558,56.73945657679683,59.072650502367104,60.58947224491995,57.53979277111912,57.24344343164132,114.65131072211118,58.718459855117565,57.58479920983936,57.850299123835775,58.22453753771351,57.53265870045099,58.175979143439825,57.92262146517453,57.47080267315408,57.53979277111912,57.610986079620325
1854,4.410098520502401,4.4448588509649145,4.6655492963909415,4.5403407516829875,4.481705799453765,15.894179894179894,4.411044437621605,4.726631393298059,4.2829565621519405,4.271576946453134,4.19535016419361,6.4157847458018695,14.606846150250744,4.344749154834719,4.36933081735542,4.112321392703061,4.300784411108807,3.8954527491780335
1855,2.2981822001573966,2.421969795461053,3.040277921736229,3.097929889176903,2.9198095905072514,10.20436507936508,2.2983127589574273,4.176587301587301,2.3075282697310215,2.2731085213206517,2.967046527408712,4.718946764751828,9.489940596587166,2.6081493619292555,2.4600095067548,2.813923776515669,2.8161627906270112,2.4092093194690003
1856,6.87660334731022,6.897853134415603,7.189891028289704,8.475409240370578,9.426156160727704,7.015037593984963,6.876545747044648,7.026942355889724,7.221099375643672,7.03170808217252,7.277247739743768,7.729909149826077,7.04236285409135,7.484267516230477,7.083851606062525,7.002153726799249,7.015037593984963,6.897853134415604
1857,2.760856772275948,3.362586800284396,2.894212258468626,3.3746841328430777,3.377723610738251,2.868240518565445,2.7627542451586016,4.50247319445231,2.778555079425919,2.760687917545018,2.962503711689744,2.9989486871915205,2.870148331456623,3.2233194872113415,3.2720040400105987,2.8470204359223987,2.868240518565445,3.1553241939580623
1858,0.547443460689884,0.5431758099193811,0.8593925236704331,0.9459293005654438,0.7014040664257882,0.5948941076000971,0.5473606866444555,1.0502782431317776,0.5696232311682242,0.5762680009088736,0.5908986364987981,0.580545712172747,0.5873749643217444,0.654576751523666,0.5661419936685959,0.5202586373183479,0.5209927654735592,0.5229954968016665
1859,0.1581728029735429,0.19595271783653126,0.9537327868906375,0.6869522314343562,0.33012689151460317,1.3583959899749374,0.15818564019242423,0.43796992481203006,0.1741062207566578,0.16872502444508075,0.3147155695803137,0.598623650171788,1.260311354843054,0.36357095130013767,0.24430844562150036,0.20702960612023477,0.20752755751262741,0.19595271783653131
1860,0.299460653453044,0.29796040540412383,0.6166764948059932,0.7003335027635577,0.4100709938610007,0.3183566216801144,0.2988966880591024,0.8076904855967862,0.3082973330934989,0.2973912409634506,0.31037680935449496,0.3086151838759118,0.31237860174917603,0.4208370754487237,0.32831670254953577,0.2893381688431487,0.3079805022781999,0.2929728860664524
1861,0.17482430489913234,0.18035910206361594,0.8030502754633143,0.6138951335442907,0.3042587365212952,0.18681318681318682,0.17496841876670458,0.17216117216117213,0.17493823373667128,0.17596049112584863,0.19331425010964395,0.19488100643962655,0.18306102280534545,0.32099995326569175,0.21834492305526346,0.17322404164331986,0.18681318681318682,0.18035910206361594
1862,1.1766922292237236,1.2399612416574952,1.3468256251459103,1.3842626232545145,1.4196216860385453,1.8171121262570502,1.1793316193859045,2.1579645910048875,1.214911488720759,1.149340967186493,1.2476621987196663,1.3824731285409333,1.7524177865008206,1.2065730966668395,1.2012766630718332,1.1390016002318346,1.1583239461374322,1.0468144086566966
1863,1.5403615583733743,1.5258003245605962,1.9550083999268884,1.7542137090167529,1.4109325637878694,2.3709273182957395,1.540947196426382,2.1403508771929824,1.5403910430642125,1.535373835581965,1.4261381696267357,1.6618585713177672,2.279404020322779,1.554635336823057,1.5168451262738323,1.344642012314259,1.3551993543828746,1.450350570986309
1864,0.28719183611720434,0.30478050333396545,0.9326303805063733,0.7022684940326217,0.40708195209151293,0.3104761904761905,0.2872724411362448,0.5195238095238095,0.2897761163834158,0.2907694598113462,0.30990407946110005,0.31235502149466976,0.306485909097012,0.43200288169145207,0.33850426659891814,0.2991934351038555,0.3104761904761905,0.3047805033339654
1865,0.36619230747878206,0.29759725416428967,1.0406005070498703,0.9324928479807904,0.6592674324366842,0.27821869488536155,0.35957867776857144,0.5537918871252204,0.2667613112309177,0.273626075565355,0.33519849445139077,0.3470791530184949,0.2741549887408473,0.5088535246164761,0.35661379599570875,0.26911961847166876,0.27821869488536155,0.2975972541642895
1866,2.002765213905622,2.089030345011474,2.2156830286874185,1.960292273849002,1.922296518368574,5.845238095238095,2.0097963110991017,3.3095238095238098,1.9157782056810797,1.9249435510328203,1.8607334408679648,2.7452172210344727,5.432766500098535,1.931654617379084,2.0037584478662414,1.8440246197359722,1.9001305410007034,1.823787828327213
1867,2.4168758602898106,2.3886777811179036,2.7077023711323833,2.679355845749143,2.479199132333934,2.511904761904762,2.418088177624092,3.0555555555555554,2.4331523757961935,2.4033060562029678,2.428263877137859,2.4288712675635957,2.497600151310628,2.4477311754697886,2.391590585747362,2.3844389276079507,2.4033370618497387,2.354896061243561
1868,48.77740705522829,50.660132975199225,50.19019852685688,54.05301690565451,62.25822080587981,207.46666666666667,48.66692734070599,88.53333333333335,49.76674906587334,51.511659662386734,57.51046885932823,92.76846816039847,192.20838901421112,51.301757926391495,50.663626872307645,56.50266111896703,56.75685261333357,50.38743885862891
1869,52.79715332844932,56.332854407938214,56.302124314891934,61.33566480432259,66.98852288998796,223.4981684981685,52.72062070783858,108.97252747252747,53.13952962967824,53.99908001484996,62.19718241643911,107.05642447176501,208.41717118552,57.921039958646475,56.74895591282537,59.19200970766966,59.19200970766966,56.16385937087148
1870,52.51897413322027,41.98888857173378,42.4911936689243,55.09655425524983,64.2482939230205,45.1590029593285,51.798045262011534,65.14361858409622,44.70063570833387,46.04821063565066,47.13527226587434,50.900050304687284,45.39078386158053,46.76228693257102,43.47094364064768,44.955295096776325,45.1590029593285,41.98888857173378
1871,30.5975083499294,32.17195151163646,30.983023441658542,33.47608671954973,33.53608817311573,31.590000000000003,30.562159339492922,50.61571428571429,31.414514412569417,31.365434966068904,30.634151709928858,30.640343238529397,31.321991247530377,32.195684164944936,32.03064418480429,29.95583015421644,30.953031018215757,31.643919855595197
1872,29.375915136282256,31.48663067863053,31.66556105759642,32.22550463951325,32.31220151873624,32.13553113553113,29.38185649473205,47.39377289377288,29.67256710211296,29.610257395128304,31.40956080681721,31.391978609657162,31.986305988370855,31.54499703739383,31.435320272933115,30.507740754849028,30.621475007517684,30.992834755020283
1873,1.245432967537503,1.2012812014105123,1.6011470705906685,1.493335262759104,1.3878120905796782,1.3214285714285714,1.2457795105189176,2.9325396825396823,1.2925718146399061,1.2796492281546432,1.2350275286119319,1.2276639278754695,1.3006260307916822,1.2463525668422875,1.1950803879250174,1.1577242064163973,1.2071202357607882,1.1196496396296045
1874,15.25675236007369,15.235197515091562,14.803724149473473,14.935818424154618,15.20702239366386,15.738095238095239,15.266861271647796,16.74404761904762,15.203323226156035,15.29378531215459,15.33867864666295,15.359977206579783,15.690151090106715,14.992500004788596,15.115796599410098,15.03565371064141,15.037107044829819,14.652462154008463
1875,8.293111107728265,9.531759895938004,8.770040364220497,9.112749382438972,10.224147677546489,69.87525097880093,8.324619207842128,15.844829985887849,8.05959539122616,8.196540394031258,10.266176248170886,22.14841593265898,63.49145196859041,9.064947338209258,9.283281120611491,9.574742023079546,10.091007403729144,8.946548432997057
1876,2.472140032899618,3.5099864347044942,2.7541589997674856,2.653994231404227,2.8264949124237284,4.285634316257444,2.4942453975026333,3.3116197676546424,2.4659971089084984,2.462579712078987,3.1175724928740176,3.000777182737881,4.107172734061245,2.9741190172793117,3.269750351948409,2.5561550196128664,2.8264949124237293,2.653994231404227
1877,14.450350221764289,16.976388632965865,16.198099712420476,18.19815882390618,20.682184304491727,17.523723373465483,14.480037949366354,26.015669485295543,14.347610738615879,14.373377921524934,17.850905232049975,17.16999460927351,17.31438416637282,17.145292515359255,16.9378746947848,16.239126216219088,17.523723373465483,16.903449751488917
1878,9.806051611149202,10.464282352089278,9.450613839327952,9.608263311295843,9.977608741743433,9.350655936434267,9.837902923061682,10.844375864088839,9.64981040331836,9.722418135875005,9.559596998716756,9.496313419351582,9.350117981949646,9.94275980091008,10.233230204229804,9.21446542621204,9.23117681068217,9.608263311295843
1879,1.1816045800846535,1.2599929284223286,1.2442971726670473,1.5125788050471989,1.4705524260910883,1.885987264007942,1.1849402414353323,2.3327217892031076,1.2243277053988597,1.1864481315942796,1.3124536373067477,1.3835622576453783,1.8092210805053135,1.292774818768698,1.2506630330490207,1.2687800068354658,1.3138609427953483,1.2068983694394937
1880,29.83546857385167,31.232717987854812,29.477999160680536,30.997376262602543,30.08664328248064,31.875,29.826999036901764,49.9484126984127,30.395620871511642,30.75986957529862,30.706485599698123,30.279413383596705,31.65231459517174,30.820385528549078,30.997066220929412,29.966141462066037,30.08664328248064,30.73429675436449
1881,23.066338036133914,22.533775189223658,21.313659869229173,22.699059772762368,23.15863606156415,20.343915343915345,23.056176102735105,23.17328042328042,22.529587045041065,22.621235670411963,21.397985319054943,21.15700606163323,20.37174014798754,22.34264995226911,22.3916208875481,20.343767768593743,20.343915343915345,21.436683148621995
1882,0.5825403670521309,0.5570171875543765,1.1364920460887855,0.9189487116117205,0.6191025826544841,0.5861904761904762,0.5821195000981455,1.16,0.5776098518049736,0.5797701801709719,0.5539199141857785,0.5515398470151954,0.5781258118562925,0.6635688154783045,0.5817784465388092,0.5447551477483973,0.5687254662466581,0.5543993873408699
1883,9.812800997166255,9.866972729692707,10.053108888106314,10.02107254695802,10.097676672541366,10.065734989648034,9.81488343364448,22.031055900621116,10.032342383300337,9.935516065427597,9.936439931454037,9.931427640165193,10.038779217516092,9.83534408256149,9.828238417456888,9.817357154555141,9.837271609146649,9.579893597249772
1884,0.11304800503208308,0.1379723258086031,0.7035110173424334,0.6359323850625219,0.24703344543071015,0.12353867179973566,0.1131007752360073,0.16729751019100272,0.11708756401230706,0.11607667746160062,0.12449826394349144,0.13047981557902147,0.11930022430440612,0.30475263741522335,0.18495651812636982,0.11176014802561758,0.12353867179973566,0.13797232580860316
1885,0.1499479242816488,0.17160056099457388,0.8406495332711157,0.6457507322825601,0.277010377304188,0.1575091575091575,0.14985660130007797,0.39194139194139194,0.15709747896378864,0.15670609349287745,0.16369023037283145,0.162038686023132,0.15299221303603627,0.3312443436523412,0.2168745613409866,0.14299494150191108,0.1575091575091575,0.17160056099457385
1886,8.119297373855037,8.478980982779293,8.303963875529718,8.401433171101859,8.629179241823206,8.968894481175498,8.12369841555165,15.683956580558034,8.835477928330228,8.334504427839738,8.344762615702974,8.341504246572535,8.86497752237179,8.247783881841714,8.340320575580536,7.9181502084768285,7.981325385413016,7.936234713835252
1887,1.1065453158941483,1.1821375415971276,1.095111441486399,1.2753033239541993,1.2891586158829351,1.8088709829101834,1.1052684631515002,2.1086871312358366,1.1632604632036154,1.1156860894508525,1.2839204880260582,1.384846666162191,1.7516934192442914,1.1257847341591087,1.1348918509539472,1.2352309776730623,1.27218643416981,1.1175374436800667
1888,1.0785170309958172,1.0672029383981962,0.9815528965094602,1.1116453444449717,1.0567510040932715,1.1529840281146597,1.0801304080704393,1.6427518021088525,1.1100597967965564,1.0929884219051418,1.0472869211990037,1.0450738274371028,1.1368115760668862,1.0021435008121264,1.0202318096174985,0.999726194007772,1.0045757765498082,0.9493144155992725
1889,11.0010527556325,11.312802603663648,11.455215774694667,11.576205731622252,11.593239111262754,16.178571428571427,11.00600852909261,12.857142857142856,11.647497317580052,11.725581335405856,11.779109348042754,12.855617538020274,15.753550143645597,11.292797139913,11.268390731508198,11.42314551437755,11.42314551437755,10.992415472866583
1890,6.708262936670587,6.832235730488018,6.506186567590784,6.556494464661597,7.041004263636637,7.511904761904762,6.711807861359605,15.714285714285714,6.940435526593028,6.759442518764416,7.0898546594989185,7.058822748488619,7.447009701777759,6.591907382627443,6.711514539756419,6.793408380571741,6.81905988112874,6.266961128896039
1891,1.0630878144017615,1.1122085924995615,1.200933947807523,1.418845986708039,1.2085284030087857,1.2061666517427359,1.064000256938998,1.7293040557382628,1.086100580056237,1.0664302132236128,1.1212055855278864,1.115287866288126,1.1887934036993875,1.1664569933257285,1.1101310817232912,1.0567254972523392,1.0788436365255816,1.0620592212579476
1892,16.17711129358117,15.62351901614687,15.015636046015585,16.636467037506574,17.83647654228843,16.496913580246915,16.01905476500034,30.73148148148148,15.120434621407684,15.021894281488075,16.38469771420397,16.633450685317705,16.462575296918494,15.846122133431201,15.644431248645676,16.238610182749852,16.483966041218903,15.486065200177244
1893,2.3917465563331786,2.5537902380947455,2.2448695845937885,2.2173839234097072,2.352125819898021,2.4742834819928494,2.3956540898039105,3.2038099477730317,2.3689300714004227,2.389509197861561,2.2791856813265605,2.286277352986325,2.444059412275877,2.2814871049324656,2.4198849906330913,2.2749142186818307,2.3463487204763362,2.1493316743239625
1894,0.9247178194330382,0.9707955230641652,0.8498796177499167,0.9444959227541682,0.958123708386802,1.1260005419891217,0.9279322859124477,1.5455763856608664,0.9246450314141926,0.9227259504493199,0.945291587449108,0.9459447587260493,1.0993444006812425,0.8700692618640405,0.9094866679332853,0.9145307756425095,0.9506837624003733,0.8396536073974334
1895,7.185573808317106,7.391481324194579,7.191566404033992,7.106055302485262,7.362361385743117,7.6696268417799045,7.193608779304415,7.835589040132116,7.1837506540582945,7.1747219994839035,7.42677042442168,7.413652410850555,7.6348186454249864,7.157865892907636,7.276218570776055,7.315333974905578,7.3464176489927295,6.968058894866534
1896,0.037182963290073125,0.07224340576029699,0.42737517035300415,0.5749177295419499,0.1781258380059089,0.03995864660753904,0.03719600478268996,0.05486549922796811,0.03924653422351685,0.03925366777501122,0.06320992863758292,0.06506618418682573,0.03851155513467688,0.2480396141580263,0.12443206028104538,0.036065611741498034,0.03995864660753904,0.07224340576029693
1897,12.173364796067792,11.941574747192965,11.87159926071388,12.204173379614948,12.235520012694407,12.048701378459844,12.149446754791482,23.24454533804189,12.398105529661693,12.194168221573653,11.913371986714926,11.926796248833469,12.017132565290275,11.94694865923907,11.913502215011833,11.678983733111982,11.681275385864323,11.607314287704588
1898,0.6693434594445362,0.6577581007254637,0.6763346955813248,1.094563199543485,1.064873013815837,0.728009819376902,0.6594375790924799,3.0344806320135667,0.7358917191301936,0.6768762978489958,0.7696154458355019,0.7576702659299772,0.7184864604722341,0.7529315845076744,0.6662525184879161,0.6667448058069185,0.728009819376902,0.6281984021506147
1899,22.200295563798303,22.302667056260095,21.949192783917663,21.912625232781153,22.575453987557037,22.453767549013776,22.186496796538723,29.341043924214393,22.620503476233864,22.48160537785657,22.276326324762206,22.26866149194881,22.413121508436983,21.968683737686472,22.135722751190446,21.897821571826274,21.897837119185766,21.232455252945602
1900,0.758570206452604,0.7637765207346322,0.8349932164962869,1.2636203300889493,1.2952843094555975,0.956363724883681,0.7506716725810044,3.888722479945707,0.8062826992246537,0.774878829099748,0.9725569069354446,0.9518048438398196,0.9402461111796109,0.8674017932685758,0.7701154380338379,0.8891271104656385,0.9484594939462664,0.7370924722083804
1901,9.222231917848012,9.439315575408239,9.15560625553672,10.026402004653532,11.326574028130645,9.750981737784649,9.227335431815058,14.77212406345206,9.795004362906937,9.824124479004718,10.009669672776827,10.194956655717391,9.7644353191263,9.571469237473222,9.453443547620394,9.744073962143316,9.750981737784649,9.355968479210746
1902,0.29266943403175133,0.3070646030357813,0.943936144789717,0.7649043975349977,0.4264561151173553,0.6111111111111112,0.29275330838482755,0.38690476190476186,0.2975298356690419,0.2973527485822511,0.40575623498301927,0.455381577667551,0.5898319745765538,0.4580755632544869,0.34877084223584687,0.35710330040339305,0.3681855152496512,0.30706460303578126
1903,16.570242329239843,17.009459492860877,16.935198332577006,17.228331866190132,17.630706050420915,16.438624891429654,16.575084089322136,34.45988470952769,16.859848349762157,16.588940293402885,16.980003895470418,16.83870187267716,16.460995865712068,16.96977611548778,16.957797446542585,16.39163762169848,16.427318305554493,16.66937804667961
1904,110.60881698579946,110.88434190777298,111.38669012578502,116.41559983341085,122.23808262525006,110.82539682539682,110.60770593333457,239.015873015873,111.8375388660238,110.90158675686838,110.76485630434944,114.07241668083107,110.92875973693596,112.55020163815584,111.28674118414146,110.47079247050151,110.47079247050151,110.88434190777298
1905,0.9891623888241097,0.9903988021335203,1.794764425771044,1.5406339346042113,1.1980843455093768,0.9523809523809522,0.985667082393847,2.8571428571428577,0.9663722707412862,0.9434670686448897,1.0103117035946463,1.0119356845584784,0.9526396988039033,1.1833964702667112,1.0478890938422796,0.9469567370902299,0.9523809523809522,0.99039880213352
1906,8.25862463757642,8.567505268432344,8.088938954841142,8.592237090990652,8.684346470599221,8.08832834808866,8.261765384615002,14.322207073080307,8.372721151562077,8.295907966854589,8.35382794757182,8.291124670977384,8.100038833924545,8.468055642107359,8.500889688877356,8.08243795167884,8.08832834808866,8.334590526805949
1907,1.089583217465702,1.1358576839063723,1.8426435151219742,1.607846133077669,1.2673816281148906,1.1111111111111112,1.0899453485891073,1.8730158730158728,1.1287390650307845,1.1287390650307845,1.135366505047678,1.1372885239850097,1.1090526462919816,1.2991113509373038,1.183701416905613,1.0988548889612328,1.1111111111111112,1.135855377536145
1908,1.3009577997067077,1.3963962221786463,2.266258049850345,1.9961834682431283,1.6715221482067009,5.904761904761905,1.298941407503172,1.1428571428571428,1.2973954450609564,1.296615030433596,1.6117540172065425,2.748033717426661,5.495479338213193,1.6037659678475846,1.4571383898790289,1.5235395991155103,1.5409484829211966,1.3963962221786457
1909,5.481180154234019,5.58799866430784,5.402305607931621,5.453151678159685,5.431993513915583,5.527296022760385,5.481126713909163,9.738144094821523,5.61679178354532,5.478338466115954,5.408495626681909,5.411753924219337,5.509631636935603,5.401882188026986,5.485065757825872,5.35779934596565,5.369851623119615,5.2807692449416805
1910,29.92941927096224,30.598712387982147,30.660321630119046,31.96323606965335,32.873172862421214,30.793650793650794,29.932762676657166,65.01587301587301,30.14729611327166,30.019398512324404,30.621227334180585,31.058109132601455,30.750319384956754,30.830245066258083,30.583150460278194,30.530127092554554,30.58004840626913,30.567994064835705
1911,1.1295248619828435,1.201074707822299,2.040254326756324,1.9656745183012319,1.641029053730396,1.1428571428571428,1.1263426539480277,2.4761904761904763,1.1326425973720902,1.133402023214125,1.260335620194824,1.2833727923396936,1.147137380269531,1.4804066370272475,1.2880951652559942,1.1422417368192634,1.1428571428571428,1.201074707822299
1912,2.2722836184361874,2.415605814741579,2.2109717086582137,2.5794756544478163,2.3786522069188876,2.620951113187594,2.269688306926198,5.3009150470926025,2.3187678212076688,2.2761461923165403,2.3434907070267794,2.3428634978664356,2.579017917058666,2.387280875476586,2.3778134728472353,2.2891768806167394,2.31840230991975,2.355576908510939
1913,0.8389038621435122,0.8365461519586374,1.4174483408882004,1.245294604509031,1.131746709243336,1.6190476190476193,0.8373709230608064,2.0714285714285716,0.840434777546478,0.8475654535240981,1.056452328614039,1.128290465164438,1.5477323007510073,0.9394213663630714,0.8533364748714277,0.9979737074743866,1.0383193101071229,0.8364302913627104
1914,9.19915520394437,10.53759596131352,10.711043940305984,10.456743768973785,11.370061135072433,12.392857142857144,9.226314799205644,7.023809523809525,8.848232797651919,8.856036738879354,10.343587933583317,10.289984157236292,12.039337095939493,10.275200115722443,10.379364883215999,9.876379267129295,10.310458872509374,10.114118818885219
1915,5.800186564576063,6.827795067840815,7.129634991276665,6.767042726931144,7.153528884197269,11.130952380952381,5.819236122304653,6.107142857142857,5.608768410408648,5.591489587225515,6.618556959258189,7.293196758557464,10.580762870051327,6.602353473677827,6.6908027284856635,6.43126580329628,6.693546214149272,6.568386089592285
1916,9.464325731474805,10.832856132934927,10.927397027269015,10.584217071659145,11.109797907925284,15.416666666666666,9.494108213561875,8.392857142857144,9.105464932137037,9.269571393673768,10.372447902446732,10.6662047308079,14.707887992996865,10.524102232626792,10.665090324090814,10.159887030064075,11.109797907925284,10.29312117130463
1917,1.792765259086736,1.7666112961075475,1.7174079115908423,1.7746208806903236,1.7392057897681454,3.8581164545226247,1.7932500183865627,2.7231484338863052,1.7999377769297265,1.7964772089452525,1.9325706105999059,2.33563806291748,3.664196540031599,1.6821841970633418,1.711616802569323,1.7345066498483257,1.7392057897681452,1.6032268468917004
1918,1.1557664744090232,1.166195497705014,1.651528435064943,1.4348916332199089,1.2568058212895872,1.1984126984126984,1.1559417764153224,1.9484126984126984,1.1967916762286792,1.1948612411024264,1.1471727549268185,1.1520357434076607,1.1869733864322811,1.2111899604745577,1.1627484176157346,1.1092175031443159,1.1254018775405077,1.1238256702271137
1919,116.92274406197639,116.37380563255302,115.16220569740517,115.9567960295009,118.00944393484313,117.12362637362635,116.91090848569718,243.64285714285714,117.47584483320578,117.01780831342016,117.22176957632654,117.32944270048375,117.12286968547456,116.03904581355327,116.20960050075946,117.10829241256643,117.12362637362635,115.38151455060002
1920,5.374844325874417,5.461732959063398,5.277193340962232,5.224042195298247,5.176561214002072,5.9956828814105,5.373136872080302,10.293415172212017,5.396798308224526,5.369913579067597,5.062736439971319,5.2533415288973,5.89149849946637,5.250249724918553,5.354906580862515,4.988684030921446,4.9992562839701415,5.03963411236566
1921,0.06725781065063378,0.09784093447729346,0.8166291331220394,0.6068632058885736,0.23994443200197343,0.38227513227513227,0.06724722826002323,0.14506172839506173,0.07237406074201473,0.07237406074201473,0.21260217174855453,0.2459686439435669,0.362781781004427,0.27396557985532866,0.14947803494988235,0.15569801836906355,0.16173646257497462,0.09784093447729335
1922,59.140215294067865,65.61877176283001,62.020019215119284,64.70227871809192,64.68835166393134,69.06403224335683,59.20340430560679,96.92823162552322,58.90265350602283,59.11811758353275,66.54724317122886,64.674235649914,68.42687651667687,64.5486624295892,65.04388095492448,63.33223266265626,63.6702985847682,63.973068936447255
1923,65.01971533924798,67.77544986373961,64.47051811814762,65.49571149838846,65.67423876801922,69.46825396825398,65.09296622113888,117.88800705467372,65.8114181506043,65.8595619337516,68.00446771685948,67.15209568246543,69.19891457796471,66.49115481668422,67.2270696374663,65.61717507799521,65.67423876801922,65.42644823747183
1924,81.38217686215633,81.23869509352961,82.09414887367834,80.45614939962603,80.13855673171186,87.03439153439153,81.43176857665718,138.57716049382717,82.43034980187649,82.45446977728584,84.51084004400413,82.0621258918827,86.39997362843543,80.41658234378242,80.80644841695984,79.56614188266492,80.08402370313529,78.81444396662125
1925,2.758209275137892,2.436663687609417,2.7767260541098526,2.6286665534208726,2.520497428928207,2.5615079365079367,2.7474108457274853,2.617063492063492,2.532426006748399,2.5315080944761177,2.486965672469851,2.488930892478878,2.5495637709835033,2.4519765087759557,2.423423549258627,2.4101041315717198,2.412921297818874,2.2740875290710414
1926,2.313763321545793,1.3357235506591554,2.393024459833766,1.7470658655446372,2.318776464804889,12.98015873015873,2.240933955465053,64.07539682539682,1.7676003615648075,2.5178295049985646,2.042466175963043,5.254654798281128,11.992075185042909,1.392081316660585,1.3224314431138124,1.9158747433079244,1.9542546046400908,1.1767233388526002
1927,28.024721697712597,29.036989465797376,29.353858537493206,32.41423227185766,32.839260674859084,71.91798941798942,27.93274450529225,296.96340388007053,28.595525605778164,30.585160620189257,33.18524496431393,43.150412384056914,68.2106925749831,30.187404812340706,29.367986150857874,32.27887038126927,32.38442090558817,29.03089651180848
1928,9.685975644458841,7.024468283012582,7.129221777366735,6.914124166018232,6.860024779115476,7.236331569664903,9.541980130091371,13.409171075837742,7.184784645599971,7.184107877503291,6.987898644078406,6.966055779223528,7.201912975055765,6.8898830371593265,6.951575019705821,6.7791562363298,6.804000743238387,6.641520325133069
1929,91.77616280527444,98.3164359626375,93.7189049924554,96.03886148308875,95.08038797674534,100.92246521227271,91.8246141280773,175.1208660237297,92.41015198604941,92.92327112404281,96.75607971133826,96.41107271578689,100.32819411353911,96.65204487047161,97.52453460119717,93.25868908804495,93.91076090500722,94.6377985769053
1930,27.975232295893246,33.73315150835908,29.360364266850453,37.50307900206253,40.46391264797605,34.75617283950617,28.042320296577277,54.92019400352734,28.17430685149777,27.977616111431587,35.11139655065502,35.681664538657536,34.67516797096378,34.84024484922238,33.989299947267185,34.539157723075775,34.75617283950617,33.73315150835909
1931,66.91274874880533,71.04114650366228,65.31143485027344,69.59450301496243,71.36779162741156,74.48809523809523,66.95861468021549,117.67857142857143,66.52564523305979,66.93677912272518,71.56995665577101,71.60729122434883,74.08115613796419,69.93835110618126,70.50895466791842,70.56719490482078,71.01788186375568,69.23757893603515
1932,238.13807800638514,248.89223968246088,220.36060504874447,262.25512242863624,253.48477010774673,617.5608465608466,238.9118560796917,281.4298941798942,217.70370917870073,222.10258196432883,248.12968912121073,277.6762779899097,569.3662019727581,253.16650730437155,250.02422503094272,224.31577951907585,253.48477010774673,246.31361934625465
1933,350.2795963481024,346.97454664270117,321.7566603838666,382.24450348100873,366.17932690726053,556.3617216117216,351.2768410637662,475.481684981685,327.07283559148533,328.5259318353871,347.7927470586151,345.41436556834486,524.8399317251808,361.6617274315326,352.1419475269563,322.01018006003994,360.64115896179595,342.1621253838678
1934,49.74412230139689,50.20469610297704,49.515469231763895,48.77919371954895,49.03502724662383,51.306682973702806,49.77845007794832,54.672838774889236,49.646401052176294,49.574417960107176,49.91761168971902,49.973391005129706,51.15558200739247,49.36752834289052,49.83996902253303,48.94726454075565,49.025540373876716,48.63080892812957
1935,12.558451868653293,12.821334808707944,11.606697465436197,11.490812741613922,11.51624692348119,13.52589759184513,12.571883450731903,23.6148588034258,12.797848546624964,12.545309997242429,12.35508267881007,12.312520053474964,13.385790139631176,12.06678427228441,12.498085113448164,11.50128403828802,11.516246923481193,11.490812741613922
1936,6.858197835654905,7.030847024216206,6.804537597292256,6.644581341732665,6.9519997060669505,15.675397366864802,6.861076703006656,13.5176694763054,7.120970672299234,6.920731552700844,7.085610033722735,9.059456851017451,14.81092156358971,6.737096997347794,6.889198888918447,6.884540892901684,6.9519997060669505,6.546812237101378
1937,0.799825403827827,0.7943227414786479,1.2318262620879106,1.0026969068805898,0.833163687614389,0.9126984126984127,0.80124300365763,1.2001763668430334,0.8045953812821068,0.8032841739132784,0.788632939650293,0.7911201759308891,0.8931776103413642,0.815610390967481,0.782941937303268,0.7847386301384329,0.833163687614389,0.7753894714808428
1938,0.11837363515214434,0.15318538924484945,0.8412360451190155,0.6538358350248035,0.28689488844639977,0.13315696649029982,0.11851149363151764,0.25220458553791886,0.12932716680255735,0.12971754792250464,0.15340596960522454,0.15717257198558846,0.13080172504638013,0.32335099275371587,0.20201332199692948,0.12403629611573379,0.13315696649029982,0.1531853892448495
1939,3.4449001209460177,3.478129545410438,3.4110160078539917,3.2416000574273514,3.6334251412595933,8.694158613166577,3.447195139059652,6.448892957226448,3.58697727052019,3.478761086473371,3.710460385832498,4.960563429943311,8.212508534589968,3.257557250399602,3.365346815161473,3.4979616199959978,3.580147533208345,3.126120759979468
1940,0.28006795148268343,0.2922737886453592,0.941345969215627,0.7325127556860473,0.4228392746902457,0.30200501253132833,0.28013473601951827,0.5150375939849624,0.2866295684271386,0.28587039964845684,0.2933921764379642,0.2961610428973947,0.29545711650372963,0.4302737953806628,0.32776511691107085,0.26889276388798394,0.30200501253132833,0.291521567036558
1941,43.7424574368433,50.12324681468208,43.688734415545945,47.25261266522779,44.49352687762504,53.61193890823293,43.9856952106279,76.90082516846705,41.827276074071754,41.93147791407399,41.697545115905974,42.9200246895353,51.990803748057736,48.38413273349837,49.354689900659025,40.457749104671265,42.26453305430103,46.39249685997475
1942,34.832369817217284,41.53246950381723,38.16600295850696,40.63239557772629,38.74121051411925,251.41063010968097,34.88513994930864,51.3311845627564,34.4702532430377,34.02393597812162,36.5694777153981,81.08067610108644,228.61806272984833,40.06910372333895,40.70392427544205,32.60131712942503,34.97960593271767,39.99842532032815
1943,2.3092447535781964,2.432095698708228,2.385810800298762,2.5035071647351246,2.626997605212393,2.655547307839338,2.3094837292040578,5.0561212783921325,2.3002929975437114,2.3077857004256965,2.454627432941813,2.458290962156832,2.6193533387778736,2.3472306580594364,2.369212696769774,2.43558251691946,2.552912467907824,2.327036312050368
1944,19.01581401083092,20.339697459164185,18.612701193794475,18.74040213730723,18.81767368495616,17.841036414565828,19.059578503406797,28.12955182072829,18.851760874429413,18.45155907633121,17.78358963085724,16.756815708008887,17.591085803152442,19.337836729499344,19.890422030801524,16.560292088956064,17.841036414565828,18.260523264030954
1945,8.077659761876662,9.687256790975857,8.67357109511994,9.163706224353628,10.151955591804304,12.108418454841734,8.072541953773573,13.167279914521671,8.015167058186785,8.01508565985363,8.981261993271623,8.117290822924598,11.438145033614163,9.175045001597509,9.422267313768382,7.894497258568016,9.623174649243074,9.01468367567526
1946,6.837339418643249,7.104307107584961,6.937813897184189,7.066666509491223,7.411559583728408,6.856689232466234,6.830027224751428,12.710845669447826,7.128283401042142,6.883685023413258,6.803159792951544,6.760210438436537,6.813389095793794,6.936148096795702,7.001202212451084,6.6810273690345605,6.807394276542902,6.802582047735768
1947,5.969890230870164,7.002159897342296,5.813539753398555,6.406527313430948,6.570612257267986,19.145817613602127,6.0030029251496915,8.423118430398764,5.701868711872362,5.768290836775736,6.339877503464048,8.039534109504762,17.601507988858668,6.572293940756835,6.798521595196962,5.797885478606847,6.359807365409509,6.397389424604234
1948,9.109484398620694,9.022731387114534,8.295649738067334,8.505012220261426,8.758000208797267,9.595238095238095,9.120835603238548,9.321428571428571,8.922967973128427,8.935232475974871,9.209479834316369,9.092825489390481,9.537455405016885,8.679019040703546,8.864881785433873,8.716159482357346,8.737880052601431,8.327898299687613
1949,2.529289478641712,2.4900812123255247,2.426512710761554,2.36502028070254,2.375863605281847,2.7738095238095237,2.5347227035748707,2.904761904761905,2.4484993852867962,2.414135874330379,2.503835229654483,2.4961547808912528,2.738962688988798,2.3465840470819175,2.4132503383643744,2.3464607116071883,2.375863605281847,2.2202442011934074
1950,2.1215938791390023,2.3510306531269816,2.8227771906574546,2.5298477520866336,2.5117286006995045,7.916666666666667,2.1274206589407254,2.119047619047619,2.0670903552161266,2.078529035857845,2.7010034344752434,3.7235819094156795,7.363202775757503,2.3269311837121,2.314148940826299,2.480109455432652,2.5117286006995045,2.2563231349077455
1951,93.04321044621408,101.85634683442936,92.74166728041467,104.57894523607536,101.3957988897552,97.23969558026484,93.32219641136412,161.69373279071937,91.52305175025357,92.16205278369945,100.13037169234472,96.65906076993377,96.94235031737487,102.47260651112106,101.92404121931452,91.02930918044039,91.02930918044036,98.16304085710841
1952,13.302575598539415,13.309292407100644,13.199233811819747,13.529478186625639,13.975127674128899,13.871383711564512,13.295279927871904,15.55165182579264,14.939081334101905,13.863765464527534,13.386079036603554,13.436257615549343,13.784041275006237,13.191571515992157,13.207528743248218,13.111605793250627,13.288276063648716,12.793478587672704
1953,1.3208598506924092,1.3260830228449434,1.5871380976885463,1.4837851865523748,1.4499780693761963,1.5238095238095237,1.321046812454556,2.0357142857142856,1.310589806122124,1.31207452808722,1.4038458891185608,1.40663772010302,1.5048692965547878,1.3160171157229554,1.3007165826419795,1.3629767344115624,1.3870309297446675,1.244291592076416
1954,15.479869238321733,15.689309052826266,15.297524638800887,15.215020829246098,15.546447517190627,17.42956156374118,15.483557196466018,30.99655844653131,15.447378336103052,15.424887190280883,15.810680194410638,16.011411731480738,17.244853227706475,15.277735925466501,15.482816838145638,15.453658769680244,15.546447517190627,15.011998415734547
1955,1.6413980385953844,1.6364394182282356,1.576833301465017,1.7716421119802999,1.6761455429836134,1.8981579078772282,1.639016416783751,4.6805734518328626,1.6422889936900482,1.6136894902804,1.6379424708948775,1.646230662466559,1.860282287669414,1.5987881423130983,1.5961182783923,1.5326354378385378,1.5479424968773199,1.4855223785927036
1956,20.917438753380758,22.850073446957136,21.677646773268467,21.559362449345645,22.15550655301895,22.59494883466701,20.943047261846953,35.376590998670615,20.959841080672344,20.95296229939557,21.988818465377488,22.02714986721016,22.50684193352438,22.08570958459248,22.515765894757134,21.800218140342448,21.926708789987014,21.559362449345645
1957,34.09404891613671,37.7275342940514,33.88474436236995,35.451551763899566,34.64347907424043,45.15904545346846,34.08189350882321,68.11040428999617,34.253489087181435,34.606925102669834,35.66209783358911,35.82656738683389,43.85907510787314,36.19559714918855,37.02021242495739,33.80308241297399,34.64347907424043,35.08634905156226
1958,17.404478145984523,19.7132150553567,18.25276127593315,19.4554039100519,20.209791013037975,21.55207132395117,17.38908952303473,41.095147864979566,18.123259987574162,17.690770914513077,19.57483083117329,19.68411305847211,21.25756186750125,19.249723319884968,19.447517682091366,19.358732296742318,19.638667324029512,18.298230659561554
1959,31.072001472398544,32.95003141559083,32.762784051543925,34.40851658818188,38.154414523595385,130.83632077573097,31.0447035465981,67.68063146385082,33.63139570815107,31.671970750159037,37.231896212633494,57.281549557724674,121.03160002565586,32.89311096659157,32.738584107520374,36.46837934104585,37.77459851056171,32.44988690760546
1960,27.461480565280652,29.529030380924635,28.080082283809308,30.24086467496339,31.411916559818376,34.51667083242012,27.46341160238273,68.2516262532202,29.310048511954047,28.586735483107645,31.430061232429107,31.191936171408788,34.024685189095045,29.415356861493066,29.370859213203783,30.46373941087393,30.72051709381063,29.30279149355741
1961,56.403501200386756,56.222482999042974,55.88624296455395,54.82832745282854,57.45564178376708,56.622807017543856,56.41929094179462,91.91478696741854,57.84143275116251,56.1759990161299,56.21283188638586,56.52648013142376,56.567027344700996,55.33239330118763,55.820124257961275,55.64101376830238,55.644625715602054,54.03049509058595
1962,34.27478468945602,35.18675208164205,33.75737117849948,34.625588400240254,34.20192489428528,35.583333333333336,34.30403453881187,74.35714285714285,34.200142795610766,34.28147945164285,34.74676867320476,34.6821578697869,35.47427337501668,34.793913809046934,35.00267522894939,33.828559337776106,33.86513251760311,34.62363447609576
1963,2.4424666089526332,2.3751278379090173,2.832150309179749,2.7905818064594317,2.7084769481558557,2.3988095238095237,2.436920472855934,2.4107142857142856,2.4855956974602744,2.417755489676572,2.4189102874458714,2.44694794827619,2.3940207903626054,2.4931637344010174,2.4008163354378476,2.3850627980816084,2.3988095238095237,2.3581225540223416
1964,0.12389534275170526,0.1446955319480737,0.7952593924946486,0.5967981078457884,0.2766294049411671,0.12896825396825398,0.12374728827642383,0.1884920634920635,0.12973507373136403,0.13121047428984509,0.1520735942596372,0.15129448190920744,0.12656548548325405,0.2962028141278659,0.187407883435415,0.12039900083677031,0.12896825396825398,0.1446955319480737
1965,12.031874090268625,13.056567774082312,11.929321803035483,12.759355580989286,13.329713657799475,25.121245884909722,12.048511449854935,18.72085081086449,12.990328673648925,13.033155855587212,13.30721316865744,16.518021992121515,24.017252295499926,12.708574183451267,12.869517339249605,13.051726265800113,13.117858218402612,12.673521772389932
1966,31.52402710174464,33.90458049896627,32.953864247123015,34.847033483923035,40.08781596652171,45.4953795011183,31.52004455473156,65.45391936852202,32.68618615500993,32.43405713975742,38.070881713101976,38.896897178611646,44.48500821889889,33.69136775425678,33.65502998415739,36.89367886885701,37.50127924894467,32.479912763559824
1967,4.627232104605428,5.2175649929803205,4.845301066258745,4.686918033409893,4.589835422543318,4.7870396342668124,4.620639706104366,7.5452877496587325,4.668065504142562,4.629924048647882,4.5385967444100705,4.475699531975342,4.73675920435899,4.833960558485518,5.035735790052098,4.2971202092356355,4.3613959462737215,4.61779248063739
1968,2.331871360115771,2.7890105700623393,2.4447081044266317,2.460764411105962,2.38282298350174,3.1042060881084717,2.339439672483825,3.087726875912882,2.326191992353641,2.3282695737659522,2.2895432713690944,2.37366338330637,2.9978652139033755,2.507130896981868,2.647997118365603,2.247509772207889,2.32644274473896,2.4205370283561645
1969,5.105372389317178,5.314697875208602,5.111012427943603,5.524413879871067,5.477541323191719,5.3504934564728694,5.091793053656475,11.461623958269366,5.123561215686114,5.115415093318602,5.147726946247528,5.162474377125252,5.3090526773944715,5.282483198359491,5.268914561465674,5.130432106636763,5.256724373803039,5.0569857891578325
1970,4.884367603814536,4.373230534779718,4.166266207352784,11.104172073996368,9.242222976183045,2.960952380952381,4.761937759758742,3.15,3.6868017509709836,7.081168576832524,3.044100711789767,4.524551664295155,2.975379068002128,6.509503372730326,4.93273216636211,2.956040261568871,2.960952380952381,4.311964323569184
1971,191.0808399150304,9.871797828981004,3.3537628181513335,27.969666720234127,18.41567413840092,0.10324107169017384,181.58456985507178,0.10324107169017384,3.407159889321701,1.5194160378324197,0.10142355946247017,4.636599004014718,0.14051959082985405,14.77020331373417,10.835033072272651,0.10087170421232594,0.10324107169017384,9.76817973495686
1972,591.440546460263,595.2301703957565,590.2513244176492,591.661270290151,590.029423688093,596.8114513913614,591.5550971902823,595.9922787029933,594.0474301265498,591.3705885343176,594.3234292334888,592.967331596596,596.386259877003,593.2094251640057,594.3651614601087,588.7325072007189,588.7325118318081,590.4223224981938
1973,278.620912861278,279.5021999918134,277.7959590334154,279.0641737089662,281.2041732341078,274.5140532016718,278.58339788461507,580.577191736392,278.93247718240474,277.91277267163406,275.834482390198,276.1021172912088,274.51472997722425,278.96086815539246,279.20831077044573,274.0438433643987,274.2093521652791,277.65705460115277
1974,1.6844550113220726,0.8711138606743211,2.4612587523179243,1.8324408994370724,1.7222009376230663,0.9282697263538461,1.6280089892875145,47.93417262635112,3.554646169455189,2.0779516155315596,0.9213790246494057,0.9792346965992355,0.9022261661933554,1.1027410950501566,0.9039960460233255,0.8497483229950307,0.9282697263538461,0.8635837465698785
1975,5.999470346391021,5.9566919876864866,5.864607283855778,5.932985430435693,5.904704164815858,6.245373839944256,6.001768729029023,11.483160996128504,6.010622873041805,6.006015415976204,5.96369371139696,5.966180011818409,6.207657147981124,5.851814874872818,5.8924154223558345,5.836843314916241,5.887585191964766,5.7741974156983105
1976,27.799959584050082,28.217669729104188,27.15973874656045,27.0246507059078,26.467434605495473,30.104295372824364,27.830650415111716,66.24523878631821,27.86074306781333,27.416727231791512,28.13134366322504,27.90643074769785,29.85035982858012,27.418249580285032,27.84920311664349,26.360177746715824,26.465140421789233,26.402177678895253
1977,3.1153222458421825,3.1776256582070403,3.3619709978860826,3.5319564010715774,3.4561190182316643,3.4424603174603177,3.117366924365674,5.0773809523809526,3.134822991285064,3.0932591015429054,3.2633743275896996,3.2691879093721687,3.4089239183888593,3.2342425545093256,3.1713407826967592,3.1391374497633895,3.149868435721985,3.090145477326354
1978,131.47305248898644,134.86121580933138,128.25714288197108,133.3969383866393,132.1718011942485,127.87581645238019,131.63861590422295,142.53782994431268,128.9458268836701,130.44492898074597,131.0329364264758,129.3566252988969,127.96385081983429,133.9817557865171,134.4740746854533,127.07177750593344,127.1081805035664,133.2116717578124
1979,1.3416076526807796,1.4667587644388351,1.3845138231274172,1.5256820534993931,1.401478200507693,1.3632242268895831,1.3436188822852013,2.750404808451824,1.3415441962732568,1.3410692053176472,1.3341824957632153,1.3320002730477623,1.355570246846822,1.3949468518417534,1.413728345689436,1.3230748164370998,1.3463893098420803,1.3833705446804112
1980,6.487009686293018,6.704583618007071,6.250832996827924,6.237087498520846,6.490295360747036,7.406084656084656,6.5000068594467715,10.309964726631394,6.410523140876092,6.527522407071213,6.781147688396525,6.744052362337179,7.321509038562829,6.340297501659134,6.52754003788274,6.350303638004313,6.350303638004313,6.064091817508559
1981,2.375075659450839,2.4475000675151892,2.931922224169561,2.682290251656065,2.402015700926144,2.611111111111111,2.3754433989287502,6.8769841269841265,2.721409946701874,2.570146619846422,2.391611998453525,2.3980828413625663,2.580045033317211,2.464178405170744,2.4299993815178396,2.192888450115644,2.192888450115644,2.3098873607369637
1982,0.04982418927408528,0.08593353141227632,0.7838003902458005,0.5913103093323704,0.20289412237423565,0.05158730158730159,0.049810957515136624,0.07539682539682539,0.048833206270437544,0.048803758673943876,0.08570177212509654,0.0818234423431584,0.05052336139550235,0.2636959845353073,0.13905628806060488,0.05008456508205844,0.05158730158730159,0.08593353141227633
1983,6.9129417097202195,6.821307166912686,7.2489620708635805,7.1094851631647815,6.914724426525804,6.917107583774251,6.911430665846339,14.028218694885362,6.930675910797343,6.964291347361972,6.857030508108512,6.863211178569301,6.906974508861491,6.885901598666378,6.828066243684798,6.7800332074397245,6.780991288841601,6.7206291247068455
1984,4.541651081357364,4.412741171915966,4.469831780061141,4.362424425279194,4.473438792856869,4.655246275294783,4.544039909461059,5.0878798341539,4.497530271662655,4.5450167559607575,4.501626703697619,4.503580784074076,4.6346111686725555,4.312534407586238,4.354646852341353,4.416318237378209,4.4478416365272055,4.160653506887852
1985,91.45307585544752,75.27132126910448,84.73190978114829,95.78267550776525,108.14950975097503,172.03937728937728,90.85481941374805,171.97985347985346,86.58199881828325,88.05380270180014,96.26920614127464,97.36695463755827,160.72666102475978,83.23365411706308,77.9058517831587,86.10528083419821,97.2107641816191,74.42202434539392
1986,33.982678003947896,29.38335551398082,29.438136745041223,34.11750469208633,38.140851559685856,158.63095238095238,33.71084505887638,87.37271062271061,31.246331914106076,32.029435961456464,33.63237618492457,55.064370933368025,144.37535644286837,30.990251198649812,29.843670850796304,30.972459552989807,33.82267169794159,29.35908387818111
1987,8.571824135310441,3.6604034347891568,3.278265509086445,7.924966259237199,9.242217083680915,1.8992706163807327,8.17467398984465,8.690725417015413,2.177867219291231,4.108873422098912,2.0256162440748047,3.669682814716936,1.9052163430361013,5.049455743112798,4.037649373182522,1.895050040613152,1.8992706163807327,3.6604034347891563
1988,32.25175175287426,33.687733534669775,30.782898759486674,32.63658359586393,32.15770418626852,32.964595295416416,32.294434479960465,45.31175819758653,32.43275056122274,32.124104645294814,32.4356741096211,32.195779004165836,32.854830299990475,33.061712663266015,33.41321816962807,31.262005220055965,31.262005220055958,32.63658359586394
1989,5.271624715618787,5.112083033681364,4.9551200806579265,4.535443307539974,4.6582843955051425,6.020204946897375,5.250642988752021,17.726886088201073,5.182084303985164,5.432520942561875,5.083782286432486,4.892969409806274,5.8673166196627164,4.663801486850816,4.89437961084678,4.423801009762311,4.6050226176235425,4.37193983105006
1990,4.115054204862403,4.297135554378587,4.8453163415299345,5.2065758427695945,5.120748602390914,3.9854497354497354,4.118995989456965,6.985449735449737,4.129074732637391,4.07438971605989,4.594894862221337,4.468423380695083,4.026126279033998,4.633096151110641,4.40301750168018,3.985449735449734,3.9854497354497354,4.2971355543785865
1991,16.9452472946959,16.949812526388715,16.209195481396943,16.450077889376313,16.21857832015513,17.343033509700177,16.953678629504324,17.67372134038801,16.979530695494486,16.984043036502392,16.7256775629243,16.674366591030346,17.26658727868244,16.600513343189494,16.7862292055827,16.087448826048483,16.09238402950782,16.17720132059898
1992,0.8315233103784033,0.7918582286323952,1.1631613764288675,1.0442215659504344,0.8352300628344534,0.9123809523809524,0.8331290577173536,1.305238095238095,0.7984428811746689,0.8189289359177033,0.7953962695754649,0.7982883116256702,0.8941751406670413,0.8316594271852802,0.7870473952280769,0.7790398569153482,0.7982197991687164,0.771570773071013
1993,0.4943731222510562,0.44912395595822846,0.8970188723435061,0.7373534228803936,0.4733681558060782,0.5171957671957672,0.4946971645844238,0.5167548500881834,0.4759297262816482,0.469106410412559,0.4403042628377201,0.44528563066821053,0.5055050837680674,0.5160799675540567,0.45738826734889865,0.3730142801091238,0.37524970761972426,0.392195911402022
1994,2.02860610988156,2.415414806464966,2.306995867518103,2.529955965524118,2.3716149232748776,2.3741534011507768,2.0283629645076346,6.600871131290333,2.187054617167019,2.2230069964210064,2.238615026631,2.2289851218547403,2.346685659588945,2.35327984385797,2.361903491309391,2.209073664368915,2.26763880814961,2.3450193509622417
1995,19.55372593077171,20.19394903953072,19.943848783829896,20.045673900821047,21.396249137937172,20.844009497566272,19.587117040844884,26.925671132115323,19.455360484639108,19.470918883008675,20.861752337778295,20.81404152356409,20.813464798689168,19.984457702689053,20.077667600597213,20.56550674362047,20.728401224325392,19.457260839292505
1996,2.302996705626788,2.1954364516536717,2.7319321357550197,2.2174886842806427,2.248898792435502,2.2872670807453415,2.291133919741345,6.013457556935818,2.2484567628653918,2.236897943340921,2.143867543686208,2.1163440685855517,2.2565182814089244,2.1303005730903553,2.151103221457913,2.0586289127203448,2.095184876197211,1.945741005527949
1997,0.1419056393472364,0.16743694089745284,0.817001434176703,0.634758071621371,0.2572445609730874,0.1388888888888889,0.14172705563762977,0.1388888888888889,0.13891654242762788,0.13891654242762788,0.15903814703978475,0.1544656529251667,0.13652246881199276,0.3255983458631399,0.21258170438862237,0.12476366465454342,0.13844022833049,0.16715724159312995
1998,1.01749414894559,1.0113091962993328,1.5059937256696203,1.3437644534353097,1.1190232702490688,1.1666666666666667,1.0185227731136177,1.8809523809523807,1.0116562596802172,1.0115361377067422,1.0612266199415241,1.0729640639033307,1.1510071249804248,1.1014025203035207,1.029074292805696,1.0475996475957483,1.0663579383725672,1.0084044897235207
1999,1.9896726992265619,1.9477155652003253,2.2528086211113334,2.3423481003315345,2.1110631251736076,2.158388599475504,1.9843832343826102,5.091049529749269,1.9834450057029533,1.975790686101733,1.91600733419417,1.9177402414474127,2.1147950577937524,2.006014146058423,1.9376707527337624,1.8963010041925168,2.0031267619341655,1.9246456078183745
2000,2.163780651017421,2.2231007816779758,2.8209322865395694,2.5609721087630746,2.545198871836689,2.3209876543209877,2.163052707918904,4.414021164021164,2.1612287389061664,2.148670381795489,2.191185778491557,2.211970185047634,2.2901848303708436,2.24296183904408,2.195267299142071,2.169328536238601,2.2482356037567737,2.1881022706378084
2001,0.16034055112369291,0.1728784977774116,0.8904536556106458,0.7444162891247719,0.41348532716568576,0.14285714285714285,0.15943966305288718,0.15476190476190474,0.14397113770287215,0.15571134171534415,0.18093423344460843,0.20047453654697744,0.14162617936432695,0.3690824073542212,0.22986446494488655,0.1359467034724262,0.14285714285714285,0.1728784977774116
2002,0.18055902302072227,0.16446124896727723,0.7670117866443912,0.583768747041424,0.29589185319330785,0.1865079365079365,0.17962311873680556,0.3955026455026455,0.16908040489471357,0.18026043641386433,0.17096802273281964,0.170403322322231,0.17852578356181073,0.2937702203465044,0.196902090881085,0.15798360281695886,0.1865079365079365,0.16446124896727718
2003,1.8055705858372557,1.7377047720876873,2.0710702884858345,2.1056673705092948,1.9963790526641183,1.9523809523809523,1.7996376157129788,3.7261904761904763,1.7840206049166696,1.8015818718539423,1.816049616224829,1.816227134510766,1.924531812472874,1.80759390791552,1.7382783072069072,1.7856689515952933,1.8370012933808866,1.7102288749188659
2004,1.14118865587546,1.1129425929713712,1.3363886321442375,1.2909530295152547,1.1732410350727427,1.380805462812142,1.1429735392965197,2.2528070169340277,1.1459113610543123,1.1355665854801045,1.146813069464379,1.1471465652430375,1.3457506715222853,1.0989574471530241,1.0826308472623631,1.1214130448640256,1.1732410350727427,1.072366072416633
2005,30.217587019870404,30.240919358285876,29.775554394297185,29.52780589396339,29.286265747064117,31.011780920986762,30.234748461372032,37.96816211735658,29.60406212367498,29.81045862845676,30.059990297444884,29.948392654172096,30.88738533311849,29.732558145478418,30.001141797807794,29.193434291629387,29.21352805963107,29.3321407357088
2006,29.451591275167356,29.74306812717578,29.93383739620685,29.24786280001248,30.004763170131117,34.40232615094273,29.46346618839932,53.679404156442935,30.138387833769425,29.36912981600874,30.39358777085867,30.04315859632004,33.771974649700944,29.367744163451885,29.562285429652075,28.833202804908225,29.634617919194852,28.54223153985642
2007,5.679082957612633,5.681551575813123,5.346383834268777,5.400865051509658,5.708519685714667,5.52022290096929,5.686746949884359,6.701061434811695,5.443098415460412,5.498828662286546,5.532433365063544,5.431561095721796,5.4949038026587225,5.464980299038404,5.576628341593718,5.337769884566794,5.380442012559814,5.271792196433801
2008,1.5030521180957734,1.6025917695439833,1.6776873753211305,1.9799353261944368,2.248326068534765,2.9135780380430476,1.504351818160102,1.8322044828282114,1.5058385359034885,1.5202747477131409,2.141380125976258,2.302574355467869,2.827423676981637,1.6795461455283618,1.6065613433759312,2.0130381900614562,2.0534399563840435,1.5966086949860976
2009,15.003463066904288,15.806220301594903,15.130024564971515,15.512861933597044,15.55113968261727,30.708854973522232,15.019683866478267,30.371931532589247,15.014400069081981,15.221833565137862,15.196598948132388,18.111712515913048,28.997495094667215,15.390270833093552,15.575215645913781,14.224117919783737,15.55113968261727,15.174051013951129
2010,4.939717225000887,5.043376160063144,5.048519614431755,5.163929610599911,5.273356482130845,5.308871742786784,4.944243064344619,10.723826624305985,5.036411918857387,5.118202024792212,5.142033897474358,5.129909297391564,5.276467064891209,4.991818012459205,4.99591253153221,4.96283710494741,5.011211724167474,4.790680021016765
2011,4.188290482482945,4.395508386245568,4.452486898368923,4.789711441105024,5.089998941047501,6.057285294413248,4.186912604087097,7.445359222504526,4.318433974677995,4.2633989297530315,4.97458314461177,5.131770614562886,5.924965391143139,4.43571935918574,4.373939042344144,4.760038665643571,4.778448149242087,4.147164250843322
2012,22.950297789422848,23.81306540950534,21.355490707633617,22.137705799753203,23.108232603607338,23.0,22.992745038483196,24.48809523809524,22.580676645257313,22.26013245545722,23.11664616827852,22.98546533181782,22.992367945883057,22.90266423609502,23.43145181169299,22.345015951084036,22.345015951084036,22.137705799753203
2013,26.245652833554228,0.33259857258695696,1.0431105075930445,0.8636988144629378,0.7193619417470337,3.2460317460317456,24.933538601752947,0.498015873015873,0.3200553222924368,0.3180165957071896,0.5879798904961654,1.3518622459163794,2.9998396822026385,0.5086269708728658,0.381524718464821,0.4473615390979753,0.45414696935822213,0.3325985725869569
2014,0.8556037960541224,0.8896195671778669,1.5531425314482104,1.3400494107145378,1.0621647870182678,3.815238095238095,0.8562415724012857,1.0547619047619048,0.874389921908767,0.8715785789690514,1.1070750787924124,1.8538100941230067,3.5664550738961207,1.0360591325983124,0.9292893078225516,1.003249668867924,1.015929873616659,0.8896194123764242
2015,8.108315273630879,8.80396992563135,8.094100646095537,7.935620927182124,8.123804180286431,11.114596783203723,8.118257802754714,17.397458623074787,8.25016296962274,8.206342584888295,8.268563034285853,8.711309601483471,10.792557885808153,8.191766994434184,8.516361929479073,8.081173402188162,8.123804180286431,7.93187348847382
2016,8.878735356076715,9.770848259001669,8.700677681458162,8.333997309614139,8.186050803015183,11.671399418461903,8.903474890366356,17.291766431248753,8.813011118172515,8.756620433936297,8.903310144593746,9.254412324406893,11.369012558286556,8.876201880648287,9.37069669078201,8.186050803015183,8.186050803015183,8.333997309614139
2017,0.3767999298367211,0.37557592040590965,0.5826564295173404,0.681957220087301,0.47955135738924964,1.090211481712181,0.3774795489297829,0.5934501763141825,0.37401565251403857,0.37803700098977333,0.43330779071013953,0.5641739678798167,1.0177440596785636,0.44734181166429815,0.3847403348495113,0.38668684312886076,0.3917567660066284,0.36298376944002486
2018,2.9081142721240014,3.505867443751885,9.706473611613353,8.089539018983034,24.297898166130903,694.6741970865864,2.841870956764513,34.25738465725918,5.367282468017372,3.8680739550730583,19.434358771196198,193.76562540774344,629.6685019190267,4.01130769886187,3.2793086179945363,19.42544520264404,19.517391282645075,3.238634332697272
2019,42.36729294743821,44.297487667519015,42.626737270816456,43.52322292162966,43.4018883811387,45.76226340682597,42.42880869844524,56.089685092943824,43.24693662564288,43.309636456512294,44.54565557233497,44.372460441085614,45.60441771949122,43.813213836177816,44.08046418496736,43.29750644801039,43.3799737320677,43.37284085508316
2020,6.775880053177542,6.860174432764604,6.795699853584961,6.89490121179612,7.011901686251924,8.658452326654299,6.780825073033346,10.818386887375382,6.763214647954295,6.7657391387386125,7.1026833407391194,7.318006702091252,8.47786243680543,6.768965894899516,6.797633755047166,6.955687573360102,7.011901686251924,6.728558215771419
2021,23.66762804960725,25.87313941918518,23.59405052499454,23.971671282508925,23.643014742301506,25.197860013611063,23.76184882675298,39.69172921615684,22.505078858373036,23.07998983188462,24.314772088787617,24.115279675229772,25.062137786527547,24.793793760802675,25.41053437422153,23.093744346748966,23.096620628835996,23.971671282508925
2022,3.3848956174514466,3.3065195186626313,3.2412285054732677,3.7264209786459968,3.9000196849130337,3.5967712144824535,3.3878758373228806,4.203120008132717,3.3464135822268233,3.4077028110051777,3.5797331239333023,3.584968261784468,3.5808824723004604,3.396009682229119,3.31340504814718,3.3280093483216517,3.3280093483216517,3.23572622957566
2023,5.360619125087754,5.368905976210063,5.085806142611573,5.410704451365021,5.650355677150455,4.984836040207021,5.36676270068106,7.816537431069271,5.4329410852090385,5.357247313453594,5.276767213994431,5.136450602837866,4.983694423444429,5.291432185422241,5.314306933087262,4.967195597444683,4.984836040207021,5.116645212044895
2024,161.20757859665187,163.87652293253402,161.36528415482493,165.84313727064574,168.5296934659141,168.24364160083653,161.35012099825906,222.44924860635874,165.00937883846635,162.3199917489267,167.07145556069844,166.44801637349346,167.88960047371285,163.88856507067626,163.64823618037164,162.79107608964168,163.25297244011117,160.05673137225773
2025,2.0645487256664397,2.012097703973625,2.446044939746812,2.2325505260182985,2.0453489631599484,2.1137566137566135,2.0610274931167125,5.1759259259259265,2.0534464348911308,2.0377015980306945,1.9705674255138135,1.9734778666451878,2.090181996082293,2.0301328555267277,1.9971858623222498,1.9034530280155293,1.9358510082680442,1.9378285333169385
2026,2.8220562504844033,2.558765167018417,2.57676673694295,3.1783239779686823,3.823328984095665,2.8029777931599362,2.787481204395789,5.4553901407421925,2.605080814866784,2.609461647931148,2.7951949691879174,2.8910185209415893,2.773789727846342,2.6987437114596493,2.574004378146774,2.7005910251216236,2.8029777931599362,2.547570733682464
2027,4.227324246931839,4.940455542835477,4.269977670314,4.635773139895323,4.442980895583417,3.7797644247786835,4.249754216444388,6.753500740488147,4.170953021752443,4.057800473235841,3.954479252959002,3.8494329570533377,3.7631567047246564,4.696526615787996,4.820902917877908,3.710417890885065,3.7682660560100216,4.483791440870261
2028,4.968589126056326,2.9052965533811412,3.2339215473045932,4.815042167536443,4.605048963379453,2.6213580512377597,4.820211622017001,23.26455270473512,3.680989310992073,3.5277271108514667,2.7420760537219286,3.0470312989765755,2.6129698772617584,3.645037469115994,3.1495612657528103,2.5841340330897133,2.6213580512377597,2.9052965533811403
2029,70.51021449644843,72.81848049515577,71.20740986759786,74.91999810524791,75.27396462341783,84.2844627421717,70.57987725060049,112.36155821716643,71.23740884566762,70.19790371558707,75.63376217222675,71.95551735002756,82.34743553300824,73.56464499834412,73.04384366398527,70.8383067403796,75.27396462341783,72.03301429053072
2030,6.071683773409032,5.712842341625937,5.7963396085460515,6.357069052281268,6.102367953595564,5.869524097743807,6.029717980356227,15.931565408161761,5.911440619666901,6.138855264348933,5.700478165279374,5.693760117216018,5.825650967930198,5.885101361959864,5.74578090936101,5.619159214478909,5.783802749603105,5.680815142958174
2031,6.605223909797918,7.100161444413289,6.664189692910376,6.698317332576203,7.065526337207256,29.592938034728206,6.620792039352971,11.285367028176575,6.511404364848873,6.57712884514861,7.116913594898133,12.330279981161631,27.326766530938997,6.746233622253075,6.921868931651201,6.931499054871996,7.0223448481566235,6.593889283390837
2032,4.748848027234167,3.165773970708555,14.75348447325417,3.9069511322852652,5.094412877750785,1.9722222222222223,4.545406638459014,246.56966490299826,15.164062718841878,8.720960091173266,1.8636997088794285,2.498060597232255,1.931632933975343,3.2766372469226206,3.1477852080963515,1.790141695517195,1.9111524196646394,3.11013285838488
2033,0.18391655859285747,0.1994504427387959,0.8280996756270533,0.6724040834928043,0.2934345776944262,0.1851851851851852,0.1839400945824388,0.1970899470899471,0.18518202485982627,0.18518202485982627,0.19635130160635272,0.19450842637701202,0.18208537834871644,0.3588782772616066,0.24472981994291373,0.1614984149959643,0.1673682800298666,0.19902495963288688
2034,0.15378093823560507,0.17065751547103028,0.7959204013135389,0.6255170312577785,0.3029559259327094,0.16666666666666666,0.15380648667252805,0.44047619047619047,0.16209993448059454,0.15730947574591994,0.17095308529497008,0.17498883918276462,0.16211486277775333,0.32087587309683974,0.21221412245713855,0.14760747651500716,0.16666666666666666,0.17020117098085633
2035,0.22756599716360548,0.23132650511947314,0.8323832519685297,0.6686575646435512,0.35404951969079496,0.3875661375661376,0.22775013621990592,0.31084656084656087,0.22208711941897205,0.21986318378460967,0.2768865812516091,0.299854554487458,0.37240918458557887,0.3731474911247277,0.26961220901994676,0.23119165175310594,0.23216330300872146,0.23018223731390522
2036,0.08096405580048448,0.12629012337297107,0.8973649566691627,0.6516400852548957,0.24801834477111537,0.08333333333333333,0.0807122728744215,0.15476190476190477,0.09222691534530196,0.0902202461703487,0.11419373109397667,0.11481071764581041,0.08190321083800375,0.31355652916731663,0.18309862765552123,0.0782560495401685,0.08333333333333333,0.12629012337297102
2037,0.24387865695858021,0.2571583412665723,0.8815431302981146,0.7627440893875065,0.39510668836969903,0.25793650793650796,0.24405066208793347,0.32142857142857145,0.24102996114315597,0.24080832622527884,0.2565627547417544,0.25550415431716544,0.25130170262933926,0.4208078424937753,0.30122373227747007,0.2360907434034705,0.25793650793650796,0.2571583412665724
2038,0.3303643532695255,0.4010029544661368,1.2420520270157926,0.9855167648640318,0.6622594367199308,5.202380952380952,0.33046434763031046,0.3333333333333333,0.3328882955827806,0.33095550479729546,0.630872409503942,1.8691268106417187,4.773368133655244,0.609259175877871,0.46414527892189933,0.5288353711589652,0.5291055176464564,0.4010029544661368
2039,0.3617086262037144,0.33719321469665336,0.8290886255424531,0.6537975208408738,0.3936745767520516,0.41102756892230574,0.3623478477779254,0.48245614035087714,0.3649244665364854,0.36253555319165537,0.3294315795208792,0.3371689285868045,0.39777531190622195,0.4183896827445404,0.3511664375099947,0.31348762372216704,0.3340500544218455,0.32075335793215504
2040,0.3833072793392174,0.4398616354247227,1.1372121196373286,0.8981666539095644,0.6483252945188288,4.904761904761904,0.3836208391160496,0.48809523809523814,0.39404623444659137,0.3943594564040098,0.6049930942121251,1.7043286997239688,4.488219243265635,0.5881979288532736,0.4798002610008143,0.5513444597821532,0.5536495216891573,0.4398616354247227
2041,0.4907954166757161,0.5078456634482614,1.1960931173996956,1.056832029861363,0.7213845420693606,0.6666666666666666,0.49078530160558415,0.9761904761904763,0.5048550360301373,0.49105805868713254,0.5753850426371585,0.6005441532043004,0.6516410847156958,0.6937371048714271,0.5609378219895154,0.5110710562310742,0.5116340375604481,0.5077705587337337
2042,0.130394060959271,0.15144696278632278,0.8390124370569247,0.6234475022702465,0.2852191959584168,0.38095238095238093,0.13035045909602008,0.2142857142857143,0.13142237303236715,0.13125790688009695,0.23494027306936552,0.2651094684274455,0.3632502208973716,0.31179309074229605,0.19742841994007476,0.19087182474798592,0.19598370914488913,0.15144696278632266
2043,0.4535207942109871,0.43949614224943656,0.950653180258343,0.8419226939839194,0.5609664633466166,0.49382716049382713,0.4542355089861412,0.7006172839506174,0.4442283370572781,0.4480502765624479,0.46068082273675465,0.4601742197462997,0.48441183312342145,0.5558663891784181,0.4656819140758468,0.44772607006774373,0.49382716049382713,0.4390966841800572
2044,0.11138620937761157,0.1518200333595774,0.8793738896742295,0.6659367013571958,0.26872788020248245,0.11904761904761905,0.11148658420570905,0.17857142857142858,0.11142951608637817,0.11203768754277417,0.13606271626950348,0.13985017932345653,0.11626449374805929,0.33045886226837523,0.20445488370149376,0.11015485170977457,0.11904761904761905,0.15182003335957725
2045,0.3889955950524285,0.3779225310027381,0.932090108479695,0.7915913102808215,0.4790122028177077,0.4166666666666667,0.38940333883668204,0.7896825396825397,0.3856329722640713,0.3827704018010723,0.3704312302443636,0.3718532333424722,0.4053465652082729,0.49447657696133246,0.40287686690286845,0.35674718748507095,0.3803854296577258,0.37736265350913695
2046,0.1322926690506924,0.16978820146353976,0.8647011632479201,0.6902870955520539,0.29617942447504303,0.13536155202821867,0.13232086596863718,0.19532627865961197,0.13428580379101823,0.13313404093127254,0.1623865022526336,0.16442387317411075,0.1336465887858311,0.3525289029032866,0.22428238309435597,0.13087190221610268,0.13536155202821867,0.16978820146353968
2047,0.13017674813020447,0.14700809914211915,0.7898141858685351,0.6138394656902431,0.2320332677050542,0.1349206349206349,0.1302570395531277,0.15873015873015872,0.13403330430984403,0.13403330430984403,0.13798490163662983,0.135545822522982,0.130669352089782,0.3037686590781587,0.19131509351540957,0.11444725119215743,0.13203262332401725,0.14700809914211907
2048,3.239141262031783,3.407780484047621,3.8612594613417976,3.9084973939937555,3.6305021312484733,3.4404761904761902,3.239606225597493,6.011904761904762,3.2748663563374354,3.2880127921939617,3.3679273472077824,3.3677528109101567,3.4181075810238912,3.5169131243188807,3.417539344627691,3.28805964278219,3.318561393526941,3.3511114978917553
2049,182.75338135726668,187.2293847333777,184.84003101203174,180.16645012222023,179.62180032983807,188.6864083314329,182.88765742614962,186.96940494070165,185.0234617345819,185.0234617345819,185.3043431036078,184.01736194420596,188.20719687793158,183.5788431127845,185.74059024953692,179.5630800934348,179.5630800934348,179.97860507968892
2050,0.17034400763353708,0.212525870124278,0.8509560154642667,0.6922420386091542,0.3096107799317554,0.3452380952380952,0.1706144736312594,0.16666666666666666,0.17787972045204856,0.17750313896966108,0.2532546883582174,0.2648674419843115,0.33157090030866165,0.3730868802307965,0.2577189763742647,0.22688146952920862,0.2433957840397922,0.21252587012427804
2051,0.09102238020526338,0.1321002460888674,0.8325887811496364,0.6505222793939688,0.24569432549388628,0.09523809523809523,0.09109436578390052,0.14285714285714285,0.0904199023657748,0.0904199023657748,0.12196705706224242,0.12089181675051648,0.09334177196394468,0.3146566300139073,0.18672568780428075,0.09161599800837157,0.09523809523809523,0.13210024608886736
2052,0.18041959383352923,0.19100961179123765,0.812966916307432,0.6282457276092726,0.2932297443030077,0.19047619047619047,0.18059985263751813,0.17857142857142858,0.17718717619785376,0.17718717619785376,0.19540724786637764,0.19478609043127224,0.18667116154544924,0.33431211988223875,0.23025488307131417,0.17802169582175506,0.19047619047619047,0.19100961179123765
2053,0.1806620669652368,0.20555983744151232,0.8483247473581956,0.6795145147656155,0.3210821219119175,0.36111111111111116,0.18091004589199058,0.27777777777777773,0.183465335709342,0.18195210206559853,0.2414043206841562,0.26699711372719587,0.345030756122131,0.3648533646354886,0.25063313356676475,0.20357105114734733,0.2142314890506761,0.20555983744151227
2054,0.06817079493002944,0.09712287362313672,0.7748610471841619,0.5824977421440884,0.19587448468651517,0.07142857142857142,0.06823610478232861,0.10714285714285714,0.06713167854280121,0.06713167854280121,0.08839447220909807,0.08803461567132352,0.06898365373808685,0.26462118516739314,0.14607680878894663,0.0665025439873646,0.07142857142857142,0.09712287362313667
2055,0.0871205275759994,0.11685951202331006,0.8058726267788453,0.6217213354407843,0.2948339748921042,0.08882783882783883,0.0870729881690494,0.11263736263736264,0.08810673061956102,0.08957359521517894,0.12212809904348813,0.12619230189720956,0.08665681068812736,0.28970960490566333,0.16690015265791927,0.07874863736738584,0.08882783882783883,0.11685951202331003
2056,0.06012830072545622,0.08752617106502193,0.7694545160520182,0.5886833460107751,0.1941209850274167,0.06318681318681318,0.06017427913359902,0.18315018315018317,0.06173787622042456,0.06014771835129679,0.08610994479659438,0.07988772167341841,0.060467948066440985,0.25980184549615437,0.1376437417074563,0.0523636722204881,0.06318681318681318,0.0875261710650219
2057,0.13378533775966045,0.1519716662789689,0.8106396036946962,0.6115948409663455,0.2346848157658985,0.13536155202821867,0.13356286316885782,0.24206349206349206,0.1337244567949226,0.13224740532225648,0.1438540659574031,0.13798644791036255,0.13139073537763044,0.30640263418991787,0.19565270477949104,0.11272196725529288,0.1254198103187149,0.15197163721996534
2058,0.02500113466061259,0.0717612896179705,0.7995978494609927,0.5977412760710964,0.17659098370249193,0.025641025641025644,0.02499194624351275,0.13278388278388278,0.026128469577512446,0.026128469577512446,0.06526727885318998,0.05591226235870302,0.024599812504618363,0.2599350204425558,0.12907487897132996,0.022119870722325602,0.025641025641025644,0.07176128961797054
2059,2.2889802784026716,2.3374495654586083,3.1083369341844755,2.8795986072966957,2.4913207648867077,2.2857142857142856,2.2888190200136824,2.2857142857142856,2.2857559966272443,2.285782171219987,2.3434141722830186,2.3413210337740895,2.2870272762828896,2.534200582469379,2.3983123313249313,2.2857142857142856,2.2857142857142856,2.337449565458608
2060,29.359146655119805,29.237672245111487,28.9264022040222,28.75474986765577,29.018413636448695,28.30952380952381,29.364269249629057,29.69047619047619,29.278135655793964,29.2602935609265,28.737099694688286,28.595859739811075,28.33202759406677,28.9278420974575,29.097331635907626,28.286248194970995,28.307564976333964,28.5611254131728
2061,35.54402618350634,35.20050289108923,34.44745825171743,34.54236821223248,35.05670471391243,35.72486772486773,35.548368062066324,35.84611992945326,35.553806170380696,35.55899142463834,35.338372752008055,35.33502184909513,35.68086434396391,34.79489093711431,35.01988740200809,34.97429541601397,34.98338279033509,34.26075813777586
2062,7.153093064384271,7.017433156661628,7.212220052847542,7.154754279852603,6.936108667803633,7.160052910052909,7.153265202806378,7.1723985890652555,7.1508214632923215,7.1508214632923215,7.004097630461068,7.003343463140985,7.140355606040862,7.0112094018804605,6.996971418818763,6.827879945065944,6.8283295983274535,6.798460126780122
2063,0.07581873362311572,0.10801243603465988,0.8025817007128069,0.6098706716117387,0.24942828697767008,0.30158730158730157,0.07584865906977827,0.06547619047619048,0.07190209601909203,0.07190209601909203,0.189848563601326,0.20801378379459765,0.2861554888641213,0.28455953695194885,0.16077959235247533,0.12764663043946198,0.12770394962449005,0.10801243603465982
2064,0.19634324764693192,0.2208074544393208,0.9177704342846038,0.7703752011007721,0.5434277480669005,0.20370370370370372,0.19592847367968028,0.18033509700176367,0.1954588607912486,0.19846823655954102,0.2613983710456706,0.2771255646198381,0.20236627528142537,0.4056132332181435,0.27313502325839323,0.1986417258214138,0.20370370370370372,0.22080745443932082
2065,1.4000045367268303,0.12997941063892507,0.7744586387910813,0.5944722452821747,0.320005887514712,0.10912698412698413,1.3352554543766264,0.12301587301587301,0.10471852354541346,0.10471316875647729,0.1545825818598685,0.14955957992674804,0.10731962667649149,0.2826522534537715,0.17195088988323678,0.09258599683979378,0.1034968038948843,0.1284601474988954
2066,24.063369208885046,23.929574053033615,23.57512483118809,23.770168220154257,23.51318707198885,23.102292768959433,24.068075957459914,24.734126984126988,23.886133829451893,23.895703133424234,23.193475028119675,23.055285905650535,23.07487122129442,23.75817422776846,23.839006864809438,23.003959817089566,23.102292768959433,23.470109132976507
2067,1.9409853427860504,1.9833690079662096,2.6601323444927836,2.5201893689074812,2.123792334826281,1.9735449735449737,1.9414344015639466,2.0815696649029984,1.9318751397173282,1.9279766628286277,1.9876364279981014,1.9856604074672328,1.9690857747325439,2.1687830633995326,2.037615560130584,1.95588552958077,1.9735449735449737,1.9833690079662096
2068,0.1850826313573554,0.18221646598326555,0.7618341962798013,0.6246641919767968,0.2785475274800237,0.19642857142857142,0.18525115969479508,0.25793650793650796,0.18228369332223404,0.1819799978764952,0.18301152469249882,0.1803913351662321,0.18968614351641158,0.323023190513335,0.21923904256328627,0.16192814572600941,0.19642857142857142,0.18218999254051838
2069,1.301667221476056,1.2976924290007534,1.8680955962178996,1.6628529174259483,1.3540530155017045,1.3214285714285714,1.3021211074455519,1.357142857142857,1.3068879237826185,1.3068879237826185,1.2920129338990611,1.2910967882080393,1.3141974326333792,1.404379187187638,1.3221526956293363,1.2476623232374624,1.2489055696046636,1.2810182444426734
2070,1.2588152759165807,1.2627657399087717,1.8558025197851966,1.6526683194829772,1.3656669722278634,1.2857142857142858,1.259342496971519,1.5119047619047619,1.2697467866150391,1.2626956927047994,1.2644314027794452,1.2626395661524297,1.2777322181044222,1.375817786579056,1.2883307402288489,1.209770879168598,1.211148481152098,1.2361995610546963
2071,0.3683077403161925,0.3988321382870745,1.0717961764250667,0.8912738723373703,0.5117727643715934,0.376984126984127,0.3682970956170349,0.7341269841269842,0.38862529941240814,0.37431410681625216,0.38417397999869723,0.38786528761344247,0.37298605882126096,0.5683194838354282,0.4482110313519853,0.3585221044216975,0.376984126984127,0.39883213828707453
2072,1.271303084385161,1.269037038217198,1.751074127135781,1.5657484508749668,1.3071544994359043,1.3223443223443223,1.271852815972456,1.608058608058608,1.311517330125751,1.3025622882422723,1.254536855561678,1.2543788293777693,1.310114420711556,1.3411425137013246,1.2795791730081065,1.2080094364776344,1.2116143263050765,1.254272988936419
2073,0.58915211611141,0.563661073177795,1.0859535855614064,0.8827382383921778,0.6118069186015415,0.5970695970695971,0.5887350674720396,0.8946886446886447,0.6003030717256925,0.5857757107928298,0.549693968820826,0.5492900196701717,0.5873282978947687,0.6494858255149726,0.5802996548478628,0.5201208837320357,0.5283051655034255,0.543545252070025
2074,1.1124946429321725,1.1210128406494524,1.714508294817042,1.4861294966642804,1.1662460084892963,1.1465201465201464,1.1129635075298376,1.2930402930402929,1.1357375075573324,1.1358411697222337,1.0964399011635424,1.098633406354538,1.1365340021000692,1.223081841792328,1.1425230026591136,1.0466471685908514,1.0501903124457908,1.104799163920956
2075,0.14528765552322026,0.17195100919012973,0.9077308543037926,0.6805296117160458,0.3128101539722353,0.15476190476190477,0.14494006644585178,0.6190476190476191,0.1838480822158739,0.1543643493935508,0.1698888543584386,0.17107026752538226,0.15074832247250058,0.3438809050103753,0.22095671021197694,0.13995560398464985,0.15476190476190477,0.17195100919012973
2076,0.5737385245704836,0.5667768538386357,1.1031940106023312,0.9576530070269825,0.6354036073455086,0.5833333333333334,0.5739694409967236,0.7261904761904763,0.5549863371628659,0.5549863371628659,0.569255420866633,0.5613208753153756,0.5768078039793735,0.6850467912531307,0.5955644754013109,0.5412475077620832,0.5533235133074933,0.5576604316778405
2077,0.252206925914936,0.24653843520495736,0.8271703235621111,0.6379615294538404,0.3096251679923715,0.2738095238095238,0.25255097248445674,0.3571428571428572,0.24330555308987015,0.24410161702294275,0.2387492705500913,0.23663426296347687,0.26513452026054674,0.3628503646688423,0.27400729875197777,0.23321891733884073,0.2713354502378169,0.24653843520495744
2078,0.08666564599387717,0.12560742922507195,0.8275474993885913,0.659409083786208,0.22909626706980687,0.0880952380952381,0.0865391888378309,0.18333333333333332,0.08671597407816527,0.08639857495623005,0.10897859508390957,0.10976939336593704,0.08586828129281528,0.3138606389151627,0.18203328487939366,0.08154664855790347,0.0880952380952381,0.12560742922507187
2079,0.07491630625848013,0.09446583294685522,0.7391726712089675,0.5880875073891048,0.19871138718502643,0.07072829131652662,0.07447011262059967,0.0868347338935574,0.06999577477069974,0.06999577477069974,0.08734884304157912,0.08698668143550668,0.0680581461250503,0.2639510924115018,0.1437017980711591,0.05870734498767399,0.07072829131652662,0.09446583294685522
2080,0.2513051696477236,0.2894658588060195,0.9764411628309183,0.8334555695295759,0.43452221924603746,0.2619047619047619,0.25135391399932056,0.48809523809523814,0.2655882427508451,0.2598673373722106,0.2855124493765527,0.28756593278096027,0.2590125987908822,0.47788673839863893,0.3447764564584692,0.25256066163576246,0.2619047619047619,0.28946585880601944
2081,0.5098432612791245,0.5126905087606509,1.1004605713669295,0.933962792459058,0.5896832308383594,0.5098039215686274,0.5098413188809187,0.5098039215686274,0.5098042192105459,0.5098042192105459,0.5082675111654461,0.5072855802444277,0.5057308677998916,0.6470748689607011,0.5481438252448741,0.47021731735731004,0.47095113181716575,0.5044657292041074
2082,0.6495693410895234,0.6533039486745837,1.21008220770003,1.0336533098495961,0.774552237572399,1.6437389770723103,0.6503575100193962,1.021604938271605,0.6308195787572014,0.6371151019662137,0.7255215683464503,0.952356831693305,1.5514897727277954,0.7617638207660979,0.6770763434721513,0.6739485596173306,0.6870934524291812,0.6532840828784494
2083,0.030057686199111127,0.0705987500048245,0.7932181216007231,0.6066942855544325,0.189885306582839,0.025238095238095237,0.02972827794084736,0.037142857142857144,0.02530713827546564,0.026427477769657138,0.05787593117655887,0.058936798557707774,0.024231724358308154,0.2629146027464497,0.1293494314935116,0.023384099064769584,0.025238095238095237,0.07059875000482442
2084,1.2908225520267023,1.2795304957929987,1.8347701770227596,1.6490973548332188,1.364081507710355,1.3073192239858906,1.2910598128831574,1.060405643738977,1.2896616487170662,1.289555057038042,1.2845456329760296,1.2837257643874234,1.300282163894581,1.3858502681856688,1.303227127039481,1.2547355633853554,1.2590268074789357,1.2670192680462475
2085,0.09463679361955052,0.11426718642526774,0.7732510793347959,0.5790507548635596,0.20106251692417576,0.09788359788359786,0.09469878455963261,0.08509700176366843,0.09236217852493973,0.09236217852493973,0.10305436823080033,0.10212753992910877,0.09404689551541894,0.27118780608453835,0.15892235479460595,0.08130292283013153,0.09788359788359786,0.11426718642526773
2086,1.8493961146238158,1.7999634859723823,2.126722865690864,1.9354603773610684,1.905233569992663,1.963403880070547,1.8513526944185876,2.751322751322751,1.8862331313150118,1.8727199151269331,1.857700729299243,1.8609473642409011,1.9465548060164188,1.789930251481204,1.777282588931386,1.7633264500107666,1.7714477565135363,1.6908635335182698
2087,2.059237233315046,2.032995116706513,2.2862631123411234,2.1115154753367693,2.083515004232074,2.2314814814814814,2.0623362282583746,2.9828042328042326,2.019126575193457,2.006448062015432,2.073757303254711,2.0795124504338722,2.209265857058659,1.9914205307268695,1.9969649386439106,1.9957422411768235,2.021602879882463,1.9428777138293132
2088,1.2821532933557374,1.2365825113222226,1.6315732224327484,1.4041076110252337,1.4033230636521816,1.3333333333333333,1.2835601551249505,2.142857142857143,1.2905410257912229,1.2567860627130967,1.2878609036560607,1.2898352244887765,1.3219191547885194,1.2494140378777807,1.2246916763534184,1.2614788863539346,1.2803184242928152,1.2057661658629375
2089,0.1058366467519361,0.1484800757249839,0.8660747740131544,0.6971919227967351,0.27222036212492384,0.10714285714285714,0.10586481180436295,0.15476190476190477,0.10346743062501718,0.10346743062501718,0.1476067052202203,0.13923747224774344,0.10581234628859253,0.343983911623633,0.2077571090515092,0.10337575241344597,0.10714285714285714,0.14848007572498384
2090,1.8408598233982092,1.7899449378206456,2.0850421421686707,2.0306753351269244,1.8021465544036015,1.9444444444444446,1.8422688191469554,1.513888888888889,1.83321487948891,1.8381375378943143,1.817451957451615,1.8007362911114033,1.9235433003630042,1.824581681762912,1.7832248062669425,1.7385549268393354,1.7423872323444722,1.749793873871342
2091,0.10117387233540508,0.1242930973244933,0.7880358464687781,0.6016934808727771,0.24336419937738296,0.10714285714285714,0.10127356075881278,0.11904761904761903,0.09718085253652686,0.09718085253652686,0.12251375326309732,0.12461575770452604,0.10433274784902054,0.2846602466815963,0.1696400268872452,0.09991114782671257,0.10714285714285714,0.12429309732449327
2092,0.12159435053013695,0.12964457245913516,0.7740293021347465,0.5415848680487102,0.22284378772805105,0.1322751322751323,0.12160102999558643,0.18033509700176364,0.12342534989401739,0.12363212251237769,0.1295860485865504,0.13015749730040818,0.12779719213455332,0.2622427507390388,0.16507457108752446,0.11915208774354319,0.1322751322751323,0.1296445724591351
2093,0.4908393117197123,0.4431205013370467,0.9482961255772259,0.8238995834956512,0.5712648171934992,0.48809523809523814,0.49045960676839884,0.46428571428571425,0.47176082602982206,0.4746878339337441,0.4736511274098709,0.47320192900184566,0.48152287830807183,0.5518184395894105,0.46699369195952695,0.4164498550473177,0.4169339640633256,0.4123983486952621
2094,0.2408007526978624,0.24504358672820659,0.8734600974233482,0.6997828376507137,0.4725799426667259,0.2619047619047619,0.2410614774556132,0.4404761904761905,0.23899069989355629,0.22886687919530926,0.2724695096839431,0.2840505827985582,0.25663208474029486,0.3845086723251305,0.279732531399537,0.24155726666563382,0.2619047619047619,0.24488436810894662
2095,0.14788799736450783,0.17498984872727683,0.8522911925846679,0.6528994348832108,0.30116990508603436,0.3452380952380953,0.14802862082845716,0.13095238095238096,0.14314802370574273,0.14314802370574273,0.2351625342595227,0.25918822422491355,0.33087168830243346,0.33891229571118586,0.22255106445826656,0.19974715294009485,0.2005829026970227,0.17498984872727677
2096,0.18146626467086058,0.21625915801735793,0.9048374826182654,0.7213946430419179,0.33302940767066574,0.35714285714285715,0.18165409775416377,0.19047619047619047,0.17545797275717112,0.17545797275717112,0.2578361482507016,0.278721603901932,0.34332792425333,0.3908607312850068,0.26738790670570595,0.22799267929298825,0.2299943139272216,0.21625915801735787
2097,0.4613138641438139,0.46792383674112825,1.066619384613224,0.9233259689460454,0.5351204465238597,0.46560846560846564,0.46139984508327386,1.1322751322751323,0.4612618830277313,0.46187554346698384,0.4516169335752645,0.45147132770871906,0.45979437026632114,0.6180737502170213,0.5093715255011099,0.4307529968224046,0.4432192341133839,0.4679238367411283
2098,0.2402599558770108,0.24806460358855853,0.8440397504769136,0.6963035532114817,0.3702026982597902,0.25396825396825395,0.2404538944412881,0.36111111111111116,0.2395195285653319,0.2365727304065265,0.25884127584254285,0.25914550694662464,0.24972138204102523,0.3921491656577483,0.28649004935808914,0.23661662663602315,0.25396825396825395,0.24685016462322282
2099,0.06803087243863155,0.10579861409937567,0.8097421729288291,0.6304723328451151,0.22466157461594174,0.07142857142857142,0.0680941205355946,0.10714285714285714,0.06647487207280976,0.06647487207280976,0.09981983321641023,0.09773591762949115,0.06953148206331451,0.29067762572069183,0.1611603352875293,0.06797436183450467,0.07142857142857142,0.10579861409937567
2100,0.03489546283058956,0.0833554466358767,0.8121267984994635,0.6240861032522113,0.20090370059585103,0.03571428571428571,0.03491224784617616,0.047619047619047616,0.03504541249603399,0.03504541249603399,0.07379725815569856,0.07200115688997673,0.035175267567996556,0.2780055084467281,0.1430438074008615,0.0348745416485623,0.03571428571428571,0.08335544663587675
2101,0.023077744428887447,0.06756767776640583,0.8089729638835924,0.6086208085002386,0.1735069780046066,0.018518518518518517,0.02285263264956298,0.018518518518518517,0.018589221643426714,0.018572945912999725,0.050076561756574704,0.05224346854192483,0.017951778346091747,0.26242159948305344,0.1273478119770003,0.016640088681131388,0.018518518518518517,0.06756767776640576
2102,1.0550629662500552,1.0010905991980625,1.4235792115396286,1.312930683553711,1.036322372641962,1.0714285714285714,1.0554550044839175,1.08994708994709,1.026254668009042,1.031535514972284,1.0036258447219895,0.9994684872554269,1.0593359343810713,1.0745530082464352,1.0106857308663433,0.9564051379921118,0.9694446696265571,0.9655826521878837
2103,0.1119846926253607,0.13445726172165248,0.7924814187896848,0.6138373837802055,0.2385322674438096,0.3068783068783069,0.1121881203289141,0.1455026455026455,0.10551154994995793,0.10551154994995793,0.18520307143899264,0.21237381323283402,0.2919980248602194,0.2947946982413022,0.17954760644720194,0.14052001657681465,0.14343669947749543,0.13445726172165245
2104,0.3633335709546685,0.3583135368328461,0.9122202883187688,0.7685020156186898,0.4381714656281443,0.38095238095238093,0.3636475156899422,0.5833333333333334,0.37038516106508285,0.363971959246384,0.35139168078382665,0.35254679118343696,0.37298046008587216,0.4845848405341206,0.38990455374736044,0.32590408203085325,0.3359563517763923,0.35497810985367845
2105,0.532184334597445,0.5297342844053238,1.1058304911831758,0.9499716094690783,0.5730233995258264,0.5395238095238095,0.532346468645006,0.5633333333333334,0.5248442901378034,0.5275102411361695,0.5104538480066328,0.509598227927288,0.5323304674703796,0.664187373094318,0.5653557821586296,0.49085588288017606,0.49833163486113013,0.5295427782389274
2106,0.2260746081944481,0.2249376546253735,0.8093235089825908,0.6626869919915893,0.3254077689161207,0.2342857142857143,0.22601766674895807,0.4066666666666667,0.22466330043490676,0.22342408175293293,0.227492357335041,0.22721730668690995,0.22884222438357316,0.3658594587539381,0.2625976887837089,0.19071799296249917,0.1935167359756469,0.22427035612600169
2107,1.9520736243272079,1.868948258575611,2.1165815714444203,2.0025227881237386,1.7858509278687353,1.6904761904761905,1.953514262124698,2.3214285714285716,1.9339473369640683,1.9056598419327875,1.6862217872492842,1.671081372229817,1.6824993118267149,1.8575578371661183,1.8456294453277604,1.6534085030144892,1.6814604149375256,1.688706372055779
2108,1.5187568635240105,1.4926245976520025,2.0031424342059485,1.8133539405535508,1.5257692889743943,1.5310559006211177,1.5189146165366,1.5693581780538304,1.5078384936565141,1.5096223264487494,1.4777969820900516,1.479043832743112,1.5214115052483994,1.5765387968420417,1.5078421639854416,1.416731433496259,1.4188162162805957,1.4521961755960462
2109,0.10942592003419903,0.14383606652528602,0.7960201875635818,0.6733004171889495,0.25322775554291815,0.11507936507936507,0.1092726404396434,0.09126984126984126,0.10915866213850263,0.1089923439616561,0.1307535152337015,0.1298581584985626,0.11167065825815271,0.3280868075637437,0.19822081871025932,0.10638815722441282,0.11507936507936507,0.14383606652528602
2110,0.25904817804737257,0.266155211460649,0.8723880747076461,0.7745359371251088,0.3629673487942297,0.26851851851851855,0.25909699317427753,0.37566137566137564,0.2663338337824542,0.2631610278540696,0.2486980507066352,0.25097773690113917,0.26093557264880946,0.43106375480080245,0.31069099211861206,0.23471801738566267,0.26448917913997855,0.266155211460649
2111,2.295473257452941,2.2003753868077847,2.3732022322677255,2.3168568705030204,2.2677794626557115,2.0833333333333335,2.2969962418173595,2.392857142857143,2.2629975723701765,2.2530511058065286,2.1444902860961164,2.1106856813021824,2.0802302036279072,2.1821906461225407,2.1747593747258005,2.070428638023477,2.0833333333333335,2.0251547135315464
2112,0.6894645485755108,0.6675262193582564,1.0688426376556406,0.9656703592943848,0.7901260193366707,0.771164021164021,0.6902903165306452,0.9029982363315696,0.6861338468029102,0.6793437604707874,0.6968033225696778,0.6977762813734487,0.7563670606860433,0.7257814437020587,0.6690322661459543,0.6762902355473233,0.7034387165820921,0.655104011687731
2113,9.605362814534951,9.673884485142684,9.376049801294739,9.4510940018779,9.275060965240613,10.13095238095238,9.613919753982174,16.8994708994709,9.8588496061134,9.579248901637058,9.390955994808872,9.374600908243385,10.025760714844703,9.39595375078556,9.522743673145898,8.806327225080752,8.845810345481643,8.928814070886776
2114,7.4321459874885525,7.397114759059234,7.638999046910108,7.904448244371125,7.888632239260203,7.556878306878307,7.434672482579603,14.546296296296296,7.732340562909822,7.460243617227668,7.428401132477467,7.468080239605874,7.52507774713936,7.493829778694226,7.398132353388202,7.139055208314143,7.140211624032422,7.189528070298589
2115,0.19217353212809207,0.22022369817746482,0.8991979021903146,0.6844175761037506,0.43791425998897004,0.20238095238095236,0.19219794278705157,0.2619047619047619,0.19643539926136586,0.203422994795057,0.23638740510252632,0.24323481048368079,0.1995441865781099,0.37296838854378106,0.26227703466075286,0.1953262955143957,0.20238095238095236,0.2202236981774647
2116,0.08603054874504179,0.10390116859180898,0.847366961776761,0.6363406996667871,0.49010427353630237,0.07142857142857142,0.0851270435733208,0.13095238095238093,0.07024818075145246,0.07516533711275074,0.13416198526573234,0.16368821344203485,0.0701174968162817,0.28261925268461735,0.1543879986822089,0.06853904559068934,0.07142857142857142,0.10390116859180892
2117,0.08248059151674851,0.09654371029782481,0.8235692525653958,0.6037226816154923,0.3052818533726141,0.059523809523809514,0.08080397106665463,0.08333333333333333,0.05884217257343449,0.060098875633231436,0.10548754154052269,0.11102269762375964,0.0582494862896038,0.27331098149346184,0.1488132873049124,0.05761163929387492,0.059523809523809514,0.09654371029782476
2118,0.1319200940948091,0.14312112066131297,0.7702578953617153,0.5805713936213582,0.4611978390780033,0.14285714285714285,0.1317815424286732,0.2380952380952381,0.13436164260044478,0.136752623216837,0.18043616346734262,0.19873153032564192,0.1391479451462189,0.27680248123322576,0.17618315867213172,0.13474648046607954,0.14285714285714285,0.1431211206613129
2119,0.07150558188916714,0.11011420360882392,0.8039506822797359,0.6310826533054229,0.21649614641665213,0.07142857142857142,0.07150177949767524,0.07142857142857142,0.0714375923070265,0.0714375923070265,0.09702918964289296,0.09918139482438264,0.07017356699931192,0.29515723702531266,0.16602553103178486,0.06649062169042926,0.07142857142857142,0.11011420360882396
2120,0.24092126252920296,0.22758242555220087,0.7692891426830907,0.6264977181652224,0.3090674093006865,0.2523809523809524,0.24111686267266874,0.2642857142857143,0.23222073681150987,0.23222073681150987,0.23531029789044003,0.23227766704159017,0.24601043760508548,0.348232337225197,0.2569285339093558,0.21140572216297362,0.21808730091675146,0.22261935258752996
2121,0.30511735832690445,0.29466593218887743,0.8315330568766105,0.6788812271106804,0.35577948817931065,0.3333333333333333,0.30552335524218294,0.42857142857142855,0.29503698460996897,0.28672306570774037,0.289036080810073,0.2893638092422262,0.32396904678795396,0.4062230972043022,0.31995668240813296,0.2763203014704669,0.3001481187648127,0.29083363862384326
2122,0.6353974719922236,0.6053717528104405,1.0616144441363222,0.8679412263934627,0.6138892463130975,0.6309523809523809,0.635843518004455,0.7619047619047619,0.6114145393923524,0.6068287547788972,0.5428985472830278,0.5549120214997748,0.6172725537151537,0.6606963161237567,0.6092711365010002,0.5255281382385831,0.5365533626447919,0.5540417914936232
2123,2.7972943154643755,2.7700764779344045,3.165947513388005,3.2226409592126566,2.9332541691344356,2.8536155202821867,2.7980589492859607,3.0881834215167547,2.784808893671715,2.787670094866604,2.7955874170614536,2.80272338691506,2.840362275744082,2.892905546883506,2.794379344308439,2.7937906187963573,2.8503363590285837,2.770076477934405
2124,5.668489756358209,5.530221681282364,5.507966935829944,5.282559378236134,5.406966512254364,5.833774250440918,5.671107662079243,6.119488536155203,5.715890294026824,5.69565419042862,5.526243706092995,5.549841130079326,5.799033305790609,5.321383032715667,5.4262844225652245,5.310760330779602,5.329102290456013,4.979131318528406
2125,2.0093709027561713,1.9839844809286795,2.4273354552422495,2.32291751303492,2.1538977235697367,2.047619047619048,2.0099638886506073,2.1547619047619047,2.0430056144935276,2.043112985128221,2.048366350139132,2.0485583535652734,2.0430149753310496,2.075674592291596,2.0019941883481973,2.020075697013159,2.028506961028962,1.9423240247914417
2126,4.343999301210605,4.169634763164367,4.327743516437457,4.260648435888815,4.292333839040341,4.357142857142857,4.343403056741898,4.392857142857143,4.343652846814055,4.3622404932578345,4.243471539414005,4.255217564780815,4.340693457408682,4.1303834211549075,4.133592263551379,4.108347209480544,4.112441006370365,3.856811783283108
2127,3.995164561791592,3.8578090653418298,4.042304803778361,3.9624274381129183,3.94334665858906,4.035714285714286,3.9959523613672467,4.084215167548501,4.0068524947995305,4.006342448702676,3.9273379968134496,3.9340587067825683,4.020556268937894,3.82799741748917,3.8261754059835975,3.8234213384050175,3.8252735739084547,3.6049042054049454
2128,4.264262240411877,4.160811397623385,4.332349719071559,4.274766615838995,4.257665615762273,4.344356261022928,4.265866913554072,4.451940035273369,4.316265084762026,4.314687531288995,4.2419387758985065,4.243378761821567,4.329071615211397,4.137605178691717,4.1322847913212435,4.126232524383697,4.128743544923339,3.8973604014114205
2129,1.8674144845121614,1.8199236119041926,2.266134846299985,2.124768246079176,1.9565290131918271,1.8827838827838825,1.8677685600410567,1.9194139194139195,1.8748830967926002,1.8748830967926002,1.8741193166773333,1.8721235475551083,1.8774398882220582,1.895779162725421,1.831889808328781,1.8488583139294992,1.8557668667432867,1.7720325637098397
2130,7.80712295646125,7.660043356266218,7.769273605496124,7.738401671703553,7.846179623970079,7.8708791208791204,7.808535580650187,7.978021978021978,7.862002409730206,7.857795187368608,7.80022321613297,7.804620516103019,7.859401463332568,7.619146571181093,7.624466415959258,7.695758095884095,7.695814679223683,7.331995083144446
2131,2.3792352093842797,2.3199861180366987,2.6368751432235142,2.4963459248348117,2.4327379102887163,2.443223443223443,2.3805718713870383,2.5384615384615383,2.4283262183958905,2.4273999921303524,2.38219137486101,2.385198828315918,2.4326706153730764,2.3293997918774925,2.3048476924790338,2.32955707193034,2.3390539083565893,2.1695986196625516
2132,1.8202172693654457,1.7926898510513087,2.2718431972545763,2.208913513913951,1.9984315383813487,1.849647266313933,1.819695705278422,1.9091710758377423,1.844471693622693,1.8576767920310748,1.8491523145695041,1.859743130473041,1.8448701882611296,1.912889978165081,1.8196710928606052,1.8225769739881414,1.8358348703870344,1.762260992091038
2133,2.4495553327091755,2.351955662222706,2.62289862540617,2.504882608855388,2.450282696281577,2.5204761904761903,2.450819029723824,2.710952380952381,2.4656136844005117,2.4588703704178747,2.4196761576609163,2.4241650893206725,2.5053357884953997,2.346963464886304,2.330409422331487,2.3687849983557125,2.3924249336510788,2.2117950082189393
2134,4.281517025582574,4.163785976569588,4.3371565728250845,4.245767196246745,4.2518139729264215,4.344797178130512,4.282829950810183,4.392416225749559,4.332612425690669,4.335914831646925,4.24365574695193,4.24800996966326,4.330591852755918,4.1295925618703615,4.132064444800824,4.138756744595731,4.141412759451428,3.906065275801185
2135,8.888720400401434,8.7565021537053,8.759051911589212,8.7800259735753,8.907458015681643,9.281746031746032,8.891655712088141,9.248677248677248,8.934130577859442,8.94932679197451,9.001395189133612,9.027285488605358,9.250241489272202,8.67916974400277,8.70418655311128,8.874447798721432,8.885776280014108,8.42475726530503
2136,2.4714803702582557,2.4079090856315566,2.785441586479085,2.6935493519898515,2.6232701966420082,2.5238095238095237,2.4723491908888215,2.668650793650794,2.51655688925917,2.5137586449301117,2.511124704797514,2.5087575972959653,2.5164739274944865,2.467324824510938,2.411658326551365,2.458571600197906,2.4600182390813257,2.2903491208787794
2137,2.159173413678585,2.095066501321939,2.4797035017517906,2.3400863723176237,2.202626803992925,2.184303350970018,2.159719103343572,2.255731922398589,2.176858192828219,2.1765726736931423,2.1436163788228924,2.144660811932368,2.1759467131668333,2.1422097125384387,2.0958357719810166,2.0981596949092367,2.101327942780386,1.9990032567425453
2138,3.8692742109451186,3.750224185091259,4.036033678012347,3.942670335391727,3.85475745014353,3.87610229276896,3.8694354368499053,3.8880070546737215,3.871665490194058,3.871665490194058,3.81829476989752,3.8199950421543534,3.8664024330703284,3.7717032758742595,3.740877265156323,3.7470645495721175,3.7479662360874237,3.587248950417596
2139,1.7859814010773534,1.756986009441963,2.246066726750028,2.1216478317634073,1.9089173799860328,1.8139329805996471,1.7864199768381288,1.8734567901234567,1.8094605716073815,1.8094605716073815,1.8074909125309409,1.807635789751479,1.8084622163661086,1.8589316264812064,1.7784717856685053,1.7740752878627581,1.7786670015368742,1.7196763514422087
2140,5.569769262226245,5.456001683824677,5.473504357939087,5.5229957570928425,5.593511220665763,5.713403880070548,5.5726684891708915,5.904761904761905,5.640028527846991,5.636751843609434,5.577021042280639,5.582240404649895,5.693877989413838,5.400564382860927,5.412482522415697,5.457219312458551,5.466965799107794,5.175966875482601
2141,2.055389588360111,1.9849654367909808,2.437544146679357,2.3241786995843685,2.1425396655835045,2.047619047619048,2.0544982694754177,2.0952380952380953,2.0442463286030557,2.043840045782639,2.0477335953786815,2.0484609457845537,2.043507580462093,2.0772406759217046,2.0033159982994375,2.0202377302063064,2.0264545967240726,1.9422123460174856
2142,2.012652172664366,1.966135115472597,2.410481045267368,2.2973364101036955,2.119147284264917,2.0238095238095237,2.012883144331258,2.0496031746031744,2.0094699733296024,2.0094699733296024,2.0234331917989783,2.0252477207016684,2.0197925819985385,2.05494280990403,1.9832278845529825,1.995606054043308,2.0010522883106643,1.9134096139314953
2143,0.10320278004652161,0.12614055224670623,0.7941882169540215,0.5748506110375137,0.23406115741031278,0.10897435897435898,0.10325788345270914,0.18131868131868134,0.10330932266244515,0.10373337777625564,0.1262768364850468,0.12484641134807749,0.10636114299574757,0.27668773808186614,0.16864554412631164,0.103611784651597,0.10897435897435898,0.1261405522467062
2144,0.6920289538234803,0.7060779365294865,0.978168977914985,0.7521178495008946,0.679772746320291,1.3988095238095237,0.6950242117769884,1.2599206349206349,0.6776021319230544,0.6921587392717105,0.6765592807271624,0.7884347118540203,1.3151949645249934,0.6483417109756874,0.663601962618486,0.6521906819775025,0.679772746320291,0.6025599351014063
2145,268.4476898014508,272.45353076723137,283.0839794715616,268.13513469501464,270.7282521061317,268.0145502645502,268.4048079088398,268.10449735449737,283.55424172271574,268.0143553102004,267.1139411997386,268.0637577786991,267.90178310936744,269.84126244769203,271.29988657139216,266.13048125558777,266.1505722706504,267.99146447240577
2146,0.12129778900087329,0.1317288433659816,0.29321389471514175,0.407852645344388,0.2599698026911081,0.15148699236639188,0.12148981606699204,0.3005306461462291,0.12099143379340045,0.12135857754544399,0.16081205037095772,0.16013836721744124,0.148249027123479,0.18339936385607078,0.13166312024222995,0.14055786636000686,0.15148699236639188,0.12786547396525275
2147,2408.503323476965,2424.655447277136,2397.358919181873,2456.8880784597823,2448.9579480311363,2511.0121295517274,2410.0223901984705,3178.3764856602143,2399.131276279117,2401.222238820587,2506.4774633351717,2472.777490914588,2506.5399863790976,2434.409667407288,2427.030232418516,2448.9579480311363,2448.9579480311363,2417.767736701982
2148,0.4069389173428027,0.412517572583092,1.0326844753726805,0.8523137876333782,0.5410557001269382,0.41578483245149916,0.40709716578954663,0.5268959435626103,0.4083912153202132,0.4093967707692409,0.4263093092447321,0.4270000795383384,0.41227854035260375,0.5550148853605078,0.4509403069546037,0.40111425886359076,0.41578483245149916,0.4122950564442882
2149,4.779922074132325,5.5322192285016065,5.55948460740333,5.597225775888236,6.245210247874293,6.55952380952381,4.78964080091606,9.05952380952381,4.743826908201824,4.776846162689003,5.6022051971858104,5.632207551651066,6.397477830802217,5.382964126564215,5.428895177575281,5.545347301566502,5.913926997800424,5.377795298659595
2150,1.7693653214159986,1.8183769097112676,2.174155523467162,2.056712561884512,1.976201959381486,2.0,1.7724850755264228,3.4285714285714284,1.7769017881475087,1.7671748812015433,1.8723131614511699,1.8735223564662828,1.9770401595564266,1.8342295628972476,1.7999223294895055,1.8076607610803794,1.8495788498722712,1.7705448731208537
2151,6.8383842432972015,8.929464616589968,7.092341858152739,7.4050189684134615,7.196881571322181,11.665945198410013,6.893483017025839,8.797113903702973,6.5559781088733535,6.752464581582984,6.897773713305025,6.435544465630486,10.873276922400853,7.975115287138107,8.501614523521958,5.783407888750318,6.829385052822861,7.3502284452581215
2152,4.737968902110565,6.043606594762534,5.092373184878565,5.829102358552057,6.0554269915911485,15.65376389900311,4.764758296601304,6.77628793629545,4.685699027581137,4.701004628541294,5.569265922663264,6.658039064909069,14.376501341358784,5.774947661412978,5.897405385764077,5.067100344730468,5.769225128359184,5.6915103823164515
2153,3.082332425232055,3.111524856290617,3.385153658012989,3.2178650129401447,3.0438072420097257,3.2756892230576447,3.085467633982797,5.432957393483709,3.074786023104837,3.0550693490760157,3.0473191782041726,3.050694319775539,3.2433748805812,3.070269821349376,3.0723608151302795,2.9584764628951543,2.9881768809683833,3.0170304143759505
2154,1.5195634432166898,1.5032651259355359,1.894187143815615,1.8053972585089957,1.7641404514037262,6.888278388278388,1.52226950974714,2.173076923076923,1.6216509395576428,1.586467216504406,1.9269178580725506,3.348953782086561,6.4463929202613,1.55718944327404,1.5015208331233634,1.7583753169422547,1.7641404514037262,1.415782976026654
2155,2.8835803493037315,3.0907274107580167,3.0483049329321195,3.1605093976197645,3.4477769876140605,3.460952380952381,2.885744961824985,6.674761904761905,3.0904118606516016,3.020105418042281,3.3025378240469867,3.299589105384434,3.430886251294695,3.031718871028674,3.0445881069078276,3.231451055675851,3.3005314066879623,2.8861910375658444
2156,3.3220956049170476,3.207886439330183,3.5261127299577826,3.093747071598544,3.071434127145356,4.492063492063492,3.323859223420056,4.064814814814815,3.3350085932890567,3.3191763662529397,3.3300077573432314,3.5319437057677114,4.37356905408861,3.0496838961066666,3.1203335357949293,3.0696050578176557,3.071434127145356,2.9126521263340206
2157,239.0259610156468,241.53157407879084,243.93764236352646,234.85020381445642,252.13296820491,238.9488312283812,238.89502689037792,448.28815812065045,256.908091449176,239.49448842018614,239.61358047676242,243.09740097732245,239.1437733167363,237.3588630877886,239.66280347626957,238.94855826051347,238.9488312283812,233.68463662996524
