series_id,alpha_loss,raw_loss,safe_loss,convex
FOODS_1_005_CA_2_evaluation,0.9863424650733399,0.9882678488376753,0.9836072051365156,0.9661077539584365
FOODS_1_005_WI_2_evaluation,2.379041340103212,2.376487815710422,2.376002012681526,2.0103344326865913
FOODS_1_012_CA_1_evaluation,1.0143224429140416,1.0132109438223964,1.0135864966482708,0.9863893733909587
FOODS_1_012_TX_3_evaluation,0.6266575766011216,0.5900641016385078,0.5946892954354354,0.5501799061831393
FOODS_1_017_CA_1_evaluation,1.5979724848030354,1.5976238638236817,1.596679302578196,1.5170854007228265
FOODS_1_017_TX_1_evaluation,0.6333632024348332,0.6194211834412673,0.6185027499329122,0.5878031888160805
FOODS_1_018_CA_2_evaluation,1.0190829038180902,1.0162197031066293,1.0135307152342719,0.9082780718941028
FOODS_1_018_CA_4_evaluation,0.5305139214846282,0.5306574638676573,0.530464310324064,0.487918704389062
FOODS_1_018_TX_1_evaluation,2.314626564638291,2.319314491546699,2.3092520171471804,2.083354114260566
FOODS_1_018_TX_3_evaluation,2.442367462901511,2.4532308035716732,2.4437946359714617,2.2281644543251375
FOODS_1_018_WI_1_evaluation,0.3634098437554512,0.375593742113633,0.3737584173214515,0.3448190815935381
FOODS_1_018_WI_3_evaluation,0.5899332566931563,0.5906029894662762,0.5905832516911871,0.5634742730556332
FOODS_1_021_CA_2_evaluation,4.798160041568628,4.8077921481038635,4.798352625029908,4.63262592590059
FOODS_1_024_WI_1_evaluation,1.721544638966958,1.7256936800572535,1.7222842763380652,1.6046402937934412
FOODS_1_029_WI_3_evaluation,0.21148568419423408,0.15925259734508077,0.1736150232114275,0.14688805901950877
FOODS_1_030_CA_1_evaluation,0.6224187459715854,0.5856165950010995,0.5932519703532084,0.5143977133540364
FOODS_1_033_CA_3_evaluation,0.3881557282479255,0.336859773754586,0.3438285210022583,0.3245926201150716
FOODS_1_033_TX_3_evaluation,2.4432059022670134,2.4175282805635976,2.429333981516251,2.3266552006893133
FOODS_1_035_WI_3_evaluation,0.3939532292911427,0.3865838269200123,0.386696748416155,0.3595922794399545
FOODS_1_036_CA_2_evaluation,0.9544024284249458,0.9458178636695246,0.9571670831037936,0.9005588211784944
FOODS_1_037_TX_2_evaluation,0.6876284191310159,0.6679484414613103,0.6737055684218117,0.5665304726148309
FOODS_1_038_CA_4_evaluation,0.24148748330408332,0.19807881230984656,0.21340189380668997,0.1781240702531692
FOODS_1_043_CA_1_evaluation,0.741032838545643,0.7423266585859628,0.7427088923883853,0.6444977854144508
FOODS_1_043_CA_2_evaluation,0.3001056726386698,0.29242021147391223,0.2997453356668829,0.28209581001054657
FOODS_1_043_WI_2_evaluation,0.980204731801071,0.9437997383063932,0.9464954105723243,0.7744317681076792
FOODS_1_045_CA_1_evaluation,1.2982622149970007,1.301089445442251,1.3041419611167764,1.1886973027859236
FOODS_1_046_CA_1_evaluation,0.36393389415934635,0.3639454689435175,0.36179370699867036,0.34358658297328964
FOODS_1_046_CA_2_evaluation,0.7443823244133302,0.7273205285267914,0.7427598180302452,0.6975099199684026
FOODS_1_046_TX_2_evaluation,0.16483779639888488,0.15951254395937103,0.1613173770151942,0.135541887658596
FOODS_1_046_TX_3_evaluation,0.5506842442576919,0.5741921408532059,0.5524107394046663,0.5218736419856542
FOODS_1_046_WI_1_evaluation,0.5452637618109933,0.547286644693534,0.5472901940786713,0.5243520443672695
FOODS_1_046_WI_2_evaluation,0.31137595472972374,0.30770789747904526,0.30882207855828564,0.2805207434565182
FOODS_1_046_WI_3_evaluation,0.3484069290315113,0.33416800665307234,0.3457017789778876,0.30690950848672216
FOODS_1_049_CA_2_evaluation,1.3967835641910817,1.393945738269274,1.3947844026184664,1.358002703329012
FOODS_1_052_CA_3_evaluation,2.5273240834381334,2.5275609776973873,2.5278571183510707,2.510841506581913
FOODS_1_053_TX_2_evaluation,0.38298507376539387,0.3524859298750946,0.3645897080724283,0.3401814380395982
FOODS_1_054_TX_2_evaluation,1.3320134477252674,1.3356366178107437,1.3366702112728939,1.3163748063144436
FOODS_1_055_CA_4_evaluation,1.5093162711241568,1.4873992239099494,1.4933304633465958,1.3660547154159604
FOODS_1_058_TX_2_evaluation,0.31021745075531376,0.331035910831479,0.3302561819040423,0.288354881575867
FOODS_1_059_WI_1_evaluation,2.9266433069925077,2.930606148887634,2.92919798344186,2.8715157515887477
FOODS_1_061_CA_2_evaluation,0.4176614347614276,0.4092192750311961,0.41302913776019806,0.3881693795746268
FOODS_1_063_WI_2_evaluation,1.1238586534524422,1.105166042463607,1.1049365463231722,0.9695874651768297
FOODS_1_068_WI_1_evaluation,0.46778803972282007,0.4498674106416714,0.45100306672666957,0.4225356868977512
FOODS_1_070_CA_3_evaluation,0.5375960477090546,0.5193997546155218,0.5269595661359783,0.468581833043291
FOODS_1_072_CA_3_evaluation,2.937494296425168,2.922999101768669,2.925452949723304,2.531893063890047
FOODS_1_075_CA_1_evaluation,1.1172119274701433,1.1007777675589219,1.1017468535691608,1.043983653053855
FOODS_1_082_TX_2_evaluation,2.88885802106528,2.8943979645101954,2.892387187832762,2.435571304100199
FOODS_1_082_WI_2_evaluation,1.0847323564453204,1.0445821382142328,1.04708243711128,0.8989985462578168
FOODS_1_085_CA_1_evaluation,0.344304110721572,0.34314079924565033,0.343409845947344,0.30796773217434686
FOODS_1_085_CA_2_evaluation,0.514120218357605,0.5137290898957864,0.5138324651056588,0.49115618084803797
FOODS_1_085_CA_3_evaluation,0.730576148596754,0.730303765680473,0.7314416515315091,0.6538055672006814
FOODS_1_085_TX_1_evaluation,0.4447610321946302,0.438629508215612,0.44009326835723034,0.3782889245828395
FOODS_1_085_TX_2_evaluation,0.33181587428410925,0.3320205358544546,0.33171399695494397,0.2964888509734269
FOODS_1_085_TX_3_evaluation,1.1648770777931856,1.1733430364442448,1.164509649793173,1.1128285439302983
FOODS_1_088_CA_4_evaluation,0.9252181924023422,0.8862850334525986,0.8912234407779295,0.8158678203454673
FOODS_1_093_CA_2_evaluation,1.873151988173209,1.8679558509327834,1.8679828380703094,1.837052844895337
FOODS_1_095_CA_1_evaluation,0.33505823300722337,0.28133034618447655,0.3008162263187962,0.26247110686569963
FOODS_1_096_TX_3_evaluation,4.164589840065148,4.187167437013957,4.1784809701771115,3.9016158812184796
FOODS_1_096_WI_2_evaluation,2.7085989948668594,2.710548923100788,2.7106418253453337,1.972478788776714
FOODS_1_097_CA_2_evaluation,2.3621351392309893,2.355799210205516,2.355486615316305,2.323314096247899
FOODS_1_101_CA_2_evaluation,2.1608583292100696,2.132724764493253,2.140153446833019,2.077228583947259
FOODS_1_102_CA_2_evaluation,0.5296293281440474,0.48456071536556355,0.49302971163935144,0.41940909224291617
FOODS_1_105_CA_2_evaluation,0.12301227324513585,0.10219768099894176,0.11152185675210939,0.030440259234955774
FOODS_1_106_CA_2_evaluation,0.7168099166274841,0.7317153074176743,0.730918645953243,0.6865469105125053
FOODS_1_108_CA_3_evaluation,0.5301739617441023,0.5315455456946617,0.5311900719305341,0.5150456805577708
FOODS_1_113_CA_2_evaluation,3.335056788859781,3.3177179566802866,3.3233538317518714,3.1703029176535913
FOODS_1_120_WI_1_evaluation,0.5386685538306303,0.531969472334643,0.5486098724802628,0.5041808657867769
FOODS_1_125_TX_3_evaluation,0.8686287962236946,0.8461584590230462,0.8449631524855411,0.727679601154585
FOODS_1_128_TX_2_evaluation,2.0669775430148305,2.0800559848800217,2.0682869344131523,2.017211606724987
FOODS_1_131_TX_1_evaluation,1.952820685170255,2.032387676325152,1.9219767538022212,1.7888660092163235
FOODS_1_132_TX_2_evaluation,0.7707769398678477,0.7778060563234245,0.7745746078769103,0.7574558307653585
FOODS_1_133_CA_3_evaluation,1.2188043924187442,1.2142284606076126,1.211472921762869,1.1522424039972907
FOODS_1_139_CA_2_evaluation,3.018437569856026,3.016367096678317,3.016546503060009,2.8687075880860693
FOODS_1_145_CA_3_evaluation,4.641067967285173,4.648461492558915,4.645839245040469,4.627581086873316
FOODS_1_153_TX_3_evaluation,1.0055367302075746,1.0112624718223484,1.0064754610664084,0.9922185633422163
FOODS_1_161_CA_1_evaluation,0.5788614310384592,0.5814946003808151,0.5785623534219565,0.5612889723429875
FOODS_1_161_CA_4_evaluation,0.7157408181419863,0.7153653097984091,0.7154122989261459,0.6641612630638297
FOODS_1_161_TX_1_evaluation,4.350680469894025,4.390651723715745,4.384477545943773,4.051702177110331
FOODS_1_161_WI_1_evaluation,0.5979093569392343,0.5983457109946224,0.5976271657748022,0.5816319868462583
FOODS_1_161_WI_2_evaluation,1.0482982456656416,1.0491155070848681,1.0491022097423068,0.969298094764872
FOODS_1_161_WI_3_evaluation,2.0174625938940993,2.0151804308478902,2.014384397604095,1.8677977539899742
FOODS_1_170_TX_3_evaluation,0.5065726360640578,0.4784221540482046,0.4818856607538072,0.4526211217613713
FOODS_1_172_CA_3_evaluation,1.4130777595171589,1.4154286802976932,1.413504118920236,1.378995471111528
FOODS_1_173_WI_3_evaluation,2.4359778343681175,2.418954844395159,2.421831132796339,2.1893383467692047
FOODS_1_174_CA_3_evaluation,0.8203741733280103,0.8097550031243178,0.8113448839517434,0.7617796884943591
FOODS_1_176_CA_4_evaluation,0.5518748393278495,0.49863216592090254,0.5087170601997143,0.462302206410721
FOODS_1_178_CA_2_evaluation,0.862406271905932,0.8630512246376695,0.8650021878692549,0.8214671854580243
FOODS_1_182_WI_2_evaluation,3.620374132715451,3.6827590837700925,3.6453492631097872,3.524622742373077
FOODS_1_184_CA_3_evaluation,1.7695401249864033,1.7914634844316144,1.7754436239260414,1.6771139000709017
FOODS_1_190_CA_3_evaluation,3.0991512824271674,3.1000789661022545,3.1001912491556136,3.026708389696306
FOODS_1_191_WI_1_evaluation,1.186735115435551,1.1792295043043084,1.1840024977138917,1.104296978855425
FOODS_1_193_TX_2_evaluation,2.818852031387442,2.8278524798951508,2.8233428845739525,2.6878414270707083
FOODS_1_194_CA_2_evaluation,0.4828533024038228,0.4816635095821226,0.4809786006918039,0.46029492433625224
FOODS_1_203_CA_2_evaluation,9.752908317147766,9.71621045756202,9.734897336027823,9.531493265786775
FOODS_1_204_TX_3_evaluation,1.62644841894937,1.6269928190713634,1.6514186762818515,1.5468586195909426
FOODS_1_205_CA_2_evaluation,4.670512476472942,4.6428469033296595,4.646019586082283,4.566513079748569
FOODS_1_207_CA_4_evaluation,1.4808573578223498,1.4790395262889018,1.4796417352053872,1.4415245215912276
FOODS_1_208_TX_2_evaluation,1.3746906054981285,1.3755253967714716,1.3751758094084703,1.3304799895291113
FOODS_1_213_CA_2_evaluation,0.6988204926889755,0.6959130587290474,0.694982688911511,0.666453153445233
FOODS_1_218_CA_2_evaluation,0.4317262937086532,0.4295824821341398,0.431484133800254,0.41141708148527023
FOODS_1_218_CA_3_evaluation,0.5480130274341855,0.5564588733606989,0.5535382475895263,0.5436533108934776
FOODS_1_219_TX_3_evaluation,2.5051245808114913,2.5021193620419084,2.498196842523544,2.4110260703285866
FOODS_1_219_WI_2_evaluation,1.0145316400831257,1.013549584890643,1.0161180513631487,0.949474719513943
FOODS_2_003_CA_2_evaluation,3.614834911212359,3.641860515374704,3.6430826124161566,3.5070071156507603
FOODS_2_009_WI_3_evaluation,0.44667738740852947,0.44313403210559993,0.4416450742521369,0.39208299308245104
FOODS_2_013_CA_1_evaluation,0.38721546222048403,0.38736905262372345,0.38728055905760916,0.3827342466691639
FOODS_2_013_CA_2_evaluation,0.3368443261087155,0.33947802900832236,0.3392428855972958,0.32396362182457666
FOODS_2_013_CA_3_evaluation,0.20082753347924412,0.20086760085313085,0.2008870584080593,0.19374095480651496
FOODS_2_013_TX_1_evaluation,0.16851160069063498,0.1685620253563889,0.16853205467675245,0.1615514537377856
FOODS_2_015_TX_3_evaluation,1.0278960356032045,1.0398320066231574,1.0372520397598768,1.0124777264510931
FOODS_2_019_CA_4_evaluation,0.1876772000227489,0.18721513118249178,0.18760225981122458,0.17916270605732854
FOODS_2_019_TX_3_evaluation,0.4135761705899251,0.4175756164235019,0.4151853207706875,0.4030050523288107
FOODS_2_021_TX_2_evaluation,0.1345101823055519,0.12513738448780137,0.12715488572039757,0.07172463117566576
FOODS_2_030_CA_1_evaluation,0.518390506729341,0.5184011748706853,0.5183866889256569,0.5061161384955153
FOODS_2_041_CA_2_evaluation,0.583321836055855,0.6361163341413617,0.6182920723940158,0.5399994948785737
FOODS_2_044_TX_3_evaluation,2.004367633047863,2.0066965913540233,2.0059974611134987,1.9547373147392677
FOODS_2_045_WI_3_evaluation,1.2809538545912875,1.2589650437191906,1.270355654256776,1.1580215052961813
FOODS_2_047_WI_3_evaluation,0.6597220990207895,0.6687377957253794,0.6651598346063982,0.6018834062762818
FOODS_2_054_CA_2_evaluation,4.770444280185906,4.7546010472828115,4.756322481589203,4.4376312643283224
FOODS_2_054_CA_3_evaluation,0.3094207281273641,0.30554328698441874,0.3075885523408655,0.29290775576500483
FOODS_2_054_TX_2_evaluation,0.4184793099018322,0.4173625081921933,0.41784891827246673,0.40788232433750776
FOODS_2_065_TX_1_evaluation,0.6300260711421418,0.6287384324068145,0.628889740224476,0.6110400252909447
FOODS_2_065_TX_2_evaluation,0.6467268063940527,0.6494930994337152,0.6488120163542123,0.6403779063414415
FOODS_2_072_CA_1_evaluation,0.7368074998564081,0.7249362835296561,0.730322960414623,0.6916969547497809
FOODS_2_077_CA_4_evaluation,0.3749534051116212,0.3595762978725902,0.3508855441042769,0.3240107014355394
FOODS_2_080_CA_1_evaluation,6.714819242535413,6.660215302103642,6.665441751171836,5.658634760142704
FOODS_2_082_CA_3_evaluation,0.7794683548741864,0.7796187123456155,0.7801990765018162,0.7328652501964332
FOODS_2_082_TX_1_evaluation,0.5176709761057657,0.5181836299960112,0.5174516033807823,0.47835694004485374
FOODS_2_085_WI_3_evaluation,1.2188937020592912,1.2120153755551477,1.2141759527424014,1.199620425911945
FOODS_2_089_CA_3_evaluation,1.4249678338598315,1.4211447120170122,1.4215502016057082,1.3701067094743855
FOODS_2_094_CA_4_evaluation,0.7688204258880517,0.7693857982632194,0.7635445315253465,0.7282528524576746
FOODS_2_106_WI_2_evaluation,1.1108507358144755,1.1228739968550225,1.121125265560839,1.0891491260926223
FOODS_2_116_CA_1_evaluation,0.4066384543352224,0.3993185689970486,0.39883410026587307,0.382312294196482
FOODS_2_116_CA_3_evaluation,0.4351239469169672,0.43024751698690666,0.4304485487348297,0.4122840578540467
FOODS_2_121_WI_2_evaluation,3.374859365242088,3.3664342167534804,3.3666427883463323,3.2449999818537703
FOODS_2_126_CA_1_evaluation,0.976563973154183,0.9650653147805123,0.9648683907223354,0.9206645806223195
FOODS_2_128_CA_3_evaluation,0.2205402243233049,0.20325492358908673,0.20639341958875465,0.1651149144280599
FOODS_2_128_TX_2_evaluation,0.12658542854362143,0.11390155936839684,0.1162930741202512,0.06541406644860909
FOODS_2_130_CA_4_evaluation,1.2038790303317166,1.1922458049224738,1.1915074769516616,1.1520394500932618
FOODS_2_135_CA_1_evaluation,2.8973371061930315,2.916295301224491,2.9116431423689737,2.8368797587770653
FOODS_2_137_CA_2_evaluation,1.4870961818692265,1.4840960841689987,1.484101241968804,1.4682857500932534
FOODS_2_139_WI_2_evaluation,0.6101097474342855,0.5619290602555177,0.5781866376832655,0.5263314090230476
FOODS_2_140_CA_1_evaluation,0.20868314463264573,0.15829151659948001,0.1759230860398099,0.13765006476505234
FOODS_2_140_WI_1_evaluation,0.43980263616385407,0.40191946071824725,0.4232322678417985,0.37501297848106496
FOODS_2_141_CA_2_evaluation,1.6930154882227715,1.6830576771706103,1.6841448065033962,1.646468073930807
FOODS_2_152_CA_2_evaluation,0.673200406698669,0.6710993019072826,0.6713057316615245,0.6258213867027629
FOODS_2_152_TX_1_evaluation,0.37671543300972693,0.3729344421211281,0.3734999429362311,0.3557847098345735
FOODS_2_152_TX_2_evaluation,0.9083364457155193,0.903783621286658,0.9065493384942448,0.7428533223014878
FOODS_2_152_TX_3_evaluation,0.33437764824513194,0.33649101701198775,0.33499822819878117,0.3071661273210784
FOODS_2_152_WI_3_evaluation,0.5408935425681206,0.5507364659454802,0.5429075806271622,0.5029363234368285
FOODS_2_154_TX_2_evaluation,0.2764457426958382,0.2419521166119097,0.24773020280105482,0.21543746846404113
FOODS_2_155_WI_1_evaluation,1.5040335420622286,1.4941207967646533,1.489403085672789,1.4058833591405737
FOODS_2_156_CA_3_evaluation,0.744111572660923,0.7391528872741203,0.738189550638844,0.7083925911669612
FOODS_2_157_TX_2_evaluation,0.2797705358199429,0.24190743106397902,0.25450543051020796,0.2202603710682759
FOODS_2_164_CA_1_evaluation,0.6072142266358295,0.6075198278851066,0.6074728790569605,0.6045360177003328
FOODS_2_164_TX_1_evaluation,1.033979156870636,1.0345237044475248,1.0340104602878213,1.0276204515812932
FOODS_2_164_WI_3_evaluation,0.3081809728804244,0.31115091041338605,0.31124957209125675,0.27100181489598474
FOODS_2_170_CA_4_evaluation,1.322491131421969,1.3231582086048728,1.3124127969603385,1.165117212637478
FOODS_2_171_WI_2_evaluation,1.261552894793298,1.2622919109199529,1.263407423382835,1.2481694002719426
FOODS_2_175_WI_1_evaluation,5.04653775304003,5.052279062712164,5.051984547590086,4.7428255027407245
FOODS_2_179_TX_1_evaluation,0.31720781540804194,0.2863250595811157,0.28876229653334823,0.2704923069694988
FOODS_2_181_CA_1_evaluation,0.3130413497303492,0.31877501709164163,0.31780709012410824,0.306874761016975
FOODS_2_181_CA_2_evaluation,0.2168728233011121,0.21226849406084516,0.21466601066244317,0.19611717470565768
FOODS_2_181_TX_1_evaluation,0.35994518001949144,0.3589815521152986,0.35911427106401606,0.30064288126369026
FOODS_2_181_TX_2_evaluation,0.18507222165322026,0.18366486869193732,0.1837904220851333,0.17506733752669487
FOODS_2_183_CA_3_evaluation,1.0407257988376457,1.035957957608582,1.0351106414097229,0.9552925951191401
FOODS_2_183_WI_3_evaluation,0.6639243480544694,0.6846972029134761,0.6799109321772673,0.6598005186375733
FOODS_2_184_CA_3_evaluation,1.648755391982258,1.648961144121153,1.648829750105973,1.5955246072562204
FOODS_2_184_TX_3_evaluation,0.4922513086986971,0.49584551549335604,0.49501043049140664,0.46169883903642833
FOODS_2_197_TX_3_evaluation,0.25712576583810565,0.2606846827199626,0.2557930076806157,0.23772807044519575
FOODS_2_197_WI_1_evaluation,0.7137693534360893,0.7136857395837956,0.7139962186461478,0.6834809654049755
FOODS_2_204_TX_2_evaluation,0.7676619840660929,0.7677781392728367,0.7677283666812319,0.7515399085656981
FOODS_2_204_TX_3_evaluation,0.7802818352803725,0.7796600670180851,0.7797567362428467,0.7607052466376429
FOODS_2_205_CA_1_evaluation,1.635513632447547,1.5831973238115147,1.5976218254520624,1.501932999235289
FOODS_2_205_TX_2_evaluation,0.6037614481477226,0.6068029349291716,0.6066748522439374,0.5802004175998919
FOODS_2_211_TX_2_evaluation,0.6587209726747801,0.6429758334071061,0.6431007010808051,0.5850143362594677
FOODS_2_221_WI_1_evaluation,7.007149581278263,7.016528310537216,7.00890686726233,6.8073902801993675
FOODS_2_222_TX_2_evaluation,1.7086108140773308,1.7329978795520244,1.7208344772864124,1.57496273841609
FOODS_2_224_TX_1_evaluation,0.8644507391400795,0.8553165052955229,0.8543206004803897,0.820176002091348
FOODS_2_224_TX_2_evaluation,1.0723774608062666,1.0765630908436798,1.0758779377197076,1.0356829941509915
FOODS_2_227_TX_1_evaluation,0.5949843057127904,0.576833881172502,0.5879279976555573,0.5112322088542224
FOODS_2_231_WI_2_evaluation,1.2621014628784792,1.2670053341743275,1.266978208753772,1.1925137259161789
FOODS_2_232_CA_3_evaluation,1.053611430047858,1.0564623837642568,1.0562337275971463,1.0383611344260968
FOODS_2_236_CA_4_evaluation,0.7174876046705777,0.6865991745471943,0.7089163321115345,0.6486776379519567
FOODS_2_236_TX_1_evaluation,0.5428487675677193,0.549710989929669,0.5481003414812328,0.5259770221643497
FOODS_2_244_CA_1_evaluation,0.1607250478881798,0.16512602683638553,0.16386951516278134,0.15106149586428194
FOODS_2_244_CA_3_evaluation,0.1060040231519576,0.10553918271368085,0.10509092267069386,0.09580011619310223
FOODS_2_244_TX_2_evaluation,0.27917260695283064,0.2819604249066798,0.2809949792274295,0.2599923790478042
FOODS_2_244_WI_2_evaluation,1.4730116963148878,1.492704149207161,1.478492728335308,1.411253902317113
FOODS_2_249_CA_4_evaluation,1.1774288062046294,1.1911609400002499,1.175257071884936,1.0608475278289253
FOODS_2_249_TX_3_evaluation,5.225425841329986,5.2277780470096635,5.207435873148053,4.814956707701949
FOODS_2_252_TX_3_evaluation,0.27738057861532694,0.23664340058374833,0.2392084534919621,0.22329690961100335
FOODS_2_255_CA_4_evaluation,4.001516532277042,3.9552376665385647,3.9582370098397406,2.9581716233199553
FOODS_2_255_WI_2_evaluation,10.630805807226709,10.679931486163142,10.667651149583179,7.583824814872584
FOODS_2_258_CA_3_evaluation,1.6687677560524505,1.6726605246198802,1.66878816213218,1.6576591010884254
FOODS_2_276_CA_3_evaluation,0.09806980952286225,0.09618040381124342,0.0957853422643432,0.07633927909087104
FOODS_2_276_TX_3_evaluation,0.26395812850396294,0.2632093196305841,0.26354973165825035,0.24085136538982085
FOODS_2_276_WI_2_evaluation,1.0186685862754468,1.024992038876249,1.019398547977224,0.9056455507652785
FOODS_2_277_TX_3_evaluation,2.3293870120338203,2.096833437565994,2.106988473072017,1.945250959775346
FOODS_2_279_CA_4_evaluation,2.5408736524010247,2.574989237311848,2.5682006761858527,2.466834295400792
FOODS_2_283_CA_1_evaluation,0.7280137780666767,0.7140944436764393,0.7260136047812363,0.6554402721099539
FOODS_2_285_TX_1_evaluation,0.39078608161309775,0.39071470111511114,0.3907860817985915,0.36185921068852384
FOODS_2_285_TX_3_evaluation,0.4959066876776516,0.49545061012864017,0.4953683764698584,0.4815405015946439
FOODS_2_285_WI_2_evaluation,0.9942924625698956,0.9933493393379745,0.9946177224403727,0.9802242325159914
FOODS_2_288_TX_2_evaluation,0.7286303691054806,0.6895538692097141,0.6937321161863248,0.6375318409018407
FOODS_2_290_TX_2_evaluation,0.6100398847075793,0.583466130119212,0.5891820150378079,0.5037901813579687
FOODS_2_292_WI_1_evaluation,0.73237091879337,0.7387792836137419,0.7378363629037322,0.7312600284571265
FOODS_2_304_CA_2_evaluation,1.1888947739862974,1.1928795289110854,1.1924078546744223,1.1199425570071158
FOODS_2_321_TX_1_evaluation,0.47449545171547863,0.45168619240442576,0.46876321507915475,0.4310905735815949
FOODS_2_322_TX_3_evaluation,0.7843815156656512,0.7845567903839074,0.784515287090537,0.7689470700112788
FOODS_2_322_WI_3_evaluation,0.4552552039753557,0.4547074275547245,0.4547094677089196,0.4231897244875437
FOODS_2_325_CA_1_evaluation,0.6001794600600655,0.6015643683160651,0.6013044815894374,0.5848549796657229
FOODS_2_325_CA_4_evaluation,0.7098476682166733,0.7098710180247009,0.7098402327876432,0.7013414513654911
FOODS_2_326_CA_1_evaluation,2.494906022285241,2.4939024794806772,2.49415641081128,2.397326893741912
FOODS_2_326_CA_3_evaluation,1.6626377972958657,1.6633897064368572,1.663300878654792,1.564237801136198
FOODS_2_329_TX_3_evaluation,0.18908135863800465,0.14374972583536924,0.16477757734728585,0.12524815837787223
FOODS_2_336_WI_2_evaluation,0.6084393512456722,0.5768497765279317,0.5900559420231745,0.5301012546445972
FOODS_2_342_TX_2_evaluation,0.919181148808518,0.9082482303588537,0.9043608339264083,0.8256123280912538
FOODS_2_347_TX_2_evaluation,1.829086029002375,1.827645287768041,1.827798170428084,1.6916294535026755
FOODS_2_350_WI_2_evaluation,1.2353250232443367,1.2374403164930057,1.2379214684939834,1.2215638436859706
FOODS_2_353_WI_1_evaluation,3.0399513172591353,3.052764181907365,3.055273565861436,2.966437452541546
FOODS_2_357_CA_1_evaluation,0.6962403440972672,0.6910422527444688,0.6913827210937238,0.6530907549972043
FOODS_2_359_CA_1_evaluation,0.8744190239015809,0.8733621178631253,0.8755229048315831,0.7939235127170626
FOODS_2_360_CA_3_evaluation,0.14074477054485804,0.11993515082843002,0.12790171150616542,0.08777143933158645
FOODS_2_360_TX_1_evaluation,0.2526647937700338,0.22909076389425567,0.23891056740715932,0.1874261513272939
FOODS_2_364_WI_2_evaluation,0.8967231336753364,0.9040444640948128,0.9024592547600124,0.8684078775029799
FOODS_2_364_WI_3_evaluation,0.20253863321126855,0.20748603846849212,0.20655227118059302,0.1946747814056724
FOODS_2_365_CA_2_evaluation,1.0004907975213502,1.005225494211874,1.0044443071792355,0.9427925492361379
FOODS_2_367_WI_2_evaluation,1.9005056395369706,1.893575936386905,1.8937342522110694,1.858239451473815
FOODS_2_371_CA_4_evaluation,0.3523552497224279,0.3526861617723296,0.352633820287473,0.3469384262634882
FOODS_2_371_TX_3_evaluation,0.46583147180075685,0.4657138518365782,0.465730588744724,0.45572185393965065
FOODS_2_378_WI_2_evaluation,4.576254377918134,4.587288112146811,4.580021955758739,4.5562882137293075
FOODS_2_382_TX_1_evaluation,0.6211235538481606,0.6129462497196262,0.6175280609006102,0.5879011177229648
FOODS_2_383_TX_3_evaluation,4.017430568172101,4.0541571703679615,4.046751229616893,3.954252902818977
FOODS_2_383_WI_2_evaluation,3.499071582641589,3.499379333477536,3.499383003623478,3.470723009278011
FOODS_2_384_TX_1_evaluation,0.38836282066011935,0.39060650296267824,0.38933670233720247,0.3671325519534983
FOODS_2_390_TX_3_evaluation,1.308944360375744,1.2984426898230959,1.2992957118377877,1.2473107904232004
FOODS_3_002_TX_1_evaluation,2.177518862410939,2.1842736426218754,2.1831870976240464,2.1503254186339427
FOODS_3_003_WI_3_evaluation,0.9501891185027141,0.9985763246983335,0.9514670185779477,0.7579723783962501
FOODS_3_007_CA_3_evaluation,1.9222255079806627,1.9157742588409354,1.9219162461697878,1.8844626081472409
FOODS_3_011_CA_1_evaluation,1.0695815578510386,1.0642877670883515,1.0650597759968468,1.0237439609878616
FOODS_3_012_WI_1_evaluation,1.365264077980125,1.315668374280101,1.3423225642064507,1.229714942192792
FOODS_3_016_TX_3_evaluation,0.4976924810541041,0.47677345539046206,0.486082784213659,0.44579916979706913
FOODS_3_017_TX_1_evaluation,0.24629422427069705,0.17487156501727305,0.1957663043377663,0.1645784717757872
FOODS_3_017_WI_1_evaluation,0.2672020223367507,0.23754532688062682,0.2546030011333682,0.21779421980342772
FOODS_3_019_CA_1_evaluation,1.4382979833970395,1.4372686040295057,1.4373569608201306,1.346729278126577
FOODS_3_025_WI_1_evaluation,1.521381843876927,1.5128708078706918,1.5136879105154615,1.4753620995912347
FOODS_3_026_CA_3_evaluation,0.2847120052582039,0.28255898660892637,0.28385621580461823,0.25810727120464216
FOODS_3_029_CA_1_evaluation,0.7223398392263816,0.7026796745751241,0.7093900940601593,0.6184037876080387
FOODS_3_033_TX_2_evaluation,0.6387327387709325,0.6354906095327754,0.6349033704163743,0.6158161678606314
FOODS_3_034_WI_2_evaluation,1.1239972523328907,1.1167620311570128,1.122426599210056,1.0170370953363366
FOODS_3_039_CA_3_evaluation,0.2872593219791945,0.27404557512028155,0.27593336699327575,0.20323833634515068
FOODS_3_041_TX_2_evaluation,2.2442648717703513,2.2472330714003808,2.2436216664428357,2.1641556858131676
FOODS_3_042_TX_3_evaluation,0.33994954576015063,0.3393398846866326,0.3398363194995441,0.3089528530298232
FOODS_3_048_TX_1_evaluation,4.541093589744559,4.52469897381343,4.5252557344218705,4.472791501353597
FOODS_3_054_CA_3_evaluation,0.3577619104044803,0.33437510237695894,0.3390564111246324,0.30772611939794364
FOODS_3_055_TX_3_evaluation,0.9623122698587809,0.9494231657773207,0.9548818965768274,0.9150376741558367
FOODS_3_058_CA_2_evaluation,1.405363291098882,1.4018860020156352,1.4025243187618315,1.3856686498013289
FOODS_3_059_CA_2_evaluation,0.5723520668944532,0.561515522051177,0.5726495899548832,0.4404344702595824
FOODS_3_064_CA_1_evaluation,1.1354721633280314,1.1303367184521746,1.1334568736766342,0.841459181300828
FOODS_3_076_CA_1_evaluation,0.6333634488053822,0.6296142928513897,0.6311755073683845,0.5461869463978352
FOODS_3_076_TX_1_evaluation,0.849265227243735,0.8435570378404451,0.8485951481517545,0.7298626120645734
FOODS_3_077_CA_3_evaluation,21.059511382370097,21.20702609274416,21.11742127648937,17.938714549870678
FOODS_3_079_CA_1_evaluation,0.18852963290060398,0.1607729651155946,0.1676259417504743,0.11929574811869748
FOODS_3_079_TX_2_evaluation,1.1201038192612032,1.1143271143710007,1.1142477572404375,0.8648196194992274
FOODS_3_079_WI_2_evaluation,1.5570855574727194,1.5869486044019006,1.5655428352513356,1.4950366239923785
FOODS_3_080_CA_1_evaluation,0.10487412210925044,0.10483231954872428,0.10487533869701214,0.0950113772677756
FOODS_3_080_TX_1_evaluation,0.12096726836751458,0.1209118696470244,0.12096975603541038,0.11282882051983285
FOODS_3_080_TX_3_evaluation,0.09446006966686687,0.09360813352329382,0.09411910769438936,0.0785511861756662
FOODS_3_080_WI_1_evaluation,0.1404314128593481,0.14036805072072908,0.14035065645829417,0.13185445902925153
FOODS_3_085_CA_4_evaluation,0.3411167849754843,0.3142953564392425,0.31997589491866807,0.3049178470634072
FOODS_3_086_CA_3_evaluation,2.5005572057411256,2.486728867068125,2.510438584682223,2.1322607244867755
FOODS_3_086_TX_2_evaluation,1.0632797584694507,1.0845242321900204,1.0891810719296626,0.7012036197065359
FOODS_3_086_TX_3_evaluation,1.63732123031754,1.627380124831486,1.647078078203503,1.4255531505017032
FOODS_3_089_CA_3_evaluation,0.46747546742672896,0.4645009707485695,0.46545320245817257,0.4463348927432489
FOODS_3_089_WI_1_evaluation,0.47935620561275366,0.48257571403017524,0.4820614789159586,0.46215638493665917
FOODS_3_090_WI_2_evaluation,0.9938104072866804,0.975675067807671,0.9850876131189915,0.7235369452836626
FOODS_3_091_CA_4_evaluation,0.8520271027285942,0.8480288991771321,0.8484390103090499,0.8201918113526188
FOODS_3_097_CA_3_evaluation,0.7777769918462455,0.7789542955898151,0.7780971205427573,0.7130377211575479
FOODS_3_099_CA_4_evaluation,0.2116651425908106,0.21171493799783692,0.21180170497679185,0.20560162442127017
FOODS_3_099_TX_1_evaluation,0.2116883995627654,0.2126773738311447,0.2125621576671007,0.2085128934979692
FOODS_3_099_TX_2_evaluation,0.27917954560620023,0.27903975727173125,0.27863913768520454,0.24082877183790594
FOODS_3_099_TX_3_evaluation,0.289594645793613,0.2828387683355409,0.28349292319715524,0.26893199611085666
FOODS_3_099_WI_2_evaluation,0.35529962005540994,0.3546475166484248,0.3548389755777365,0.3333931767728954
FOODS_3_103_WI_2_evaluation,0.6034898346316038,0.6034916876883883,0.6034752707351548,0.5930885760884886
FOODS_3_109_TX_1_evaluation,0.4030683127960206,0.38711438052385877,0.3927056230739798,0.33593569631647296
FOODS_3_109_TX_3_evaluation,0.5013666462136487,0.49972283206919327,0.5000573445387778,0.4723386364790661
FOODS_3_109_WI_2_evaluation,0.21477464932016554,0.205496359265291,0.2084656010431132,0.18684342983536806
FOODS_3_113_CA_3_evaluation,0.3744279605635212,0.3743859333679178,0.37452606199493416,0.3662602662305135
FOODS_3_113_CA_4_evaluation,0.2673050811745706,0.2621646662787382,0.2665844458352686,0.24518641141158323
FOODS_3_113_WI_1_evaluation,0.4511558337086632,0.46344513309860913,0.46074079111436866,0.42981928582946555
FOODS_3_113_WI_3_evaluation,0.27454638221972344,0.26930370328516573,0.2742367646552459,0.23782165084612913
FOODS_3_114_WI_3_evaluation,0.22778854601627327,0.17222424638392542,0.1952128348755029,0.1572274869856304
FOODS_3_115_CA_3_evaluation,0.3031538610842733,0.3024326677354523,0.3024965597205452,0.28332948749332126
FOODS_3_116_CA_3_evaluation,0.19667338959280986,0.16554251426524869,0.17393624947786746,0.10769778540790048
FOODS_3_116_CA_4_evaluation,0.8701375945379851,0.8402615517586515,0.8520936900815613,0.7046554292208359
FOODS_3_118_CA_3_evaluation,0.19520397643800258,0.16576721581679243,0.17993670513894575,0.11912527219057456
FOODS_3_118_TX_1_evaluation,0.3357762586691149,0.35852176080642845,0.34894826328352474,0.28540564295536003
FOODS_3_119_WI_2_evaluation,1.6325831692376802,1.663741336224608,1.637006246575497,1.6137301968346784
FOODS_3_124_CA_3_evaluation,0.333246934207412,0.29566570511611306,0.3005467479035318,0.25753416750707353
FOODS_3_124_WI_3_evaluation,0.23064328668269743,0.2311159051345432,0.22879155307138485,0.1821651590403703
FOODS_3_126_CA_2_evaluation,5.378171233161574,5.379645235663631,5.374750942064043,4.948886085891075
FOODS_3_127_CA_1_evaluation,0.6976508819241287,0.6972586342758734,0.6973887844702813,0.6368634015740845
FOODS_3_127_CA_2_evaluation,0.7976564608524593,0.7976732902567171,0.7977658560458654,0.7449898345957067
FOODS_3_127_TX_2_evaluation,0.7875959674855656,0.7863811633477408,0.7864258652052923,0.7488639789012832
FOODS_3_131_WI_3_evaluation,0.2626290197385402,0.2667871683709833,0.2718232139526016,0.23036380301979933
FOODS_3_133_CA_1_evaluation,0.5568028624218081,0.56243942411343,0.5604794278964474,0.5154867577248602
FOODS_3_133_CA_3_evaluation,0.3830984391494758,0.39744109042903375,0.39516758969442733,0.3423562645736096
FOODS_3_136_CA_3_evaluation,0.27349711107909985,0.2727378586009741,0.27170961403648475,0.24440397189403915
FOODS_3_136_TX_1_evaluation,0.4032701825532277,0.3740494497680144,0.37978395496224754,0.31962091318563846
FOODS_3_136_TX_3_evaluation,0.6743597397910693,0.6784766948077857,0.6745053356874896,0.5796867202218783
FOODS_3_136_WI_2_evaluation,2.1595321376395176,2.0321742079305145,2.0444363779074233,1.6292376503337067
FOODS_3_137_TX_3_evaluation,0.25698592699196626,0.2338937284729593,0.240449288013206,0.2193298279079937
FOODS_3_139_CA_1_evaluation,0.6948396347080393,0.7105602409669217,0.708320277840218,0.6628540485079915
FOODS_3_144_TX_2_evaluation,0.7077990923587283,0.7049184891198363,0.7073590099866811,0.6775661507506184
FOODS_3_144_TX_3_evaluation,0.5095090648692578,0.5083300678284915,0.509872022226841,0.4762369941941011
FOODS_3_146_WI_1_evaluation,3.0862060858023663,3.052553338464916,3.0573904714048687,2.866929619007341
FOODS_3_150_WI_1_evaluation,0.45421942345384375,0.40238805164200325,0.41023116931519205,0.19931019480825737
FOODS_3_153_CA_2_evaluation,1.6731326038714371,1.6784998603288084,1.6756138380107164,1.5541212225938026
FOODS_3_154_TX_3_evaluation,0.14492138814255284,0.13460639471352734,0.14029366385100742,0.09962364406423879
FOODS_3_154_WI_3_evaluation,0.21888524117535657,0.21017301610606864,0.21655378421505878,0.1856221056257911
FOODS_3_156_CA_1_evaluation,0.3117400751965849,0.31165791414308014,0.3116630034613522,0.2859734763992972
FOODS_3_156_CA_4_evaluation,0.5168239511448955,0.5164795618315663,0.5165653601942158,0.49095502878230785
FOODS_3_156_WI_3_evaluation,0.45573159202594576,0.4549225405092619,0.45526687372508406,0.4385019945875579
FOODS_3_157_TX_1_evaluation,2.9961146569940236,2.9936639041361808,2.997605666775652,2.873120933050572
FOODS_3_160_TX_2_evaluation,0.4938437444492035,0.4755114907828905,0.4793699869512751,0.45458089044960276
FOODS_3_166_CA_4_evaluation,1.7119344428304666,1.715631017957665,1.709289133906887,1.6681475255050813
FOODS_3_169_CA_3_evaluation,0.8000606378301134,0.7996551251222508,0.7995601752356926,0.7519515464431111
FOODS_3_176_CA_1_evaluation,1.8444413332039484,1.8146759051518542,1.825546655681415,1.6877985981540278
FOODS_3_177_CA_3_evaluation,0.4074708560995326,0.4003557384597187,0.4024411572372551,0.34690396565023046
FOODS_3_178_TX_3_evaluation,0.6344670199094051,0.6344666153874677,0.6344680696533257,0.6148677873781908
FOODS_3_182_CA_1_evaluation,0.9558546581213349,0.9527620261943697,0.9527083177646114,0.9351630908885779
FOODS_3_184_WI_1_evaluation,0.762219838274374,0.7555929733296088,0.7550186904642544,0.7122133527938362
FOODS_3_187_CA_3_evaluation,0.9946743999169853,1.0050976721444542,0.9987530229834038,0.8154345296094035
FOODS_3_188_CA_1_evaluation,0.690996875396567,0.6638278607978026,0.6658009563610267,0.6392181583597378
FOODS_3_188_TX_1_evaluation,0.2802023947919953,0.2592736950072427,0.26532044379512904,0.24760131391410214
FOODS_3_194_CA_3_evaluation,0.4684495220240091,0.4686509647307678,0.4686124818182226,0.46589681918937914
FOODS_3_195_TX_2_evaluation,0.31173002152314483,0.3050443747690299,0.3056081509711628,0.2885602661087932
FOODS_3_200_WI_3_evaluation,2.2706048950776654,2.1617552754847096,2.179441361456053,1.9389752660296293
FOODS_3_201_CA_3_evaluation,0.46999127728313367,0.47138562947961926,0.4709387170896126,0.46148771727215804
FOODS_3_201_TX_1_evaluation,0.5472156340453412,0.546990797934794,0.5470424061897149,0.5178798538486578
FOODS_3_202_TX_3_evaluation,0.5611908427150033,0.5079897307123539,0.5109711148191108,0.44198250651131077
FOODS_3_202_WI_2_evaluation,0.9925030078030647,0.9851772861251448,0.9854571764375284,0.9393199528342445
FOODS_3_203_TX_2_evaluation,0.653392519318514,0.6564017062145734,0.6539054947568463,0.6356050880515076
FOODS_3_204_TX_1_evaluation,0.7841379297199728,0.7629386634965113,0.7609917300011388,0.7339602526539362
FOODS_3_215_CA_2_evaluation,0.5764512499759585,0.5424448665584914,0.5498552646161022,0.475341459454976
FOODS_3_215_TX_3_evaluation,0.5175466565047918,0.517438823834954,0.5182024551815878,0.5061347869878526
FOODS_3_215_WI_1_evaluation,0.6387007771642578,0.6392010601692921,0.6387779101688557,0.6280963510388579
FOODS_3_217_CA_3_evaluation,0.30220721323823624,0.2998319087953981,0.3012736560786401,0.2656089046933843
FOODS_3_219_WI_2_evaluation,1.2455698260687535,1.2213584244556563,1.2213417074112256,1.0725877191956048
FOODS_3_222_WI_2_evaluation,2.1814348398074705,2.2141115467011327,2.170537251110268,2.082892522330702
FOODS_3_226_CA_2_evaluation,0.2406835974192305,0.24050664330205382,0.2408665213629643,0.224798607897009
FOODS_3_226_TX_2_evaluation,0.23867144600324222,0.23859622015006443,0.23861278449002585,0.21540652176781847
FOODS_3_226_WI_1_evaluation,0.10290648270860132,0.10284825436273555,0.10287625200191863,0.09224732308325738
FOODS_3_226_WI_3_evaluation,0.07239933957372847,0.07233302795068743,0.07237170118763007,0.06443055305381452
FOODS_3_227_CA_3_evaluation,0.7829729910854691,0.8087302879908522,0.8043947163687267,0.7802632077540239
FOODS_3_227_TX_1_evaluation,0.918022603541815,0.9219729194858003,0.9202367790710339,0.8427570473171638
FOODS_3_227_TX_2_evaluation,0.23078567603185685,0.23307354975618574,0.23306236224924315,0.205193549706818
FOODS_3_227_TX_3_evaluation,0.39210369903639014,0.4082615161608922,0.4053329625109825,0.37935973074340423
FOODS_3_228_TX_2_evaluation,0.08493058165036534,0.08497149015225446,0.08498813382501458,0.0790550619943466
FOODS_3_228_TX_3_evaluation,0.17226045058399006,0.1718819645884958,0.17207555707362074,0.14898327110484658
FOODS_3_228_WI_1_evaluation,0.31860909246582064,0.3184025450407895,0.3184748995793942,0.30354321962370373
FOODS_3_228_WI_3_evaluation,0.15414527154254684,0.1538022934291709,0.15400205806697564,0.1401644329967148
FOODS_3_230_CA_1_evaluation,0.47752619549969727,0.47743054219463305,0.47753455942193446,0.4387099004910932
FOODS_3_230_CA_3_evaluation,1.105155288206789,1.1044974155798046,1.1046398985450656,1.0243260721441292
FOODS_3_230_TX_2_evaluation,0.5303132847804438,0.5335328916490579,0.5301034889867744,0.5170070523006521
FOODS_3_231_CA_3_evaluation,0.6243708567043159,0.5687083028485024,0.5756049209153766,0.5174874667484352
FOODS_3_231_TX_2_evaluation,0.3330998544957753,0.3643152278440913,0.3549258573282204,0.3095350623226351
FOODS_3_231_WI_3_evaluation,0.5099307666782181,0.5742148002428159,0.561876366337659,0.47377979639586426
FOODS_3_232_CA_2_evaluation,0.45460771256813404,0.4540525229306264,0.4545739787107519,0.43759658073130653
FOODS_3_232_CA_3_evaluation,0.6814557037519439,0.6813415147279512,0.6813874125419647,0.6611520721576102
FOODS_3_234_CA_3_evaluation,0.8188114749452028,0.8255326520538474,0.8226085791196797,0.8109530689351042
FOODS_3_234_WI_3_evaluation,0.443555836785443,0.4315063062720886,0.445512940810695,0.41301917996366805
FOODS_3_237_CA_3_evaluation,1.500609235776537,1.5139886537298903,1.5038564005350565,1.4671729096041568
FOODS_3_238_WI_2_evaluation,0.3684598260809886,0.3174111346939696,0.32465730743089616,0.28272578982288515
FOODS_3_239_TX_1_evaluation,0.5362598834631268,0.5063698870344159,0.517618652833549,0.4757896080257901
FOODS_3_242_WI_3_evaluation,0.4051569548401596,0.4042324242604698,0.40436285980011805,0.39084842461787184
FOODS_3_243_TX_2_evaluation,1.5422002152807712,1.5469793652503665,1.546779822375956,1.4978174111417086
FOODS_3_245_CA_1_evaluation,0.3963290103739446,0.3970967186111685,0.39674434366975936,0.38460342437936323
FOODS_3_245_TX_1_evaluation,0.5168975894641813,0.5096383182136714,0.5107284012600379,0.37529123878760884
FOODS_3_246_TX_2_evaluation,1.437691656824926,1.452030497614281,1.43941931759616,1.4212294930499525
FOODS_3_252_CA_1_evaluation,0.15532818763856004,0.15536861206594935,0.15535355145114632,0.1518373642137039
FOODS_3_252_WI_2_evaluation,0.37295055882380285,0.3710652331624318,0.3716257963453266,0.3480215411916077
FOODS_3_252_WI_3_evaluation,0.17422889290035837,0.17447245595716568,0.1743185855677315,0.16671948601772446
FOODS_3_257_CA_1_evaluation,0.48629966330056734,0.49254838434531467,0.4948118374522881,0.4722412969443012
FOODS_3_258_CA_3_evaluation,0.21478449787113887,0.21470151662251594,0.2147465566648259,0.2025162679296324
FOODS_3_266_TX_2_evaluation,0.27781514005855173,0.2558435172289368,0.265030830476741,0.24268803510152262
FOODS_3_266_WI_3_evaluation,0.22022858956286973,0.16491098703465323,0.1783827418280257,0.14578113209386198
FOODS_3_267_CA_3_evaluation,0.285995036142685,0.256070199650201,0.26486668115368645,0.22335635526683886
FOODS_3_273_CA_1_evaluation,0.838046043878106,0.8349127903178349,0.8349076626095164,0.7742181197786998
FOODS_3_273_TX_2_evaluation,1.0251735371922004,1.016128906617943,1.0190380113151327,0.9349211994110508
FOODS_3_277_WI_2_evaluation,4.670003763500287,4.637917488737173,4.64697808971852,4.081575684034127
FOODS_3_279_CA_3_evaluation,0.617057747788566,0.6099194563092528,0.6095404006706112,0.5031661239589006
FOODS_3_281_WI_2_evaluation,0.409880147235756,0.42039740813260146,0.41851570895745427,0.3678311095543821
FOODS_3_283_CA_3_evaluation,0.5236022089037693,0.517148852059123,0.5188955159466792,0.4244214231985648
FOODS_3_290_CA_3_evaluation,0.2699717856032345,0.27960946890983235,0.27788374653260756,0.265443030758662
FOODS_3_291_TX_2_evaluation,0.9078370920580409,0.9077033415377357,0.9077829928529185,0.8515365612444228
FOODS_3_292_TX_2_evaluation,3.17244456417068,3.0496046001811057,3.063325734996185,2.375103165990161
FOODS_3_293_CA_4_evaluation,0.10440786927726253,0.034747552054309655,0.05507792370792753,0.014107551964800116
FOODS_3_294_CA_3_evaluation,6.688412093418969,6.695569228478721,6.686197030208021,6.0345399453555375
FOODS_3_295_CA_1_evaluation,0.7543554443910755,0.7830155845335285,0.7807670493934596,0.6573826124493087
FOODS_3_295_CA_2_evaluation,0.769209287163839,0.7782080666682193,0.7740291803663079,0.6734143891110697
FOODS_3_295_CA_3_evaluation,0.17735900928887027,0.18455558537899244,0.1833608180928404,0.13907922471173848
FOODS_3_295_TX_2_evaluation,0.1952469360816992,0.17797870434740035,0.18016361994565086,0.1505748853047756
FOODS_3_295_WI_2_evaluation,0.33440110540336554,0.33023276933176193,0.3306953116017645,0.29312789608428275
FOODS_3_295_WI_3_evaluation,0.372102724704196,0.3836201548488741,0.38010479114673607,0.3372293074176315
FOODS_3_299_WI_3_evaluation,2.547827661084571,2.5515961477634272,2.5490160090855576,2.4401088292462485
FOODS_3_300_CA_3_evaluation,0.6346782836362791,0.6376066677857114,0.6371469561858049,0.5900537963417326
FOODS_3_300_TX_1_evaluation,0.7017612947365404,0.6973699139200599,0.6977075416267752,0.6132219731554488
FOODS_3_300_WI_2_evaluation,0.7442828867988084,0.7464141428465187,0.7444193420263154,0.7122456709877419
FOODS_3_300_WI_3_evaluation,1.095027270225396,1.0945020764940594,1.0928457369139395,1.0420428271885875
FOODS_3_301_CA_3_evaluation,0.2670110773043628,0.2658584891263873,0.26597316575501534,0.25249488483834975
FOODS_3_302_TX_3_evaluation,6.2733017883220485,6.339793966846116,6.323554730775179,6.158256377143146
FOODS_3_303_CA_3_evaluation,0.3817800368928692,0.36517138714285585,0.36755939976321006,0.35249226600566463
FOODS_3_304_CA_2_evaluation,0.29710327359733774,0.2951734828649806,0.29679270805149954,0.28215781866167994
FOODS_3_304_WI_1_evaluation,1.0056833707377029,1.0065920721891848,1.0062669256366652,0.9889744936818837
FOODS_3_304_WI_2_evaluation,0.4450519009666886,0.4463157146739721,0.44578659025127293,0.4357190941360643
FOODS_3_309_CA_2_evaluation,0.5049890142462161,0.49544673364842357,0.4971926338236987,0.4582839699550025
FOODS_3_311_CA_3_evaluation,0.26443165913306504,0.27096730903272737,0.269471936161873,0.20834489887702023
FOODS_3_313_CA_1_evaluation,0.20829370988896376,0.2078030043204663,0.2089213490888799,0.20210111234144565
FOODS_3_313_CA_2_evaluation,0.27023980705277967,0.27664654468721434,0.27586250990004885,0.25343539537383963
FOODS_3_313_CA_4_evaluation,0.3685945677617552,0.3594259773519246,0.36450913124408363,0.3360691451690187
FOODS_3_313_TX_1_evaluation,0.5847591597761644,0.5936414675738902,0.5872918454800422,0.5739431502036653
FOODS_3_316_WI_2_evaluation,0.4964608956537209,0.45673856592747436,0.478300394753439,0.3980511550217389
FOODS_3_319_CA_3_evaluation,0.3139033603800177,0.301016966984962,0.3016710254103227,0.2569983568713222
FOODS_3_319_TX_1_evaluation,0.49970401683006416,0.47764508912658993,0.4897422449882452,0.39313360644108836
FOODS_3_319_WI_1_evaluation,0.6615211840849559,0.6644606368248109,0.6649071263031453,0.6296243856590074
FOODS_3_319_WI_3_evaluation,1.2695189208982947,1.2540218766240903,1.2549073745193295,1.1127538588955121
FOODS_3_323_CA_3_evaluation,1.5230031478261614,1.5235805278391228,1.5267592447256009,1.4663391686125475
FOODS_3_324_CA_4_evaluation,1.4063035724079829,1.3948116115508453,1.3964119821433805,1.3049628331488077
FOODS_3_327_CA_1_evaluation,0.4574663483890287,0.4566506292628909,0.4572676578295867,0.432698480969905
FOODS_3_327_CA_3_evaluation,0.18397082276976662,0.17941561731198472,0.18007275753412288,0.1622304736175227
FOODS_3_329_WI_3_evaluation,1.0539035885928287,1.0315975750314248,1.0551568845392685,0.8907866956028828
FOODS_3_330_CA_1_evaluation,0.9150365276333803,0.9154739540817746,0.9152947794501624,0.8755836272681546
FOODS_3_330_TX_1_evaluation,1.7305023028751634,1.7331044682346126,1.7315805362834562,1.6268541555313762
FOODS_3_331_TX_3_evaluation,1.0705393963110021,1.0696357709681825,1.067364889584522,1.02635514880321
FOODS_3_332_CA_3_evaluation,0.4215125392211858,0.4126802182862553,0.4193766687773799,0.38591252076312016
FOODS_3_333_CA_4_evaluation,1.7662607240314967,1.7619147852561354,1.773092189832776,1.6459766130912783
FOODS_3_335_TX_1_evaluation,1.1907092945107125,1.1948243074012335,1.1965550177899589,1.1173562384660318
FOODS_3_336_WI_3_evaluation,0.375244851223216,0.34302878476777315,0.34551284485997297,0.3123012254102216
FOODS_3_337_CA_3_evaluation,0.34683715611318755,0.33117411408477954,0.3330220090528822,0.31451653878114266
FOODS_3_339_CA_3_evaluation,0.8703496798265716,0.8775045966791497,0.8765120183408603,0.8363550777232311
FOODS_3_340_CA_4_evaluation,0.8906630663173427,0.8936938334990766,0.8936233447002172,0.8552811696695256
FOODS_3_342_TX_2_evaluation,0.7852469609870245,0.80842047880861,0.8041516631665049,0.7506809770986008
FOODS_3_346_CA_3_evaluation,0.36730990827268234,0.3651625650375272,0.36595217968670174,0.3433623442165518
FOODS_3_346_TX_1_evaluation,0.3310947222315262,0.3474979196172492,0.34386797984611955,0.3033569120990272
FOODS_3_346_WI_1_evaluation,1.7548846476114812,1.7512622785737577,1.7560466660651175,1.6043308200406978
FOODS_3_347_WI_3_evaluation,0.23531826903668782,0.2358566165028336,0.23966245696015667,0.15377433109707325
FOODS_3_348_WI_2_evaluation,0.5045651510972774,0.48949989196490923,0.4909887646674134,0.43685380513037403
FOODS_3_349_TX_2_evaluation,0.5249501192580631,0.524739430370489,0.5239440277235704,0.4957512635835631
FOODS_3_350_WI_1_evaluation,0.2441624736073771,0.18833343067922703,0.2048551166369383,0.09593264368719524
FOODS_3_352_TX_1_evaluation,0.46227902275156385,0.45708785438972493,0.45815278761991113,0.4187964589889672
FOODS_3_361_WI_3_evaluation,2.2216469660527536,2.2222948864897365,2.2223240406420737,2.15405003705254
FOODS_3_363_CA_1_evaluation,1.105120800249819,1.101827492452813,1.1032091062134408,1.0550926540892964
FOODS_3_363_CA_2_evaluation,1.0864360391045143,1.0852252091692134,1.085621532963095,0.9917440726204076
FOODS_3_363_TX_1_evaluation,0.6813891556122655,0.676922776777165,0.6781821080779991,0.6250869339103826
FOODS_3_363_TX_2_evaluation,0.8566515421674549,0.8540315933818957,0.8545539787501683,0.8014902458282857
FOODS_3_363_TX_3_evaluation,0.6371255400946426,0.6361520781509322,0.63702264446604,0.5675558728064836
FOODS_3_363_WI_3_evaluation,0.9179296766110046,0.9133543435903967,0.9138741426686061,0.8505864086046447
FOODS_3_367_TX_2_evaluation,2.5418784947960655,2.542168896393576,2.542123575461529,2.4630960606349594
FOODS_3_369_CA_3_evaluation,0.3491710255965863,0.34921990513693113,0.3492120413654476,0.3330986015984058
FOODS_3_370_CA_2_evaluation,5.594382720862981,5.60895810730554,5.597540685166909,4.808596438712509
FOODS_3_371_TX_3_evaluation,0.9062556122140175,0.9068866576832497,0.9092091702455228,0.8773270449458958
FOODS_3_376_TX_1_evaluation,0.20977948558526027,0.2073569147711574,0.20880888629955308,0.17355988573086326
FOODS_3_376_TX_2_evaluation,0.21172326817726742,0.2079646947511542,0.21078442332847755,0.19151253212806352
FOODS_3_376_TX_3_evaluation,0.43453070585973536,0.4183599598859055,0.4228760478845004,0.36702255711884124
FOODS_3_376_WI_1_evaluation,0.998006774405448,1.006939795943577,1.0015690826297252,0.9742580732550629
FOODS_3_376_WI_3_evaluation,0.43662103015001513,0.42957405024865025,0.4288068908158719,0.40020241104652826
FOODS_3_377_CA_2_evaluation,0.3648535227549426,0.3695926708370265,0.36890799367437194,0.3237107772661906
FOODS_3_377_WI_1_evaluation,0.3333695994481261,0.3317810303368767,0.332513515978559,0.3155203982892481
FOODS_3_379_TX_1_evaluation,0.5750574905576779,0.5638774528059933,0.5650552875238798,0.5493286980615399
FOODS_3_380_WI_2_evaluation,0.30196119425851325,0.25195736899325966,0.2621821787432441,0.24350078640408412
FOODS_3_388_WI_2_evaluation,0.4851005844972549,0.4813648050936901,0.48201883817922936,0.44968495005230685
FOODS_3_389_CA_1_evaluation,0.16665936934195905,0.1667576300771173,0.16674385605570644,0.16486774145932395
FOODS_3_389_TX_2_evaluation,0.5317176499885573,0.5290147316594408,0.530885534167266,0.46139125422994404
FOODS_3_390_WI_2_evaluation,4.405722619890092,4.405156151927247,4.401079909276496,4.248733927626607
FOODS_3_397_TX_2_evaluation,0.34013734003769264,0.3039627979596144,0.31895129365853336,0.2813658584382548
FOODS_3_400_CA_3_evaluation,0.31019644168537386,0.3103434442328494,0.31056655148443324,0.2928116853477447
FOODS_3_402_TX_3_evaluation,0.3642720238223535,0.3475256969141915,0.34712183221128085,0.33859471196886365
FOODS_3_402_WI_3_evaluation,0.7926222747725001,0.7523145454093187,0.7559881038224404,0.7287275258203398
FOODS_3_404_CA_1_evaluation,1.1179745465529887,1.1080840262082394,1.1092801099714031,0.9977380364482054
FOODS_3_404_TX_2_evaluation,0.4930248048776338,0.4761354711588905,0.4812713090399181,0.4230739010699574
FOODS_3_404_TX_3_evaluation,15.257329526610064,15.28515308751608,15.285598195780858,13.807079494213747
FOODS_3_404_WI_2_evaluation,1.1031813461913227,1.092901305967087,1.0934232484219242,0.8843326036968019
FOODS_3_404_WI_3_evaluation,1.27728015996797,1.2660156413031245,1.2675965851026247,1.091285810678253
FOODS_3_406_CA_1_evaluation,1.133571538472187,1.1827897849888547,1.1743805377934111,0.9676432731423644
FOODS_3_406_CA_4_evaluation,0.5043481896768477,0.4999470185867257,0.5014876128673441,0.4354913820785348
FOODS_3_406_TX_3_evaluation,0.9090127178127373,0.9111040185924528,0.9050610855784585,0.8190116419015641
FOODS_3_406_WI_1_evaluation,0.7090935527133452,0.7014362413726335,0.7000865755551443,0.6049797463418775
FOODS_3_406_WI_2_evaluation,0.7623280171861807,0.7606736045696701,0.7625160685740062,0.7093003913334015
FOODS_3_406_WI_3_evaluation,0.3705462886203375,0.37471399636680386,0.37357762746463075,0.3388700323170792
FOODS_3_407_CA_2_evaluation,0.17483168330736043,0.17178607662476073,0.17222568386065076,0.15891438944290878
FOODS_3_407_TX_2_evaluation,0.35474911927204483,0.3550924881604078,0.35498987285981504,0.34111487707205895
FOODS_3_410_CA_3_evaluation,0.4951312396769027,0.4732440310285699,0.48826000792700724,0.4039615897888853
FOODS_3_410_CA_4_evaluation,0.5210255381147328,0.5066484379237094,0.5105237768205794,0.47702058769261496
FOODS_3_410_TX_3_evaluation,0.2460052548465752,0.20344591223383315,0.21932834139760207,0.18789931975877686
FOODS_3_412_CA_1_evaluation,0.5693891187029575,0.5696543721368844,0.5696619559151394,0.4521205853265348
FOODS_3_414_WI_3_evaluation,0.806168100301296,0.8130982511952186,0.8157138319011992,0.778242682378394
FOODS_3_415_CA_3_evaluation,0.5184461961994645,0.4854315652901311,0.4895768604331579,0.44717764702688984
FOODS_3_416_WI_1_evaluation,0.5581014524945919,0.5256935416214602,0.5468328209956853,0.5089885993607431
FOODS_3_426_WI_2_evaluation,0.6935117830366883,0.7008771991751083,0.700353130935258,0.6714796910702657
FOODS_3_426_WI_3_evaluation,0.5340979594164449,0.5168903528603456,0.5205962523374107,0.49708261621184535
FOODS_3_431_CA_2_evaluation,2.0433327533014496,2.0426622479272143,2.0421826276419393,2.0200056170977105
FOODS_3_432_TX_3_evaluation,0.37520742284070224,0.3611009460651211,0.37634344532732533,0.3308891258842107
FOODS_3_434_WI_2_evaluation,1.8248951464550462,1.8573006392348834,1.8517780399046542,1.654690506280879
FOODS_3_440_TX_2_evaluation,0.5871196848799577,0.5665676973131522,0.5724563123535411,0.5472936805696529
FOODS_3_446_WI_2_evaluation,0.4327077938185102,0.41706915870999234,0.4182584955115096,0.34734655324493535
FOODS_3_447_TX_3_evaluation,1.0446668473469416,1.051403418254724,1.048393151179513,1.0162659759953079
FOODS_3_449_CA_4_evaluation,0.39789896210545495,0.3981604082453763,0.39819407913169486,0.38377488565837875
FOODS_3_449_WI_1_evaluation,0.5907749827610467,0.5983455228228072,0.5909042035157717,0.5594453112835823
FOODS_3_449_WI_3_evaluation,0.2245296180876907,0.2286197920178715,0.22716978193188916,0.22045663689932984
FOODS_3_458_CA_3_evaluation,0.28855928610730375,0.2882880749552181,0.2881926532049316,0.23927484112527372
FOODS_3_458_TX_1_evaluation,0.22747485041640658,0.2278258197362768,0.22737662661733427,0.2202004011607068
FOODS_3_458_TX_2_evaluation,0.27201225174738025,0.2710483592362606,0.27112554396329575,0.259647532719049
FOODS_3_458_TX_3_evaluation,0.1809555458758276,0.18100334580644983,0.18094997302390672,0.17760474035886853
FOODS_3_458_WI_1_evaluation,0.7411933091752071,0.7427197696333354,0.7412026326706217,0.7053325959938506
FOODS_3_458_WI_2_evaluation,0.2343653254159993,0.23419271713961187,0.23470225532218017,0.22407484076641795
FOODS_3_460_CA_3_evaluation,0.4108627543817282,0.41300771831512245,0.4105479474420995,0.4030993204997771
FOODS_3_462_CA_1_evaluation,0.3100359019136692,0.3282013142470485,0.31830195497769226,0.2935691176293463
FOODS_3_462_CA_2_evaluation,0.20243633967867583,0.19987474387683954,0.20646171335132904,0.17264124106239087
FOODS_3_462_CA_3_evaluation,0.21752457609191125,0.20903972372230406,0.21015094961100553,0.16649237318341378
FOODS_3_462_TX_1_evaluation,0.3321072277252772,0.3207667533055885,0.32665713615279,0.2807607066014186
FOODS_3_462_TX_2_evaluation,0.1960352751538654,0.19614833645541996,0.196152526120855,0.1798440360062928
FOODS_3_462_WI_1_evaluation,0.7530280825447907,0.7611656850843268,0.7494008412990792,0.7367849418056877
FOODS_3_462_WI_3_evaluation,0.2460110499208437,0.2401910505830341,0.24104160953334944,0.20938798348409812
FOODS_3_465_CA_1_evaluation,4.857086628636938,4.849557674852298,4.832169818763808,4.679441793156645
FOODS_3_468_CA_2_evaluation,0.11526458159070656,0.09879237992385566,0.1040380923428833,0.040566611166626826
FOODS_3_468_CA_3_evaluation,0.19649502820346457,0.17693621030548123,0.18483984198276113,0.13600596090880857
FOODS_3_468_TX_1_evaluation,0.23039318916600257,0.21012526490400055,0.2131658175184021,0.17086913447422783
FOODS_3_469_CA_2_evaluation,0.5639729615540335,0.5811816203293927,0.5779147528809656,0.5070198878018533
FOODS_3_469_TX_1_evaluation,1.4826436862823968,1.4793324106983814,1.4798345887246516,1.448470406446045
FOODS_3_469_WI_1_evaluation,1.2927458020543405,1.290241327364053,1.2905663276479407,1.226727411938348
FOODS_3_473_CA_2_evaluation,0.4338067376052946,0.43389782451779585,0.4338893255181424,0.42842436946477974
FOODS_3_473_CA_4_evaluation,0.4967718794812009,0.49676978471623995,0.496806420827244,0.48723695279748985
FOODS_3_473_TX_1_evaluation,0.3200905721162572,0.3197772318344536,0.31987737836359237,0.2907919904169542
FOODS_3_475_CA_3_evaluation,0.8127397869602205,0.813589000136564,0.8143770339003978,0.7891232739639777
FOODS_3_475_WI_1_evaluation,0.6276320995364799,0.6274428827883965,0.6275229673341055,0.6038240271201676
FOODS_3_476_TX_2_evaluation,0.36392923016898115,0.3553278740831836,0.35478717578046215,0.23710009861259693
FOODS_3_477_CA_4_evaluation,0.38063973679889823,0.38066336695121755,0.3806537232509284,0.3675127653944214
FOODS_3_477_TX_2_evaluation,0.15516832007248013,0.15419270885036315,0.15487731674789007,0.1447566188958654
FOODS_3_477_WI_3_evaluation,0.17715100926703273,0.1739963842947195,0.17488672103035963,0.14929772475625322
FOODS_3_479_WI_1_evaluation,3.383095881818599,3.3692804915728902,3.3680308449582217,3.163492271174968
FOODS_3_480_CA_3_evaluation,0.5509575423434269,0.5511664094226164,0.5512462782164019,0.5394084885568916
FOODS_3_480_WI_3_evaluation,0.7825388844916034,0.7772195178339234,0.7852846333260685,0.7559665053644146
FOODS_3_481_CA_1_evaluation,0.5157097047274868,0.5312392748224622,0.5205701616474876,0.5145601159532925
FOODS_3_484_CA_2_evaluation,0.2591972899550369,0.2262239685504679,0.23642919547718003,0.2077116244936382
FOODS_3_488_TX_2_evaluation,1.7010633296205875,1.706944882937683,1.7004517942668536,1.638969617818313
FOODS_3_495_TX_1_evaluation,0.4895738761914083,0.4898487064192176,0.4898474477795891,0.4812974331451471
FOODS_3_495_TX_2_evaluation,0.33157345577128333,0.33215041494477066,0.3320720259351572,0.323177584189952
FOODS_3_501_CA_4_evaluation,0.42309490662415633,0.433884778171886,0.4318541163985801,0.3521549627544452
FOODS_3_501_TX_1_evaluation,0.6944431025532243,0.6847120772582752,0.6850324553725097,0.5711713060858586
FOODS_3_501_TX_2_evaluation,0.16840173640606682,0.16240638416236877,0.16264569487602962,0.13870790496450122
FOODS_3_501_TX_3_evaluation,0.5002242887238811,0.4947560135907711,0.49478980786108134,0.4172857917301282
FOODS_3_501_WI_1_evaluation,1.0866905449128714,1.0580999736178545,1.0596135625720937,0.8367381516234121
FOODS_3_501_WI_2_evaluation,0.2844394037455514,0.2803733333697561,0.2794665149262982,0.24806724298084137
FOODS_3_503_CA_3_evaluation,0.3450209928975483,0.34196571671296394,0.3454278446029389,0.32600896864854995
FOODS_3_503_CA_4_evaluation,0.4422407928186824,0.4297404093940073,0.43839253698111463,0.4091683165485842
FOODS_3_503_TX_1_evaluation,0.40023014359591125,0.39891588952911555,0.3961355427792706,0.3755238311233582
FOODS_3_503_TX_2_evaluation,0.3812863712749132,0.3809429675385792,0.3815124842860926,0.3529120554995972
FOODS_3_503_TX_3_evaluation,0.6611940607634849,0.6602578204536428,0.6612838646716134,0.6440215860781963
FOODS_3_503_WI_1_evaluation,0.36861241178548515,0.3679255222487081,0.36856594757315686,0.35526039029174306
FOODS_3_508_TX_1_evaluation,0.5990469761249618,0.5980388625603624,0.5999255456644895,0.5913078787116601
FOODS_3_508_WI_2_evaluation,0.9252802621550803,0.9218461671603473,0.9264307639965056,0.8825917646059279
FOODS_3_510_WI_1_evaluation,2.7337676561768043,2.704741742040328,2.725372227725302,2.589410105431532
FOODS_3_512_TX_2_evaluation,0.2754898385248807,0.2476142677553453,0.25611491364880085,0.2389407866825303
FOODS_3_516_CA_1_evaluation,0.3529641044320622,0.3570333329199131,0.3550541544077708,0.34713368842707343
FOODS_3_516_CA_4_evaluation,0.8295572734273954,0.8288987928990763,0.8295341390085645,0.7790551121991337
FOODS_3_516_TX_1_evaluation,0.5731890219053533,0.5728275741313372,0.5734463706986613,0.5341642908727955
FOODS_3_524_CA_1_evaluation,2.9378773768704,2.9551303124895028,2.951715224572453,2.57601666998401
FOODS_3_524_CA_2_evaluation,0.5923663158579052,0.6086920007528797,0.6047233283958386,0.571902489908959
FOODS_3_525_TX_1_evaluation,1.0414867222380373,1.042725752096073,1.0464440161364523,1.0152318062869459
FOODS_3_526_CA_1_evaluation,0.5418593420668415,0.5362366678950256,0.534349989517051,0.46718927828634405
FOODS_3_526_CA_4_evaluation,0.48700274160890195,0.48857767085123466,0.48797347227148014,0.47313779013991913
FOODS_3_526_WI_1_evaluation,1.121039054675161,1.125310172140166,1.1305648563708162,0.9494034906819707
FOODS_3_526_WI_2_evaluation,0.6324926125132906,0.6319163689952487,0.6349438499830902,0.5856126238547681
FOODS_3_533_TX_1_evaluation,1.0872085231382407,1.0864980849277424,1.0867081905529168,1.0524723254790376
FOODS_3_536_CA_4_evaluation,2.5655430844152827,2.5669374527152056,2.5657204229610833,2.5075343059726345
FOODS_3_536_TX_1_evaluation,0.6955338296916002,0.669556727945364,0.6698126928011563,0.6460745962036418
FOODS_3_538_CA_3_evaluation,0.10355834346701766,0.0944689498472688,0.09746839182464545,0.0
FOODS_3_541_CA_4_evaluation,0.17701331583998883,0.16339717037725524,0.16975886637904694,0.13513107681742353
FOODS_3_541_TX_2_evaluation,0.2291803974886918,0.22457822663516613,0.2307421792823039,0.18390688293622173
FOODS_3_541_WI_1_evaluation,0.7234193300707368,0.7349235240984132,0.7198198952999274,0.6651476094818939
FOODS_3_546_CA_1_evaluation,0.4430032765789262,0.4394982799676717,0.4406194834216875,0.32427060456373324
FOODS_3_546_TX_3_evaluation,0.5624653358724164,0.539256203429068,0.541282874484084,0.5096903655579778
FOODS_3_546_WI_3_evaluation,0.7025548727876467,0.7045514348184562,0.7043685338081578,0.5865277755126623
FOODS_3_547_TX_2_evaluation,0.7473294936772078,0.7404380550369156,0.7404908033273182,0.7251141270228995
FOODS_3_547_WI_3_evaluation,0.4437715510470927,0.4302814681703853,0.4305239790541185,0.3998557341276334
FOODS_3_551_CA_3_evaluation,0.7015566483998453,0.7011028187490694,0.7010186759240787,0.6731854332631887
FOODS_3_553_TX_3_evaluation,0.5761014647109627,0.5651380020299959,0.567909422118693,0.5409447421057672
FOODS_3_555_CA_3_evaluation,0.09624676025659813,0.09625155884798753,0.09625822918072961,0.09349742889890995
FOODS_3_555_TX_1_evaluation,0.06048586602099538,0.05921548643451391,0.05949861956938544,0.047140618583782
FOODS_3_555_TX_2_evaluation,0.09542651278155938,0.09531214357901814,0.09538851311875897,0.08262665838927027
FOODS_3_555_TX_3_evaluation,0.08665581099606993,0.08585048106643534,0.08619314332834517,0.07063066948024033
FOODS_3_560_CA_1_evaluation,2.700621215072316,2.647184779837041,2.659277696189926,2.3321142619304314
FOODS_3_560_CA_3_evaluation,6.193631738947807,6.183030442606351,6.184399759579757,4.628697110962844
FOODS_3_560_CA_4_evaluation,0.7200165151383856,0.7022459976833009,0.7006545027598353,0.6640878505458078
FOODS_3_562_CA_1_evaluation,0.9686842583629249,0.9679883934158514,0.9681395515719315,0.8655792446416521
FOODS_3_562_TX_1_evaluation,0.8855136826641025,0.8865049200441306,0.8863698497399235,0.8670467395628174
FOODS_3_563_CA_2_evaluation,1.4489839736682382,1.4557991944052002,1.454780944249356,1.4362296819259828
FOODS_3_565_CA_2_evaluation,5.737195512108417,5.7137048919874,5.721662801712331,5.4664182393197045
FOODS_3_570_CA_1_evaluation,0.5075773934234793,0.507692303746314,0.5076844469784162,0.501580611214433
FOODS_3_570_CA_3_evaluation,0.2428896285111902,0.24225525946834794,0.24234800447599417,0.2329680334285523
FOODS_3_570_CA_4_evaluation,0.8743581415449375,0.8741397075534046,0.874171743397275,0.8517281407505738
FOODS_3_572_CA_1_evaluation,0.15599287831962325,0.16600423791548918,0.16642810164961236,0.0962217650778373
FOODS_3_572_TX_2_evaluation,0.1875100782367837,0.1934708887379555,0.19982124479312668,0.11760679858763035
FOODS_3_573_TX_3_evaluation,2.1209809930222536,2.1160881984331974,2.114901611386499,2.024882378644238
FOODS_3_574_TX_3_evaluation,0.758084314956287,0.7536250702227775,0.7525609070393942,0.6985822030766061
FOODS_3_577_CA_2_evaluation,0.635088615767582,0.6342186961417743,0.6343208822662719,0.6199343755872787
FOODS_3_577_WI_1_evaluation,0.3799126483908704,0.3836891219866891,0.37859346113656667,0.3257300434612564
FOODS_3_583_TX_1_evaluation,2.4072239802617226,2.3868410941299385,2.405943325695406,2.1948854094705106
FOODS_3_583_WI_1_evaluation,1.2397308882291114,1.2258365836490626,1.2264009606563333,1.1638357999168274
FOODS_3_584_CA_3_evaluation,0.4984214028658041,0.4963295756992912,0.496854355031291,0.4749498089665816
FOODS_3_586_CA_1_evaluation,0.10908907983769915,0.10909096350222726,0.10907331759139753,0.10101420010909946
FOODS_3_586_CA_2_evaluation,0.18746297116125685,0.1873898393978615,0.18742641117445755,0.16958722976630367
FOODS_3_586_TX_1_evaluation,0.06981777344285582,0.06960585744627304,0.06985841834710475,0.06330770020319446
FOODS_3_586_TX_3_evaluation,0.08345743179520344,0.08344772257954623,0.08346222260561553,0.07579020708691972
FOODS_3_587_CA_3_evaluation,0.10677452907325889,0.10728870502362092,0.10764111553352118,0.10024057167247048
FOODS_3_587_TX_1_evaluation,0.21105165288534475,0.21405036989154033,0.213702257012784,0.19845919024094258
FOODS_3_587_TX_2_evaluation,0.31533700048504537,0.31212558212156855,0.31314266056030393,0.2668462900194036
FOODS_3_588_WI_2_evaluation,0.9592012643335589,0.984174625878198,0.9556885487290465,0.9129122098383902
FOODS_3_589_CA_3_evaluation,15.371541923166939,15.753415370282184,15.666504202931572,15.23546423622428
FOODS_3_594_CA_3_evaluation,0.29785009876702945,0.29275586405767134,0.2940068739149906,0.2558326061372556
FOODS_3_594_TX_3_evaluation,3.933700729296531,3.9054754032752617,3.9129665812493557,3.7747266917055318
FOODS_3_596_WI_2_evaluation,0.9111076712030343,0.9083856637161998,0.910318685894098,0.8755050860138764
FOODS_3_609_WI_3_evaluation,0.6618490661136911,0.6537812729108248,0.646555804456621,0.6042371550131416
FOODS_3_611_CA_3_evaluation,0.6354622860203142,0.6375100572566019,0.6372401597996442,0.6198839159495748
FOODS_3_614_WI_3_evaluation,1.0799620885734373,1.0919549940485693,1.09240522377128,0.984539648744417
FOODS_3_617_TX_2_evaluation,1.022472407909846,1.0217274112965125,1.0214406118678123,0.9685387910078284
FOODS_3_621_WI_1_evaluation,3.1511146706050237,3.151275118842996,3.1511032223339446,2.9395573844271197
FOODS_3_624_CA_1_evaluation,3.1754884159875907,3.215535704254318,3.204683546382757,3.149442616999304
FOODS_3_628_CA_1_evaluation,0.795971503447182,0.7794382401258441,0.7815946775480476,0.7384279942895877
FOODS_3_628_CA_2_evaluation,0.6787845667543576,0.6668409321790641,0.6685366728753722,0.6364802185835559
FOODS_3_628_TX_3_evaluation,1.4554227609098476,1.4562697932370776,1.4556338442846342,1.3709026309950814
FOODS_3_631_CA_1_evaluation,0.6763922066557401,0.6753518857843934,0.6754874708179587,0.6484622528876002
FOODS_3_634_TX_2_evaluation,0.6102815471296369,0.5915714023314631,0.5948230093609309,0.5069190174768471
FOODS_3_635_CA_1_evaluation,0.15432284830062762,0.1366217538851083,0.1401298298080558,0.1110957354053222
FOODS_3_635_CA_2_evaluation,1.0844070177104241,1.0329181212407548,1.0376167773952498,0.9561157870393284
FOODS_3_635_CA_4_evaluation,0.2439837045114385,0.22680741528860446,0.22835947889160954,0.19577865943973105
FOODS_3_635_TX_1_evaluation,0.4735061299744225,0.4449909786140953,0.4571330025429549,0.3464440862236167
FOODS_3_635_WI_1_evaluation,0.594235708712778,0.5924542948827525,0.5927722053763568,0.5595912998885878
FOODS_3_644_TX_3_evaluation,2.213427074703818,2.220300368839722,2.219572533463832,2.1086832938951026
FOODS_3_645_TX_1_evaluation,0.6324039528744966,0.6212473507431646,0.6242839550745426,0.5661558668108477
FOODS_3_646_CA_2_evaluation,1.248736373293314,1.231437552981521,1.238482766259848,1.1438973164811377
FOODS_3_648_CA_3_evaluation,0.9005199299148071,0.9010015504260463,0.9011675045081221,0.8772762909028297
FOODS_3_652_TX_2_evaluation,0.4782804683032334,0.47794728546798515,0.4780121787779359,0.4399002165038423
FOODS_3_652_WI_3_evaluation,0.5347918284411274,0.5370735339863699,0.5352396766280781,0.5057625294136084
FOODS_3_654_TX_2_evaluation,0.5616285956616537,0.5590934404187,0.5608062247025173,0.5326687718650209
FOODS_3_655_CA_3_evaluation,0.31982605613360376,0.3203565277316633,0.3203710627910632,0.3119315091395935
FOODS_3_655_TX_3_evaluation,0.46307222132097997,0.4617089026138963,0.4662941534931046,0.4468165835304963
FOODS_3_657_TX_1_evaluation,0.9682352303249718,0.9649674286743802,0.9691019799896224,0.8434736634961059
FOODS_3_664_CA_2_evaluation,0.11953564499667557,0.11143803296192072,0.11704386941122964,0.035538143555947914
FOODS_3_666_CA_3_evaluation,0.4010478356747942,0.394568515276595,0.39518485424219624,0.3615455367798699
FOODS_3_668_CA_1_evaluation,0.14007003810190025,0.13989231602926977,0.1399661425176004,0.12790302334649814
FOODS_3_668_CA_3_evaluation,0.11774510580516113,0.1176603844102068,0.117682619314178,0.10622344882290873
FOODS_3_668_CA_4_evaluation,0.31207079942576693,0.3121179314593671,0.31213819988109753,0.3064892536899997
FOODS_3_668_TX_1_evaluation,0.34722817489349556,0.34736595718362256,0.34741395595304225,0.3226386341459691
FOODS_3_668_TX_3_evaluation,0.32712325084621324,0.3269694565409368,0.3271431322565733,0.31771097137534593
FOODS_3_668_WI_2_evaluation,0.15127777069944467,0.15113706353209896,0.1512549201335986,0.14433396992261022
FOODS_3_668_WI_3_evaluation,0.11196851148457276,0.11188034234416151,0.11196530926408892,0.09773738780739377
FOODS_3_671_WI_2_evaluation,1.2368431051067639,1.2371697509843678,1.2356217465077666,1.216877171917528
FOODS_3_672_TX_1_evaluation,0.3043950477324378,0.3197655384270765,0.3097717288106458,0.29023969239508246
FOODS_3_672_TX_3_evaluation,0.41229423889446726,0.40577425657621174,0.40505508907405124,0.3080378788593851
FOODS_3_672_WI_3_evaluation,0.30987285797435166,0.2895204692104116,0.29439590253032016,0.23169869586569536
FOODS_3_674_CA_1_evaluation,1.1488172134461825,1.1512305576531758,1.150096138727432,1.0537327733872397
FOODS_3_674_CA_3_evaluation,0.739157885823383,0.740869963328968,0.7406481591528062,0.7076798866730715
FOODS_3_674_WI_2_evaluation,0.5809084760805036,0.5852804443053216,0.584393050456459,0.5739416111142502
FOODS_3_675_CA_1_evaluation,1.4344813495598616,1.4248478721910978,1.4230137975277888,1.3905454129621522
FOODS_3_678_TX_1_evaluation,1.2147818291585142,1.23042008611623,1.2194678222370599,1.1886567197037115
FOODS_3_678_TX_3_evaluation,3.8923562593864918,3.930487331473765,3.927141054017115,3.6244956610956884
FOODS_3_680_TX_3_evaluation,0.26916168671770224,0.2289224970756175,0.2448491702621802,0.20178950382444502
FOODS_3_681_CA_3_evaluation,1.0206882136802473,0.9825756043547523,1.0152170604742514,0.695434116480648
FOODS_3_681_CA_4_evaluation,1.2026634305788106,1.174409095995511,1.1971030086954098,1.0048586144393747
FOODS_3_681_TX_2_evaluation,1.4670577403822918,1.4451820348638285,1.463868131897027,1.161454399712468
FOODS_3_681_WI_3_evaluation,0.9488078415687404,0.9383119615662278,0.9575982214361164,0.6990705775196854
FOODS_3_682_WI_1_evaluation,10.143351874685317,9.928636764535302,9.951240933972679,6.808376725011964
FOODS_3_685_TX_2_evaluation,1.9422168201191656,1.9206212482140688,1.9189187793165552,1.7069895156216033
FOODS_3_692_CA_3_evaluation,1.1307248307066078,1.131398705235288,1.1312726333828385,1.0866093467129048
FOODS_3_694_CA_4_evaluation,0.23540924628055016,0.23535096434662298,0.2354036605223333,0.22549325774988416
FOODS_3_694_TX_1_evaluation,0.13825886536001508,0.13858024048095852,0.1384809088235409,0.12855438470688144
FOODS_3_695_CA_1_evaluation,0.4848447270639331,0.4827440400086486,0.4844566362644192,0.4672882889006192
FOODS_3_695_CA_4_evaluation,0.8770785223749443,0.877246799634932,0.8772256441665837,0.8552623892671822
FOODS_3_695_TX_1_evaluation,0.8686778406644468,0.911467838937183,0.9046326106647887,0.8208406402361857
FOODS_3_695_TX_3_evaluation,1.0716067452943336,1.060626168649536,1.0627130600796257,0.9705524123978783
FOODS_3_697_CA_2_evaluation,0.5718906815092392,0.5719807623450502,0.5719645685539366,0.5533129536365927
FOODS_3_697_CA_3_evaluation,0.1899691504855755,0.18987581775395213,0.18990262855168805,0.17367592816385413
FOODS_3_697_TX_1_evaluation,0.5268622498263628,0.5268834936177353,0.526877978897459,0.4862657713532727
FOODS_3_697_WI_1_evaluation,1.3111860759202434,1.3115100110818083,1.3113080500077217,1.2757038300417551
FOODS_3_697_WI_3_evaluation,0.38667011286744185,0.38615975604258096,0.38634730484593055,0.3684958767368555
FOODS_3_700_CA_2_evaluation,1.780920016109727,1.776249231299989,1.780875199424467,1.6933053268612124
FOODS_3_702_CA_1_evaluation,0.7730565745843418,0.805894311610983,0.7904497659072756,0.6798385284664058
FOODS_3_702_CA_2_evaluation,0.8967381323021711,0.8682911957544149,0.8746806645381714,0.6183473028353372
FOODS_3_702_CA_4_evaluation,0.7533278882807765,0.7523099026172133,0.751051174137114,0.6981517415542055
FOODS_3_702_WI_1_evaluation,1.3107458699952754,1.3345729953624115,1.3165951665989388,1.135159122565826
FOODS_3_702_WI_2_evaluation,0.9168956351843249,0.9110653970642869,0.9154646802044101,0.7580177315472642
FOODS_3_703_CA_3_evaluation,0.3136184998212444,0.26847036754374815,0.2740429544249344,0.17085230337599253
FOODS_3_704_CA_4_evaluation,0.44887726057353944,0.4327095063917617,0.43259040136292004,0.3914140714453295
FOODS_3_704_TX_1_evaluation,0.48975906429839244,0.4915451724037761,0.4910224326666551,0.4364028532493238
FOODS_3_704_TX_3_evaluation,0.5132834294018347,0.5035614451402207,0.5042969424242293,0.47791407771991096
FOODS_3_704_WI_1_evaluation,1.01645848887476,0.9910938948071292,0.9913716948281106,0.9230488678559466
FOODS_3_705_CA_1_evaluation,1.1971952040110774,1.2063492637332651,1.2067131311787986,1.0677243334888924
FOODS_3_707_WI_2_evaluation,5.357616348717472,5.345536193103645,5.342871181332817,4.756121096407671
FOODS_3_709_CA_2_evaluation,1.8865707771828955,1.9190596350839833,1.908766087668397,1.8560879718556056
FOODS_3_714_CA_2_evaluation,0.6106887311335557,0.6116993121006677,0.6115645496629848,0.5569612623910863
FOODS_3_714_CA_3_evaluation,0.17646063724497055,0.17658765897144124,0.17654487227623716,0.16399381548795222
FOODS_3_714_CA_4_evaluation,0.3529648628676139,0.3528653567685979,0.3529383363497893,0.32876688772142887
FOODS_3_719_CA_3_evaluation,1.1248771822006483,1.1229896205459002,1.127506714993442,1.0640778472329788
FOODS_3_723_CA_3_evaluation,0.4908008231172998,0.49240233685668056,0.5035413931363705,0.4057127791904769
FOODS_3_725_CA_1_evaluation,0.5389998137487407,0.5608621430151896,0.5585773110487516,0.4892809677353176
FOODS_3_733_CA_3_evaluation,1.5214989324925943,1.5282820373026962,1.5271536802430816,1.3577798087104693
FOODS_3_733_CA_4_evaluation,0.33871325277151293,0.30250494812173173,0.31854527231003255,0.2907742500129746
FOODS_3_733_TX_1_evaluation,4.055942606872617,4.06305123301934,4.073296592352539,3.90625275700986
FOODS_3_734_CA_2_evaluation,2.7087260773069026,2.7077844594703477,2.70824078075078,2.516948282151939
FOODS_3_734_CA_3_evaluation,0.33061061148941384,0.34345976738312306,0.33460970652933525,0.31387613753502747
FOODS_3_734_TX_3_evaluation,0.43228755662795043,0.4288195598954405,0.42977813105346313,0.3615177209954546
FOODS_3_734_WI_2_evaluation,0.4849347865316697,0.48801235808281196,0.4874252088595155,0.46826817922650016
FOODS_3_735_CA_1_evaluation,1.3519999765431232,1.3531724727752679,1.3504412237628267,1.3043091885465834
FOODS_3_738_WI_1_evaluation,1.050431098038358,1.014111958205628,1.0324302674676777,0.8837649548713055
FOODS_3_741_CA_2_evaluation,0.9396715279335676,0.9389968059866219,0.9392729473205077,0.888465515615052
FOODS_3_741_CA_3_evaluation,0.2310533107708649,0.2271434141959092,0.22758822247401578,0.21046756940622022
FOODS_3_741_CA_4_evaluation,0.6833327660598444,0.6835221016799734,0.6833263949014053,0.6765075003230412
FOODS_3_741_TX_2_evaluation,0.10149322814823586,0.08229101580093687,0.09096848625062857,0.05844730231718504
FOODS_3_741_TX_3_evaluation,3.284872014358372,3.2837310205476133,3.2822783591086586,3.2136655272347205
FOODS_3_742_WI_2_evaluation,0.6677888551469037,0.6692239337975625,0.6686210604966231,0.6050876842510502
FOODS_3_743_WI_2_evaluation,0.6006023459984248,0.6352565280429979,0.6095719008814293,0.5607435576991894
FOODS_3_744_CA_3_evaluation,0.45695463003315373,0.46758647302706163,0.46616875112276196,0.39711545781211455
FOODS_3_744_TX_3_evaluation,0.3492769583493483,0.35046021269390115,0.3537825592030914,0.308383449545139
FOODS_3_746_CA_4_evaluation,0.6983925397390758,0.6977690524470092,0.6983977138033427,0.6677137528662213
FOODS_3_746_TX_1_evaluation,0.254404241936112,0.2612697412404039,0.2609570468868657,0.24237364869661607
FOODS_3_752_CA_3_evaluation,0.6986268269048844,0.6917469346606486,0.6919642351542854,0.6688859141722743
FOODS_3_753_CA_1_evaluation,0.5978945326002717,0.576857345336582,0.578303551997034,0.4445890984298722
FOODS_3_753_CA_2_evaluation,0.49934486153466945,0.46496016781289806,0.4678129588706512,0.4055479907251114
FOODS_3_753_WI_1_evaluation,0.5774189569110063,0.5931005275674543,0.5877550216507171,0.5453045014936465
FOODS_3_754_TX_1_evaluation,0.7620334487757972,0.766054510802428,0.7658316738369922,0.7201323094289046
FOODS_3_755_CA_4_evaluation,0.20595509214202512,0.19657942130451644,0.19791630492865128,0.17902474267517046
FOODS_3_756_WI_3_evaluation,0.35845615728720936,0.3586346966326646,0.35861337348765615,0.34593592206168916
FOODS_3_760_WI_3_evaluation,12.755443193363133,13.160095071476023,13.08983515552225,12.27386273861889
FOODS_3_761_CA_3_evaluation,1.7401021687130782,1.7386270722965607,1.7394341700663025,1.697308261057673
FOODS_3_763_TX_2_evaluation,0.20904398806451616,0.16460040693449596,0.18014151476630724,0.1366336788314171
FOODS_3_766_CA_3_evaluation,0.4794590865900829,0.47903872704733413,0.47905292610875533,0.45747246988228785
FOODS_3_767_CA_3_evaluation,0.76849739856004,0.7528350860308891,0.7547881723677116,0.6142208076174777
FOODS_3_774_WI_2_evaluation,0.9673872375872666,0.9600720737098781,0.9610231205694912,0.9398669977818077
FOODS_3_780_TX_3_evaluation,0.8402367873450384,0.8191532855914505,0.8212782902683764,0.765244686902966
FOODS_3_782_CA_3_evaluation,0.794437591887263,0.8145952166524677,0.8110868754575303,0.7338772169150373
FOODS_3_785_CA_3_evaluation,1.03563904695483,1.0194008548951818,1.0208280388187292,0.974497316792491
FOODS_3_785_TX_1_evaluation,1.493058973397595,1.527555800550904,1.5220918459706834,1.473192812967805
FOODS_3_785_TX_3_evaluation,2.1248913395965174,2.0188466446303486,2.032640384011447,1.7562717868392033
FOODS_3_787_CA_3_evaluation,0.3978154216436937,0.3925893183802179,0.3925735603644731,0.32172386311091683
FOODS_3_792_CA_3_evaluation,0.24637078064467363,0.24519649731282026,0.24561661404919458,0.23448843205297829
FOODS_3_792_TX_2_evaluation,0.21195774839047807,0.20706184576197428,0.20753688184643437,0.19859006636870272
FOODS_3_792_WI_1_evaluation,0.6261549941345428,0.6261819693128857,0.626068196523068,0.6149115644351922
FOODS_3_793_CA_3_evaluation,0.7521220806241248,0.7524227099261465,0.7522057375151018,0.7420526703155205
FOODS_3_803_WI_1_evaluation,5.913198319475593,5.9413938558355825,5.9296591024905,5.908351675159593
FOODS_3_803_WI_3_evaluation,1.7519476703441346,1.7265315351021522,1.72970290678615,1.6838356532953869
FOODS_3_804_WI_3_evaluation,0.4255041867952096,0.42793399987231345,0.42746313803200753,0.42139441942487715
FOODS_3_805_CA_3_evaluation,0.25737878491873384,0.2590248131811757,0.2578297481990374,0.2242221215914745
FOODS_3_806_WI_2_evaluation,1.9623080466773561,1.9489693354768054,1.9564922973942778,1.817508197347869
FOODS_3_807_CA_1_evaluation,0.4897308436552539,0.4887619200980393,0.4900058722347241,0.478740015796243
FOODS_3_807_CA_2_evaluation,0.9938928365662133,0.9629626286001175,0.9721369958497715,0.866007492092152
FOODS_3_807_CA_3_evaluation,0.3496984654085081,0.3359555005067238,0.33676544330753005,0.24561946693821005
FOODS_3_807_TX_1_evaluation,0.695173277199891,0.7238898781725589,0.7201072937295239,0.6839278474586807
FOODS_3_807_TX_2_evaluation,0.6421066742799213,0.6426036329663027,0.6435538575954631,0.6263114937280223
FOODS_3_807_WI_3_evaluation,0.27633106014909115,0.28855392515640654,0.2808147694731545,0.2714019583260724
FOODS_3_808_CA_1_evaluation,0.15184259846625578,0.1410525880621538,0.14169147706435087,0.12015357739272514
FOODS_3_808_CA_2_evaluation,0.6673922221317143,0.6612649619886649,0.6576190516635122,0.6077943573178095
FOODS_3_808_CA_3_evaluation,0.4071734608304414,0.4058966909247059,0.4049626167833893,0.36498695077686083
FOODS_3_808_CA_4_evaluation,0.2042848680237791,0.2170190465014822,0.21378567927542114,0.17887554347258885
FOODS_3_808_WI_1_evaluation,0.5344794822101163,0.5244296388194931,0.52103634624886,0.4530169049801926
FOODS_3_808_WI_3_evaluation,3.7249494805875485,3.7130835907487767,3.7087175374617765,3.2493297698497834
FOODS_3_813_TX_3_evaluation,1.2189468355525281,1.1814478876565482,1.1861520579848412,1.0706338048340194
FOODS_3_818_CA_2_evaluation,8.124757258318601,8.059700418339656,8.065771883532307,7.4269360905777
FOODS_3_820_CA_3_evaluation,0.8451729834421613,0.8448391107382599,0.8448183340775279,0.8210254935687152
FOODS_3_822_CA_3_evaluation,0.2534115470566282,0.2499313690339884,0.25547519689911136,0.23679949817443458
FOODS_3_822_WI_2_evaluation,0.39098873129813333,0.37620690640289406,0.39281345989915323,0.3499486718676448
HOBBIES_1_003_WI_2_evaluation,0.18689803698588583,0.1412955010970229,0.14961725789712313,0.12035849852775349
HOBBIES_1_004_CA_2_evaluation,0.6077148264282288,0.6075485615939075,0.6075519105479726,0.5795053526583974
HOBBIES_1_004_CA_3_evaluation,0.4695298498194967,0.4693061954801119,0.4693172028140679,0.45091307127802677
HOBBIES_1_006_CA_2_evaluation,1.7517255705888723,1.7191289091284314,1.7223882010220357,1.6460983349473592
HOBBIES_1_015_CA_4_evaluation,0.4391738860293532,0.43835063746514596,0.4385018387661856,0.40717127699062433
HOBBIES_1_016_CA_3_evaluation,0.895449205111391,0.8953654811014564,0.8954169748364308,0.8667371929241562
HOBBIES_1_027_CA_4_evaluation,0.3213698534215338,0.2914691365805895,0.31037242137719895,0.27361339142917623
HOBBIES_1_029_WI_2_evaluation,0.6742187526580999,0.6574879218100597,0.6677581504578963,0.630109255596934
HOBBIES_1_034_CA_2_evaluation,0.4925484394421305,0.4682550108742944,0.4723101752453622,0.4395219205292984
HOBBIES_1_038_CA_2_evaluation,0.5168914589797677,0.5229647484265775,0.5226362049463222,0.5093664389940679
HOBBIES_1_043_CA_1_evaluation,1.1331133684639414,1.1312675797149858,1.1318251387448812,1.1093054632473829
HOBBIES_1_043_CA_3_evaluation,0.8052233731844124,0.8040117299920868,0.8047764430470851,0.7645569397871701
HOBBIES_1_047_TX_3_evaluation,1.6541465539843507,1.663224147899606,1.6593143940572934,1.586795200832639
HOBBIES_1_049_WI_3_evaluation,0.20150817741863547,0.13720114911564404,0.16057993027129644,0.12390888076006802
HOBBIES_1_055_WI_1_evaluation,0.4345325184472273,0.41623896261717763,0.4245988952677448,0.40902431726166094
HOBBIES_1_061_CA_3_evaluation,0.438319668685241,0.43203246597896783,0.43206421511193266,0.41407223151931677
HOBBIES_1_080_CA_2_evaluation,6.069587169969075,6.045691880105561,6.038072433297921,5.997594212469024
HOBBIES_1_080_WI_2_evaluation,9.197671599799582,9.184013669734446,9.149628784954775,8.539336693737086
HOBBIES_1_091_TX_1_evaluation,0.8887052768409517,0.7153307687833791,0.8064842208430801,0.6792909716884052
HOBBIES_1_095_WI_3_evaluation,0.27598483199976276,0.24073556061361848,0.25323021096575615,0.22415585044456246
HOBBIES_1_103_CA_3_evaluation,1.430041493089332,1.4364657893598787,1.433019809103615,1.3390601726097071
HOBBIES_1_103_CA_4_evaluation,0.6718666269816248,0.671063695050779,0.6712809718581135,0.6207639745077661
HOBBIES_1_116_CA_2_evaluation,0.5370327238543388,0.49744142099916017,0.5193843195072777,0.4881588849016758
HOBBIES_1_119_WI_1_evaluation,1.8542163112374297,1.8575670515297302,1.8572902829471738,1.6612058536062089
HOBBIES_1_122_CA_2_evaluation,1.1567865590256723,1.1142548968154364,1.1166442744601144,1.0961105672468743
HOBBIES_1_127_TX_1_evaluation,0.7701072730645085,0.7388715511661169,0.736250501724203,0.7234443158478024
HOBBIES_1_131_WI_1_evaluation,4.4946232505586945,4.491328767285419,4.49194744350575,4.327864524612706
HOBBIES_1_137_WI_3_evaluation,0.2339442114053291,0.18569130118960678,0.20039560247091223,0.1800998147980525
HOBBIES_1_145_TX_2_evaluation,1.3139431828867525,1.2980187417931723,1.3038252456248047,1.2625107608663524
HOBBIES_1_150_CA_3_evaluation,2.441919675716194,2.436482017145944,2.4307478537994256,2.410442637243629
HOBBIES_1_152_TX_3_evaluation,0.905181505516908,0.877251113669682,0.8942476187444895,0.8367509947363713
HOBBIES_1_161_TX_3_evaluation,1.0162082132961066,1.0238507741481075,1.0142529741059898,0.9762883563866033
HOBBIES_1_162_WI_1_evaluation,0.7390797432316328,0.675237927712382,0.6931596238602125,0.6002363735865678
HOBBIES_1_165_TX_3_evaluation,0.17501737862731545,0.10835946234283933,0.12845056379213474,0.10269479282369294
HOBBIES_1_167_TX_1_evaluation,6.2188683322609215,6.212702871727857,6.206358082959498,6.098590381791827
HOBBIES_1_168_WI_3_evaluation,0.7221370037590708,0.7260099275946578,0.7218422675845412,0.714985926829046
HOBBIES_1_178_CA_1_evaluation,1.2703721080336183,1.274998945355993,1.2749241204940245,1.2191459815579486
HOBBIES_1_179_CA_3_evaluation,0.9122848799641656,0.9124104315766721,0.9123430002300913,0.8719770383116376
HOBBIES_1_186_TX_1_evaluation,0.1725479730106312,0.0998676230593911,0.12289671760811265,0.09501243613397892
HOBBIES_1_189_TX_2_evaluation,4.631204344009938,4.622765814198064,4.620339762955396,4.362522413244068
HOBBIES_1_191_TX_2_evaluation,0.4042957373497466,0.38174061440411305,0.37788334349357694,0.36613458111749453
HOBBIES_1_201_CA_3_evaluation,0.3390474692559235,0.3390896683515141,0.3391102766573042,0.3299164033075843
HOBBIES_1_201_TX_1_evaluation,1.2709665887161663,1.2712653938597593,1.2712824822355828,1.2668851580705904
HOBBIES_1_202_CA_4_evaluation,3.183967302002772,3.1438121582541516,3.151312962899954,3.0876683551244173
HOBBIES_1_209_CA_3_evaluation,0.9888619091230808,0.9879919310749856,0.9895298591534596,0.956556504683412
HOBBIES_1_216_WI_2_evaluation,0.29896306304086373,0.2365802835721266,0.2672915093807697,0.19924425684135472
HOBBIES_1_231_WI_3_evaluation,1.0574822885575688,1.06066254002614,1.059908420119742,1.0521289290417817
HOBBIES_1_232_CA_3_evaluation,5.892379190684042,5.913158206709169,5.90466854247874,5.656052439857051
HOBBIES_1_234_CA_3_evaluation,15.169575694073439,15.152586170574802,15.151912809008929,14.982343820832542
HOBBIES_1_243_CA_1_evaluation,0.35198187327727687,0.317672634351889,0.32919236897390763,0.3040515889756505
HOBBIES_1_244_WI_1_evaluation,1.2032239758237062,1.2024448650831692,1.2021429834997377,1.1770728201071223
HOBBIES_1_248_CA_2_evaluation,0.708908459815702,0.6981118370345314,0.713454271916528,0.6434956382957547
HOBBIES_1_252_TX_2_evaluation,18.92688918504435,19.09247563893481,19.057871590464877,18.447015841626403
HOBBIES_1_254_CA_1_evaluation,1.2816502924308417,1.2822600510995252,1.2819228820253163,1.2644951003489586
HOBBIES_1_254_CA_2_evaluation,0.9852860736758142,0.9847745424052837,0.9849630024855424,0.9759626301380298
HOBBIES_1_254_TX_1_evaluation,2.547677686630642,2.546442519609163,2.5469881468589306,2.5289326445548044
HOBBIES_1_255_CA_3_evaluation,1.094715374011877,1.069559891390127,1.0859687325702914,1.044949312918832
HOBBIES_1_261_WI_2_evaluation,5.099906037368252,5.199584345980695,5.146136594995924,5.069188795250315
HOBBIES_1_262_CA_4_evaluation,0.4482551040739815,0.446695179005509,0.44702138965262844,0.4392159105233309
HOBBIES_1_268_CA_3_evaluation,0.4417569322392771,0.4395526274463865,0.4397984185748627,0.4273552516759666
HOBBIES_1_273_WI_2_evaluation,0.31747547446859287,0.2885818980165435,0.29938204567184107,0.2790825062728239
HOBBIES_1_277_TX_1_evaluation,3.1142852481666705,3.0960915508694264,3.099135247113287,3.050146632812979
HOBBIES_1_277_WI_3_evaluation,1.1047109856757633,1.1306825072618485,1.1261616724166827,1.104538441092392
HOBBIES_1_288_CA_4_evaluation,2.726509094631453,2.7275412313207514,2.725806800494601,2.6253653132320642
HOBBIES_1_288_TX_2_evaluation,6.3573923643566514,6.317869822682632,6.306892767371416,6.278738864942256
HOBBIES_1_295_CA_4_evaluation,3.200871976366759,3.1944524838080626,3.196055616793536,3.12278651848149
HOBBIES_1_295_WI_1_evaluation,1.0901320342658527,1.0886907110430621,1.089385585389251,1.0601081224379996
HOBBIES_1_305_CA_3_evaluation,0.3337548180483845,0.297654415439052,0.3010345466063376,0.2868954959094574
HOBBIES_1_312_WI_1_evaluation,1.6352498627897614,1.6425640341501568,1.634345914478575,1.5915717848252342
HOBBIES_1_313_CA_1_evaluation,0.9316338883720404,0.9322269863520917,0.9330805094484361,0.907693919644073
HOBBIES_1_319_WI_1_evaluation,1.2326983778198595,1.2299012843698613,1.2296341551439927,1.2200544167684246
HOBBIES_1_323_CA_3_evaluation,0.27030849439212223,0.2700045742602368,0.2700170675950239,0.2565648865190784
HOBBIES_1_323_TX_2_evaluation,0.17491902802545278,0.17415425167835974,0.17428687446219185,0.1681096262955413
HOBBIES_1_334_TX_3_evaluation,0.1789398196452885,0.1250744198270208,0.14519142391526896,0.11770020891252166
HOBBIES_1_337_CA_2_evaluation,0.5079627556785994,0.5077224869663914,0.5077695927246669,0.49304469120866085
HOBBIES_1_340_TX_2_evaluation,0.41937202006591573,0.4033924469359025,0.4048141883534475,0.3862966801561931
HOBBIES_1_341_CA_3_evaluation,0.6548714222944578,0.6546636957392116,0.6549474062583358,0.6105374114324562
HOBBIES_1_341_WI_1_evaluation,0.8952852765444947,0.9027537114685059,0.9029896512559462,0.8828049633707827
HOBBIES_1_341_WI_2_evaluation,0.6313176797557268,0.6309050704262168,0.6303697592121585,0.5884213137723123
HOBBIES_1_348_CA_1_evaluation,0.9349418252199572,0.9371607404771418,0.9364575029347338,0.9128959639609628
HOBBIES_1_348_CA_3_evaluation,0.33150964345732203,0.3256563441729214,0.3267832919835941,0.2843527579203421
HOBBIES_1_358_CA_3_evaluation,2.4471694756366396,2.447194230310437,2.4494896666200963,2.238148705521669
HOBBIES_1_359_CA_2_evaluation,0.30659304789221925,0.26308423031346634,0.27647055432307344,0.24630466119839856
HOBBIES_1_361_WI_2_evaluation,0.22845609682446932,0.16754746560926792,0.18232222620860203,0.15396068314410882
HOBBIES_1_363_TX_1_evaluation,0.23174942091817288,0.185591028088559,0.1972764691235126,0.1739006113938603
HOBBIES_1_370_TX_2_evaluation,2.400085383954465,2.398006662412285,2.39962591137137,2.3078701985591317
HOBBIES_1_370_WI_1_evaluation,0.8101952576004248,0.8120967703866296,0.8139782948999968,0.7703088759549414
HOBBIES_1_370_WI_2_evaluation,1.1565083360580155,1.1578654530518406,1.1605191304073832,1.1350570006606746
HOBBIES_1_371_CA_3_evaluation,0.5198713404450188,0.51764199930991,0.5179583264507638,0.4929015437918916
HOBBIES_1_371_CA_4_evaluation,0.8235369956694086,0.8281509742025687,0.8260246425872872,0.8190807544217655
HOBBIES_1_371_WI_1_evaluation,1.007097592969902,1.0084786158445966,1.0075419727279398,0.9993362507910298
HOBBIES_1_376_CA_1_evaluation,0.41788541812210706,0.37221433358970013,0.37756680867347064,0.3524336745419796
HOBBIES_1_378_CA_3_evaluation,0.8330638183597564,0.8299391319131116,0.8339479661206908,0.8187275582502619
HOBBIES_1_387_CA_3_evaluation,5.660577132745606,5.657700017905966,5.658687425455565,5.438229405710253
HOBBIES_1_396_WI_3_evaluation,0.18047528363478615,0.10994554461018985,0.1383186177828883,0.1035325707322558
HOBBIES_1_398_WI_3_evaluation,2.987833321397235,2.8990226862198765,2.9004793959839064,2.8346055443511093
HOBBIES_1_400_TX_1_evaluation,6.7904634651733025,6.637420189775036,6.621774332419437,6.585744585486469
HOBBIES_1_408_TX_3_evaluation,2.680635455130821,2.6485859377581717,2.6561680351357047,2.5351594753336726
HOBBIES_1_408_WI_2_evaluation,4.459456145153349,4.3026016391499935,4.321471051697382,4.207879997447642
HOBBIES_1_415_CA_3_evaluation,1.4852181618337061,1.484899034003557,1.485040492577373,1.464603466562096
HOBBIES_1_417_CA_4_evaluation,0.9013544581993679,0.8964780415280486,0.8981767863148987,0.8559014473720082
HOBBIES_1_417_TX_1_evaluation,2.0865131158270995,2.084354207134709,2.094397188525632,2.0562432655988285
HOBBIES_1_422_CA_2_evaluation,0.36151397645573136,0.30005554516192706,0.3176969139935863,0.2872730324370318
HOBBIES_2_007_WI_1_evaluation,0.8253001066989846,0.8145217420750167,0.8261721589833408,0.7766528686994177
HOBBIES_2_009_CA_2_evaluation,0.444546626820921,0.4117772429987718,0.42732171514961753,0.4032256357869366
HOBBIES_2_011_WI_1_evaluation,0.35834667056320296,0.29986285606751534,0.3149555862833715,0.2911945133528046
HOBBIES_2_011_WI_3_evaluation,0.3414889865245696,0.2919379611246293,0.31568978102890183,0.27144276927296657
HOBBIES_2_019_TX_2_evaluation,0.4451250987096009,0.41524161253279196,0.4186753708415034,0.3882212738942165
HOBBIES_2_025_WI_2_evaluation,0.1674014711390093,0.10685730644756798,0.12590597627739827,0.10092736152277325
HOBBIES_2_027_TX_2_evaluation,0.33591961305810014,0.2914087381083837,0.3125738272774611,0.2760691685995273
HOBBIES_2_029_TX_1_evaluation,0.493793285970552,0.4623230996626826,0.4709772887978816,0.4500966842974414
HOBBIES_2_031_WI_2_evaluation,0.1677495686889193,0.09077758446066277,0.11664098615684015,0.08800445558748814
HOBBIES_2_032_WI_1_evaluation,1.0747941730832318,1.0122215149063114,1.024151565531735,0.9711628148603637
HOBBIES_2_034_CA_1_evaluation,0.3571458980894286,0.2835642617768687,0.32021845154677575,0.2696753140789529
HOBBIES_2_036_CA_2_evaluation,2.819532593140002,2.7826625275046637,2.7945969539627433,2.578674947514737
HOBBIES_2_042_CA_3_evaluation,2.6140190649159756,2.619000564972411,2.6396319149059897,2.4934804492161287
HOBBIES_2_046_CA_3_evaluation,0.23331981125175374,0.18690578276134706,0.198614982817839,0.16585597361787774
HOBBIES_2_049_WI_1_evaluation,0.1285221180906007,0.05612584112126287,0.07582772024591881,0.052369578640247605
HOBBIES_2_054_TX_3_evaluation,0.5340951986053887,0.5136532694646923,0.5147669020786015,0.48517734410126884
HOBBIES_2_063_CA_1_evaluation,0.678263717622703,0.6695137194733719,0.6768420346572651,0.6612432560704583
HOBBIES_2_076_CA_2_evaluation,0.575433417456991,0.5432992819807091,0.5338433593738405,0.5127950598287158
HOBBIES_2_078_CA_2_evaluation,0.1979584467222273,0.12170308513714091,0.14662529858257642,0.1127293865908645
HOBBIES_2_083_CA_2_evaluation,0.7818314660890741,0.7937069270691327,0.7923496779862962,0.7563331543112047
HOBBIES_2_085_TX_1_evaluation,1.1162348840594385,1.0785802553838963,1.0718664459552647,1.0597608889774381
HOBBIES_2_087_WI_1_evaluation,0.4156251942279187,0.3871365034391674,0.39482628402285314,0.3538776966722011
HOBBIES_2_098_TX_2_evaluation,0.6724485351564256,0.6382629905270124,0.6376198397883927,0.6097762808170842
HOBBIES_2_117_WI_1_evaluation,0.818595190931379,0.7618176208476551,0.7725945841253955,0.7393763055907528
HOBBIES_2_118_TX_2_evaluation,0.2571061273775789,0.17177701552169158,0.2040446419471639,0.14371346119845307
HOBBIES_2_120_TX_3_evaluation,1.4812877546899885,1.4958720011626874,1.486027783354525,1.406077803440134
HOBBIES_2_123_CA_4_evaluation,0.381254439364675,0.3066085219185405,0.3290506697415293,0.3001561937545311
HOBBIES_2_124_WI_3_evaluation,1.572235596103983,1.4912077326862985,1.5088444673877568,1.4039000128459493
HOBBIES_2_128_WI_3_evaluation,0.24720571970108707,0.19203834975621822,0.21244200479937317,0.18395504658302586
HOBBIES_2_130_TX_1_evaluation,0.28176663985930384,0.22934244111036972,0.2544425519534453,0.2107628927210452
HOBBIES_2_132_CA_1_evaluation,1.4294857656263849,1.4227075207278377,1.417677309139508,1.3979144640167833
HOBBIES_2_132_WI_1_evaluation,2.475574752870909,2.4542484115626286,2.453206495131023,2.41473467676475
HOBBIES_2_141_TX_3_evaluation,0.7307547369724853,0.7081869616122827,0.706810298059661,0.6927563076812425
HOBBIES_2_143_WI_3_evaluation,0.24014146133511757,0.17227411870687911,0.2044291876587605,0.16732715049583546
HOBBIES_2_146_WI_2_evaluation,0.4352785024316849,0.3891651776298812,0.39828844270472924,0.3734782684082292
HOUSEHOLD_1_004_CA_2_evaluation,2.720866006528078,2.7172135072026613,2.7194402430198554,2.503221338024146
HOUSEHOLD_1_011_CA_3_evaluation,0.48337877501371945,0.4724222037489181,0.47283657836819276,0.42239094030152874
HOUSEHOLD_1_015_WI_3_evaluation,0.8007464823871319,0.8642587000156886,0.8678489807186919,0.6268471824687504
HOUSEHOLD_1_016_WI_1_evaluation,0.5792790248517423,0.5664595297005206,0.5747022807732488,0.5265583554861379
HOUSEHOLD_1_017_TX_2_evaluation,1.8962997375847515,1.9183692124245733,1.9128868451777317,1.8860476882659025
HOUSEHOLD_1_019_CA_1_evaluation,0.5447110512207112,0.5448041198164343,0.543399920023239,0.5053526531855376
HOUSEHOLD_1_027_WI_2_evaluation,0.7929791313684104,0.7930974283265627,0.7930803212831239,0.7885834948791853
HOUSEHOLD_1_032_WI_3_evaluation,0.22194087270530036,0.21417573498897632,0.21514616680860862,0.183148412603781
HOUSEHOLD_1_034_TX_3_evaluation,0.4533997681601412,0.44963159376711875,0.4497501103072388,0.44100008950598074
HOUSEHOLD_1_036_CA_3_evaluation,0.5800602186185367,0.5655516425292895,0.566011754797783,0.5306098430841695
HOUSEHOLD_1_037_WI_2_evaluation,0.17968265605745806,0.10990727900425808,0.12973575972276954,0.09584695860521514
HOUSEHOLD_1_038_CA_3_evaluation,0.4532299715760206,0.4532246342759885,0.4532280666398927,0.44042044418729387
HOUSEHOLD_1_040_TX_3_evaluation,0.8940350476962099,0.8951098449220328,0.8948098407883571,0.8800072105846982
HOUSEHOLD_1_043_WI_2_evaluation,1.2116321846507796,1.2173901126787785,1.2244551223017774,1.137122864190816
HOUSEHOLD_1_045_WI_1_evaluation,1.469682720182332,1.465246258245679,1.4696029928863854,1.4336756383119937
HOUSEHOLD_1_045_WI_2_evaluation,1.589747361760276,1.5876461398598885,1.5860385471273748,1.410536049665108
HOUSEHOLD_1_046_WI_1_evaluation,0.45179355280833744,0.45353754395034,0.4527581909982235,0.4359863898642205
HOUSEHOLD_1_046_WI_3_evaluation,0.4049789231867256,0.3905483651960542,0.4002064292896179,0.36466417300287096
HOUSEHOLD_1_053_WI_1_evaluation,0.9645424998146885,0.9660379613919327,0.9629868992253527,0.9507764573340333
HOUSEHOLD_1_055_CA_2_evaluation,0.3896277330880242,0.39011012329026856,0.3900417377230452,0.3852967222442854
HOUSEHOLD_1_055_WI_1_evaluation,0.7157718232010749,0.7153028738292608,0.7151746017855762,0.6757741480857207
HOUSEHOLD_1_056_TX_2_evaluation,0.2514891297387957,0.18152404677365733,0.19994601344306517,0.1692867369053955
HOUSEHOLD_1_060_CA_1_evaluation,0.29316839285960533,0.2670164431090029,0.2733825088417212,0.25933811854395067
HOUSEHOLD_1_072_WI_2_evaluation,0.20961670805607793,0.20971664492187866,0.20966320556942666,0.2071941666486888
HOUSEHOLD_1_075_TX_1_evaluation,0.3783834644606762,0.37728959871378026,0.3785869902203165,0.3568365274237881
HOUSEHOLD_1_079_TX_3_evaluation,1.1194056143854079,1.120535247313234,1.119809866190286,1.1069813068124488
HOUSEHOLD_1_080_CA_3_evaluation,0.9676088081849651,0.9633013943135426,0.9667976579878107,0.9007647287373549
HOUSEHOLD_1_082_CA_4_evaluation,0.7591210185755995,0.7458177719200769,0.7492391679447236,0.7009001210208986
HOUSEHOLD_1_083_CA_1_evaluation,0.32546483542230825,0.31919948507094953,0.31826097824773664,0.26195359057961903
HOUSEHOLD_1_083_TX_2_evaluation,0.27974451073352574,0.27723331618429314,0.27801460343570444,0.25684606119511016
HOUSEHOLD_1_083_WI_1_evaluation,0.49287773265706053,0.4929036317603132,0.4930654016410197,0.48893745290738194
HOUSEHOLD_1_083_WI_3_evaluation,0.46088251688550247,0.456663192714462,0.4580775848316912,0.3937657469197682
HOUSEHOLD_1_086_CA_1_evaluation,2.069924380883749,2.066786391707122,2.059674500547577,1.9210816749650943
HOUSEHOLD_1_086_TX_1_evaluation,1.2377906854200489,1.2358819204838467,1.2399363025510899,1.1992729897139478
HOUSEHOLD_1_094_TX_1_evaluation,1.0144261589235655,1.0035846527835568,1.0037362584928657,0.9300727960493407
HOUSEHOLD_1_107_CA_1_evaluation,1.7795415886036203,1.7805674727434144,1.7797312741244788,1.7425668100219902
HOUSEHOLD_1_112_CA_3_evaluation,0.6944564638272012,0.6941961431664844,0.694135789301744,0.6570809916256395
HOUSEHOLD_1_113_WI_3_evaluation,3.345640794321952,3.3559778386543804,3.3540150132446365,3.085861653034183
HOUSEHOLD_1_114_CA_1_evaluation,0.6311533540948621,0.6245389858872764,0.6252556235672843,0.5908649790160808
HOUSEHOLD_1_114_CA_2_evaluation,0.9045938821053227,0.8973499397077552,0.8977212943536107,0.8689471289788383
HOUSEHOLD_1_114_WI_1_evaluation,0.4757041731584821,0.46605951814756336,0.4675290752995331,0.4097684229179626
HOUSEHOLD_1_114_WI_2_evaluation,0.32199244266325516,0.324286382810128,0.31961092960150844,0.2652302128301611
HOUSEHOLD_1_118_TX_3_evaluation,0.2232809234665543,0.2217890855296024,0.22335308369653004,0.21097641510112566
HOUSEHOLD_1_122_WI_2_evaluation,0.31271285190150755,0.31230623571776656,0.31253382652061296,0.2993269288680525
HOUSEHOLD_1_124_WI_1_evaluation,0.2297269047710231,0.20743342619334573,0.21031598356951,0.1481930245565176
HOUSEHOLD_1_126_TX_2_evaluation,0.6618684020581515,0.6549815295269499,0.6537925768776089,0.635081951302275
HOUSEHOLD_1_128_CA_3_evaluation,0.4604069714590338,0.44930971131283787,0.4614536070529532,0.43489684185517846
HOUSEHOLD_1_129_CA_1_evaluation,0.5459100813581742,0.5456155855778606,0.5457683620120904,0.5174844715573955
HOUSEHOLD_1_129_CA_3_evaluation,0.6037995764355786,0.6049777182926722,0.6047226974913616,0.5944679205640774
HOUSEHOLD_1_130_WI_1_evaluation,1.058746264209227,1.0570920853058996,1.058987094403346,1.0029751962721793
HOUSEHOLD_1_132_TX_2_evaluation,0.5921062476146037,0.5563817506702456,0.5590155856646355,0.522144838105966
HOUSEHOLD_1_141_TX_2_evaluation,0.9763355954645209,0.979542619788155,0.9795549948997812,0.9696686380755731
HOUSEHOLD_1_147_CA_4_evaluation,1.5531423444930166,1.58311485669362,1.5531175659571514,1.4919728773534218
HOUSEHOLD_1_149_TX_2_evaluation,0.6309257121616064,0.6288602296663449,0.630126352210895,0.6025416689115141
HOUSEHOLD_1_149_TX_3_evaluation,0.2349996846616703,0.22788357706822363,0.23425639993078243,0.20306301418154135
HOUSEHOLD_1_151_CA_4_evaluation,0.7653026512447395,0.7656880976725865,0.7657929309844115,0.7272300397921918
HOUSEHOLD_1_151_TX_1_evaluation,0.49270458695046787,0.4971203178012458,0.49630091267867726,0.44277302355639286
HOUSEHOLD_1_151_TX_3_evaluation,0.5704676478967143,0.5694000314231383,0.5697131578641185,0.5210778922774151
HOUSEHOLD_1_151_WI_3_evaluation,0.6578779181033786,0.6529838230872899,0.6500250853765263,0.6322774704092952
HOUSEHOLD_1_154_CA_4_evaluation,0.7687587511777427,0.7436972513888449,0.7467141049510538,0.6680632813349542
HOUSEHOLD_1_168_TX_2_evaluation,1.5382970289949993,1.5628288321295207,1.5364710576650074,1.4965980098152747
HOUSEHOLD_1_169_TX_2_evaluation,0.2823634552893876,0.2726058622234496,0.2750939306417863,0.24534475871301117
HOUSEHOLD_1_171_CA_2_evaluation,0.8261234418856014,0.821782085291532,0.8231151558090737,0.7844457899776671
HOUSEHOLD_1_173_CA_3_evaluation,0.3449174350075575,0.34482212019398556,0.3449778079595723,0.3145398241906891
HOUSEHOLD_1_173_TX_1_evaluation,1.020796635878167,1.0201002287692853,1.0203497260206642,0.9963634086420163
HOUSEHOLD_1_173_TX_3_evaluation,0.7140179274385675,0.7143728206651988,0.7143605968583208,0.7051943184044576
HOUSEHOLD_1_175_CA_1_evaluation,1.9210248500564762,1.9418965687847871,1.9284818997839708,1.8833038389345649
HOUSEHOLD_1_176_TX_1_evaluation,0.39063583486798753,0.3867343275221338,0.38374290675722733,0.36527022822368477
HOUSEHOLD_1_179_CA_2_evaluation,0.41414878737798766,0.40664425180894076,0.41433306908767364,0.2959183675520239
HOUSEHOLD_1_179_CA_3_evaluation,0.6008165021218096,0.6081259972639421,0.6014920206187394,0.5398515801874806
HOUSEHOLD_1_179_TX_2_evaluation,0.522542834430378,0.4954333143872119,0.49937187227780805,0.3920774074274625
HOUSEHOLD_1_179_WI_1_evaluation,1.4162773374674587,1.4082986178777466,1.4156376769235977,1.232961316152558
HOUSEHOLD_1_179_WI_2_evaluation,1.3676517240068664,1.3631687496935532,1.3675029852425906,1.2267731170760483
HOUSEHOLD_1_179_WI_3_evaluation,0.5887635006095177,0.6101176641381391,0.5885405389654441,0.5635107462916356
HOUSEHOLD_1_180_TX_1_evaluation,2.661218698408036,2.660023815889467,2.659788445209749,2.451607980765741
HOUSEHOLD_1_184_CA_2_evaluation,5.542669313196462,5.50100660658878,5.512501473848196,5.151364113383434
HOUSEHOLD_1_185_WI_3_evaluation,0.5839502940394622,0.567098142593699,0.5700419529033692,0.5333511403758265
HOUSEHOLD_1_194_CA_4_evaluation,0.6116420520103344,0.613456765765066,0.6129817301500378,0.6021786249776122
HOUSEHOLD_1_196_CA_2_evaluation,0.7173730036552007,0.6510818713854304,0.657043224334498,0.6296438298784973
HOUSEHOLD_1_197_CA_1_evaluation,0.49762143306969286,0.497902367897344,0.4977670779271936,0.4844465162303768
HOUSEHOLD_1_197_TX_2_evaluation,0.5778512515860276,0.576577770656205,0.5774371387252705,0.5614214337002074
HOUSEHOLD_1_198_CA_3_evaluation,0.26457196885711914,0.2646739420947785,0.2646571898734254,0.2553254331215567
HOUSEHOLD_1_198_WI_3_evaluation,0.5426871522278998,0.5411783130089077,0.5421766595040091,0.45279416254148686
HOUSEHOLD_1_201_TX_2_evaluation,1.4725930146822115,1.4755094402562927,1.4746874838582567,1.4485674602179757
HOUSEHOLD_1_202_CA_3_evaluation,0.8448645748406539,0.8444140885537791,0.8444795088606933,0.7829649335420329
HOUSEHOLD_1_217_TX_2_evaluation,2.02854140020623,2.030360936732843,2.0271802063980835,1.9189347213466803
HOUSEHOLD_1_220_CA_1_evaluation,2.1973510453959757,2.198180106028705,2.197752054867056,2.0428111885070894
HOUSEHOLD_1_225_TX_1_evaluation,0.8152506594970935,0.8160077059860561,0.8154387601583437,0.7936144615121856
HOUSEHOLD_1_234_CA_1_evaluation,0.5577883768685977,0.5584318289547584,0.5584662930146337,0.5429100684960438
HOUSEHOLD_1_234_TX_1_evaluation,0.3561131467261263,0.359213652053044,0.35880162434809176,0.3473410238534298
HOUSEHOLD_1_234_WI_3_evaluation,0.39686126265407334,0.39425856412563265,0.39365856702056434,0.3697027035328118
HOUSEHOLD_1_235_CA_3_evaluation,0.39863292928734223,0.389473084053362,0.3936395745134252,0.36484093692985425
HOUSEHOLD_1_235_TX_1_evaluation,0.3431593819372565,0.33334737663898967,0.33573809529103854,0.2803879733652845
HOUSEHOLD_1_235_TX_2_evaluation,0.3057591127621497,0.303761086183315,0.30392644071601915,0.29573197532447215
HOUSEHOLD_1_236_WI_3_evaluation,1.0597967747616115,1.058977987665162,1.0603647145200048,1.0405797701814536
HOUSEHOLD_1_243_CA_1_evaluation,0.3945194231025428,0.3945822423398482,0.39453369375505637,0.3892902464367039
HOUSEHOLD_1_243_CA_3_evaluation,0.2173512451519837,0.24383666465991075,0.23935684173141844,0.20481829016721828
HOUSEHOLD_1_243_TX_1_evaluation,0.7647161060380293,0.76452253364976,0.7645360501800283,0.7421387170531096
HOUSEHOLD_1_247_CA_1_evaluation,1.0420625562261918,1.0427729745799572,1.0426262944060165,1.0171446944325873
HOUSEHOLD_1_247_TX_2_evaluation,0.5107412221004815,0.5107121607665767,0.5107489780534707,0.5064360038494076
HOUSEHOLD_1_247_TX_3_evaluation,0.5295039215715142,0.5277336879851731,0.5285553853088821,0.5150904451417883
HOUSEHOLD_1_251_CA_3_evaluation,0.6497533903398788,0.6496402556540108,0.6497334606239812,0.6351049800560303
HOUSEHOLD_1_254_TX_1_evaluation,4.630795442511722,4.629829568542919,4.6297289471159395,4.38762392626217
HOUSEHOLD_1_264_TX_2_evaluation,0.32024501148248946,0.280688361974836,0.29572633915368773,0.2586893433183827
HOUSEHOLD_1_272_CA_3_evaluation,0.44951807580727127,0.39767937077259957,0.40635867972820333,0.3367238844064559
HOUSEHOLD_1_279_CA_2_evaluation,2.603786798788202,2.6677238622422705,2.6619333295253824,2.588838967137531
HOUSEHOLD_1_283_TX_3_evaluation,4.156656512397032,4.172077552105001,4.155912949123264,3.896485829579803
HOUSEHOLD_1_286_TX_3_evaluation,0.5693495662382602,0.5235036376921309,0.5605347004596093,0.5015364903627298
HOUSEHOLD_1_293_TX_3_evaluation,3.350186817397151,3.3914494052439834,3.3980152440548945,3.1734885039276612
HOUSEHOLD_1_294_CA_1_evaluation,1.214737658456455,1.2143117532825898,1.2144009987758997,1.127314872154732
HOUSEHOLD_1_294_CA_2_evaluation,0.4359528506899486,0.43480773452383836,0.4352135761662035,0.4212026769645787
HOUSEHOLD_1_294_TX_2_evaluation,0.7425943653792499,0.7426887468887045,0.7422962716696979,0.6858348896292612
HOUSEHOLD_1_294_WI_1_evaluation,0.6203277453210153,0.6194535924098931,0.6194849091232703,0.6020349770499848
HOUSEHOLD_1_303_CA_1_evaluation,0.9955332481112028,0.9896207487062583,0.992862555942466,0.9247656789996128
HOUSEHOLD_1_303_CA_2_evaluation,0.28392935361905214,0.28395329270697317,0.28778738294554035,0.2624575671199097
HOUSEHOLD_1_303_TX_3_evaluation,0.8899475463322418,0.9085584856487117,0.8891916848764009,0.7688027400049692
HOUSEHOLD_1_303_WI_2_evaluation,1.4629911235704902,1.4544368466713529,1.4664562327319144,1.3656444693596639
HOUSEHOLD_1_303_WI_3_evaluation,0.6728372680136933,0.6639019823116229,0.67082124212968,0.5989587900006802
HOUSEHOLD_1_305_CA_1_evaluation,1.4102018468509907,1.3870793661914445,1.3932835577334746,1.288073005750925
HOUSEHOLD_1_307_WI_1_evaluation,3.512461521965809,3.515611105005491,3.513308606911544,3.3781742555261904
HOUSEHOLD_1_311_WI_3_evaluation,1.072298754125054,1.081094091312644,1.0809299332060316,1.0283227601557738
HOUSEHOLD_1_312_WI_1_evaluation,0.7936784712223782,0.7914392647981439,0.790167497910843,0.7604323875175919
HOUSEHOLD_1_314_WI_2_evaluation,0.30092140839538345,0.2617526962876165,0.2738145013711999,0.2566867023127866
HOUSEHOLD_1_319_TX_1_evaluation,0.3760855564035152,0.3841764372037999,0.37870818025897784,0.35704554768294344
HOUSEHOLD_1_319_TX_2_evaluation,0.3173254891730078,0.3169984223381071,0.3173993764793967,0.3021132194436104
HOUSEHOLD_1_323_CA_4_evaluation,0.1798227016680044,0.10741065186845923,0.13587816580267212,0.10133329913427687
HOUSEHOLD_1_324_CA_3_evaluation,0.6237737876856008,0.6231950235494889,0.6235060680883234,0.5907554486290375
HOUSEHOLD_1_327_TX_3_evaluation,0.7980179861520685,0.7976690303492607,0.8001654127061252,0.6744937417057665
HOUSEHOLD_1_327_WI_1_evaluation,0.7231309498518653,0.7297613448014632,0.7301468294085224,0.6929914165456745
HOUSEHOLD_1_327_WI_2_evaluation,1.0316097314533665,1.0477144752816567,1.0355291397982753,0.9984760038917092
HOUSEHOLD_1_327_WI_3_evaluation,0.30244643468509586,0.29785686403500755,0.2972433538806229,0.2551340878146848
HOUSEHOLD_1_336_TX_1_evaluation,1.4153633773495227,1.4180058487775262,1.4137354261294997,1.3721093009406407
HOUSEHOLD_1_339_WI_1_evaluation,3.23019996612716,3.228694791211831,3.209741453541676,2.885600260415439
HOUSEHOLD_1_339_WI_2_evaluation,1.6927263830929478,1.694361898716025,1.6848683197571663,1.5301076906441409
HOUSEHOLD_1_343_CA_3_evaluation,0.8306800336112933,0.8468201522890847,0.8179999968494975,0.7823836464330264
HOUSEHOLD_1_344_TX_2_evaluation,0.3674748218085831,0.37089006364345306,0.36875228501799934,0.3477945342663065
HOUSEHOLD_1_344_TX_3_evaluation,0.70506882052098,0.7039023484656156,0.704655279187952,0.692273040094891
HOUSEHOLD_1_350_WI_2_evaluation,0.9726447258551755,0.952050106846901,0.9572980391589491,0.8686072093898541
HOUSEHOLD_1_351_TX_3_evaluation,1.7982082784009483,1.881210008904833,1.7987294279088752,1.7073551336586048
HOUSEHOLD_1_355_TX_3_evaluation,1.4659294424704263,1.4607461619683668,1.457754010521497,1.4197739733576682
HOUSEHOLD_1_364_CA_1_evaluation,0.7988277685716115,0.7962576565294975,0.796903916433323,0.7670255498602242
HOUSEHOLD_1_372_TX_2_evaluation,3.9643764832878396,3.9613261678853653,3.965293316647308,3.830930934063028
HOUSEHOLD_1_373_CA_3_evaluation,0.17921516991292719,0.17944381400335152,0.17987359363228927,0.17363163432692755
HOUSEHOLD_1_375_CA_3_evaluation,0.5606746921473608,0.5435876941994566,0.5461812841240118,0.5035320638198807
HOUSEHOLD_1_387_CA_3_evaluation,0.29520383809193046,0.29307739513001846,0.29497812995089023,0.25215362085750453
HOUSEHOLD_1_387_TX_1_evaluation,2.081671639055856,2.082389133763528,2.0824442565831807,1.5845248731440567
HOUSEHOLD_1_387_WI_2_evaluation,1.016151158620637,1.0115005730341053,1.0164786787505444,0.8541294750070644
HOUSEHOLD_1_389_CA_3_evaluation,1.2980587871524032,1.2572916693412062,1.2807358838686593,1.0086569521743147
HOUSEHOLD_1_389_TX_3_evaluation,1.335153224555491,1.3421406795756214,1.3330569746381937,1.0629187456085645
HOUSEHOLD_1_389_WI_1_evaluation,1.0744301225882038,1.0654234008933126,1.0685167127374904,0.8959261437652485
HOUSEHOLD_1_389_WI_2_evaluation,1.4869280904022244,1.4815663556617975,1.4892975752706752,1.3855960919679022
HOUSEHOLD_1_389_WI_3_evaluation,0.5163485673724071,0.5057031174016233,0.5157677985562953,0.43994478636996187
HOUSEHOLD_1_393_WI_2_evaluation,0.44562474977818267,0.4455194257821132,0.44555990559644837,0.4391889373521962
HOUSEHOLD_1_393_WI_3_evaluation,0.31543934313111816,0.3153268167335735,0.31526877536689313,0.29816957997089405
HOUSEHOLD_1_394_CA_4_evaluation,0.467609071343474,0.4509677827034695,0.4587055868123535,0.41822061715490083
HOUSEHOLD_1_399_CA_1_evaluation,1.25896210862084,1.260563850905234,1.2587537760903063,1.12243780012044
HOUSEHOLD_1_399_WI_2_evaluation,1.3912871522959165,1.3876205494639091,1.388973789839718,1.2688118930520982
HOUSEHOLD_1_406_WI_2_evaluation,0.780680312948676,0.7766089546187772,0.7756859456487754,0.7461920975854387
HOUSEHOLD_1_411_CA_3_evaluation,0.45421670484839033,0.45413972257039026,0.45422966908918233,0.44412539153308
HOUSEHOLD_1_412_CA_3_evaluation,0.9699842718965427,0.9653408426055297,0.96962992992653,0.9198581940760348
HOUSEHOLD_1_413_CA_4_evaluation,0.886395473868856,0.8852549024416039,0.8855997729110613,0.8730143880017983
HOUSEHOLD_1_413_WI_2_evaluation,0.6410146628099981,0.6371709564761122,0.6384953664059377,0.590316412706732
HOUSEHOLD_1_415_TX_3_evaluation,0.4538893359065455,0.44079223148630015,0.44112269618002425,0.42510509092909526
HOUSEHOLD_1_416_CA_2_evaluation,1.2676825621335783,1.260883554248071,1.2624011459890154,1.1726390782165184
HOUSEHOLD_1_416_TX_2_evaluation,0.2882857752985296,0.2894055475129036,0.2912894906087219,0.28080343111515477
HOUSEHOLD_1_425_CA_1_evaluation,0.896567212367123,0.9015382588967609,0.902835917202196,0.8386048180075587
HOUSEHOLD_1_425_CA_2_evaluation,0.6009690604722202,0.601937234275526,0.6058310995901899,0.5553270063087489
HOUSEHOLD_1_425_CA_3_evaluation,0.36136089645505926,0.36001397324290374,0.3616058206704902,0.27607847918389705
HOUSEHOLD_1_425_TX_3_evaluation,1.092877571452546,1.0760387645541372,1.0884754226176754,0.9887010054455057
HOUSEHOLD_1_425_WI_2_evaluation,1.4039326874259377,1.3977709350693794,1.4017806496670797,1.313309219527245
HOUSEHOLD_1_426_TX_3_evaluation,1.3272135071245807,1.3259812803838311,1.3260368995502871,1.308663931915195
HOUSEHOLD_1_431_WI_1_evaluation,0.5186060314768134,0.47836358700496384,0.48790658406190435,0.44960697035113206
HOUSEHOLD_1_439_CA_2_evaluation,0.2840281407381465,0.2893014539904014,0.2975894266493801,0.24501931346525327
HOUSEHOLD_1_439_TX_1_evaluation,0.42809324248987163,0.43318366589795115,0.4269929384130942,0.3909601644989717
HOUSEHOLD_1_439_TX_2_evaluation,0.6116186963584139,0.6096549493326026,0.6073596177852425,0.47125546762025133
HOUSEHOLD_1_439_WI_1_evaluation,0.9782631811609254,0.9708228626709875,0.9785662457026297,0.9168337458942952
HOUSEHOLD_1_439_WI_2_evaluation,1.2779083109552152,1.2793099062550213,1.2767650375815494,1.136888424093232
HOUSEHOLD_1_439_WI_3_evaluation,0.507294989991892,0.5146102395721418,0.5022511790905596,0.45307957684844963
HOUSEHOLD_1_440_CA_3_evaluation,0.4504820016620867,0.45050926236406036,0.4505570823925813,0.43998576778420534
HOUSEHOLD_1_441_WI_2_evaluation,0.44462747853739076,0.44781132285663267,0.44492789901654445,0.41378899197151414
HOUSEHOLD_1_442_WI_1_evaluation,0.9806488999278287,0.9785634800831526,0.9787027713442552,0.9132597970562388
HOUSEHOLD_1_445_TX_1_evaluation,0.555746687930112,0.5525392369796646,0.5523627121342248,0.5227712262819275
HOUSEHOLD_1_446_WI_3_evaluation,0.28742036441419977,0.23256339685913133,0.26745782890391784,0.20891199767328297
HOUSEHOLD_1_448_WI_1_evaluation,6.22894105297276,6.228298949798567,6.227934288619089,6.0127818727334175
HOUSEHOLD_1_449_CA_4_evaluation,0.29448494226155136,0.2640318404714304,0.28719146147594804,0.24049895729531878
HOUSEHOLD_1_452_CA_3_evaluation,0.6981665871568768,0.702035851416608,0.6974811998802332,0.6828992775370498
HOUSEHOLD_1_459_CA_1_evaluation,1.161848110083024,1.1568584865148976,1.1527342699030607,1.078517319136199
HOUSEHOLD_1_459_WI_1_evaluation,1.5342782030150888,1.5413079422925087,1.5291204198756627,1.3189663941430412
HOUSEHOLD_1_460_WI_3_evaluation,0.3769861412217672,0.3473161725222149,0.35738450165809316,0.3005253818291283
HOUSEHOLD_1_461_CA_2_evaluation,2.0588299472696048,2.05495166559176,2.0559299053405318,1.963432979641989
HOUSEHOLD_1_464_TX_3_evaluation,0.5613639651595319,0.5295609946801764,0.5334862463721721,0.5136521783829141
HOUSEHOLD_1_474_CA_3_evaluation,1.5144141452263504,1.5099090588639346,1.5108892118012214,1.4279378865360106
HOUSEHOLD_1_474_TX_2_evaluation,0.23833997131613946,0.23826618700771926,0.23833997130960136,0.17721123529986268
HOUSEHOLD_1_474_TX_3_evaluation,0.41987976995214243,0.42449885887103306,0.42389207648021526,0.35768444602648497
HOUSEHOLD_1_474_WI_2_evaluation,0.4120916721200234,0.4096809520134835,0.41150404170239896,0.3915108643286876
HOUSEHOLD_1_478_CA_2_evaluation,0.7470912721316111,0.7458073389723068,0.7459187209390842,0.7407794853745516
HOUSEHOLD_1_484_WI_3_evaluation,0.6468086655892793,0.634444392810155,0.6355139077189038,0.6009295147394638
HOUSEHOLD_1_494_CA_1_evaluation,0.49443984359035204,0.49196964874463606,0.4926571687017702,0.4711505559696048
HOUSEHOLD_1_494_TX_1_evaluation,0.39960424277511725,0.39949015030605817,0.39970662944685803,0.3931532831514594
HOUSEHOLD_1_496_CA_3_evaluation,0.7898247330291125,0.8058141288310307,0.8018892646833929,0.7460950388439263
HOUSEHOLD_1_498_TX_2_evaluation,0.56120847702936,0.5612947574806454,0.561355392540691,0.5488900955961765
HOUSEHOLD_1_498_TX_3_evaluation,0.5725133924238135,0.5734325784931867,0.573101159546031,0.5514885124698818
HOUSEHOLD_1_502_CA_1_evaluation,0.3117803502150103,0.2676001115459627,0.28660929821113684,0.24477057656476256
HOUSEHOLD_1_503_CA_2_evaluation,0.9262796141877084,0.9243160991441587,0.9271426150542962,0.9033021223986831
HOUSEHOLD_1_503_TX_1_evaluation,0.6011234300701224,0.6074047082373885,0.606673646859668,0.574040925178137
HOUSEHOLD_1_506_TX_2_evaluation,0.21766925491695818,0.21283498659023303,0.2153523680010623,0.2007497950730259
HOUSEHOLD_1_507_CA_2_evaluation,1.0512133794680156,1.0203713834914696,1.0213047084237956,0.9694252633156822
HOUSEHOLD_1_516_CA_1_evaluation,0.34250152740822265,0.3426054189513715,0.3426196449020979,0.33674078371898003
HOUSEHOLD_1_516_CA_3_evaluation,0.22955653297606163,0.2290433725412971,0.22925443361749773,0.22028411852839444
HOUSEHOLD_1_516_TX_2_evaluation,0.30270885650481,0.3036063187708542,0.3030755424164579,0.2885633150877853
HOUSEHOLD_1_516_TX_3_evaluation,0.528264406029957,0.5292153750851369,0.5270994799902845,0.5025510366986419
HOUSEHOLD_1_516_WI_3_evaluation,0.48963249456278235,0.48878067889482657,0.48884112044741873,0.47143134625630617
HOUSEHOLD_1_518_CA_3_evaluation,3.761690428940877,3.813646301470843,3.793125061007204,3.4326138622868263
HOUSEHOLD_1_521_CA_2_evaluation,0.2884572902385404,0.2930262764910309,0.29652971647173826,0.2660433654549475
HOUSEHOLD_1_521_TX_2_evaluation,0.4702512980599883,0.43395818991526053,0.437181929294486,0.4090761569318995
HOUSEHOLD_1_521_TX_3_evaluation,1.5302855268926632,1.5433767089701667,1.5338025745985313,1.3484634802763258
HOUSEHOLD_1_521_WI_2_evaluation,1.061491987941735,1.059341566243923,1.0630125382815818,1.0339321969072126
HOUSEHOLD_1_521_WI_3_evaluation,0.5530230045701755,0.5579745141806349,0.5531667141553546,0.5282062053973321
HOUSEHOLD_1_523_CA_4_evaluation,0.21150685222574184,0.15921967039428728,0.1723210141665353,0.15004105002878737
HOUSEHOLD_1_532_TX_1_evaluation,1.0527059284569127,1.0567643010256875,1.0553068006733455,1.0289402191408061
HOUSEHOLD_1_534_CA_1_evaluation,0.7203424750762364,0.723381818497526,0.7226944396314767,0.7127654967819195
HOUSEHOLD_1_535_TX_1_evaluation,0.3900849822285292,0.40038997640458707,0.400017075312189,0.38562872074513943
HOUSEHOLD_2_002_WI_3_evaluation,0.944391745849098,0.9418283937007278,0.9409623141467498,0.8998723313194877
HOUSEHOLD_2_005_WI_3_evaluation,0.15925142720333815,0.09666807560723667,0.11972876452317398,0.08906468081338499
HOUSEHOLD_2_012_TX_1_evaluation,0.4431861440255884,0.40750562868154433,0.41358413846771347,0.39411127299715165
HOUSEHOLD_2_014_WI_1_evaluation,0.2894174490496243,0.2410758693627986,0.2567755594391879,0.23567472412095317
HOUSEHOLD_2_016_TX_2_evaluation,1.0987435422282628,1.1107938319327706,1.0990518274998802,1.0377747593679094
HOUSEHOLD_2_045_CA_2_evaluation,0.3221109379397868,0.2699528114145276,0.2766760137167768,0.26230024472461233
HOUSEHOLD_2_046_CA_1_evaluation,0.37626969196108573,0.3591761400910803,0.3666501042897499,0.34784584760462484
HOUSEHOLD_2_059_WI_2_evaluation,0.5901847808597297,0.5628939501832668,0.5847063193069842,0.5372747386278
HOUSEHOLD_2_067_CA_2_evaluation,1.7107477590227733,1.6930035461454624,1.7158314323052535,1.479488532713052
HOUSEHOLD_2_067_TX_1_evaluation,2.978566652422654,2.8628090855272985,2.8661298672962663,2.8108235165221656
HOUSEHOLD_2_070_CA_4_evaluation,0.22402889997465025,0.18751767453211,0.19672314861192278,0.16737914856339664
HOUSEHOLD_2_074_CA_3_evaluation,0.3835363017064157,0.36040558747829926,0.3614760689302497,0.3141279978167844
HOUSEHOLD_2_079_WI_2_evaluation,0.2670055174944603,0.22290093888618165,0.24514982193780324,0.2137327918218623
HOUSEHOLD_2_086_CA_4_evaluation,0.11039396177434828,0.03327807497098269,0.053244004049065624,0.030846810619364385
HOUSEHOLD_2_086_WI_1_evaluation,0.14411727785262465,0.041029648552168556,0.07211170664395501,0.03750891346584604
HOUSEHOLD_2_104_WI_2_evaluation,0.11206842018701528,0.030898422531015806,0.05688609925434101,0.028496031944946532
HOUSEHOLD_2_110_TX_1_evaluation,13.042294104865311,12.860117312773854,12.87289945182799,11.075438219350126
HOUSEHOLD_2_129_TX_2_evaluation,0.48563960191441247,0.4833138029420465,0.4849473353907711,0.42766923112899824
HOUSEHOLD_2_135_TX_3_evaluation,0.848681684758754,0.8454329937899567,0.8466004923673484,0.8170671873686134
HOUSEHOLD_2_139_TX_2_evaluation,0.5067933766546264,0.508874252285311,0.5009012774243107,0.47204216762019763
HOUSEHOLD_2_153_TX_2_evaluation,0.437713640350573,0.4253202301261026,0.44166037097378363,0.4158641138902766
HOUSEHOLD_2_158_CA_2_evaluation,0.5173773185977153,0.5155811570520211,0.5119365120318257,0.49168618105983136
HOUSEHOLD_2_159_TX_3_evaluation,0.789488587298163,0.7880940473758152,0.7886526983443063,0.7598581735448673
HOUSEHOLD_2_172_CA_2_evaluation,1.1323816189992295,1.1234283537618681,1.1310685563466722,1.1019198863794293
HOUSEHOLD_2_172_TX_2_evaluation,0.5138129658032786,0.4667943366099196,0.4861967597195677,0.4524238103067806
HOUSEHOLD_2_190_WI_2_evaluation,1.7257241239328234,1.719722729049325,1.717784572196478,1.7018667331422412
HOUSEHOLD_2_193_WI_1_evaluation,0.9009188180292251,0.8988704225833638,0.8996878650404025,0.8294522482731028
HOUSEHOLD_2_198_TX_3_evaluation,0.2830432449849284,0.25165502631388587,0.26312817142679373,0.24263526041466665
HOUSEHOLD_2_210_WI_3_evaluation,0.16763063867404263,0.09760939596190543,0.12367478035934981,0.09219263292075726
HOUSEHOLD_2_227_WI_3_evaluation,0.13823443469125515,0.0716521033176462,0.09789881715630973,0.062317532320591285
HOUSEHOLD_2_236_WI_2_evaluation,0.12952401628233537,0.05826311200863405,0.0766177715124305,0.055733829031197314
HOUSEHOLD_2_240_WI_1_evaluation,0.5277460671984379,0.4943776208432737,0.5119245907395574,0.4765494235903584
HOUSEHOLD_2_243_WI_2_evaluation,0.13865376250309785,0.07376224308297762,0.08719009295864667,0.06842213034601224
HOUSEHOLD_2_253_WI_3_evaluation,0.11421385321464572,0.03625565068294238,0.060140426962570964,0.03342191348387624
HOUSEHOLD_2_264_TX_1_evaluation,0.30413799268003844,0.27609398812821734,0.29384130805787456,0.25204392491196925
HOUSEHOLD_2_265_WI_1_evaluation,0.3163434587133215,0.2880996267758934,0.29573509189957803,0.2747603350188953
HOUSEHOLD_2_269_WI_2_evaluation,0.17970536971185758,0.12400875767493062,0.14763385512946908,0.11893865848500963
HOUSEHOLD_2_272_WI_2_evaluation,0.3153411256472098,0.3021085625304022,0.2978642597240055,0.2915763600632437
HOUSEHOLD_2_281_CA_1_evaluation,0.25340804718955473,0.22083222518692658,0.22965755331214635,0.19809485707140476
HOUSEHOLD_2_282_WI_2_evaluation,0.18627742785196455,0.13457399947295093,0.14427084050885616,0.08898063606851288
HOUSEHOLD_2_282_WI_3_evaluation,0.10696415730876359,0.060745021348553974,0.08642186369451482,0.013226431874005651
HOUSEHOLD_2_285_TX_2_evaluation,0.2916409476171497,0.2526686629559773,0.2572998759132139,0.23328116775774455
HOUSEHOLD_2_286_WI_3_evaluation,0.2941019311147288,0.2552065820501424,0.2734344161664629,0.23409951524114012
HOUSEHOLD_2_292_TX_1_evaluation,0.19946926903951878,0.14987970791390023,0.1659331329623567,0.13743515279085713
HOUSEHOLD_2_301_CA_4_evaluation,0.650584000575588,0.6159509696334101,0.6332676673067607,0.6040330737822653
HOUSEHOLD_2_313_CA_3_evaluation,0.8221995373366594,0.813648063195333,0.814624987455382,0.7871911027234747
HOUSEHOLD_2_332_TX_2_evaluation,0.18904617469516896,0.12652452278690726,0.1439517689974991,0.11952918536462964
HOUSEHOLD_2_338_CA_2_evaluation,0.3648717211662849,0.3414434125623996,0.3528668188476168,0.32992389899872726
HOUSEHOLD_2_349_WI_3_evaluation,0.3541452314335068,0.31562606588744696,0.33681600861413313,0.30488702061044964
HOUSEHOLD_2_352_CA_3_evaluation,0.354899437831444,0.3006607217143045,0.3217644153909453,0.29426668784120785
HOUSEHOLD_2_352_TX_2_evaluation,0.2009438821360401,0.14386210497742455,0.16723770352655967,0.13882692079467068
HOUSEHOLD_2_356_TX_3_evaluation,0.7120357051721578,0.7357222293417988,0.7290275600803563,0.7096692907197942
HOUSEHOLD_2_372_WI_1_evaluation,0.16040002601205802,0.08145106868487623,0.10245342856753137,0.07801853017333699
HOUSEHOLD_2_387_WI_1_evaluation,0.2881758711953643,0.2500135432442653,0.25637136822533396,0.2319425856856423
HOUSEHOLD_2_395_CA_3_evaluation,3.0046767087280517,3.010229446444859,3.0090197974186967,2.973779681989511
HOUSEHOLD_2_409_CA_3_evaluation,0.5073875564873934,0.507748597843115,0.5077632390411903,0.4882360277805726
HOUSEHOLD_2_409_TX_2_evaluation,0.9569578248674889,0.9571403249674564,0.9569198475752086,0.9378908095880946
HOUSEHOLD_2_421_CA_3_evaluation,0.2722780423009698,0.262123823484664,0.263294646615102,0.23615845674555525
HOUSEHOLD_2_426_WI_2_evaluation,0.17689654761910967,0.10725980801705515,0.12980003588707437,0.09702127027270269
HOUSEHOLD_2_437_TX_2_evaluation,1.1938577342925136,1.2050279431450406,1.2013424223910474,1.1911319365477506
HOUSEHOLD_2_439_CA_2_evaluation,0.3260086773053038,0.30397638271258826,0.30654553114522126,0.1587196119212372
HOUSEHOLD_2_449_WI_2_evaluation,0.5994653673894593,0.5771239785222649,0.5879307463495222,0.5021698290696638
HOUSEHOLD_2_452_TX_1_evaluation,0.3493741273672677,0.30433784648346995,0.31799872488101166,0.27364570383509546
HOUSEHOLD_2_462_TX_1_evaluation,0.11742730290141679,0.04030316574417835,0.06945432672565319,0.03865616653316006
HOUSEHOLD_2_466_WI_1_evaluation,0.2054550626872347,0.16091036650115728,0.1738747536759119,0.1406679464482174
HOUSEHOLD_2_504_WI_2_evaluation,0.12660126416420078,0.04551690354737912,0.06986548207015958,0.03986299548208008
HOUSEHOLD_2_507_TX_1_evaluation,0.428723407379136,0.40958586502877264,0.41639277232129307,0.36878061708953136
