series_id,alpha_loss,raw_loss,safe_loss,convex
1005456_2,0.3879894221044597,0.38454447909148604,0.3721037252532024,0.35112786818876845
1005456_45,0.35417704051662163,0.3382708393258367,0.34479799416176865,0.3162848218120802
1005458_44,6.2102113894740745,6.129114956556531,6.153526574835123,6.0319111273845065
1005458_50,0.5780809529177966,0.5719670740704451,0.578665592896754,0.5255069662579906
1005461_25,0.03957358209087963,0.021195249640962643,0.028299200265917354,0.017989788514821747
1005461_38,0.021867183587619892,7.803208569305684e-06,0.00761727783114554,0.0
1005461_6,1.2792778786963284,1.2466315500049892,1.2400860202380068,1.1849781988082546
1005463_17,4.846388105060341,4.021761836817137,4.827001126517479,3.815607056471808
1005463_27,0.2246784591799523,0.2307863615764555,0.21597947476086832,0.18950823467518965
1005463_30,0.35807824236863456,0.34673290426368175,0.3524099635131998,0.3085551145163387
1005464_27,0.611973042832843,0.6772210411672678,0.6032160816108704,0.5885669711685065
1005465_30,0.19967034117014623,0.19662774892745175,0.19550563071720892,0.16382662564834086
1005465_50,0.987877723163908,0.9532661289096306,0.9620361301601911,0.8604187610580313
1009539_12,1.0435895269767836,0.9827518779802303,1.0232040165946052,0.9605709410948041
1009997_24,0.6728547366136359,0.6633667655098068,0.6669216173327448,0.60531886100036
1009998_46,2.0262548357988273,2.1340603508647393,2.0876202443039107,1.975878398428592
1010752_44,2.004233795725771,1.8088854884746735,1.8674266267941084,1.6081474729028988
1012787_13,1.1599823517458525,1.0138740160157635,1.0514414759849031,0.9929581766257206
1012787_4,0.9803321192125658,0.9761337193707482,0.9745622150009313,0.9064859774274411
1012787_48,2.4879777505049385,2.523373789382909,2.518897694665061,2.4054955182734883
1014864_38,0.07423557638635056,0.08037075169902164,0.07696076270977951,0.06192006509680118
1014865_24,0.16099900733906455,0.16208850026060512,0.16208162184692518,0.15207715191018048
1016067_16,10.060090156740959,9.787744822623468,9.935179036836333,9.48203700518956
1016067_43,71.19140106764368,69.3986114057309,70.26712008707743,68.08091495539766
1018617_46,0.4399608136745862,0.43291030632927735,0.4334593762770332,0.39628605965865926
1018878_49,0.345987526380189,0.3507557003099479,0.3445488691243542,0.23839894071322676
1018878_50,0.5461315010668839,0.5410012298616828,0.5420759449865306,0.4858575003897296
1020940_41,0.6613153827798365,0.6686066799764724,0.6570800565581573,0.6068877181647139
1021281_54,0.6050895468831483,0.6115261110246027,0.6114507594078217,0.5809800008356671
1022053_6,0.2326362603744766,0.2404451489474961,0.23661081876072732,0.21634352643689644
1024975_34,0.7699029569072401,0.801259081439358,0.7880835344829472,0.6197699431882101
1028589_25,4.8157800225909915,4.765219925060446,4.7302311380845135,4.510616660642092
1033395_41,1.6850745967308864,1.6893872912348613,1.6911575361739448,1.598360114284669
1033395_7,13.969928611011076,8.75875037604567,13.793623156433101,8.595577784731425
1036320_12,0.14431923590582266,0.15094955985910655,0.14811124067480563,0.123520359925074
1036689_9,0.5318116782889868,0.535833702687327,0.5355543331998902,0.5155244537250284
1037412_46,0.75613526976566,0.7546743680061002,0.7567270649839322,0.702769620668891
1037412_5,0.45757729518789286,0.485176409806729,0.45096176091389184,0.418107229867215
1037654_16,0.15329113151446772,0.15818084493314524,0.15457839454398303,0.12935817334589628
1037654_49,0.21758559765398558,0.21871071151474467,0.21697980680306964,0.1887149691348966
1037845_5,0.2956086737134122,0.2814791878545277,0.29169136091740494,0.2692226716390472
1037846_24,0.8908248206488896,0.8905000066405954,0.8918874628472083,0.830751208648698
1037846_4,0.3175354774990855,0.3215248512845818,0.3196523429196299,0.2927351556359213
1037846_47,0.12201533377735911,0.12150697557497829,0.12156355895941057,0.11502157805922426
1037857_33,2.100666749206731,2.080836204712235,2.076903600211921,2.04433593183396
1038937_2,0.4122029087628996,0.40853302811107167,0.4089860148497637,0.39085387747241335
1038945_51,0.1920293561795774,0.19212182460750107,0.19117643494199432,0.18172597887448758
1047674_26,2.7783148960590953,2.75694500567312,2.764987360189291,2.6661287855683438
1047680_48,0.2181519405987408,0.21887491311577165,0.220354444849956,0.2048100969445327
1047681_5,0.328144195763533,0.33221362646873837,0.32970157230637004,0.3039118439827107
1047682_3,0.8641607901196124,0.8683467642453985,0.8604460226828624,0.8313701952431405
1047695_37,0.5302065799236428,0.5339130935949378,0.5362945849773418,0.4934825422693661
1047709_26,1.8222136292552562,1.8400241631223047,1.830571047883715,1.7511345556185332
1047709_32,0.6792384542021539,0.6748228407965579,0.6752827203668749,0.6537428250705732
1047717_11,0.6264370135220878,0.5217626590322683,0.5222252367171565,0.43327100068900015
1047721_8,0.645195064796,0.6101967877271502,0.6163891399262452,0.5443136383741572
1047734_46,0.6587045504275246,0.6604660575745681,0.6581530842084317,0.6293010160978494
1047740_14,0.4779357645632547,0.48089174806784746,0.4793288587029485,0.4657540022602611
1047740_50,0.41216080330586674,0.4117852050482189,0.41134976775982596,0.39788620966309557
1047743_40,0.35676450661337283,0.3663737617691388,0.3521219702862904,0.3207063226803011
1047757_28,8.177832925789962,7.913867838978818,7.994373521161262,6.891446899215588
1047757_7,0.6099036780666617,0.5958574664697407,0.5963000324718719,0.5785039532686068
1047758_11,2.1437934914851295,2.1673884980435747,2.185518702972386,1.9841592854677295
1047758_46,0.712414775945933,0.6905698355684837,0.6919873798588498,0.642986389820921
1047772_24,0.23172795720506448,0.23430893915664575,0.23437255019162276,0.20875477714164437
1047775_41,1.308005718996993,1.2466732118600075,1.3118360901879964,1.1968079008443473
1047786_19,0.35372325864364657,0.35415867464306044,0.35387155631347494,0.32688161554005807
1047786_33,3.5477677541604558,3.662554258877764,3.673613849510051,3.064853038950955
1047786_37,0.24105190365073012,0.2463901911516656,0.24276653658258407,0.22456728776074755
1049595_32,0.29327673021882256,0.266367005129821,0.27857746827282787,0.25944528607378275
1049595_43,0.840228349877552,0.6262093850445142,0.7944591384237804,0.6002177259075264
1052563_8,0.2083156030991027,0.20606205528022328,0.2069156245263508,0.1960219861466649
1053944_12,3.807197926837148,3.9239715781619933,3.856594987231921,3.6478600194297033
1054129_1,0.5650881446633905,0.5524716050666467,0.54353213734806,0.5003051991227546
1054129_2,0.7431248708753041,0.7449924715841422,0.7432633884036471,0.7244561274113588
105693_35,0.9872569131988995,0.9854571742329488,0.9841740151719686,0.9179386047155983
105693_50,0.48631432769085237,0.48351083939889006,0.4845871467704965,0.47578780086314226
105693_54,0.4733017238546844,0.4759470605097304,0.4762984756791287,0.4569012108870984
1057033_48,0.3459095369278083,0.357504425071425,0.35367086280910875,0.2291635635807406
1057034_32,0.24263558307196062,0.23965081235387356,0.23865724435951383,0.21641722244715123
105737_38,1.1672151795685428,1.0972875728128997,1.1687195741231597,1.0753455066027435
1057490_11,0.22084467731015164,0.2238122392527723,0.22245629209638496,0.21354611319580227
1057495_47,0.5850013092569702,0.5948708346536647,0.5871916675781522,0.5439934866917443
1057515_31,1.2815278977520577,1.2520451974239506,1.2776849357201476,1.1987281146942224
1058820_25,1.76829221077387,1.7748446769005743,1.7852706766129967,1.6946117629587316
1062338_47,1.9375719680504984,1.937141481043233,1.9382190607929324,1.7817095009712105
1062926_48,3.1070841441454617,3.040288429933561,3.0673975927346846,2.845721599777484
1065599_31,3.6424981683309134,3.572036580778248,3.5961050528822174,3.399766253878728
1066900_47,0.20508642690816212,0.20735865157567346,0.20706442367830927,0.17787217817994702
1066901_19,0.976914063656909,0.9697124854658948,0.9696279062074143,0.9303769043856639
1066901_44,3.441204989090051,3.285035445472824,3.2953158019097235,3.1338761425920154
1070962_13,0.6996862356674288,0.6868147066973385,0.6962654308793264,0.6226923698989595
1070962_5,0.43391092652024993,0.43135904885880927,0.43129684131409585,0.33821795195891385
1071928_18,0.33050471650219954,0.3271103569573153,0.3271123170621041,0.2786491946858169
1071949_48,1.779298137529785,1.7667491800370552,1.7696304722510565,1.7121460781166054
1072167_1,1.0255507161946626,1.0184207685882478,1.0181564107963397,0.9956191039603765
1072167_23,2.8275404542264613,2.929542663328123,2.883556578710104,2.7176010985217918
1072167_28,2.316558322434199,2.2538374943828896,2.2652340539548397,2.1370019429468408
1072167_30,0.4460201189754433,0.4433860496948645,0.44313070754140355,0.3506171942430781
1072173_3,0.8221960105764253,0.8112752263961244,0.8180165523081726,0.7935850244389143
1074327_9,1.1939850585611547,1.220692930102169,1.1985394521002188,1.1224166779235487
1076065_19,1.056868377194828,1.0570100683878063,1.0543641674301745,1.0143622294576808
1076065_30,0.7214052132923063,0.7167031295084022,0.7198911285307744,0.6614479872593598
1076066_44,0.23924996945021146,0.24671416724908948,0.24331802613315565,0.22466502104788574
1076066_8,0.3350888103730265,0.3306536012930335,0.3329282997583911,0.31562496129378964
1076155_39,1.5681733104793742,1.5153701793811984,1.5671600052393941,1.4600625454304492
1076155_6,1.0315999178758881,1.0425943148810701,1.0289411727999889,0.9996928022870084
1079214_14,1.3908632680500153,1.3948242298339355,1.3922384747910364,1.3657360909467362
1079214_46,0.7750578009700484,0.7582207191644413,0.7682544928107156,0.6982993594120671
1079215_32,1.084059985064791,1.0816303532117175,1.082946110772064,1.0500981565070722
1079257_41,1.3977767066181697,1.40371474593391,1.3773079834094606,1.2347675606929365
1079258_11,2.4376136521247234,2.4502973557435626,2.3975839016510867,2.264618547539433
1079258_51,1.001920919512113,0.9516004814978367,0.9661027486595924,0.7624656831770777
1079329_15,3.789491239644793,3.818223115399516,3.823062495346308,3.6729647172052076
1079329_2,3.415494936187359,3.5256385957677563,3.476862104316155,3.3062039436470556
1079329_3,2.0325011144454437,2.0078344555039687,2.0169992525676705,1.8752776797008863
1080001_15,3.5172891939891286,3.4865537988354944,3.4984007641981396,3.386918500074511
1080009_24,0.3320855785578754,0.31939492175997836,0.32653816160829624,0.2960743822769852
1080021_25,0.4600253331188701,0.4585223929891784,0.4638361883993754,0.37890997096319756
1080756_16,0.4438141212345513,0.4629878960105389,0.4468449841694247,0.40403137483073576
1080756_6,1.353086180046981,1.3653907089895794,1.3580075571921546,1.0326212558572734
1081359_23,0.058278984901633475,0.05412047065161243,0.05176354102513505,0.0
1082907_45,0.41776099405106853,0.43357403732950633,0.42808408669765785,0.37697575734651356
1083196_9,0.18501336985124148,0.18524402486390323,0.1848708512799637,0.1767673523486346
1084365_23,1.7763299199228062,1.8075934666548996,1.7720515068929246,1.7426073138179712
1084436_25,0.26880995563564775,0.26747257770230753,0.26417369111427264,0.21385306381722435
1084881_33,0.34561105143160703,0.31569948198121184,0.33908930190111725,0.28958892383372514
1085148_28,0.8987136615625536,0.8840530197462133,0.8916679497298223,0.828441203223417
1085486_28,0.7728969467123719,0.7753254283383116,0.7687285639269005,0.7317864356389765
1085486_30,0.13387924309525215,0.12503222786559956,0.1272368198349789,0.10564051413872831
1085486_48,0.5252895072585896,0.512971169845289,0.5197062600614613,0.42750307275817506
1085486_51,0.17722173262350527,0.17711460354350228,0.17306133748566355,0.14980536459879507
1086172_27,0.09295109794849966,0.07642402628554305,0.08308478583541822,0.06710581457256691
1086172_38,0.5863387491280628,0.5832322896841592,0.5828042375582544,0.5406873409934229
108696_47,0.2577017278971996,0.2541875464845354,0.25458801839448447,0.244803409697283
108698_19,0.9070921691797449,0.9106099377808102,0.9072031390186636,0.8864390441826168
108701_54,0.6970209069059482,0.6980310144993961,0.6950086560710805,0.6765942389942093
108831_5,0.1820913984867639,0.18568585870478957,0.18278784220302416,0.16836277759325577
108833_12,0.5911986502216622,0.5800450908114126,0.5848079952080311,0.5519866459275445
108833_31,2.9068002969170372,2.8228614242686727,2.8456828366869455,2.6688088788921234
108862_37,0.21364257293558023,0.21607460743345622,0.2132787240758506,0.1995922566013465
1089046_7,1.2758873949601879,1.2614470178213648,1.2732172681205725,1.1962232965628619
1089163_33,0.28148545330528935,0.2832465938767394,0.2832248605332413,0.2756717580197489
1089820_2,1.278648773687414,1.2789216951905351,1.28863625622893,1.1490415132644636
1089820_6,1.662471915606529,1.6203924100101723,1.6345024932734455,1.5686200324916049
1089843_4,0.8996768145725969,0.8895066620715794,0.8949427579792978,0.8522791436230476
1089844_41,3.3558028104480573,3.315276456436354,3.335751699381696,3.239353538901474
1089845_15,0.4218312392552081,0.4131506048548355,0.4144490328276304,0.39528547047470886
1090419_28,0.6615696106635813,0.6671943305298389,0.666777610191219,0.635831735034566
1091333_5,0.09494884506337513,0.0882021348065758,0.09030164631573036,0.07294925769358118
1091366_48,0.5100488891146625,0.5340256563943965,0.5275694284335778,0.46626640202437586
1091367_7,0.5941524381280077,0.58788045050813,0.5877571455163287,0.5512529248052245
1091368_40,1.0973595320989653,1.1128559609559947,1.1057815362164165,1.0035171772102112
1091369_32,0.6282813765115625,0.6230878377173598,0.6271454962639561,0.5896194530279291
1092008_6,1.2706147226760267,1.2537684835256653,1.2533898422360485,1.2255842995159656
1094235_25,0.18267773853032157,0.1722875414418191,0.17154712983547069,0.1485456818175411
1094235_33,0.02393120509101776,0.0049044267416794,0.012307932201292414,0.0028825681214824524
1094235_7,1.0108546721246816,0.9902864111665068,1.0022138626154107,0.8637637814752227
1096235_7,0.3532062117504257,0.3443851692389928,0.35402489891829886,0.3241024718817435
1097187_34,0.5302456189386104,0.5205830259634056,0.5245744281744015,0.4564441521458422
1097187_39,12.288931460164635,12.269132645434416,12.296768667018965,11.344760209973883
1097187_45,0.20508677706894773,0.21155296971858437,0.20805484929365717,0.16349853369917208
1098624_32,1.8589440984312322,1.9030175183218905,1.8974690464760489,1.7805307481672143
1099990_50,0.6936306502230639,0.6923570995132137,0.6920381251385276,0.5157404858045953
1102268_24,1.0909800580493927,1.1310807858859475,1.0948406690072836,1.0334317042935888
1102971_45,0.35046178210600143,0.34177250154471367,0.34304976555738326,0.2629888097092384
1102975_15,0.6112417690880534,0.6171444020716736,0.6202463346442818,0.5457152900873775
1102975_26,1.1920535254316442,1.183035330797398,1.1818688192804339,1.1421370901262
1104598_11,0.547957250058725,0.5412324570012982,0.5491386747631182,0.5119515959193405
1104599_24,0.26218090756084955,0.2689088618858095,0.2693120239243136,0.24170693353821113
1104650_49,5.164867769921975,5.115442738017964,5.114887000383397,4.763822570948412
1104725_54,0.9026217211474855,0.9114914753483463,0.9058102721059146,0.8643124336902996
1105212_40,2.527419059839156,2.5004254960978467,2.5099988156371738,2.413483582154172
1105213_3,0.6562449665515796,0.6003258904110091,0.6220384818087742,0.5585858456339271
1105213_41,1.0907821356010368,1.0764367049133698,1.0839284340956965,1.0462765542744346
1105215_3,0.7253937092995547,0.7173129793727336,0.7202887853393921,0.6727596263614976
1105299_7,0.9124197546989384,0.8870858731734099,0.8960135622750709,0.7342525002602818
1109116_6,1.8820966559666374,1.9602442799001096,1.8986592455703812,1.7973037465925612
1109325_39,0.5572351349721146,0.5471849102865266,0.5577850022940735,0.5334229864169757
1109325_45,0.4314329356387114,0.4292923360986944,0.4306761859965656,0.4178328533572205
1109390_51,0.9034478997565502,0.8912782252573684,0.895470705199152,0.8438702066906143
1111202_17,1.7559204388002358,1.7186694980136787,1.7344723583084243,1.6568203838930504
1111202_23,1.5750534999975934,1.5241093564359325,1.561415846864205,1.453171028181977
1111202_34,1.0388738234980899,1.0478742317941399,1.0407314871069175,0.9358955298409057
1112839_6,0.4270461535276624,0.40268730901518895,0.4113090744129512,0.3585192906393422
1113852_37,120.27351672600942,117.49890084059365,117.82362414673368,115.03838122449265
1113872_12,1.1738374805965304,1.1709541931678502,1.1647336826282209,1.12550480549468
111397_30,7.223293140430802,7.050695137396733,7.178031155385381,6.850462323170489
1114567_39,2.779533854440252,2.7677139374327133,2.743577271584209,2.5847224720784214
1114749_7,0.7585921457725203,0.7105096867281423,0.7255314690107718,0.5978982451866518
1114761_48,0.4247767781601566,0.4248083479251111,0.4255804071835196,0.41777948901192435
1116113_12,1.4021309381089024,1.3686464340595104,1.3826350836189005,1.154406505990819
1116113_25,2.997847067066294,3.1705940025573445,3.0938537833912805,2.7675755677448315
1116370_23,0.3986529295834697,0.4010003341247272,0.39986884087234964,0.34552916859840416
1117662_48,0.42463802152510577,0.4287423459155752,0.426331807249384,0.4088237710009614
1118683_27,0.5898002106524742,0.5685176466701953,0.5764337514360997,0.5063336943801329
1118691_24,1.1437914035334515,1.1411495099098696,1.1444941908747228,1.0958639443076346
1121513_26,0.2149833485032039,0.219196552518614,0.21635455805041484,0.19014229255612022
1121514_41,1.762334851535942,1.727823608579533,1.7412236504599863,1.656790715437675
1121615_31,0.4386864888267676,0.41187382798232086,0.43451011150255386,0.40446313750655233
1121615_34,0.11868638409016785,0.12345431676829866,0.12008075990257294,0.10983122360621804
1121615_39,1.847303237638311,1.8195634364347377,1.8466839180623793,1.7379429490329663
1121615_46,0.6269674553457152,0.6595764148302544,0.6394114802234317,0.6141767043548851
1123722_41,0.2588779849475637,0.25102621969924593,0.25220370114717006,0.22925767025658791
1123722_46,0.44600491648311097,0.453664074082109,0.43772989657242234,0.3851045937688957
1124164_5,2.080263027492784,2.0566767140936246,2.0639434213332,1.9744893388603593
1124164_51,0.19452479093373562,0.19899527756199212,0.19685763431042128,0.16638690020970712
1124164_6,1.1834970101463533,1.1515641760297892,1.1691749834018286,1.0854332540289284
1133955_37,0.13638364678459355,0.12766042451699586,0.1313313371167281,0.11371930055474522
1133955_7,0.2673050565330611,0.27913583551870264,0.2615860113997339,0.2522676224840716
1133955_8,0.29365266762324754,0.2910795260734234,0.2928281898265957,0.2638767165281893
1134971_34,0.45308680092970016,0.44286402189867785,0.44414827107338456,0.413794268543125
1134971_50,1.8710788312540947,1.762738075167894,1.8630063138806339,1.6225676235821853
1136979_24,0.7471115371572429,0.7558796445905879,0.7543828861256684,0.6371405788014981
1136979_44,1.047163873932876,1.014097506462327,1.0194320752533874,0.9705682947748654
1137146_28,1.1922752117656765,1.1819278103620554,1.1839860715286437,1.1471696421881463
1145597_46,0.39343658385589125,0.3937639974759864,0.3901507579922984,0.3700389997088753
1146496_24,0.46654288614665296,0.4658297354428728,0.46487445544300227,0.45392458990216994
1146784_19,0.9641130895052642,0.938507296250778,0.9542948691889404,0.8985290836477272
1146785_3,4.968805607999076,4.865906207652176,4.874035640154299,4.672829879572394
1146786_46,23.932640601163694,22.442201275611136,22.989979743670016,21.06763903493582
1146786_5,1.8548598926338296,1.8345706132595394,1.8370994371332625,1.7672824268994185
1146786_8,0.9230395868203827,0.9154737513872568,0.9178974547726572,0.8989056305243328
1146787_23,1.783248443908391,1.7368103650436142,1.7452113732242,1.6435622552506397
1146795_14,0.2591829613686975,0.2586822599734644,0.25955537261185313,0.23982505360910633
1146795_28,0.3999581794033433,0.4076143372397765,0.40358206049395245,0.36673078611445104
1146796_25,0.28793309488509583,0.30690137869978207,0.2980180796387735,0.2624064271867002
1146796_49,0.12090798308718753,0.12252980458238166,0.12132445249463798,0.11246227250694664
1146797_31,14.36295910192105,13.89425914055741,13.97715154461793,13.831803557807937
1146799_39,1.7268108082957563,1.7206724324766596,1.7240808426012126,1.609730203888505
1146801_13,0.2697659365820672,0.2696357501794858,0.2717364834141764,0.24625107032003316
1146801_18,0.7372903091870063,0.7430905655404761,0.7427063657280022,0.5892516002700078
1146802_1,0.5726203220234791,0.5679057904304569,0.5720770626753472,0.5522946249703103
1146802_4,0.3846132236594055,0.38224348299996674,0.38185038316898345,0.37401056761632034
1146804_50,0.5924110290759654,0.596555618434749,0.5967129338913052,0.553418090165811
1147731_54,0.605834378955482,0.6014963731865111,0.5981570889137393,0.5774484637130098
1147731_7,2.759620432745177,2.739561694151773,2.737266898775708,2.664001806307723
114778_16,1.3800538897665033,1.3642843946061805,1.3651624673006097,1.2466185150145426
114800_24,0.7414131288841684,0.7282186822694721,0.7415237756126345,0.7172776765373498
114800_44,1.8333264462563015,1.8337167326992498,1.8067077358374062,1.7848722448496224
1148972_28,0.7823150919424723,0.767040592219538,0.7770316821930371,0.7357317801834259
1149069_25,3.6553124749709673,3.675435407969706,3.6491773863819823,3.460147952050427
1149579_28,0.32954709650002667,0.32559642483218226,0.3269550771697182,0.3139142128365502
115267_35,0.6649364818430193,0.6582281399598021,0.6626888771292652,0.6312852256463418
115611_8,0.18442120506628015,0.18588183939323613,0.18391427048244124,0.11579801493638271
115850_1,0.6493975749184169,0.6419791768294588,0.6413922028774269,0.5890463096506579
115850_14,0.08066418786718856,0.08498508499880136,0.08205353416193871,0.06689537832879862
115850_49,1.1085034840840686,1.0744371131208927,1.0790593683042782,0.9519203539174383
115892_32,2.4515277214505997,2.359905503062125,2.386995082735955,2.1893010008973963
115893_28,1.288994587165153,1.3177397894842058,1.3129852696252893,1.2173203190049462
116018_13,0.9257411356027648,0.9382352909639485,0.934027133493585,0.8901802123658441
116279_40,5.4083089308425825,5.213521220657692,5.409100185341376,4.999358755018636
116279_43,1.100630584137973,1.0930530440466393,1.1140252380202023,0.9883764966611953
116279_5,0.7806132474296742,0.7716039276583997,0.7687540325184004,0.6686048634923524
116279_50,0.6894416205899659,0.6878638660421305,0.6892405421671836,0.6156766528005729
116311_24,0.25799495633991226,0.22688383220659514,0.2213433089856812,0.20441710335066207
119023_41,0.9363981196328597,0.9028593035641794,0.9151969056718591,0.7999777246583867
119023_9,1.8518088309938052,1.7428393652296528,1.7947865662241194,1.6532353739857666
119141_11,0.496912999429338,0.4853630023246914,0.4850867297237702,0.4590635816055955
119187_54,2.390985535945348,2.2622054327721806,2.2910602627450243,2.1714557789748414
119193_13,1.2770449074655759,1.3030809381185955,1.2579401764838807,1.1997446202438162
119624_41,0.47515641110635953,0.45469109879657443,0.474813082401445,0.383378946535893
119624_50,0.5172857329256678,0.5310314129909957,0.5208751799429008,0.4922114517735961
121964_12,0.5143332459859076,0.48543074943178016,0.5132175252657454,0.47434548769372936
122425_3,0.3664201874745328,0.37194613479621297,0.36904458335648815,0.33628337901963096
129296_35,0.9713383137925247,0.9279726826545792,0.955552582283027,0.8903304480312467
129297_27,0.337820869608574,0.33749618867188813,0.33755406893831114,0.3253066887636283
129297_43,9.178165824796059,9.135623349940367,9.105657258467476,8.956284380111265
129635_51,0.2594608456278606,0.2542818537671623,0.25646204456736027,0.23429784244347907
153239_10,0.021867183587619892,0.00022659031939466237,0.008090555142795558,0.0
153239_37,0.9693236053630018,0.9537440906812206,0.9611574626237346,0.9004452181131147
153398_39,0.4141336165842011,0.40976881810690485,0.4108099717434382,0.39218073538173
153398_5,0.034791936198179614,0.026721985323145566,0.027736744252228242,0.013418007757055345
155500_31,0.1845891158317653,0.18828385521165747,0.18692935923408416,0.17280209683962197
155500_9,1.2664957712649982,1.2676895628641882,1.2653442492909566,1.2452929235709804
155607_27,0.4892624700775568,0.48555067097292404,0.486528749364407,0.4657773889754016
155607_37,0.697474039658073,0.7100827979397533,0.7077783256662887,0.6683306545200263
157956_40,1.3536340457826477,1.3209641934251637,1.3310474512574761,1.2637941275268123
158788_23,1.6201758783415448,1.5832052673008823,1.616351643507124,1.4937719519026598
158788_25,2.2668526883889766,2.200414299657504,2.3020765282346476,2.0431927313084572
158788_39,16.558958320090905,16.305033022942293,16.42441100049825,15.766477281397483
158789_49,1.7273514597228095,1.6862534700051146,1.6990687165392837,1.6372797932877974
158842_1,0.921193583670861,0.9431272570765229,0.9312610916175906,0.906349004044286
158875_1,0.9757413471807705,0.9589992983059936,0.9694404898471812,0.9261455525223887
159156_24,0.1778736163464657,0.17901818777539535,0.1794869692177182,0.17026981922382392
161288_27,19.999074882703564,19.95850025550273,19.88647823662,19.272865659100805
161288_46,10.503435015831725,11.001748153538232,10.616958680616428,9.809937777022428
161288_9,13.853859593247007,14.23371265862172,13.885288449985367,12.835786282980733
162066_54,0.18446437435143714,0.18531462535358464,0.18479755784059212,0.17734338712858452
164037_24,1.1705142071800319,1.1959292987861512,1.1831128923217966,1.0260489438208753
164088_10,0.021867183587619892,0.00011059481100719221,0.007901442031225357,0.0
164647_14,3.9584535069998688,3.7950685011164063,3.79813114016784,3.75590124405538
164647_18,2.5650773480817923,2.383413397795168,2.387519830666155,2.279707598189967
165594_48,17.309139018664805,15.885344655346975,16.04620171078351,15.829647492662495
165704_32,1.2963635329808156,1.2782788440827797,1.2908480098788797,1.2231374808214344
165718_17,0.5570037401114466,0.5565927148867195,0.5569256655297142,0.5419282026058662
165727_38,1.0803140480819569,1.0826569066848493,1.082959209343912,1.0287186435862392
165727_41,1.0458025770649086,1.042955382282923,1.0462795302047911,1.0256861984085146
165988_11,0.8674536513602948,0.8632972334805133,0.8644086152503152,0.8215188742257945
165988_3,0.2710029749148217,0.2770221417147511,0.2743478640001044,0.25516630926461625
165988_37,0.17254017202283678,0.18123377981655697,0.1744203979247111,0.16100733079367968
168927_23,0.3938432435105725,0.38607504479220417,0.3886200240949622,0.3537937791421704
168930_2,0.1736234878561027,0.1752916862444256,0.17466392461228977,0.16491766556976914
168930_4,0.21697720576488178,0.21643475573867918,0.21610208050655913,0.20588955965175734
169028_41,2.0056804782985154,1.955599242268195,1.985299963218086,1.9051620693585594
169028_6,1.6059217487289565,1.583040596859331,1.5923422839187298,1.499344396704391
169028_7,1.493054225151634,1.5056231071512762,1.496982157348216,1.4574605207300024
171890_28,1.5358589808238357,1.5154596014075257,1.527112029336618,1.4881487919094019
171890_51,2.6889772461243098,2.6289728527974363,2.641911680793648,2.3877343101796975
172184_41,1.469272503142431,1.4637792159543304,1.4700106734155758,1.410871274193729
172343_40,0.1545180261361941,0.1609881587283812,0.15496466987993635,0.13859743698233293
172995_34,1.1881093806096346,1.1274071190642714,1.1849449413122308,1.0803271683444937
173113_18,0.25948061467870076,0.25577183259083613,0.25661295043430105,0.2414196553170135
173113_24,0.2513975150907824,0.24432266552806237,0.25210938981751024,0.2127684224017358
173113_44,0.27972360141912683,0.2787268077197821,0.278272796804172,0.2686003653440582
176411_45,0.6971115350158453,0.6890203965455074,0.6996198152238393,0.6555197826963723
179564_51,0.9403501577466781,0.9212640152375094,0.9276713818991117,0.8715703532799717
179564_7,0.954031088849765,0.9546052901938403,0.9521305277248926,0.9208612659094465
179579_43,0.8261568300238119,0.8086607891574175,0.8184575345277048,0.7423490361806043
179600_2,0.6320204186778707,0.6396638027961429,0.6380798886564069,0.5795880747201316
179600_5,0.8147216871675478,0.8080099972845481,0.8075808096851156,0.7186080739533978
205387_1,0.48852024078348527,0.48704770745021236,0.4869631146743898,0.4717740949119172
205387_44,0.36352556495866645,0.3598948261422347,0.36109506051098256,0.2942703081243418
205557_45,0.49872077523903435,0.4958580265835905,0.4970487594540549,0.474778363639929
207857_25,1.264196323984937,1.3238554072887083,1.2991666467792469,1.2320618591504202
207857_41,0.9876864613964967,0.9515078065339394,0.9559634231653766,0.9199716072340949
208386_27,0.6512770967841014,0.6589832647838133,0.6469850655980428,0.6250952383550283
208386_37,1.0064941667734604,0.9914176273162748,0.9980514803541848,0.8917572140808478
208426_43,1.2314859174628097,1.2245218309016852,1.2221517228800898,1.162237336121624
208498_4,1.4046731638549284,1.3972064715060186,1.3976511973851016,1.3351307515127333
208514_14,1.5612458252376882,1.5264780628503933,1.5412673536596646,1.4678114340369108
208539_5,0.4076640012256609,0.4086951956128872,0.4066229235747834,0.3934651359044507
208659_50,2.8024186587897546,3.643128563074573,3.2291239877990403,2.338644955233345
208699_14,0.021867183587619892,0.0002727891414947365,0.008137564495743035,0.0
208699_48,0.9468440934237257,0.8908885378958522,0.9506520844653968,0.8675019790871358
210520_1,0.8353838011488933,0.846071565873732,0.837436901936672,0.8148529787185224
210520_4,0.9011310555343738,0.8845336877528883,0.89315791363797,0.795335014287433
211999_18,0.9862456549617967,1.05347624903014,1.0206988463351612,0.8901834430017651
212552_30,0.6247308415452224,0.6257330977585497,0.6271210324695936,0.5932673846825806
213788_3,9.96358246632337,9.293469507301287,9.833671109606541,9.034004381912693
213788_41,0.4503441173034406,0.4493836148861153,0.44567271621291465,0.42699170863466684
214862_13,0.22166703709620703,0.22219431906610396,0.22173655840444748,0.21430449251739905
215304_34,0.9745089890222642,0.9533744731471377,0.974478062338394,0.9131314779942655
215331_34,0.3617888171159012,0.36454582220554393,0.35989534041888543,0.3381585001639429
215356_10,0.6997388061626743,0.6987362206623051,0.7014452654081977,0.6658610054236163
219152_18,0.4035204554804981,0.39404792340403727,0.3930266475452973,0.36899495852008085
220432_10,0.6664070838721524,0.6576293065726605,0.6624085027300952,0.6183101773425977
220435_11,0.2724461435920597,0.26893800051979083,0.2764522101931936,0.24715180194159128
220435_9,0.890562572844343,0.8692952471955957,0.8847068773362841,0.8419097176181957
220613_2,0.31470417912143495,0.3144749329894592,0.30989162056683645,0.2716614523033605
220613_34,0.031129249799745184,0.02714604834086513,0.02670798480338826,0.003454332407416647
220613_48,0.35651853612347223,0.3499123752218747,0.3518194118521832,0.3286884492180202
221506_27,0.021867183587619892,0.0072867176416341675,0.00960448605372601,0.0
222975_33,21.112368502886106,21.934303626773538,21.29494519406347,20.873564641463712
223068_11,0.522084718109504,0.5551844019133184,0.5216337665173442,0.4808270087468894
223136_7,2.7933447241308165,2.7473042274320214,2.775497982613066,2.6840322657494613
223434_25,0.5289802029834728,0.5328023939096621,0.523328263902434,0.4587827091693743
223434_26,0.4270932010243018,0.43296810952961234,0.42729391307139425,0.404695718249324
223463_38,0.6832417766139675,0.6709402871491043,0.6724899520431812,0.6219871611285971
226126_50,0.5806530169270394,0.5807791037901721,0.5809516892439992,0.5701899913202645
227728_13,2.2697090807377767,2.2851809962399336,2.280341737474117,2.2425439783337326
229368_38,0.8049868398323357,0.7937234411999396,0.8008523812411315,0.7679397281133307
246052_51,48.22122885670484,47.40081215225675,47.62402463711181,44.989276228876896
246052_8,2.5245898895871997,2.5237635819888316,2.5211268183809046,2.3568105441839484
252698_1,0.44250640582083706,0.4387869210017867,0.4399449102350668,0.4339478945509978
252972_45,0.20087640273179852,0.19886648119636177,0.19906235359046046,0.19289493458898344
253103_2,1.0563422862958165,1.0388034815764249,1.0440424719368275,1.0164415100161666
253103_32,1.120414820480957,1.1222063631604378,1.1249989846844173,1.0541526603500062
255161_51,0.33252560187645264,0.3323574627817873,0.33314717691537904,0.2904424547409215
255198_31,2.2101233781310183,2.218369452049792,2.2388851131963445,1.8760579295595818
255202_45,2.0297336326492927,2.0262838313630174,2.0173565203254813,1.8564171372155178
257847_38,0.4853358979328843,0.46587151767278384,0.4660839927961926,0.40756926592593046
257848_12,4.024683276310827,4.138233747092532,4.019989108671191,3.8692546197252145
257848_14,2.459398015684909,2.361635648882771,2.451394478202459,2.272731473710455
257848_18,1.066667716554292,1.0640015856725682,1.0611461992048492,0.9792471284405119
258268_1,0.3752387454787973,0.3657769721340416,0.369643396908204,0.3376895599732841
258268_37,0.09501878219667448,0.09640350823320387,0.09599554928231833,0.06500029487776143
258395_12,0.8710824432062356,0.84445015775785,0.8487430462698041,0.8299696810600347
258395_19,0.4977697680259608,0.4925457972103337,0.49494939361301205,0.4802327127027564
260669_40,0.614704856968352,0.6059747495034672,0.6035395531828914,0.5172534118877136
260669_8,1.0970325472852551,1.0830901010733616,1.089130082156135,1.0636643503874135
260893_46,2.5279365976035715,2.510619665826908,2.5248246681301603,2.3624665388364288
260893_47,2.1899090461084487,2.156873979791708,2.175343313469617,2.022871202257311
261053_4,0.6434730432733551,0.6402154637509191,0.6443551272310483,0.5992562855743112
261700_31,0.16219886708734924,0.16198663096611307,0.16218595491517837,0.15245616255857222
261700_38,0.8674108118551943,0.8543295060051156,0.859545503242667,0.8344508366138065
262358_4,0.3445680057655512,0.3523721948872885,0.3433549594387983,0.29345886050298436
263583_25,0.6973074059648225,0.6970483309587238,0.6967520387943386,0.6573383568399332
264299_40,4.752954292794892,4.762985726903935,4.749311389734922,4.685788424416107
264300_4,3.5152770249601795,3.7421566793198076,3.621059237209978,2.8776765861706672
264751_27,1.1959082233102096,1.184110323390576,1.1832369832557095,1.104812359203794
264751_7,3.56078440958388,3.3884772671822865,3.509965967687507,3.326682814288572
264752_51,0.29289444919414226,0.2940591274944155,0.2925019492537047,0.28587887669617607
265266_25,0.35749651968510543,0.36671670305710347,0.3598650279653585,0.32524211333812025
265672_25,0.20714244948775454,0.20294490243515007,0.20147261017042964,0.13184158861223214
265700_34,0.8197472879344908,0.7272239750819915,0.8247418302965883,0.6601064415998791
265700_41,1.007944756185614,1.0020807413981878,1.006074737548701,0.920314880042226
265700_5,1.0624318450376007,1.0686790723152753,1.063355638651663,1.0358140938269542
268443_4,2.068394457961444,2.1224898008058033,2.0777330300024333,1.9219507909705378
268662_44,5.594621931589894,5.588372190435561,5.586230375132172,5.371590458760359
268664_8,0.8222582945871473,0.8169124576211887,0.81790718943197,0.7859035993579462
268676_40,1.568680695806257,1.5557873371761548,1.5567868234308213,1.5166710825235945
268676_45,0.5765875392278242,0.5783740263060447,0.5764111938996349,0.5254122121479122
269036_4,1.981886484455526,1.9473862311975194,1.9663865630778592,1.79370148065488
269036_40,57.69678215969416,57.25932486820333,57.208425449665924,56.88790366264518
269084_23,6.919093521538405,6.783870608809692,6.852156669799772,6.738726020059377
269084_4,0.7634312041799808,0.7531654813483185,0.7602639628039926,0.7212005255291151
270522_1,0.516949429909452,0.5061232500609368,0.5092486467354638,0.4817427260196703
270522_40,0.043449478201818624,0.026556211724311597,0.0354964944718832,0.01415021871522616
273528_11,0.14491477531120683,0.14432041390446612,0.1451402116855658,0.1358846099062185
273528_32,0.19056839878908952,0.19677762689615297,0.19347328299232935,0.16661735257185653
275823_37,2.3790947913503504,2.319097141214856,2.3290520573024387,2.218251382031807
275823_51,1.8567664647841486,1.8359334724106258,1.8406700103192966,1.7625367075036393
276560_2,0.46379130339043156,0.5191630605845318,0.46357506142066596,0.4134816276191913
276560_27,0.6502883132644394,0.6574795746751886,0.6335410140290676,0.5888278554196834
279125_15,2.847359306190023,2.700239734135399,2.7933124442036266,2.5139915402964217
279125_34,0.9818898813327251,0.9836398267845153,0.9862187094634218,0.9231186932950574
279157_23,0.7372997611836056,0.7480334016485051,0.7440327127297612,0.7018233476806474
279157_50,0.43271152314756334,0.4501164448305603,0.4442727976976562,0.3559316868880744
302824_18,95.32765144593532,95.33626669047862,95.32457693990774,95.17469097790358
302952_34,0.5505385851168156,0.5413642571830735,0.5473843001323887,0.5257033538160497
302952_51,0.4529550722643248,0.439890284602724,0.44402923527853283,0.4237395109556444
305079_46,0.5280897443176258,0.5246834088320433,0.5223385534469807,0.4975242538756776
305081_6,0.33045003757973024,0.3271791288659567,0.330465696905816,0.29074434264395144
305227_25,1.2837175407860582,1.2878111650128965,1.286548467446961,1.2198008279241839
305237_10,1.0852382726809464,1.069898550918309,1.0921983254192105,0.9783113861381124
305344_34,0.7179147339525075,0.6524785659114495,0.6518411426784142,0.6146503946782627
308726_18,0.6981854250023559,0.6337313221114901,0.6914467391785627,0.5790014247792186
308726_51,0.2535434950172533,0.2536972086739924,0.2534065411254085,0.24384432937995235
308766_12,0.9164999790433935,0.9026825144590563,0.9104280265749191,0.859879829470113
308924_13,0.7211248838192148,0.6978673488870935,0.7272965927755225,0.6460238699757076
310671_14,0.8613051168175282,0.8481479177535854,0.8545980942129029,0.7975681132331404
311954_40,1.002735068090593,0.9596396305073643,0.9636993560386707,0.9384282943500878
311954_54,1.5419814370144775,1.4947326454772865,1.531500032940114,1.449431524279811
311994_47,0.05454666050879756,0.054697454640128436,0.05467576251713208,0.05354923601581326
312113_48,0.6111399853641407,0.6034360474929856,0.6083277740247073,0.5932944190858301
312317_35,0.46317068728841737,0.4711737662118367,0.4701926859667887,0.4375651300545081
312596_37,1.3121679684346534,1.3037189368338238,1.3050210776809885,1.263772115997061
312596_51,1.474182735405386,1.4801907807118804,1.4743133744954067,1.4278119512155947
314880_38,0.30444903869990364,0.29883060452980686,0.29936230482149667,0.25801015507825303
314881_32,0.2125940178689406,0.2178967025992126,0.21521775251912226,0.19390154539047666
315179_51,0.22804802186382248,0.22805237129843048,0.2291849236293484,0.20617732039311
315179_9,0.8747609517563982,0.8668313989494142,0.85580342121618,0.792162029945411
315180_3,0.5572662381972985,0.5424354819722146,0.5445630407294292,0.48332467601733936
315220_4,0.41565549139029784,0.41433506290363264,0.4140073024057987,0.40429534872472606
315221_1,0.24860788042664836,0.23413766742059583,0.24465758267889612,0.2220089838920519
315221_39,1.003136046635085,1.0376929821725598,1.0281695991465314,0.9776771122788636
315279_35,8.736846458272053,8.693203825578502,8.674174721628711,8.422049786323774
315279_9,13.446797891597654,12.585509783278104,13.177438312449027,12.418981519102532
315320_6,0.9902955850669867,0.9501705193761177,0.97356835689617,0.8934930531213029
315322_51,0.13868164083539222,0.1470198478468706,0.1434982478362048,0.08855732011888207
315460_43,1.2468330339749694,1.2473885792160997,1.2454916864457857,1.2266162159552179
315463_16,2.81696522496901,2.7442572027689587,2.7615765665474696,2.560217169146974
315463_9,2.0538954203632596,2.284180110874058,2.1916701780877315,1.7922690205637142
315712_38,0.5122985251913522,0.5251932861823188,0.5211296294787032,0.4944927743453012
315713_34,1.0930712438269106,1.1070010813085918,1.1009443362428855,1.0515288313485078
318932_12,0.4415172418016393,0.4335431909702577,0.43658770397508784,0.41750764066456864
318932_4,0.021867183587619892,0.0002225423637633485,0.008136285724266888,0.0
318932_7,0.021867183556116224,0.007965543422181635,0.010417212126756318,0.0
318935_51,0.7907707678631858,0.8032750868582879,0.8008011433775684,0.7336308837678494
319093_54,2.2442513519926783,2.2324234651383614,2.233606124811592,2.0991181980115172
319094_44,0.1738756410913501,0.172902219306681,0.17329432487851984,0.1654717336220398
320681_11,0.38104734814222313,0.3741164143890086,0.37471560335443077,0.3423159621960541
320682_15,0.105924813459837,0.1051537928012971,0.1053783024949932,0.09943641104562816
321798_48,0.510082551563234,0.507382205975097,0.5080894219068927,0.47470279952792876
322094_12,0.756055621913434,0.7535348723089682,0.7553479607225865,0.7328583781732544
322094_28,0.7991314817334976,0.7737653723441683,0.7800197032598554,0.7159634057641684
322095_1,1.0443752450712414,1.035062679564508,1.0355875234558551,1.0047576772469942
323217_46,0.8701570141924577,0.8731178177669613,0.8719241562604728,0.8272583121022498
323227_47,12.682582143711139,12.17067540490982,12.416041534752315,12.048189768389319
323227_8,0.809551003164389,0.8183038148120035,0.8128083477582723,0.7791113068510408
324206_28,1.5567609676864462,1.5381084031291028,1.5487499385082313,1.4901033308674052
324206_44,1.4203140910595096,1.3951715774688855,1.4013077142093016,1.3445370492190205
326951_17,0.48366643279307325,0.48194514254548254,0.4821644389283383,0.44446563765200214
326951_43,0.9107391351311004,0.8827502516233275,0.88979197186142,0.8352722248890627
329070_34,0.47206062482252203,0.46765110938700166,0.46629526714894526,0.4400011921274927
329071_16,0.8059813271697754,0.8094593123273671,0.8084471966555236,0.75066674212575
329071_8,3.4021491436130677,3.431923688956672,3.402372932906608,3.0662910460121395
329365_31,4.213600542354275,4.183139461502233,4.215570182374194,3.5853743255296417
346065_47,5.1368508582878,5.1182568771637955,5.1258466922134485,3.839465143893316
346066_24,3.0601726256893027,2.9485644785557383,3.0549944505162134,2.851129255678499
346066_41,12.88354190828509,13.050221438343579,12.99905742564755,12.477247741161376
346406_6,2.5373749245254333,2.5073516096066992,2.503686946569703,2.3499538505043933
352513_30,0.5955641518427982,0.5944965910573874,0.5944295324782224,0.5747205149331642
354918_14,1.071419229075737,1.0597823404924296,1.0651175838977422,1.0304291463386377
354918_35,1.7300802072948516,1.6685331502634966,1.7297974610378162,1.5899815293677022
357962_40,0.18161816346588655,0.1748779260589147,0.17733955730530115,0.16735978007109584
357963_1,0.5051327576873118,0.5055666522198932,0.5052336822226832,0.49630678090475344
357996_26,0.022451610530430516,0.009500537017821374,0.011018604492468569,0.0
357996_39,0.3661212311796193,0.36402713911902146,0.3644773764765492,0.3428815582193531
357996_7,0.42273716457294014,0.41644172302592314,0.41823804672566206,0.3762219836285449
358096_26,0.7075176733968506,0.685576959525738,0.6950757509014528,0.661714929933413
358134_18,0.4490617479289758,0.42431829105035795,0.4308626403655899,0.33871756642719175
358231_31,0.23145920860233696,0.23166148151953428,0.23104545349848807,0.22078172191562775
358232_39,0.24064506115169973,0.2377660686548114,0.23774130413803576,0.21795747983699487
360314_7,0.3223058903879936,0.3198148163252492,0.3189546207339366,0.2954196443882963
360703_1,0.5275821691746994,0.547029880505789,0.5372486952034966,0.47760040000169796
360705_43,0.5871256851746863,0.5860674055884512,0.5857319212330011,0.5656611113230966
361502_32,0.37151804192955457,0.40229638457765565,0.38204786696134857,0.3396500558655784
361502_37,0.26299660827173904,0.2625347896210167,0.2630911446433359,0.25150852988596606
361502_5,0.3951336242958557,0.38162286225928327,0.3816962627199459,0.3450753721876378
362548_13,0.5311396816511581,0.5249002667348094,0.5281333735916043,0.488183822906515
362548_54,3.594067638674393,3.377405615888735,3.487469239352199,3.216038330670022
364413_12,0.18327248742201027,0.18212315893172834,0.1817041592174469,0.1746968491077222
364606_18,0.5684930091110373,0.5991809963892895,0.5648137714546678,0.41058608586073514
364606_39,0.3068029805729124,0.3044031741773208,0.30291987002988746,0.2765172540420761
364724_3,1.117800476484393,1.0959419373824932,1.103519392537134,1.051120157855775
364829_11,0.7568779841217806,0.7614013354116094,0.7593181395402909,0.7152842808167351
364832_33,0.3312135450414119,0.3283122500932937,0.3298148200575302,0.29129267821757376
364865_24,169.36027752380713,160.30449831753825,162.64491939802537,159.9218233154362
364865_45,0.5996864417929044,0.5705219411360777,0.583695499267623,0.4264533957257322
365138_44,0.9303844267105147,0.9438745805170181,0.9252679789599384,0.8357380750549416
365139_3,1.6525338434749208,1.5764970411020232,1.638116983396772,1.4771400563732762
365264_40,1.1837325742534388,1.1545643996239778,1.1595071202839,1.0734203683396173
365264_6,0.18078326942312997,0.18314003696522071,0.18201546424594708,0.17258702705014425
368140_7,1.0167323325318296,0.9857943989377026,1.0058822477876237,0.9520221685716611
368260_40,0.22003524439096564,0.2238152270534448,0.2199307397370577,0.21119680583546055
368260_43,0.7765814977029925,0.7482160369644801,0.7539011507475903,0.7132749601010872
368424_38,0.3898422049584054,0.37290836448480175,0.37877867803205306,0.3275206661706766
368624_9,0.4338623102480427,0.42174665821395824,0.42052191769444297,0.3943147967758145
369432_39,1.9272587630673053,1.8847378029828719,1.8929656508729635,1.8225381854733165
371130_11,0.4360144673103783,0.4479797930432683,0.44346635098873316,0.4044982785776919
371130_49,0.2197972483763293,0.21966342588379248,0.21783102137333352,0.20605203817240988
371437_2,0.28533111376514153,0.26734037129111715,0.27094399905339667,0.2495057956305183
371437_4,0.3480244969306368,0.37456927170049825,0.3574242030931018,0.3212913039802469
371437_8,0.924218352388217,0.9209110764426738,0.9167961014130722,0.8641797562533312
371438_41,0.6534216281124096,0.6542122435655029,0.6503502677023223,0.6369839799468192
372924_38,0.522867931369736,0.5213541080549601,0.5204967021104993,0.4917589247948189
373152_25,3.710664024989089,3.7280262324335336,3.686924322276354,3.520779699389726
373152_37,0.8283109694658607,0.8297333705025901,0.8278247160732032,0.7921151136572023
374464_24,0.610361755382722,0.5949035785978102,0.5991949535975618,0.5607641685011084
376427_44,0.117232357720583,0.1144132022576038,0.1156978405104833,0.1116614474071917
378330_19,2.4746779972782726,2.357086521310751,2.384596382280009,2.1920043564939973
378332_47,1.2162027691750121,1.194306697785571,1.2014664121706913,1.1438494850974146
378685_19,13.56497680473401,13.090414026885774,13.390975146448701,12.0883872024763
378685_33,2.0820866364007604,2.062570334754652,2.0444260848780504,1.9752406275707157
401817_44,0.10684093099138099,0.10709090130481619,0.10649732261434541,0.10193519510904865
402136_1,0.8151342234432027,0.8121885088151028,0.8133698838762439,0.7810255699738656
402136_3,0.3174636768689703,0.3129479008079505,0.3154103372541499,0.2997022446203433
402136_46,2.2134014237984263,2.288077070290867,2.2534115916585815,2.1305953317232134
402174_6,1.642043603077398,1.6612662286931734,1.6502715815342295,1.536717884497434
402175_54,0.2706376302159878,0.29015268606053846,0.28145031854402247,0.24491910842615908
402299_47,0.6202537072333759,0.6392081110743127,0.6279427785035329,0.5749476915395895
402299_8,0.8225890275507218,0.8252148572528206,0.8150829633292777,0.7527346947826096
404332_31,1.2043041640382464,1.2053109749265198,1.209003830806864,1.1454543475603418
404333_12,1.1726702197230838,1.1212062348908984,1.1524623130545801,1.0232551131895622
404442_26,5.835842803853622,5.002794203430805,5.739083682540907,4.901985151742988
405304_26,0.36242315013752907,0.37846392049312466,0.3721644441193457,0.33677450054181896
405304_31,0.4392370706681182,0.4423814548401776,0.44232465611391514,0.41122946023817236
407499_26,0.36424372302158914,0.3686939332520462,0.3670847483841799,0.345662824251377
407500_35,1.8051612554739325,1.7951319792575025,1.8109723650627647,1.647854968063202
407500_39,0.39815317013090085,0.39470597468698476,0.39787628348293863,0.35464750320452443
407533_37,0.3953035356609444,0.40218473653947195,0.39470329206577265,0.35047420012198627
410866_30,1.0631687090822461,1.0672557871162391,1.067390933879355,0.9707002880703249
411487_23,1.618657601969798,1.6318893680284123,1.6230465922918518,1.5092618478481088
411555_26,3.152151614485296,3.0760918327847775,3.08026236394773,2.9739638781658226
411557_25,1.6025215369660586,1.609196422729496,1.5818761779528694,1.4914316010804418
413557_28,1.6485146429425015,1.597234127713475,1.6432716995401124,1.5445788166748455
414305_14,0.7535229826069035,0.778454112048343,0.7586156565082719,0.6774458123804443
414353_27,0.23379498243408392,0.23523970499152747,0.2349231070230479,0.22721918335175076
414354_10,0.7837634204630269,0.7685083759352002,0.776715178879699,0.7295579501510562
414620_39,1.2947860026045304,1.3090762529980524,1.3094553754192162,1.2583171472347345
414620_6,0.2666682394004117,0.2693270295977246,0.2688517166378278,0.24731015826156288
414750_50,0.22396249180582964,0.21905806035914913,0.22196085871153579,0.2057132023630003
414752_16,0.4789125529229478,0.4785390489776158,0.4784565751293534,0.4476435439019266
416252_50,0.13475672999361887,0.12004977058347295,0.12772438912456954,0.1075219614022941
417763_32,0.3686897131388533,0.3663570018849039,0.3667819903414092,0.334691419057116
417765_23,0.7332777283821579,0.7357643214498252,0.739337420270481,0.6876376365251297
417765_4,0.305296073111282,0.29868599927950895,0.30012732971337347,0.28977531890057356
417765_50,0.40244883676447857,0.39133355316179097,0.39490637872746287,0.35750227176121924
417835_10,5.950502830925328,5.879959884502352,5.917524881984363,5.583060469554021
417835_12,11.806751954966897,11.488342245237058,11.66289589706735,11.236188093197919
418024_47,0.5951035910301398,0.5686985984125222,0.5777859287775923,0.45808776601089324
418024_49,1.5769994300108132,1.5278806657636406,1.5417334488600438,1.463992750496092
418026_33,0.44982186806155694,0.46124353237536525,0.45480232628137446,0.42471629011929307
418235_50,0.547668191311406,0.5382603383171883,0.54078945656548,0.5022370886608497
420720_25,0.6763213912811047,0.6742713668489456,0.6767798200420789,0.5933764590180218
421066_7,1.0636796687299725,1.056957481629217,1.0599668093992414,0.9974858936398681
422452_12,1.7598588580264494,1.7528194207757597,1.753934117948983,1.7196961901699621
422452_38,0.9797594728944139,0.9651057447207979,0.9762881200513798,0.8947742834418883
428054_38,0.6490741811965357,0.6577657415225198,0.6531951578772307,0.6280093782796919
428488_47,1.405085499128303,1.3620999695971292,1.4089303182825896,1.2471486356932915
452022_31,1.0759839521004553,1.003923510807965,1.0322329656146556,0.9068964195201435
452022_5,2.9489475091389736,2.9418051687553315,2.9420952715496402,2.8763593141569337
452078_14,0.6399812673061452,0.6163642056281963,0.624091877446599,0.6009003199392627
452078_30,0.9434034121474868,0.9370833691149899,0.9375430427688767,0.8988247479525916
452079_13,1.6202571843621474,1.5776919758302335,1.6236093693565519,1.497723892972324
452212_40,0.08883058603385548,0.07685221253363685,0.08669038219204456,0.06620881539655199
454326_48,0.28258784870394055,0.2783925884977146,0.2805604357566158,0.25896531408135454
454414_54,0.7302445769283735,0.7244713780830181,0.7279934462287182,0.6878948098001563
454416_11,1.013456193682498,0.4828144599305819,1.0609169184735379,0.3999124389492754
454426_43,1.7002217078231856,1.6490005823642255,1.6585551827855738,1.560652837408516
454426_6,52.07175922375759,54.33035041370255,53.26504812511891,51.8692594835532
454593_46,0.5485620395796773,0.5453138717506202,0.5465148210633255,0.5162401227170687
456870_32,1.81377003637642,1.810676946548404,1.806681376454745,1.7666182276769027
456875_18,0.8248492191488191,0.9115450298829163,0.8721472196410266,0.7023242074071315
456875_19,0.48644916626910484,0.4640307432428004,0.4715361526432627,0.39762289604890655
457425_50,1.0322172297401024,1.0272422156014087,1.0249762416172614,0.9914971892538014
457425_6,0.39126034515532354,0.39253923901642906,0.3929535107625548,0.3791329805928263
457471_26,1.070481652654244,1.063186603569284,1.069732778142465,1.0113426597324764
457727_3,0.5802052672975698,0.5736972450649719,0.5763202486152195,0.5296839178786339
457727_6,0.48602954403574755,0.48264324497392525,0.4852658657995294,0.47030009831995506
457928_44,0.19251436010152415,0.1925507122517035,0.1928162935063897,0.1780016046638522
458029_27,2.1264100084643167,2.1208457588418606,2.1231253248698785,1.9142417436439443
459801_23,0.5812811879357241,0.5804287594001349,0.5813892606199835,0.5665083092351054
459801_38,0.34739883987430525,0.3464001849083058,0.3463378945369684,0.3324712177893239
459801_39,0.8785074309148128,0.8835333754970333,0.8798785349508917,0.8574365683475259
461432_26,0.35378118830777466,0.35512186109390304,0.3542683116753478,0.3207306158481387
461752_8,0.021867183587619892,0.0018042054047482544,0.008780231489656615,0.0
462673_10,0.7102794708704233,0.6981753461905224,0.7021077238663582,0.6725060750484676
462673_34,2.1250013208357372,2.1256897295845247,2.12201177707035,2.02412988680159
463458_47,0.3373951378890681,0.3456410979604931,0.34082917926473194,0.3066630996316196
463598_4,0.7350805591375832,0.7292051974004067,0.7304061478592137,0.6823980910904118
463816_35,0.06247794367245013,0.04455420259078618,0.05270399666100017,0.03934087671941909
463816_41,0.31751411823033354,0.3141316261467974,0.3145223526475944,0.2907090667687262
463816_9,0.6383859340761754,0.6386423904518091,0.6369110066613458,0.6249537028951541
464263_17,0.5853148210436969,0.5406502575292677,0.5499415671052016,0.3853636154477929
464263_30,1.022595551810033,1.0627023799874802,1.0388864577916108,0.8811093861455174
464263_5,0.12094526980167204,0.12078638273922622,0.1221556875119692,0.0775550991025687
464334_28,1.8875311520223332,1.8957738125065038,1.899632734590078,1.8010132662742624
464334_44,0.3071954306360292,0.289796756773299,0.2943152305653266,0.2643421405942946
464336_26,0.6592636550160066,0.6659056267745899,0.6593266677168594,0.5742830651295688
464336_30,1.2909776106666813,1.218008704749599,1.2660139874600131,1.1376966885483066
464336_54,4.54216923244827,4.365037998920163,4.512258684018166,4.278305672999367
464339_51,0.5072758403476231,0.5022904797645708,0.5066033123263539,0.45756956359603956
464536_37,0.1894111699638342,0.19007562191178504,0.18912866355751415,0.1760587525787185
464907_14,0.5837331573288691,0.6011336597598349,0.5829971041814488,0.5593638227591486
467808_16,0.25161584371139006,0.23019833474550597,0.23527485792477085,0.1987462418588886
467887_32,1.3237441845767008,1.3455971638018909,1.3418359313152435,1.2581489008414202
468058_48,0.3099041345483667,0.309374597900102,0.30910391694978395,0.30298448470419964
470624_23,0.030414793121164917,0.010094499350104567,0.0220580812649168,0.00019170526466149394
470625_39,0.8069064928980496,0.8003005752181708,0.8002612058115274,0.7789830209216045
470760_44,2.5611110586762003,2.497748861828763,2.5440856981403708,2.388686243796189
470762_10,1.5772631147300153,1.5753039094027148,1.5731032261578866,1.5281886994702447
471980_16,0.18663545962622563,0.19399185534732877,0.19047283385466143,0.17080753630433398
472314_34,0.9273963767603894,0.9380532243089741,0.9339872057370996,0.8670935986651767
472526_24,0.5061171758664634,0.5070662886122093,0.5084327109897392,0.4621514254654339
472645_49,0.6337922069327092,0.6317536611572088,0.638040415821758,0.5791329986776427
472645_51,0.5623580202251255,0.5635351329245949,0.5607127054216169,0.5470484642442343
472658_24,0.9440107852887275,0.9147050543511028,0.9283583176319148,0.8483002457218506
472658_50,0.43237380071069165,0.4315901870522196,0.42936385370603997,0.4079371032485362
476261_44,0.2950171038412011,0.2952305498601832,0.29555066385836515,0.28048118391589855
476707_2,1.4118704249549625,1.4103602273486497,1.4113281934952973,1.388602237682545
502182_50,2.435290544031156,2.447048042493017,2.3947531548484755,2.3220954434793026
502224_5,0.22946144213538303,0.2191394804502529,0.22039245255242124,0.1823031568360288
502224_51,70.37278212159863,69.12046544975546,69.28211674477626,68.99824621106103
502227_18,14.149193870602913,13.171034642921361,13.882183391366604,13.017275735503617
502230_16,1.8091167765281055,1.796168402267652,1.8112124414745319,1.6915702459558506
502230_32,69.78123787830971,68.35927351551426,68.60195522669495,68.20097249065988
502331_11,0.15342729142340553,0.15774884754510485,0.15669256345353091,0.1458772996946656
504457_39,10.707344793181008,10.332064192449915,10.508332365299312,10.109220472016661
506717_48,0.46050654995973755,0.4599956779979551,0.4607076880139154,0.4351706844019601
507354_51,0.6901727085514783,0.6880119180918561,0.6898102972282237,0.6713172823593753
507457_54,0.7874410388714429,0.7948183959593331,0.7938667263508045,0.7635611502786204
507927_15,4.561735218063041,4.559773221805649,4.560877802690162,4.270065622148709
507958_2,0.9457416169472829,0.9373447928299173,0.938948703910765,0.9053553742664299
507969_24,0.221447886251785,0.21799680978908598,0.22142264422131727,0.19415310190357737
507969_26,0.13917548218353715,0.142118135044626,0.13974185497192124,0.11606094705090353
507969_27,0.18149858642181663,0.18112140778632368,0.18330899031817668,0.15530053579534922
508947_34,1.933052706037305,1.940394538537988,1.9303678962025426,1.8527913218070176
509877_46,0.08570820768393565,0.06856457378129095,0.079912291022311,0.05657890367465846
509877_51,0.30775387018078193,0.3080501963518812,0.30879983933181415,0.2727045090987457
511172_10,1.027892517314803,1.0240024621578228,1.0247272527159306,0.9808661275056485
511172_15,2.185901061070083,2.2439638668841577,2.2022425510193107,2.0472327329938134
511172_23,1.7438797229239362,1.706570623578881,1.7032965606472033,1.6341589085720793
511172_8,3.9165881019902398,3.9099865768510544,3.9103888822189568,3.5992869688185265
511397_51,2.632418271147333,2.6118148405501542,2.5803993804927305,2.5230382606327337
513379_47,0.7169555981118295,0.7661692243956323,0.7186229336871839,0.6337175845455413
513379_5,0.8122370134940405,0.7600601873774112,0.8027661149905057,0.7119772107099912
513853_50,0.7757821101594375,0.774449632897873,0.7726275602879623,0.7447687948637857
514149_10,0.9926775814268544,0.9902044485877385,1.0004242027984025,0.9353279213934859
514149_51,0.09163112973153863,0.09736149979593776,0.09508459855137173,0.07034927537551207
514445_39,0.884750766851568,0.8897414324885752,0.8904987653022665,0.8490825411705171
514445_9,1.4085704418078608,1.4055459972050661,1.399368145183588,1.310517886720341
514597_23,0.669051718053423,0.6635750993562041,0.6620863506781048,0.6123882938489659
514729_2,0.6729402136446033,0.6192602386364106,0.644567440318498,0.5603706735770851
514729_23,0.5011230621996572,0.5008202228649475,0.49891458963043656,0.47277036313372295
514730_33,0.691296461257289,0.6798679783518847,0.6877056977041945,0.6477628041263314
514757_30,0.05010410821666525,0.04074563845840449,0.04739328061428486,0.024110141769492777
517903_51,0.3574204580221987,0.35533690592093237,0.3555240583098469,0.33849156366477384
517904_43,1.0406478650669502,1.0081749687258903,1.0191708792473284,0.9559674184061655
517905_23,0.47911175248400756,0.477118578509319,0.47732943306702774,0.4727778503199622
517906_39,1.4016360716144558,1.3762079022502949,1.3827015083786034,1.308775220898076
517906_43,0.99082001961783,1.0058879576010138,0.9985231452116811,0.9471626627685242
518091_28,8.265449936205078,8.475469903397935,8.431358568612316,7.827048551597501
518091_4,2.8183712832206207,2.6714922631034397,2.6918618908665883,2.3168649215776997
518094_3,0.43066299466568186,0.41236885839465204,0.4182224304141097,0.3854391844819543
521818_30,0.6815107618187376,0.6409345390771709,0.6529730195854778,0.6073108681989791
522383_25,0.8395360937385549,0.8457242573664338,0.8393371419991085,0.7709009421337228
522721_34,0.7255384489280944,0.7171140064106784,0.7174669248918129,0.6494364663222548
525887_13,0.6197083632901731,0.6343089663637859,0.6230342462911117,0.5932299590661284
554048_3,0.3728999217431739,0.36633966091020304,0.3708231517784902,0.33400665571295085
554049_24,0.5933087504224448,0.5973529084915431,0.5965138284336956,0.5545695292880152
554144_15,1.1001612854967215,1.09990217162159,1.0971481834253312,1.062079061563604
554144_32,0.6295623093774513,0.5922399390380554,0.6350185877846314,0.5602707493604767
554152_46,11.221224764644445,10.939485937830002,10.946776859494479,10.811825438003256
557241_19,196.34985330421372,196.69249702726327,196.39654576961604,193.3860208882169
557256_28,0.3761807232227013,0.38470723069344914,0.3769340806506058,0.3660437255553007
557256_6,0.11384689580437535,0.11390464954283798,0.1143315513185467,0.10792990396131884
557286_11,0.021867183587619892,0.001059348075794969,0.00840184066887306,0.0
557305_7,0.3690020953407975,0.3681088610189014,0.36635003264092386,0.3416201072050787
557408_3,0.1694350803658077,0.16378748893406195,0.16597872876841038,0.14431981933296953
557408_48,0.5178044499846847,0.5098070747063798,0.5134213205639853,0.49236270829122414
557408_49,0.2589300288492146,0.24595755676871958,0.24947864594665958,0.2300148146387175
557810_10,0.5361680643983407,0.5376928819401917,0.5360809499494624,0.5115878787699663
557810_46,15.930990758255737,15.315780407575298,15.58906537399457,15.297407824892845
558730_3,0.23026760367521948,0.23190650993516684,0.23031855065438545,0.21161924553515124
559044_3,0.38118448406316446,0.3823276934765249,0.3831033891646301,0.3650241524989611
559494_34,1.1178792048335546,1.118483346481254,1.1161347622843119,1.0477214830723638
559680_33,0.7929323160202366,0.7917861147652762,0.7918964342770765,0.6957768242734814
559682_2,0.7526608704213887,0.7424589295950091,0.7482478765557716,0.6677907723502937
559682_39,1.529900798714096,1.548193787420878,1.5444786006747802,1.4833926853333603
559872_18,0.8233468962608806,0.8671485580866077,0.8313977428288971,0.7385782505812544
559873_31,4.969236527004793,4.80942745435705,4.848369696036351,4.691240487994295
563654_25,2.0576776100027927,2.0653312722994346,2.0609762496733883,2.028767125140238
563966_38,0.36998044386915857,0.388876624741834,0.36702552208973965,0.3272257813468106
564110_10,0.2791392397701691,0.2831671780725937,0.2810793818674066,0.236690569801459
564287_41,0.7023562826964437,0.6976252839526246,0.6995562662932734,0.6476846670308787
564288_11,0.02187000606168815,0.009849336977978072,0.011864098857293457,0.0
564288_13,0.08397970365577449,0.07507855670397089,0.07636379824110967,0.06123504257694423
564288_3,0.9256589370816276,0.9707374505413043,0.9537149120572327,0.8945014677099974
564533_26,0.23457800406690413,0.2358196766148721,0.235689471031982,0.21722439964196383
564533_30,1.0041444903537022,0.7784974152871463,1.0037944112992112,0.7591608034424572
567579_15,1.6405488095541882,1.6078799999227735,1.6225928637644806,1.4916866463242184
567579_32,0.47487453952673264,0.47249154618552097,0.47197046226607103,0.4549751440814123
567623_1,0.5959619225752867,0.5914760428267783,0.5916604541925724,0.5679652624216226
567623_6,0.3472126879580801,0.3449663513432755,0.3448334176298111,0.3130586419094994
567644_11,2.3102388384748607,2.262832474225449,2.275381227974218,2.1586605223660107
567778_11,0.7169760229013745,0.7073838917825238,0.7102022818407656,0.6696723909190775
567778_13,1.181176582033439,1.1649440586494875,1.170329939115678,1.141819496954411
567778_31,1.45437097307373,1.4216546896751268,1.4413143218437618,1.3059249588844313
567779_28,4.0154263352755,4.031457722311693,4.002557023050728,3.8174528118560764
567787_8,0.2937701804808829,0.2919787811990692,0.292842132642605,0.2826770121245639
568133_15,0.5602669882501291,0.5519773355254273,0.5479362920465608,0.5090040772501058
570869_46,0.6694612618532404,0.5884849677701787,0.6113687979376764,0.5617687660339967
570870_44,0.49864276697992077,0.5041804603599139,0.49811432585848253,0.47679334074539265
570870_5,0.23867799048441432,0.23416425547230746,0.22980829169204098,0.2117118701660837
570870_7,0.6593592389136534,0.6555632045125349,0.6561812616150446,0.6284808288691278
572838_2,1.0055622498684134,1.0062861267066792,1.0056627737612138,0.906494419204866
575630_54,0.021867183587619892,0.0004329955497478187,0.008519492482132265,0.0
575675_35,0.24738600424679616,0.23442602932434164,0.23884574697932218,0.16983032631086156
575863_24,0.21615929910227127,0.21670242678343443,0.21485268488761197,0.2003934008628133
575876_27,1.4964086601263287,1.4886085931912092,1.4936817079766864,1.4039579296860323
575876_48,0.3909011252238736,0.39121864832780534,0.3899052705277078,0.3766571041320434
575876_49,0.7828973897954676,0.7848155398846526,0.7851054614670122,0.7317712005951904
577740_18,1.0262139734466342,1.0239943913261955,1.0138876521554192,0.9200661596469729
577741_14,0.6831719839118322,0.7042687677139096,0.6968464599372747,0.6427502350407829
577741_5,0.3327959846628206,0.3342537929920682,0.33237016226973437,0.3244057923532871
581078_38,0.0771134446384586,0.07673759773019062,0.07705996818127957,0.07343602865286011
581078_43,0.35948435868301964,0.3554057368723005,0.356692600473286,0.33254274049314686
582864_6,0.18947905397988832,0.18466728093448673,0.18530652859444616,0.17628579651313966
583925_38,0.3157707100738372,0.31028985121639713,0.3113801701790379,0.2840935689014825
583927_7,7.562114191944062,6.971035931587214,7.4041569522574475,6.59596786288941
583968_8,0.39993499582302766,0.40169230495367203,0.39899897687531194,0.3873058623669896
583977_31,1.2801994971447983,1.2591110419517568,1.2699209664997444,1.2160437157324588
583978_10,0.9506283694917995,0.9187515779322628,0.9414659827114468,0.8314767632619383
584028_45,0.09961134742624761,0.09892034835872081,0.09932096070977649,0.0944326319619131
584030_10,0.14728924611554586,0.14885550482119803,0.14784722885482007,0.1378733616518163
584077_41,0.46772223254776324,0.45894291212112254,0.460758446338986,0.43914659892397667
584078_23,0.19967837410273925,0.2064870234768903,0.2029821299603712,0.18387305389278188
584099_4,0.46555061526816405,0.4602443469680179,0.4625728891167309,0.43860696214378986
584099_45,0.15357728547998098,0.15567896891237668,0.1540087006084536,0.14527596593209793
584101_39,0.021867183587619892,0.00039427348525250295,0.008435117957423176,0.0
584129_39,0.27667919572652605,0.27183107810245716,0.270503577245717,0.24357315637665286
584188_2,0.40684754383049,0.4024643637099102,0.40436505173682064,0.3864075953838724
584188_51,0.5028429613576201,0.4950538656446455,0.5002800810375523,0.4707954169624557
584246_2,99.51053140056229,123.16989621182148,118.80203147933764,96.49502775629851
586823_37,0.44714421775691643,0.44227220880517354,0.4419577874463105,0.4067140377307328
586824_13,1.0939041161208445,1.091607899329266,1.0856401408573857,0.8590334178267406
586824_30,0.1098973216760087,0.09723955011342152,0.10119240335940823,0.07618633094235719
586911_24,1.138392566574408,1.1337106730837787,1.138920865583031,1.0553193801037253
586911_38,0.2946624994893032,0.3054888090001842,0.30430488486587065,0.26815658236612244
586967_3,1.1607847268768714,1.185821713304972,1.181203613363629,0.9997345646204204
586969_9,0.555277571889656,0.564568326525832,0.5617833121058656,0.5133245682504101
587156_8,0.5654705615975606,0.5530782595697806,0.5601102411205816,0.5268622875843737
587157_35,0.2023846489967294,0.20507378191971667,0.20457923228128796,0.19329626953635826
587186_6,0.3168732485881344,0.32285437623597246,0.3182913201016018,0.28518479752084785
594045_18,0.3053649049442248,0.3217268116853959,0.31423008929856056,0.25371363660479135
594045_48,2.4674160374519234,2.3752337422988408,2.3849530437690976,2.3183605299584222
598492_5,6.80875636817845,6.5672443633195,6.749307040121184,5.619714808097837
617096_48,0.4329027772286553,0.43874752022028435,0.4371926070097165,0.41302586783654355
617103_2,0.38533683352020015,0.3750909687851252,0.3778559693921921,0.36628910918945684
617548_7,1.8644784411443578,1.846202736894169,1.853505748426801,1.781763504897819
617763_35,0.07787263778940694,0.05997963816527041,0.0686279259215269,0.050132863364667685
617763_40,0.2601036757962402,0.2670215925281709,0.2650954462505323,0.2363909311241642
617763_41,0.5757718075863341,0.569569359991553,0.5697678018463065,0.5202381686615126
619965_23,0.4998047821508633,0.49734049634793015,0.4966383463144714,0.47872115864721804
621300_15,0.23587855057337226,0.23026501448260392,0.2359468704157194,0.21596886821761008
622958_32,0.5482374646140077,0.5421309580562764,0.5465659804223176,0.5306433108387308
627885_6,0.911759914648215,0.9000690747892438,0.9022809506851276,0.8349273879995033
627887_8,3.5285433273517732,3.444943348161487,3.4683716193323177,3.3455598250256084
634054_41,0.6488424087515293,0.6456457062593222,0.6453560859062802,0.6088997010234753
638240_18,0.3867038521807204,0.38518979180485596,0.3836209000972463,0.3355501013474033
638240_19,0.5809860139087695,0.580315351540881,0.5759825203984842,0.5480694136699668
638240_27,0.5169651267337849,0.5241780968141913,0.5185444318589181,0.49480583917052917
638240_32,0.6791892498926483,0.6809843927059974,0.6754865923009904,0.6512034120051614
638296_30,0.18228970764160776,0.17399189440536622,0.17332668550346578,0.14668213814051054
638296_35,0.10336089557094452,0.09243550659907895,0.09775364805149155,0.08964793087342234
638308_17,1.7651228418403277,1.737624178642399,1.744419700257076,1.6512818737426531
638308_44,0.3184981971516477,0.3103288502978637,0.3151500849926265,0.28843294536669806
638327_41,0.021867183587619892,0.00012317895476260634,0.007925612580253899,0.0
638977_35,71.50506487985079,68.48859916329367,70.24422585697725,68.40403332591514
638978_9,1.6001685911691175,1.5725845931674174,1.5827259847501445,1.4527682663940658
641042_38,0.2674116942312303,0.2649242151715229,0.2665395547515101,0.2302519964669482
641627_3,2.015019736871246,1.9981956316424219,2.0050824759827566,1.9361275262624515
645294_3,0.501905312466795,0.49519252655859675,0.4961372371978601,0.4667618296826892
648313_33,0.3426830964522946,0.33054132965098737,0.3329644124278604,0.3022826238254375
648313_54,0.454758039009674,0.45037180837491064,0.4508318503771096,0.43311647881113763
651326_39,1.1892641879285921,1.2297808026152441,1.210493218445105,0.9638997495677576
651326_49,2.016558525179622,1.9737989613650153,1.9863999948228528,1.906353974247187
651525_35,0.2539277714696581,0.2592222177683825,0.2551513090893739,0.23251352548690565
655749_46,0.6664225187569892,0.6555860608804435,0.6584057816902719,0.5943881163086414
655840_10,0.03246220281928425,0.011391467241223738,0.019455505264286497,0.00788576562956334
658609_39,0.7310744847229581,0.7147868082150611,0.7177500791324851,0.6790141181726321
658609_51,2.6545524484787437,2.5402788918782284,2.5713136635988407,2.3752329880497522
660320_11,0.14177536259668103,0.14116267665620877,0.14185572417883446,0.12906307317447374
660502_24,0.7392571887117958,0.7379676858582727,0.737336009941084,0.7116825357369936
660503_1,0.5976268263743095,0.5983402333515767,0.5964810089241213,0.5567411595802836
663084_19,2.132123147638969,1.9785799364503307,2.000369499350036,1.7482566233636856
664537_18,1.315450815306861,1.359402883777606,1.2962306747009478,1.1446527817368717
664537_28,1.1694280187727293,1.163594482910433,1.153461204455781,1.0959180287949906
664539_10,0.9661385464314383,0.9628466202524004,0.9628979309549989,0.941154056900821
664539_48,0.2295038540943661,0.22808086319458584,0.22835501932289037,0.2129316745256439
664545_6,0.5537230040413067,0.5306427144389358,0.5377842386896865,0.5015317269516795
668754_25,2.1017483789783094,2.0718807542847695,2.097017963084373,1.9783679316474378
671039_3,0.38013945189939985,0.3777556175292262,0.3787216311791588,0.3505508608397185
671051_49,0.8232320984785367,0.8151262351289997,0.8186717329164437,0.7576751285184117
671055_18,1.869720202983352,1.8859091502097647,1.8836620947338283,1.567480446089247
671062_54,0.7641302121296433,0.762326143620773,0.7719669662997916,0.7350738801946374
671062_6,0.15940391685567343,0.15885586754836087,0.1603203716201294,0.13541163039447837
671066_54,0.3486180285891434,0.34252307513343544,0.3447092866294958,0.31772835047081593
671068_26,0.9657268626220331,0.9812647503625168,0.9739556502645104,0.9090552636916591
671068_5,0.021867183587619892,0.006625507270654072,0.009509241102756801,0.0
671076_28,0.7279848438200281,0.7292841910612228,0.7307173928959082,0.7088728128234633
671079_47,0.34086906540992845,0.33821356738734076,0.341233923612081,0.31602269867207017
671079_49,0.5923502190212758,0.5877351026791299,0.588704476881779,0.5428991669382047
671684_25,1.1700740120558277,1.1736970784326128,1.1655284814078615,1.1317927786931523
671699_48,1.1424298255316911,1.141056969551266,1.1369951387386417,1.0973862108636459
671706_47,0.40458118514799163,0.4062093138436392,0.4052307726727085,0.3733893830244915
671708_45,1.0503928935804743,1.0303995647590185,1.0333334461552481,1.0101556620149499
673306_49,1.117866272177871,1.0647842620366814,1.0794854189981502,0.9704985537541786
673415_18,2.860729868296515,2.992492229114923,2.920453171155455,2.4846129195047535
673496_41,0.34241687937302556,0.3377043754338292,0.33957515111813796,0.3212175226342449
675524_12,1.5632552523601297,1.560291068894896,1.5558037235587874,1.4446440137240828
679442_5,5.5583942854534305,5.253101142511819,5.336238902708764,5.122754151079232
679603_1,1.6664299849368032,1.6218242562934497,1.6375221776547442,1.5897693742854395
682321_5,0.7041339615699268,0.7060226807426746,0.7050956428484926,0.686211808655682
682884_7,4.5566916545490015,3.989080101151275,4.522988170793927,3.9352210725430474
683721_15,0.8198607749726317,0.8133513973251413,0.8219831590814453,0.7705969704076101
683721_26,62.50773751974459,54.98605413986319,55.90955098427386,54.91274537983699
683721_38,0.32155660378875356,0.3146309938549669,0.3188516147211607,0.29147802031895115
683722_32,0.17703426485132215,0.18775084615797868,0.17918192037822367,0.1559747012297199
686034_24,1.4628182493991015,1.5288731419094208,1.5099747647023527,1.3775862151618725
686034_27,3.2027508255311865,2.2481079690968357,2.241529198354805,1.9719419525259811
686035_4,1.7057266509542703,1.661201250553855,1.6637262040274905,1.5254425504969806
686036_54,0.574926053383236,0.5599361989868354,0.5712167860041305,0.5309778367133504
686036_8,0.7967189217101925,0.7702836518544265,0.7887957364381007,0.7587465617146227
687549_48,3.51256657528519,3.3538665551888083,3.440470877352748,3.2670056943301033
688279_12,0.21503913391901672,0.202576826165726,0.21011104868002128,0.1937801360472909
688279_50,4.631391957300534,4.544454346957948,4.563457096394759,4.351365187074131
692106_51,1.1149792051156864,1.1201759289409174,1.1167871097079725,1.044673349388238
692531_11,0.35650454592981773,0.35775368928011786,0.3638153100876163,0.2818669512799305
692531_48,0.46640682451696014,0.4575601890105256,0.4671687452873334,0.3488908104977742
692537_16,0.42977329860606894,0.4277847226927598,0.4270931909683027,0.40128722148661855
696183_50,1.399008396432561,1.3730259794117436,1.391753779664273,1.3313142690812516
699688_11,1.8088561673907406,1.893273365218618,1.860959246842617,1.7398572513062025
699692_27,1.3226261571775568,1.3475828918806112,1.3426015293139244,1.2605434946448837
699703_4,0.667195855187857,0.7574375004861893,0.6668147006121706,0.590801975156397
700609_16,1.2915282711195122,1.2755931889107897,1.27938905012516,1.1708173722645479
700609_31,1.1731621290706695,1.1645283224796343,1.1606738022335108,1.0790263029680442
700609_46,1.8245041098990769,1.81625153160721,1.813115975346588,1.6911414863511816
716242_32,0.7227582959515534,0.7238785216277434,0.7221761505395784,0.6670233061568372
716245_54,0.33069078803462265,0.2862316015744963,0.308653842747279,0.20634632014514087
716250_27,5.848643634756168,5.561734094823303,5.802507008909376,5.5082073340395725
723210_10,0.021867183587619892,0.0031982345689657303,0.008633755181148475,0.0
724359_16,0.8024008717929823,0.8165851105061807,0.8090717424329713,0.7684698679832631
724360_14,0.8820556587535413,0.8431324771656902,0.877127510626174,0.8334246698977769
729337_37,0.22903734160443004,0.23744969231107568,0.2328689084665169,0.1890133255042011
729337_8,0.30250849754592873,0.30468064996310174,0.30131714992433806,0.2790821816018838
730258_38,1.408507044379404,1.4368922468324286,1.4198507166571863,1.3719384179651428
730258_40,6.792085116336753,6.756792231896509,6.812480527300278,5.804135768629652
730259_9,1.6817725550194706,1.6637381422584856,1.6679692698247157,1.5901758435386981
732007_32,0.18471530705994854,0.18155872996348657,0.18356046622706787,0.16644389532274115
736128_35,0.5318425348417669,0.533581752370832,0.5324907036340156,0.5226357803712911
738219_12,0.46275171415036903,0.43462827338172577,0.4602593171411886,0.37041809114304963
740723_45,0.21293695280578337,0.21021717799847353,0.21185801658492345,0.17713890370667054
740729_23,6.636747851814568,6.238734219505411,6.283156887614144,5.2854632040733955
742738_25,1.1466757996475165,1.1444821650807855,1.1548159641771945,1.063280554351483
749421_24,0.5446817178902756,0.5246332552282583,0.5454645432365979,0.49658359792051193
749720_40,0.48305981196138426,0.47656121587795613,0.48310609688620487,0.4347153787633038
749729_35,0.3626063597562023,0.3640892802168963,0.3630580678826684,0.3407606872825242
750855_26,0.8245898585407199,0.81113374985391,0.8306673969557928,0.7603733712467448
750856_39,0.5177765688983882,0.52248551969077,0.5222607874803039,0.48004850971035845
750857_37,58.84169136775866,57.674974923005976,57.92130729671923,57.21846259517417
750857_44,5.4827966468422344,5.449502854574713,5.436913642294968,5.39792154204229
752167_47,1.915725807313611,1.9125162219667022,1.9341493608062799,1.8179991573532543
752167_48,1.8649206853649263,1.8832543513659328,1.8776204183949619,1.8075902263426589
759651_3,0.19155866814116926,0.19205651443194927,0.19154439278721494,0.17908293514490545
759651_8,0.7504983655396508,0.7401506683900357,0.7409076288531473,0.6977411771144816
759694_25,0.5785605263901484,0.5757712114918886,0.5751662420852888,0.5083187878249559
759697_31,0.9983774618311481,0.9963128737216517,0.9984386274761369,0.9580928188272623
759893_14,0.12204321852491613,0.12252548301072141,0.12257180350699154,0.11226263657407899
759893_26,0.23537461886619004,0.2365458625247194,0.23643833767838016,0.2204305762042809
759894_28,0.6949694003874637,0.6380551353289147,0.6968129050085955,0.567065038614022
759894_40,0.35419286402053035,0.33523704978322505,0.3531098698153053,0.3222457950609868
759894_8,1.7125196351516205,1.7308926178813249,1.6958213259805792,1.5706895095964637
765519_23,0.8704625919974688,0.8356648529809245,0.8445392251521818,0.7912587712794971
765519_27,1.250648904826355,1.2748564887070346,1.2635875223940782,1.2282486309009313
765520_51,1.1874903872485316,1.1763976752270544,1.1898670119125916,1.1072010050354504
767183_3,4.215076072752312,4.200533803023468,4.206401939771162,4.089385635552345
767184_19,3.5815408619964386,3.547126581065706,3.5490422108674617,3.4325863398434
770449_10,1.1069981940974531,1.0348297728812026,1.0702207066716023,0.9316809591165441
770453_18,0.7976324721240804,0.7450217167060419,0.7565486552803873,0.6633100551656642
770453_28,1.0462496297741468,1.0177691666668165,1.0393273469262456,0.9718899723586997
770453_33,0.5199245049908437,0.5088174162634062,0.5256026531845107,0.45745770152743653
770456_19,0.8071061453329551,0.7731129944898455,0.7944385122419174,0.7015222502584518
771156_1,0.48310285427447514,0.48184062242717696,0.4844973153516756,0.44827489828884487
771156_15,0.28003820344133445,0.2624298040633463,0.2805923735331413,0.24490492157385146
771157_48,0.20751461917450095,0.21591357337226336,0.2136110950522988,0.19425861581926526
771157_9,0.8920911693398743,0.8834370385107516,0.8826775719252938,0.8442608855503176
779122_6,1.1081274976818523,1.1049112663477019,1.1055418424022947,1.058248592700209
781794_26,0.8322387213186467,0.8359716331419117,0.8262008962456163,0.7926572001083346
781798_7,0.2806588213956046,0.27555511346053635,0.2779198387795008,0.26325201115945507
783243_43,4.812207194682726,4.876485487188907,4.851123136563115,4.751460672136274
787426_5,25.871332892763302,24.621149954336147,25.078546602610455,24.19121526501394
788708_34,3.8301779932389093,3.8119174133368556,3.825610860500095,3.6078645764377093
789223_1,1.5078739793462166,1.4902677947263892,1.4965582985579173,1.4689362907294274
789223_4,1.0507411082971534,1.0657226692185715,1.060887246993753,1.030062655657509
789223_49,1.2617132030642997,1.2479959684136415,1.2516991067159966,1.1968571151337046
793341_12,0.2221834903250135,0.22460722189264715,0.22514291632081762,0.20426185602080593
793345_51,4.3399820678392125,4.168454110666826,4.326139464058311,4.051980978610824
794245_39,1.733497819740898,1.7291954097672722,1.7279828201343,1.6153351254733084
795610_27,0.5250130802742182,0.5261167800514704,0.5276004988035695,0.5088591704974701
795612_27,0.6421647281555329,0.6486834051979914,0.6458877816869959,0.5949064147730342
796396_2,1.8565149124484719,1.8460526635160106,1.8537177310790371,1.8218337346393463
796396_23,0.9527800577186442,0.9446668150156663,0.9451099813762219,0.9080333877598786
796396_5,0.5507653754510162,0.5516438577399368,0.5508867497062081,0.5214886756432413
801217_26,12.040037266288634,11.691102824704053,11.703587801461223,11.647015715581915
801217_4,0.4529108958774044,0.4466220586402963,0.4470057971812204,0.3890978536374236
801934_1,0.7274915490889234,0.7327731272208103,0.7286457054497811,0.7116227395339414
801934_12,1.1181628396946988,1.1277275879164466,1.1224370705926272,1.0686569136097388
802831_37,0.26005255898915514,0.2603226128086321,0.2608670546017731,0.2503036093320318
804503_3,0.9289275478873998,0.8652407970246817,0.9251069025334299,0.8144158529273198
804503_50,1.7180448176836378,1.7879543533078373,1.7030858199784584,1.6205873866671638
804932_6,0.7557960063705601,0.7774021330314388,0.7758142403640709,0.7161779127120743
805311_18,0.65311717713998,0.6604687475625103,0.6624355403942851,0.5744087850619785
805321_3,0.21745811323245925,0.21711613524465634,0.21707914629486513,0.2036298339605148
805788_2,7.24371893628475,7.204642898950865,7.197344599963073,7.011229121987312
805788_47,3.829551582033852,3.9151917288177187,3.796638066057556,3.4241878143473556
805788_5,6.754762872305559,7.016446066242824,6.861509171948778,4.950786135919755
809183_48,2.0189816950829647,2.17251656075668,2.109477484214489,1.9193706665179546
809183_7,0.9678154595591578,0.9292888868382666,0.9419642902737447,0.9018815547728743
809184_51,1.1264379224801242,1.1642130584831467,1.1393701427520326,1.0237953457356108
812725_50,0.16094293639644355,0.16631314832184554,0.16234300301577076,0.14158510904196428
812726_39,0.7975831517214443,0.7815139965146419,0.794357450849002,0.7411086164412106
812751_6,0.7490743772298806,0.7487640345280521,0.7512820576141704,0.7206347633830429
812757_10,1.9518903584143716,1.9787673841848614,1.984185143903268,1.8349338636434902
812757_33,34.53286792939138,34.30419110761993,34.43138967053808,33.173567591362264
812769_49,3.6021178369595077,3.5555379444349158,3.5697522357494313,3.4724452738404845
812769_8,2.9048928740602977,2.7856416478355697,2.8313820680899062,2.586196616344783
813769_37,0.27791169006025324,0.2780584264625466,0.27882971877584933,0.2637346471551439
813769_38,0.3924773268838468,0.38661739648205495,0.390633434979438,0.37126636941143926
816606_51,0.32388281795846624,0.3263456227293539,0.3228916509704168,0.27947237703835054
818588_13,0.13285143043386446,0.12629648286186496,0.12832171313131416,0.1136229842025621
818590_40,0.5800938565792221,0.5642401954869302,0.5730202570690663,0.5333002458701671
818590_41,0.459108235816053,0.4727350586028763,0.4684739642885545,0.44135663887033577
818590_46,1.5358148190094196,1.5482988972022413,1.5434981859628236,1.4378235549349483
819194_41,0.36324449347196436,0.35527156330754134,0.36274283358854703,0.33755529035589715
819206_3,0.3190676762804179,0.3181072238068134,0.3189053566090713,0.29149107112525585
819227_33,0.21257551213875392,0.21316564109757527,0.21365657375168057,0.20720536150741678
819932_43,6.777101858529569,6.735130567673866,6.721303738989807,6.313666331186659
819933_48,10.617941867354263,10.503142627584479,10.332509825536171,9.946276082283799
819934_9,1.0463848724849865,1.0242868852080018,1.0413193468040525,0.8171555916853745
820645_1,7.83726806911088,7.668577323560012,7.713635752910821,7.196958483936332
820645_49,1.1571525684588513,1.1792521541448593,1.1626193595824332,1.0615058054099797
821186_28,0.9279015848140709,0.857346752965828,0.8672589911667165,0.7210750401567204
828204_31,0.31635774618030066,0.3792568682023154,0.3467298922486058,0.28494848326210565
828630_54,0.25454652801719735,0.2556202658513535,0.25511043062907945,0.24697153146046727
829414_46,2.274121074890197,2.2710636035162115,2.273599907312602,2.230610523164477
830625_1,0.4491563251602649,0.4398323736471756,0.4413513735216675,0.4119554996339922
830625_2,2.5823855552581314,2.51850688420395,2.559563130368294,2.428557731470151
830625_26,0.8362246785651363,0.8428828208046597,0.840060847488698,0.8018457502950246
830749_54,0.8022456848046523,0.7886229139556896,0.7902312229304833,0.7623604681489596
830806_27,0.5262951272385226,0.5238831193314964,0.5252977610258349,0.5110717147333773
830829_41,1.415640563333174,1.3931558353280715,1.3989376070360526,1.3523643212528593
833396_24,0.4502377008229414,0.44698536874787353,0.44944902519171515,0.4396348349318804
838407_11,1.0336239865250139,1.035413898876062,1.0342961091565377,0.9497314883376795
838407_17,0.581202416230363,0.5284246571454453,0.5473393126302591,0.45410964928968706
838407_43,0.9113408167343371,0.887779727918784,0.8908969541491794,0.8438847232773149
838407_5,0.3993721020890235,0.40102318305472223,0.39976363740522863,0.379473664797612
838408_12,0.5798832687518908,0.5863921482265664,0.5846633616130777,0.5603601746568687
838408_38,0.16512055957492452,0.1705396885296272,0.16791414065149748,0.15613743416464984
838413_46,0.686090688736641,0.6753766556794188,0.6750953939102872,0.6494000664682658
838832_4,2.2516062501047207,2.227521276373393,2.2342934508673222,2.12599748803813
838844_19,10.757509000013371,11.009494402416465,10.793827791069441,9.719505731968175
838875_14,0.7334155439932455,0.7312949269001235,0.7287307261935653,0.6986391522480598
838875_4,1.1146640287296987,1.1497545827312203,1.1333173840025257,1.08449894749801
838875_50,0.7505164629839302,0.7415100599758903,0.7477499802003272,0.724637181957192
839362_30,1.3760778198083632,1.358582835141793,1.3689624983029187,1.2698259964077454
839362_4,0.14074817906735787,0.1441404285480212,0.14431113282237787,0.11270561933567158
839363_32,6.250454310222216,6.153486334223071,6.147407219035344,5.684566783545372
839367_12,0.5385905562087941,0.5531507828817336,0.5485225155464698,0.5084933460437054
839367_38,0.7199242665240795,0.7100146847727515,0.7111784200295959,0.6981188921392142
841514_23,10.088537047301427,10.45862317963377,10.088036712444376,9.677347879609252
841570_10,1.4143678131525705,1.4231576936973946,1.4103664778865441,1.3597546717094575
841583_30,0.18399840447247684,0.1742224554524445,0.1754904561278147,0.15720871450836596
841607_4,1.2545004913868107,1.2113926463257856,1.223998872286466,1.1186028287349263
841841_30,0.0785092429004777,0.03283850656021323,0.0738201601081824,0.00018491901579467803
843459_18,1.3931202594503371,1.6219504856873244,1.4535680063110918,1.1213068106454391
843462_27,0.383665428764999,0.38280748419869154,0.38096277540989704,0.3631822146447666
843462_31,1.005460614394832,0.9817542069761133,0.9932042957977251,0.9538965610002391
843462_38,0.5533367648246382,0.5575286476662529,0.5545880864927992,0.5172613212418212
843462_8,0.6915679846709644,0.6935202807412645,0.6896526337039958,0.6666210668764243
843585_33,0.8309715840546436,0.8184609918062237,0.8213295721480535,0.7647834486746387
843585_41,0.44186081426305623,0.4374215327124508,0.4391396932993943,0.42096725255688416
843589_2,0.19969525161041904,0.19707713300656582,0.195024800790727,0.17985091911349085
843589_24,0.41138325380349544,0.42802097221796864,0.42333832500647756,0.36796686684911273
843608_6,0.36232137102189793,0.36212431842595544,0.36342773149784285,0.3381880506411195
844017_16,0.8790017253216454,0.8747103052725461,0.8738901405957192,0.8560218766355893
844017_23,0.7707139356525904,0.7687960286892119,0.7685147293510778,0.7276484212987553
844017_25,3.9227085949422076,3.897550851129953,3.912313300764,3.714149202836744
844017_50,0.9061919077317907,0.8793353321350955,0.8877633203506224,0.8487408471422637
846163_50,0.14277216243072471,0.13331664197578383,0.13516197134532273,0.11384089453474046
847569_24,2.771281523589,2.6839234361742292,2.7120251706452976,2.575989054931926
847569_35,1.4104781380620792,1.4214027091644537,1.4009675313304955,1.37670520353796
847859_39,2.195891288817773,2.1075454607538373,2.13536982695944,1.926310209279951
849136_23,0.021867183587619892,7.783509887289283e-05,0.007846487252518394,0.0
850333_37,0.13474233122088394,0.13601278382098855,0.13505572528729295,0.12597686119780435
850334_16,0.5621225978358094,0.5559759003350581,0.5581406283981886,0.5409845410727208
850334_23,0.7001614168182416,0.6992257058924745,0.7013481695638922,0.6801263619484955
850389_31,16.662568673827188,17.13016929795285,16.972181385172316,15.808400908863959
850545_24,0.39113708353729554,0.4039545797185193,0.3850030244124978,0.3618581275492862
851982_9,0.3410687809264183,0.34362616785812033,0.342899358422416,0.3341276210912583
852110_47,0.15959186125302163,0.15627006732837573,0.15766149219846817,0.14806225181672134
852934_15,0.3146958563672015,0.3164021788895052,0.3153860153601065,0.30168567088184634
852934_35,1.6858595671447592,1.6867013373487885,1.6908908901828432,1.603792264873795
852937_16,0.8739388485478724,0.7822497924109544,0.8818936890413261,0.721349248687258
852937_8,1.256629027669043,1.2371674062205908,1.247423007067381,1.199602355117193
853196_46,0.4739350037429512,0.47041123451987166,0.47450758075697635,0.4403673341468479
853196_54,3.0503665649760445,3.0923497536261935,3.073682160467115,2.983055332196257
859932_10,1.5362123906490972,1.5294634023074354,1.5277544995095707,1.4283332237590176
860548_7,0.23745632669433103,0.2419649241877544,0.2391181546912071,0.2106467138759023
860549_28,0.2010057110228122,0.16932757340238233,0.1759050178042569,0.11723883531190853
860549_3,0.024903112109983208,0.0049569378187710325,0.013173809145529618,0.002925932330778095
862454_19,2.3187792366991338,2.3180739525825547,2.31796918951676,2.2879495393104428
864288_25,0.24955358971636007,0.2534692032030672,0.23633751169107953,0.2141911296910349
864288_51,0.2927030369652058,0.28510756882821653,0.2866942073958864,0.2544633043959225
864510_12,0.7948845697945712,0.788217639899209,0.7954586976773884,0.7390409357587223
864510_13,1.0930105191602597,1.1007094173670675,1.0935380601104587,1.064475620863374
864510_17,0.9867473549021999,0.9812281059805574,0.9886899557389981,0.9258415433435286
865147_26,0.8354228220643862,0.8496617788154689,0.8453898834103576,0.7916155252231852
865147_48,0.5986703640954772,0.5948192504029748,0.5973551460532268,0.5730410105200904
870545_23,0.7093918182541697,0.7107695048474657,0.7036078872794272,0.6790388094955442
870545_27,1.6739382522038075,1.4558846936319016,1.508240750765334,1.2138322295927322
870546_45,19.029217428763154,17.820723716649486,18.034136659177385,17.711605060488147
870938_7,0.37222432657354254,0.36648955282071166,0.36768679936076376,0.34012022136703196
871118_25,0.21311856510987506,0.23433852546003,0.2236419158165829,0.19169916287837777
872306_18,1.0808129547125802,1.9837162644732198,1.8743809084000587,0.9437069153621352
872306_25,3.7943390611976207,3.9568982868350715,3.9446432892149557,3.628904504667751
872309_12,2.8132079803437446,2.818274536308614,2.777425818197942,2.6631751521949654
873687_26,2.1284500393446195,2.0749652476174743,2.110141689622864,1.8771063511861594
874598_11,1.0761290662112188,1.125436272316722,1.0823153071737346,0.9916998068309235
874598_15,4.484444571725985,4.384909864621711,4.394161075588398,4.305601143740647
875604_3,1.4076136490132658,1.411194146484336,1.4078782813897204,1.3565776808951135
875604_34,0.3139679712807193,0.3150817265208351,0.3163667772275199,0.28675270515326984
876223_27,1.2321599826886602,1.2498149730463166,1.2393931482804657,1.1330831012328677
876224_18,144.06716494632198,134.03895381851785,141.14945069462783,133.6753419298932
876225_50,0.8568444717700711,0.8395668490334999,0.8454326855448633,0.8032009307320123
876663_15,0.37191356232547385,0.3653155050720693,0.37030332501877145,0.33233447486604
876663_33,0.2872917361589573,0.29038335922536695,0.2868869426760387,0.26351723090241524
876663_4,6.419346591124971,5.8158985572035045,5.9585850768884905,5.670218724761258
877513_25,0.5818372255983678,0.5764692803523855,0.5815102337044332,0.5548383893207691
877514_51,1.9525972058190508,2.0128445942886612,1.9903344147501099,1.9249306602749046
881910_17,1.0829203152278606,1.0200788397881468,1.0438875376459331,0.9337061216420833
881912_33,1.604379645554034,1.5958397916311802,1.5917824776337552,1.5354382493067416
883336_6,0.1743192984664377,0.17383250369571332,0.17463371997472588,0.16405091154074827
886396_2,0.35000293650654474,0.346484191210995,0.34765263118842665,0.32603338468118476
886396_47,0.2583767045866874,0.2590769571239048,0.26016934310866374,0.24427085388144143
886398_28,0.9453437925102435,0.9343213238486886,0.9310556064444536,0.8679628803411563
888761_7,0.3459905716125053,0.335166146547025,0.34374954197575763,0.3167646454609881
890213_39,1.307002035024927,1.2799052608467891,1.2912500850034887,1.1488315601654489
890215_26,0.6836306166040907,0.6949593949739493,0.6835457950328085,0.5844202995354159
890215_39,1.5447824324136346,1.58963434570997,1.5557428517437761,1.4038539313511753
890371_3,0.4543502703407838,0.4544801970856372,0.45328757618203425,0.4315236608860085
890372_1,1.6103946754235328,1.5481090953036036,1.5659160118082882,1.4816790670573814
890372_6,1.5956505542119965,1.5712831105653873,1.5844533144453052,1.4544340515270313
890375_14,0.22184567333557967,0.2019091024271756,0.20522133996071354,0.18519879639953415
890375_23,0.4299990452997211,0.40658418743678765,0.4153668980448541,0.3121225926350288
890375_33,0.8892034601099077,0.9015568218128457,0.898103630310251,0.8161516906158298
890375_41,1.333809178365784,1.3244909111016863,1.3263491799318874,1.2277623034646263
897348_32,0.7544737833012807,0.732216082506637,0.7413488529050888,0.7078760225541818
900196_50,1.674503680560263,1.643768046359285,1.6588343944270718,1.5061380201467527
903285_9,13.081973758330577,12.981596935196478,12.989501669917573,12.498401555840351
903286_28,1.4535647866440353,1.433811711854406,1.43584297185381,1.3777140847936546
903286_38,2.1229485874538674,2.13806917423016,2.1238656784385577,2.0335027935876266
903955_27,2.116994165667473,2.0659349023400826,2.064011549160297,1.9701397272544308
903955_4,1.1258954440975328,1.1340090373761422,1.1353419969880876,1.0192490322745595
907686_9,6.107326080391157,6.1697748905914045,6.077736661739354,5.843766979534881
908741_44,0.58952071940578,0.5963426720137425,0.5914536725157425,0.5746103085444759
908741_49,1.6036199656183596,1.6333461301816499,1.6074956809076353,1.5622728473851535
909361_40,2.187524542888739,2.1549677361485444,2.150320160983297,2.107903614466192
911990_11,0.38081458149576647,0.38106607151390587,0.3813162503655349,0.36395769823965746
913363_5,0.17446107880543282,0.17943545838751443,0.17771057104499866,0.14818980446693686
913521_27,1.1516743570621424,1.1418123261230446,1.1380677463863085,1.048107548367114
913526_51,0.3882518409748168,0.3858034337556311,0.38775599400020927,0.35053240846027206
913964_4,0.9587781494581266,0.9449874642559256,0.9490465038896425,0.9256714726509885
913964_47,0.3604407930017382,0.3610398321656811,0.35794623282129323,0.3197559534621535
913964_8,0.6161107678582902,0.6053836159406228,0.6091043265383559,0.5370111016899252
913966_3,1.9429347766442586,1.9282623508876673,1.9333964407377844,1.8565761395391256
913967_46,0.7264441385882089,0.7152944251747243,0.7193745213259021,0.6395327553002538
915310_24,0.5557472019596399,0.5421252742561339,0.5461357035877951,0.5106576894837981
915821_24,0.0703015028975852,0.05557540299725789,0.0633964928697094,0.045608608765746655
915980_5,1.1715166893859665,1.1550215803619934,1.155900590385616,1.122850279193575
916886_4,0.25120144890767876,0.2500278226781855,0.2502641315952441,0.23740516281559718
921042_47,0.28064371764109136,0.279171351586449,0.2801196618801665,0.2487537033165523
926958_43,0.2952055195689536,0.2896733018682616,0.29472131138515484,0.27372219941005327
928477_24,0.5953857395497488,0.5922805534023613,0.5930754119566891,0.565480470855552
937953_2,0.6134154338302952,0.612026833807462,0.6115123143185733,0.5915062411210626
938125_26,0.6404798692800643,0.6583644741929172,0.6444306155699607,0.5892322546595263
938126_24,0.8784393446813917,0.8715334367433957,0.8730435900876409,0.8250285009258621
938436_50,0.9006686475612952,0.915531605460949,0.9106845736955417,0.852603189472429
938566_8,5.229024733084267,4.984396720550142,5.181586524893556,4.833032560718602
938567_51,0.2988018536981107,0.3047868917195805,0.3027164822424842,0.28025058873906916
938570_12,1.2703780061833319,1.2435863126960762,1.25492173951506,1.2087425073846991
938570_30,0.9491699776755168,0.9556152299149768,0.9546335576185423,0.9199273810462159
938570_46,1.2919775237798343,1.0890194781903113,1.1135484461364247,1.0239613577765074
938575_24,1.5651895591695089,1.5557989145623667,1.5623606075238021,1.4660163377102347
938576_47,1.6909014816320183,1.682313361965342,1.6820163300693804,1.6448060808086993
938657_40,1.2776247222828971,1.2842189591884543,1.2747283191419407,1.2417558205502448
938657_54,0.5847286447251385,0.5846993065084803,0.5836423931323561,0.5315114370735103
938659_26,0.6248810792477956,0.6157361605354669,0.6077120285865613,0.5761428799510299
938659_3,0.5442729976420849,0.5490482733306895,0.5463101532703055,0.5125996204102451
938659_30,2.3098210591349058,2.285059757790077,2.2978288980951023,2.18909977458044
938659_50,1.111885308004451,1.0939782073030186,1.080904303456206,1.0181846110023443
939129_49,0.8712314928236359,0.8895056253370499,0.8857704472794005,0.7834327458236973
939131_47,0.7989945713278344,0.7981782135141177,0.8009842361426722,0.7097601891870697
939207_48,0.37505680163854654,0.38083608544851116,0.3783121609907459,0.36636809772179496
939210_16,1.3019282476434608,1.309719489500585,1.3083967870762725,1.209475246426207
939210_47,0.6040828944753093,0.5877289355967784,0.5920239690346207,0.4673251043964457
939662_4,2.1363521030854002,2.0031014413098243,2.0969705774077343,1.966505852285013
939663_15,1.3830734870598567,1.363657186639833,1.3687406801426125,1.270355159874145
940585_3,0.3729425016044834,0.3648774210590084,0.37031926279657207,0.32955993295507724
940585_39,0.5363042957038726,0.5393915854493656,0.5383065974317472,0.5152028969682901
940591_15,0.2737940175414023,0.26964216061690666,0.27091151353376935,0.2637346012175203
940616_4,0.38393032418499273,0.3837133520037477,0.38023039462965585,0.32946261456460585
940638_18,0.33618522211482477,0.3415931329450894,0.3302311944962176,0.3023244310692682
946671_37,0.06197616868209899,0.054313118966811874,0.054256690856851135,0.0327637186368794
949053_50,0.5792806378896406,0.6128773207380828,0.6003790270580043,0.5526715827254496
949299_48,0.34564453434700787,0.3469732024817557,0.3462649792151664,0.33392466501038554
953404_6,17.50225726943536,17.39929632412218,17.43751025283601,17.1217800840458
953413_19,0.4712690462674413,0.4796806189765758,0.4740708822367179,0.4267152018541868
953427_2,1.3227100664534364,1.3007472397136153,1.3054153223321385,1.1856568798677147
953428_25,1.9461121686766696,1.9404796419291281,1.9357155126717471,1.8415675385464507
953562_7,1.6637914460680001,1.6625897548032516,1.662580378876961,1.6534834764152802
953609_2,0.3870321474055396,0.38477754377297196,0.3895651211635127,0.34077529280889807
953609_39,1.3875879582241677,1.4112832222778682,1.3962778476292028,1.296239539348941
953609_43,6.397760773540167,6.559783597730889,6.499871053402873,5.236372048742368
954796_5,24.20143606507691,24.030703386982676,23.91557354914077,23.65984333728095
956011_1,0.5588730727350667,0.5290687202516313,0.5390623069851984,0.48060074508118406
956011_39,0.9188808922220119,0.9301716681934148,0.9222056131832321,0.8371986854064888
957098_8,0.33294840835380984,0.33814573876047316,0.3361493898882873,0.28576316298954124
958514_16,0.7623277089319543,0.7511880987672598,0.7604782952140021,0.6160701997355007
958514_9,1.1322579995424626,1.1291555030497393,1.1292333312841694,1.100644505551325
959437_26,1.4037473048403815,1.3889121483050042,1.3979585695519712,1.2716030027020553
959437_38,1.378865128793148,1.309018044724756,1.3434394477219775,1.1081477779760902
959437_48,0.9872195247265015,0.9691882691369652,0.9749667085431989,0.918394307188873
959500_44,1.677129422489701,1.728776647159103,1.745905854318354,1.4013236806161389
959502_15,1.1557407280147112,1.1576984977802387,1.1571386212834003,1.0148943750145727
962601_33,0.43836827419111946,0.44770313498499087,0.4429868270670784,0.39031390647077924
964752_6,0.326109410469563,0.32364837720579936,0.32448567650400445,0.25776613558767275
967021_24,0.726966832543012,0.7480709545085903,0.7417939711905718,0.7053955755688106
967021_48,0.7728907708653617,0.7734153232355752,0.7760625385957175,0.7478412707467723
967021_5,0.6704547828738477,0.6686205705989532,0.6712396372301033,0.6224269319956358
968432_49,0.2364600870539643,0.2033680424296992,0.20547455170114967,0.18343046664124493
968935_2,0.5474063152669064,0.5436108892227706,0.5449284652862832,0.5140693662979451
968935_35,1.825240397045144,1.8335765558923909,1.8241027994431789,1.7699375624050606
968937_26,0.37656646092925256,0.34400057836187486,0.35540598779919347,0.3093872924589402
968937_8,0.6426651304756048,0.6466346056066851,0.645065329200055,0.5583958903851965
977007_34,0.4244649538064163,0.42525820441747736,0.4238179069006545,0.4157112218521885
977007_51,0.3161402091536465,0.31903562616240905,0.31700357207564667,0.3085508253772415
979196_47,0.9606853521103268,0.9455440536669912,0.9536041507036849,0.8860861007998097
979197_34,0.45683693912072015,0.4443644761366294,0.4543299459369183,0.42650671230970283
979553_3,0.0759932333821058,0.04911933109604879,0.058865163923517705,0.029663556448929772
980041_49,3.5039068020684243,3.5164637939484464,3.5064265556802123,2.828691676889552
981655_26,0.5995610636190917,0.6029256775697734,0.6046461946122581,0.5740422592217077
981655_5,1.2932819847552328,1.2816124678581302,1.2846714401477697,1.2508391042329416
982727_43,0.929927317972973,0.9013054729660938,0.9146431746615146,0.8634472925564532
982727_5,0.7594472925493597,0.7655482791429575,0.7560535114280181,0.7183940529591964
983310_24,0.20461005492646467,0.20971013531201912,0.20744454047509722,0.19309285086189096
985823_50,3.1737191574378603,3.142565613538258,3.1396347760642436,2.9545329050779805
985823_8,0.36699450869750877,0.31571899186322455,0.3298966627176976,0.26420233106380203
985824_18,0.40949316342847736,0.39316383118531223,0.3999644468211055,0.32565047835657474
996597_7,1.556155410260341,1.5084322407793616,1.5204485460977262,1.4209122034587978
996600_24,1.5549411221814582,1.4670174227280308,1.479952003453185,1.3634181529959797
996600_28,25.76429975949903,25.88444102631971,25.757585707417036,24.39370641517912
996606_37,0.8175175045810755,0.8245105332156758,0.8211827209411137,0.7835796505951862
996613_37,0.5167130432293134,0.5079265149992721,0.5121638418443152,0.4841918641628875
999545_7,0.8923630338578281,0.900716233197592,0.8916739143660871,0.8639629599839362
999547_38,0.13720624533396775,0.13826102747761349,0.13744915604371868,0.12087662939907516
999547_7,0.32215406519389217,0.32652581933863417,0.31916886352285884,0.3102163514460053
