cell,model,series,rmse_mean_truth,realized_y_mse,realized_y_mae,occurrence_brier,rmse_p_truth,positive_mean_rmse,p_true_x_mu_hat,p_hat_x_mu_true,p_hat_x_mu_hat
C01,M0_PARAMETER_MATCHED_POINT,0,0.5216487658706861,4.34661397064434,0.8916555971961013,,,,,,
C01,M0_PARAMETER_MATCHED_POINT,1,0.42764804008085905,3.110514632682408,0.7367541962491183,,,,,,
C01,M0_PARAMETER_MATCHED_POINT,2,0.31874743347142875,3.241659341651494,0.7618790512615305,,,,,,
C01,M0_PARAMETER_MATCHED_POINT,3,0.41652697099134955,3.4327592872391826,0.8475868435186081,,,,,,
C01,M0_PARAMETER_MATCHED_POINT,4,0.5711497471222986,2.7307646114132265,0.7708097762166897,,,,,,
C01,M0_PARAMETER_MATCHED_POINT,5,0.5857677951731151,2.9265784536225983,0.7582421705859208,,,,,,
C01,M0_PARAMETER_MATCHED_POINT,6,0.4863195954475102,1.58742211422821,0.5336319577672839,,,,,,
C01,M0_PARAMETER_MATCHED_POINT,7,0.5689630803219112,5.924500358057628,1.0745150495295093,,,,,,
C01,M0_PARAMETER_MATCHED_POINT,8,0.7248496145386528,2.344183478855898,0.7320535655536181,,,,,,
C01,M0_PARAMETER_MATCHED_POINT,9,0.26124856264554097,2.299505535303014,0.6137644719613793,,,,,,
C01,M0_PARAMETER_MATCHED_POINT,10,0.6561954197177327,6.406880880306114,1.0353684472966052,,,,,,
C01,M0_PARAMETER_MATCHED_POINT,11,0.30497086739924106,3.5151150577164394,0.8323277107338072,,,,,,
C01,M0_PARAMETER_MATCHED_POINT,12,0.5167456083847084,3.4097533239396807,0.8517104661438377,,,,,,
C01,M0_PARAMETER_MATCHED_POINT,13,0.38769607841828785,1.7949114563920008,0.6274193621635883,,,,,,
C01,M0_PARAMETER_MATCHED_POINT,14,0.5754800926675423,2.474658000297442,0.6698000900159968,,,,,,
C01,M0_PARAMETER_MATCHED_POINT,15,0.3122867539919387,2.7603441829890865,0.8108406711986997,,,,,,
C01,M0_PARAMETER_MATCHED_POINT,16,0.48117725128196975,3.1957792313799054,0.8721282359701945,,,,,,
C01,M0_PARAMETER_MATCHED_POINT,17,0.45003760049581304,3.321741463997741,0.7545259761627676,,,,,,
C01,M0_PARAMETER_MATCHED_POINT,18,0.28992473774153255,1.9761890983262256,0.6072259703590437,,,,,,
C01,M0_PARAMETER_MATCHED_POINT,19,0.3886914350479773,1.281914256395349,0.5503032510857034,,,,,,
C01,M0_PARAMETER_MATCHED_POINT,20,0.3391983787445536,2.611332740833109,0.7304852579187961,,,,,,
C01,M0_PARAMETER_MATCHED_POINT,21,0.3319144148088645,1.8870723580900157,0.6716884810860695,,,,,,
C01,M0_PARAMETER_MATCHED_POINT,22,0.5397884567092275,2.1946937833976827,0.6314269074352221,,,,,,
C01,M0_PARAMETER_MATCHED_POINT,23,0.6734880965055992,2.379179250808501,0.6495778867404928,,,,,,
C01,M0_PARAMETER_MATCHED_POINT,24,0.3612313640661381,2.336109183690255,0.6973248316086634,,,,,,
C01,M0_PARAMETER_MATCHED_POINT,25,0.3194464983630099,3.5548625036135313,0.8594140586825839,,,,,,
C01,M0_PARAMETER_MATCHED_POINT,26,0.26394751116697723,3.0158335989724665,0.7528307421557656,,,,,,
C01,M0_PARAMETER_MATCHED_POINT,27,0.4260722863510823,2.440377073013173,0.7131174928957383,,,,,,
C01,M0_PARAMETER_MATCHED_POINT,28,0.5909547624358839,2.8545830933876486,0.7424827776176244,,,,,,
C01,M0_PARAMETER_MATCHED_POINT,29,0.4834224594511182,2.02056905909125,0.6697133595274256,,,,,,
C01,M0_PARAMETER_MATCHED_POINT,30,0.41257485945096817,3.794083218211691,0.8823531997422833,,,,,,
C01,M0_PARAMETER_MATCHED_POINT,31,0.48603289915467396,6.945455815138038,1.0509007945814424,,,,,,
C01,M0_PARAMETER_MATCHED_POINT,32,0.6067577030681124,2.8535705345446223,0.7155912885743116,,,,,,
C01,M0_PARAMETER_MATCHED_POINT,33,0.4139724806601406,1.3414936510974136,0.5390165057478953,,,,,,
C01,M0_PARAMETER_MATCHED_POINT,34,0.6749303753671214,1.8664149379743393,0.6610052753409643,,,,,,
C01,M0_PARAMETER_MATCHED_POINT,35,0.4635789480827227,2.5443754080843286,0.6859075146906737,,,,,,
C01,M0_PARAMETER_MATCHED_POINT,36,0.4309453527002296,2.6196115673794926,0.7305545364579302,,,,,,
C01,M0_PARAMETER_MATCHED_POINT,37,0.2379234164206609,1.4906441735086786,0.5796067134039429,,,,,,
C01,M0_PARAMETER_MATCHED_POINT,38,0.4704453448377832,2.416718235386311,0.7660423847043301,,,,,,
C01,M0_PARAMETER_MATCHED_POINT,39,0.2313851419819602,2.70083458919568,0.787013154989836,,,,,,
C01,M0_PARAMETER_MATCHED_POINT,40,0.27879533488257185,2.550557694746458,0.710334536863229,,,,,,
C01,M0_PARAMETER_MATCHED_POINT,41,0.4517371534270779,3.041927367499283,0.8075767021703844,,,,,,
C01,M0_PARAMETER_MATCHED_POINT,42,0.49874885418369974,2.8329282758770162,0.7466845251668321,,,,,,
C01,M0_PARAMETER_MATCHED_POINT,43,0.31113995411281686,3.201837078608002,0.7956960344066222,,,,,,
C01,M0_PARAMETER_MATCHED_POINT,44,0.25848958500923536,1.1210733414015501,0.5495434832819985,,,,,,
C01,M0_PARAMETER_MATCHED_POINT,45,0.4326337852629628,1.8250171071910424,0.6828968520931085,,,,,,
C01,M0_PARAMETER_MATCHED_POINT,46,0.7163371121258868,1.9126709318468333,0.621138090921401,,,,,,
C01,M0_PARAMETER_MATCHED_POINT,47,0.45104844422897866,1.317032243269364,0.540640404157178,,,,,,
C01,M0_PARAMETER_MATCHED_POINT,48,0.4460707149488582,6.0167478109279955,1.084658675317769,,,,,,
C01,M0_PARAMETER_MATCHED_POINT,49,0.409308303924807,2.624453565685487,0.7077907163418331,,,,,,
C01,M0_PARAMETER_MATCHED_POINT,50,0.5500686059362202,4.575870127392492,0.8741578893059341,,,,,,
C01,M0_PARAMETER_MATCHED_POINT,51,0.4067006525471802,3.6393452246232956,0.7617548560726088,,,,,,
C01,M0_PARAMETER_MATCHED_POINT,52,0.5253534148751025,1.3661187572874123,0.5456616066779436,,,,,,
C01,M0_PARAMETER_MATCHED_POINT,53,0.5305614301618222,2.0737366180103396,0.621696051527844,,,,,,
C01,M0_PARAMETER_MATCHED_POINT,54,0.6330840615711686,1.7501221616195064,0.6385489063607868,,,,,,
C01,M0_PARAMETER_MATCHED_POINT,55,0.6402227672366149,1.708216760510793,0.5835977233121715,,,,,,
C01,M0_PARAMETER_MATCHED_POINT,56,0.35730179769787407,1.6728925951291376,0.6203765537326642,,,,,,
C01,M0_PARAMETER_MATCHED_POINT,57,0.3427456906551297,1.3813556432942131,0.566635333338733,,,,,,
C01,M0_PARAMETER_MATCHED_POINT,58,0.39494777782152907,2.5470136313798335,0.700517326608254,,,,,,
C01,M0_PARAMETER_MATCHED_POINT,59,0.7523701059983396,1.5919020737740026,0.5453467995891211,,,,,,
C01,M0_PARAMETER_MATCHED_POINT,60,0.27333605068106326,2.5316604226070982,0.7060649772582414,,,,,,
C01,M0_PARAMETER_MATCHED_POINT,61,0.3572251414656148,1.1984220384489364,0.5099707099034276,,,,,,
C01,M0_PARAMETER_MATCHED_POINT,62,0.4875035695871168,2.0266860816848595,0.629295606338322,,,,,,
C01,M0_PARAMETER_MATCHED_POINT,63,0.3955623459561962,2.1584972073086015,0.6921738365781493,,,,,,
C01,M0_PARAMETER_MATCHED_POINT,64,0.4234690468009209,3.669106368334284,0.8523464773238629,,,,,,
C01,M0_PARAMETER_MATCHED_POINT,65,0.5877021515912557,2.845872363993421,0.771810998514411,,,,,,
C01,M0_PARAMETER_MATCHED_POINT,66,0.42187312664171606,1.9666763868914403,0.649001276029594,,,,,,
C01,M0_PARAMETER_MATCHED_POINT,67,0.47004468107874364,2.563148649775364,0.7521420745894526,,,,,,
C01,M0_PARAMETER_MATCHED_POINT,68,0.4124754293884455,1.6134143684962985,0.572380962722491,,,,,,
C01,M0_PARAMETER_MATCHED_POINT,69,0.4237443035700934,2.2126972412029655,0.6992165097562975,,,,,,
C01,M0_PARAMETER_MATCHED_POINT,70,0.4497031853414486,3.6480451304761146,0.8405934179284789,,,,,,
C01,M0_PARAMETER_MATCHED_POINT,71,0.49130684087376886,1.962966866109905,0.5920188995448067,,,,,,
C01,M0_PARAMETER_MATCHED_POINT,72,0.3917205768726624,1.7204275691746016,0.5085713829766974,,,,,,
C01,M0_PARAMETER_MATCHED_POINT,73,0.5361162926918368,3.347390554191412,0.8358096587423158,,,,,,
C01,M0_PARAMETER_MATCHED_POINT,74,0.28971645649003464,1.4846375265458693,0.5828238895010525,,,,,,
C01,M0_PARAMETER_MATCHED_POINT,75,0.6182995986396813,2.745566250379114,0.7631332991101469,,,,,,
C01,M0_PARAMETER_MATCHED_POINT,76,0.32909386563480403,2.5721294327067894,0.6893879397192298,,,,,,
C01,M0_PARAMETER_MATCHED_POINT,77,0.3959467069402033,1.8682691424789364,0.6539926983115645,,,,,,
C01,M0_PARAMETER_MATCHED_POINT,78,0.4761290235714925,2.3542493929623283,0.7137856201625254,,,,,,
C01,M0_PARAMETER_MATCHED_POINT,79,0.7297421997186668,2.6320488355434204,0.7575595931906112,,,,,,
C01,M1_HURDLE_MEAN,0,0.4792924273103444,3.886079480829602,0.7506987345653129,0.00015854167520954016,0.012276133922960883,,0.4604257513436237,0.09062258296451253,0.4792924083787854
C01,M1_HURDLE_MEAN,1,0.3513851013735598,3.117784907360363,0.6421825578499689,3.7939792678307674e-05,0.0060893772141666705,,0.34204438181233116,0.04765422080065489,0.35138508701045823
C01,M1_HURDLE_MEAN,2,0.30477363632022475,3.089453681429422,0.6438283275438579,2.5506971954542847e-05,0.004965159732461458,,0.29678161397694186,0.038700238945440876,0.3047736419796362
C01,M1_HURDLE_MEAN,3,0.4369453750312534,3.4430755557210153,0.7504298395180002,5.460699152214313e-05,0.007385272337307577,,0.4245039721647465,0.056656037230514586,0.43694538229666763
C01,M1_HURDLE_MEAN,4,0.4101356558148205,2.613690044344371,0.6575336006806876,3.316658115778524e-05,0.005648454949288996,,0.41241587942619773,0.049858910238858675,0.41013565612131697
C01,M1_HURDLE_MEAN,5,0.5918632736561851,2.860310593923118,0.66838956816285,5.7043785450016675e-05,0.007495595386696911,,0.5877464261749297,0.05775281916747338,0.5918632250625111
C01,M1_HURDLE_MEAN,6,0.46361346696109795,1.5642988398609436,0.4415547705913051,9.927078212527873e-05,0.009783788799760265,,0.4509792854156025,0.07774903958274902,0.4636134626834523
C01,M1_HURDLE_MEAN,7,0.5066288785080305,5.859991714403103,0.9533164756255177,1.7457775678074563e-05,0.0041369725326783615,,0.5041051691043692,0.0344406833333451,0.5066289061062516
C01,M1_HURDLE_MEAN,8,0.77639318817403,2.3808480268519823,0.6341904994796261,9.214956732820023e-06,0.002911514125129926,,0.7779096312381684,0.025900007991261437,0.7763931501419223
C01,M1_HURDLE_MEAN,9,0.27089540485538943,2.2417092771895972,0.5271574062955433,1.0898256748233096e-05,0.003240046915050491,,0.27265531537656074,0.02564785381489988,0.27089540633560516
C01,M1_HURDLE_MEAN,10,0.5971902321497435,6.5766920379978835,0.9161445254894176,3.836937633730452e-05,0.006155523757076281,,0.594017241525086,0.04836150836528841,0.5971902001760614
C01,M1_HURDLE_MEAN,11,0.28202074263334054,3.494709370640215,0.7163313850160615,7.184636553004068e-06,0.0026478024714798615,,0.28211195869395145,0.02304252730720882,0.28202074592880977
C01,M1_HURDLE_MEAN,12,0.4509545092252959,3.3509650687348866,0.7321603694663112,3.616870863789105e-05,0.005924098299468668,,0.44639415756103784,0.04962225863665829,0.45095448927562687
C01,M1_HURDLE_MEAN,13,0.3103400561809714,1.6979234334736168,0.5234971049521294,3.6789894840012605e-05,0.006053209301472452,,0.3065973380135575,0.04726799665027934,0.31034005514649143
C01,M1_HURDLE_MEAN,14,0.5839074659809871,2.471119918635409,0.585247813388937,0.00011514319390714035,0.01071739377151095,,0.5670683812248434,0.08095642128915759,0.5839074588713697
C01,M1_HURDLE_MEAN,15,0.23082537797783909,2.6990969615357163,0.6975434126319205,4.092253684385461e-06,0.0020229251147399034,,0.23091548515176535,0.01730544805458948,0.23082537591346547
C01,M1_HURDLE_MEAN,16,0.42655095898350914,3.0331247459764317,0.7529499733058755,3.1146322015508825e-05,0.005490187519603217,,0.42550665844118335,0.04960948301481155,0.4265509597105339
C01,M1_HURDLE_MEAN,17,0.45421399007166274,3.276526708848956,0.6832598448028226,5.612060863661742e-05,0.007461200473208592,,0.4548540502422982,0.061430823125336334,0.45421396586021257
C01,M1_HURDLE_MEAN,18,0.25295082276703706,2.0279977298620384,0.5326989761820967,3.230826159151995e-05,0.005549112559627093,,0.25545583278201067,0.04734359853566955,0.25295081448920137
C01,M1_HURDLE_MEAN,19,0.3748423461628607,1.2256368027200852,0.4525644587674519,1.0491497016666222e-05,0.0032170154849521498,,0.37138364613155106,0.02652812390828992,0.37484235270952215
C01,M1_HURDLE_MEAN,20,0.29377016478127693,2.594057024758096,0.6025325104260394,7.331256050781836e-05,0.00816047776210467,,0.2790027909672661,0.06316199530638843,0.29377016616014884
C01,M1_HURDLE_MEAN,21,0.2729505137786056,1.7826502580370236,0.5557756942403083,1.544235211525099e-05,0.003929630868015971,,0.26657028524866877,0.03004861035238632,0.27295051585565533
C01,M1_HURDLE_MEAN,22,0.48251333329915763,2.2326283135311504,0.5473334429486825,0.00025240119438169273,0.015881110256922737,,0.45532764350361565,0.10928379826160385,0.48251332861824536
C01,M1_HURDLE_MEAN,23,0.6139712387335556,2.3248181227506324,0.5614568384811776,9.101297445031683e-05,0.009409973901341335,,0.6042659690273988,0.06609391730692349,0.6139712452483452
C01,M1_HURDLE_MEAN,24,0.3965931077644417,2.4222680519808417,0.6258130278150689,5.1245522991958915e-06,0.0022636691347358694,,0.40004806318965846,0.01897826504872656,0.39659308550364136
C01,M1_HURDLE_MEAN,25,0.25905659552497307,3.679787146724585,0.75170137640497,2.8465481704466608e-05,0.005206041939787616,,0.26287551410250337,0.04465449569110663,0.2590565870433711
C01,M1_HURDLE_MEAN,26,0.20547451259040317,3.0619917528016782,0.66018161219973,6.31327213520715e-05,0.007722115226062414,,0.20356456340199208,0.06837330097659919,0.20547451463873062
C01,M1_HURDLE_MEAN,27,0.4159662113699382,2.5652226964074925,0.6083697861273647,7.089043965633071e-06,0.002602787175792041,,0.4222931007197612,0.020464207008949777,0.4159662070148897
C01,M1_HURDLE_MEAN,28,0.6441186222565418,2.895875084996411,0.6576275627498305,4.294850737214184e-05,0.006522768710556251,,0.6441412568885471,0.0547011723605803,0.6441186117148612
C01,M1_HURDLE_MEAN,29,0.5602006616744173,2.146100836020234,0.5752196413600794,4.584172001454145e-05,0.006683387278052833,,0.5567783609381947,0.05692784587295681,0.5602006438258872
C01,M1_HURDLE_MEAN,30,0.41958838793680925,3.8935227471439244,0.8025334471406443,7.584629462896968e-05,0.008537595313166618,,0.41777484818524546,0.06940532180870695,0.419588395967345
C01,M1_HURDLE_MEAN,31,0.49867816980721114,6.971874302876021,0.9263403565643138,2.5601549457364818e-05,0.004990273536868057,,0.4964520836933628,0.04062947829787353,0.4986781435639379
C01,M1_HURDLE_MEAN,32,0.624698348967176,2.930258108709184,0.6429104913109092,1.774468671522229e-05,0.004125810138865881,,0.6308758941120903,0.032433008264434196,0.6246983401732686
C01,M1_HURDLE_MEAN,33,0.41040818059227513,1.2639615673618665,0.4269954729997564,2.971769774175693e-05,0.005371473533420209,,0.4003352645570384,0.039726514225330634,0.410408166288896
C01,M1_HURDLE_MEAN,34,0.5630928391771546,1.7870076254066691,0.5667589429559603,2.106174938360289e-05,0.004451736275749046,,0.5633840676058255,0.035107298712548175,0.5630928369943942
C01,M1_HURDLE_MEAN,35,0.45269394838981075,2.4551990812794107,0.5595617835597821,4.666494884802445e-05,0.006579159030692516,,0.4506931010963968,0.057440100965682736,0.45269392454118484
C01,M1_HURDLE_MEAN,36,0.4099323519515773,2.5748354831290694,0.5978252697878697,4.560979835904256e-06,0.0021354790797015093,,0.4114610954397332,0.01763178611409398,0.40993234187059435
C01,M1_HURDLE_MEAN,37,0.2296140099833383,1.4458000954140773,0.5063483652147291,3.433943669674205e-05,0.005755611374817023,,0.22607417149111447,0.04427222592006547,0.22961401909175372
C01,M1_HURDLE_MEAN,38,0.3966358345084702,2.2753393937820476,0.6228803784330463,4.939316570328213e-05,0.007014567587584243,,0.38769028383294096,0.053477197846514904,0.396635826986448
C01,M1_HURDLE_MEAN,39,0.20250265134871492,2.7177785570533706,0.6619330566363231,1.1316277824218866e-05,0.003286197099095279,,0.19958587606259334,0.028557794177916547,0.20250265471657297
C01,M1_HURDLE_MEAN,40,0.29402547577459137,2.5340559443670987,0.6401758695527326,9.17090458422807e-05,0.009233160364991878,,0.2984782681535623,0.07446688157934735,0.29402546950132663
C01,M1_HURDLE_MEAN,41,0.37364941386893524,3.1596255362326615,0.7180178787475497,2.6929300489314244e-05,0.00517221892584116,,0.382526209896615,0.045536895462561094,0.3736494010192033
C01,M1_HURDLE_MEAN,42,0.43245931322051645,2.5993034164616784,0.6241531197024444,0.00026205182605463704,0.01586482779213548,,0.41103981727332284,0.11985614576646486,0.43245930689005724
C01,M1_HURDLE_MEAN,43,0.253138112513829,3.2149213826562533,0.6914480731739461,0.000179628529190793,0.013345063517666417,,0.23955879303768557,0.11081336308554077,0.253138089142702
C01,M1_HURDLE_MEAN,44,0.26540379301086353,1.1802383575294493,0.4684271082131366,5.367543898164408e-05,0.007097207015006347,,0.26128160103237796,0.06231155371914379,0.2654038099156988
C01,M1_HURDLE_MEAN,45,0.32797492609158574,1.7253471976894361,0.5711959877406972,0.00010580693543103378,0.010282018486583585,,0.33134035657297406,0.08437826123437187,0.32797492548147444
C01,M1_HURDLE_MEAN,46,0.6489133897071795,1.8076122817293006,0.5193924689383908,3.94770807808278e-05,0.00615574478696828,,0.6548197533844389,0.054380334905817646,0.6489134047356158
C01,M1_HURDLE_MEAN,47,0.3830158954925219,1.357399412703162,0.46860156881944803,0.00013186660029046194,0.011215707067937855,,0.3741319685358122,0.08797647032565055,0.3830158983080507
C01,M1_HURDLE_MEAN,48,0.3809925396201286,5.991253532267091,0.9780448164663964,7.863795179746654e-05,0.00862022825295826,,0.38706286813106017,0.06996400957965172,0.38099252624195507
C01,M1_HURDLE_MEAN,49,0.3260536814384536,2.4445646203359943,0.5889894000207714,0.00023195154164233308,0.01492712262125732,,0.3059817896480649,0.12271493484242321,0.32605368068078744
C01,M1_HURDLE_MEAN,50,0.44757124726695385,4.676100094450019,0.7887548370086828,0.0005799437016464233,0.023876167345371523,,0.4005270471552918,0.18174710896771007,0.44757124522609215
C01,M1_HURDLE_MEAN,51,0.33990436832079096,3.5320456369409654,0.6510248528526117,0.00021858674256328514,0.014628916507124133,,0.3249220168821423,0.11752165647675851,0.33990435677283015
C01,M1_HURDLE_MEAN,52,0.4803761574037315,1.1990266761010582,0.4282546904190596,0.0003026881799469683,0.017206945209103743,,0.45704532003878817,0.13204992524714818,0.48037616689724316
C01,M1_HURDLE_MEAN,53,0.41407098063360454,1.9628842201674006,0.5379057223418204,0.0005763966331634373,0.02397522625007226,,0.36114307652813826,0.17028985568983807,0.4140709908151249
C01,M1_HURDLE_MEAN,54,0.6327711093292465,1.7386837248799876,0.5395376188595651,0.00010369510687731259,0.010092038286947871,,0.6362985472774114,0.08434526406998603,0.6327711502468264
C01,M1_HURDLE_MEAN,55,0.6595707251322691,1.7548468020766932,0.5018120351076266,4.3053976323150665e-05,0.006155769407274528,,0.6648708458584716,0.05326304707682805,0.6595707343971872
C01,M1_HURDLE_MEAN,56,0.29522290412920477,1.63377811384758,0.5073639072122174,6.779806702827032e-05,0.007905285192182455,,0.29649869395675277,0.06444653372461906,0.2952228916514889
C01,M1_HURDLE_MEAN,57,0.31369003224489894,1.3613260092320945,0.4859471021078634,0.00011314987555253341,0.010376386391022887,,0.30047054203154466,0.08301879983355866,0.31369003600052026
C01,M1_HURDLE_MEAN,58,0.31724484746504333,2.441436717979366,0.5864995409027316,0.00011195496649258596,0.010569325650957966,,0.3171207547196062,0.09378089122206376,0.3172448586266339
C01,M1_HURDLE_MEAN,59,0.6532095277958582,1.5424038280335646,0.427967603576762,7.799187076098628e-05,0.008721144284615763,,0.6648344993790916,0.0686865446017854,0.6532095082683069
C01,M1_HURDLE_MEAN,60,0.22644155223555995,2.3778234727819902,0.6176978039003478,0.00011089122263510857,0.010307005952203878,,0.21298731666854753,0.08351615476148017,0.22644155279035572
C01,M1_HURDLE_MEAN,61,0.33156985979032083,1.2174110546456454,0.4413894034773238,0.00010833266077258569,0.010094745675033557,,0.323786409887058,0.08273057096028508,0.3315698608370646
C01,M1_HURDLE_MEAN,62,0.4569716693103063,2.0234056756415058,0.5365783814700985,5.348235249155321e-05,0.0072614715409521444,,0.46294319175026716,0.06416007582705108,0.45697172039017053
C01,M1_HURDLE_MEAN,63,0.33853178252674665,2.06018710454239,0.5570922224543506,0.0001850393428318212,0.013500231032628807,,0.33039422458254875,0.11500817113572483,0.3385317663396247
C01,M1_HURDLE_MEAN,64,0.33509889485049316,3.616325189149941,0.7518931174118169,0.00013363060760873972,0.011248179755756501,,0.32918148471438724,0.08937148989179616,0.3350989007341123
C01,M1_HURDLE_MEAN,65,0.5235782682872572,2.715302594926853,0.6568304206030171,0.00018683729942736745,0.013384275583380345,,0.5186636760724532,0.10366565088204446,0.5235782800832894
C01,M1_HURDLE_MEAN,66,0.34448648402760335,1.8242638045219972,0.5539399320053577,0.00026623405893642037,0.01623525704836668,,0.3293619814180808,0.12400327132462215,0.34448651204882025
C01,M1_HURDLE_MEAN,67,0.5173133940959618,2.519252344854947,0.6640848833549547,8.522160437463248e-05,0.008639140505071455,,0.5163547743781661,0.07095518607038759,0.5173133732660968
C01,M1_HURDLE_MEAN,68,0.38399423398331706,1.572283450455416,0.4765588920947694,3.27457867217837e-05,0.005351341144173393,,0.39128470899086043,0.04678833143671912,0.38399423301390556
C01,M1_HURDLE_MEAN,69,0.4477054998324817,2.094469501623199,0.5817826321660633,0.0004132527197565188,0.019873185987630104,,0.42271432365088646,0.14603879790092006,0.4477054548501481
C01,M1_HURDLE_MEAN,70,0.3813344628299573,3.687241622048222,0.7355282334547777,0.00021756057921126505,0.014738430833463392,,0.3578802089018338,0.11336382622248321,0.3813344591172593
C01,M1_HURDLE_MEAN,71,0.4068853822352423,1.7861395456252664,0.4828613330702374,2.7832586899630936e-05,0.005044458738410631,,0.4127180417879511,0.04681844872153003,0.4068853905922246
C01,M1_HURDLE_MEAN,72,0.40980054971889157,1.7544528945602056,0.422664993318222,4.530746114686941e-05,0.00641719288173687,,0.4128339667071589,0.05677713403882059,0.4098005823761688
C01,M1_HURDLE_MEAN,73,0.5086145227046455,3.3308567472618327,0.7270033960363957,9.886720434371499e-05,0.009752041313843067,,0.5093388526527031,0.07822161448626082,0.5086144955522955
C01,M1_HURDLE_MEAN,74,0.23344189677146254,1.4503289950835647,0.5097120469390429,0.00010103129787100083,0.00988253715402906,,0.2355936194948744,0.08328321166539787,0.23344190018514277
C01,M1_HURDLE_MEAN,75,0.5829534683231963,2.7438260522272824,0.6909500366261774,0.00014156474538078243,0.011706213069009,,0.5739596497119754,0.0919452877120629,0.5829534932813677
C01,M1_HURDLE_MEAN,76,0.25136807777337244,2.460539781356566,0.5793687867923347,0.0001236587327118263,0.010929904619627437,,0.24065716440041163,0.09502382474669932,0.25136807270720857
C01,M1_HURDLE_MEAN,77,0.3733481134269291,1.8865458068489844,0.5465490278778706,3.729961609083275e-05,0.005845914587542548,,0.3739418287813779,0.05207455863229221,0.3733481213187305
C01,M1_HURDLE_MEAN,78,0.40838983055388645,2.5376144094524307,0.6542118819859231,0.000201304201468993,0.013921191490828549,,0.38964182352625387,0.11099853695271684,0.40838982747552977
C01,M1_HURDLE_MEAN,79,0.6648374220031739,2.4873877207494353,0.6542968151900976,8.103232529366259e-05,0.00868104525580374,,0.6652953537078006,0.0710605578296575,0.6648374187868222
C01,M2_HURDLE_ZTNB,0,0.5026219557656473,4.148283129839349,0.7799160016932501,7.093044151606747e-05,0.008198374549136345,,0.4933843187049319,0.06250884286507072,0.5026219498856563
C01,M2_HURDLE_ZTNB,1,0.3056894988968448,3.226770132737834,0.6540376708709178,1.6058240171829386e-05,0.003980892338777297,,0.30095598164337123,0.03391492735635068,0.30568950289932934
C01,M2_HURDLE_ZTNB,2,0.3034900560851777,3.0594090335262996,0.6487044093136259,1.0954972331627019e-05,0.003131766002536316,,0.3023475762032817,0.024416880230802095,0.3034900546959276
C01,M2_HURDLE_ZTNB,3,0.37680072172614854,3.3912392507108304,0.7580714702745741,3.3986602070673315e-05,0.005829777604931264,,0.36975102835025375,0.04665340909935952,0.3768007174256974
C01,M2_HURDLE_ZTNB,4,0.4371234917749466,2.8414978128317836,0.6800812238614047,1.0256690870290485e-05,0.0031838646731730132,,0.4380821405323875,0.027104477834665908,0.4371234931855365
C01,M2_HURDLE_ZTNB,5,0.5456760137479547,2.8382524265378324,0.6653077805437655,2.198696141965745e-05,0.00468900510540525,,0.5442624018896579,0.035640964386998104,0.5456760009624277
C01,M2_HURDLE_ZTNB,6,0.451189586484505,1.6103272090154757,0.43610880177764794,4.197006970476664e-05,0.006476241838678287,,0.4463839359337143,0.05212573683847458,0.45118959260807434
C01,M2_HURDLE_ZTNB,7,0.4721247145152243,5.738574332013593,0.9275723828960407,8.318436961710952e-06,0.002806739718239053,,0.4717697726362169,0.023627074042871586,0.4721246977354393
C01,M2_HURDLE_ZTNB,8,0.7907938038575977,2.577984060343591,0.6608449507058447,2.790030020112406e-06,0.0016434298429236895,,0.7918040707938745,0.015124510721359109,0.7907937740451088
C01,M2_HURDLE_ZTNB,9,0.296250415655828,2.263774132211494,0.5202277872286833,4.3177368478080835e-06,0.0020439628703772467,,0.2970997776121137,0.01711221291685654,0.2962504040800144
C01,M2_HURDLE_ZTNB,10,0.6437421248145115,6.8726351241408175,0.9398639170921248,1.538647503662507e-05,0.003840125755271359,,0.6443550033669172,0.029813245860910886,0.6437421099627848
C01,M2_HURDLE_ZTNB,11,0.3256792241643655,3.472685180846807,0.7130867639200823,2.155801035114953e-06,0.0014382320360647343,,0.3268582389445771,0.012372045317729511,0.32567921414732537
C01,M2_HURDLE_ZTNB,12,0.4665197193631284,3.4394843067110643,0.7397021570142472,1.4803834936274938e-05,0.003843690983178922,,0.464786013576163,0.03204549184241392,0.46651971794680464
C01,M2_HURDLE_ZTNB,13,0.29970081477598787,1.6194520459792927,0.5067404050536037,1.8210908604007317e-05,0.0042393033938811515,,0.2971362320199987,0.03337985226945592,0.2997008074109594
C01,M2_HURDLE_ZTNB,14,0.5455704904985794,2.4111134148025095,0.5768634474896437,5.564810906324793e-05,0.007437806087817848,,0.537869663998692,0.05867882831125369,0.5455704866487541
C01,M2_HURDLE_ZTNB,15,0.3067998639297304,2.659594395132041,0.6909017792371617,1.1556753133932352e-06,0.0010700165108269268,,0.3082763401454903,0.00892283750806059,0.30679984860943366
C01,M2_HURDLE_ZTNB,16,0.46169251846478754,2.978424250000992,0.729967550201359,8.854473536178567e-06,0.002951302377127498,,0.46104031225520187,0.026179611090771417,0.4616925207994235
C01,M2_HURDLE_ZTNB,17,0.37274145962206995,3.3216081847902466,0.6751650913879841,1.667410383107001e-05,0.004081509443764907,,0.3733776081421496,0.03233661330026749,0.3727414426297805
C01,M2_HURDLE_ZTNB,18,0.2979068975546834,2.00969979818139,0.5247019685271354,1.079441295296415e-05,0.003282749267670265,,0.30065530616188535,0.028069687682366954,0.2979068949247545
C01,M2_HURDLE_ZTNB,19,0.3551436897577631,1.315805914423163,0.4868925810638137,3.992112514485564e-06,0.0019597725369764904,,0.35507507155849716,0.01626799586796954,0.3551436816192044
C01,M2_HURDLE_ZTNB,20,0.3192620300302062,2.8451811126511437,0.6506030692061042,3.3501682168741075e-05,0.005490389105847564,,0.3126955407185811,0.04412043930812279,0.3192620219268899
C01,M2_HURDLE_ZTNB,21,0.265408265547367,1.9303127419136152,0.5840568185143669,6.429342629029601e-06,0.0025331513053916876,,0.2642736808930779,0.01955911019443779,0.2654082554911585
C01,M2_HURDLE_ZTNB,22,0.4001210830500618,2.2644702613439254,0.5363994279202084,0.00011255129388720644,0.010550826003311673,,0.38594139469482414,0.07264565012953961,0.40012106348822685
C01,M2_HURDLE_ZTNB,23,0.5024815183288089,2.3033163185880206,0.5372824169437296,4.814104120337547e-05,0.006780501218502922,,0.49625280822897333,0.0478103561659487,0.502481486745078
C01,M2_HURDLE_ZTNB,24,0.4353878733679771,2.3905950550637876,0.6217570617483387,2.0456594452234176e-06,0.0014282304987205984,,0.43723878677297795,0.012440831521652736,0.4353878715384836
C01,M2_HURDLE_ZTNB,25,0.27713023277013277,3.4757561235863275,0.7313929329170652,8.970946293896885e-06,0.002967931833536513,,0.2796441528141075,0.02582348880402987,0.2771302303575446
C01,M2_HURDLE_ZTNB,26,0.20695809180639144,2.928368647496659,0.646012092927253,1.636412726152051e-05,0.004019474497102095,,0.20689966502686793,0.03416062741471558,0.20695809426065548
C01,M2_HURDLE_ZTNB,27,0.430893810323829,2.5532504171077495,0.6183449362166076,2.7498037618677335e-06,0.0016471988820749204,,0.433872397498146,0.013738384684341364,0.43089380721788784
C01,M2_HURDLE_ZTNB,28,0.6118564394242785,2.651536853039325,0.6434913961507724,1.2324068456708183e-05,0.003509158486358289,,0.61193539511185,0.028547581756835187,0.6118564312794901
C01,M2_HURDLE_ZTNB,29,0.461709891376096,2.0150647380399285,0.5614336076455047,1.401179903964072e-05,0.003731834835254519,,0.4593981769993409,0.029351051472710478,0.4617098555644832
C01,M2_HURDLE_ZTNB,30,0.3838962329804648,3.9157368634599354,0.8025185632007994,3.4676393521675916e-05,0.005850675949073061,,0.3849937431225626,0.04886181309264744,0.3838962181925907
C01,M2_HURDLE_ZTNB,31,0.4473661910987615,6.988809463049828,0.9247966942229273,1.1081404696790203e-05,0.003327539742441998,,0.4466779826149667,0.02720100999637775,0.4473661924199652
C01,M2_HURDLE_ZTNB,32,0.6552393837634887,2.7441725656684186,0.6265533455225019,8.554131393895973e-06,0.0028710251659718015,,0.659142549213222,0.023177229147037886,0.6552393880933131
C01,M2_HURDLE_ZTNB,33,0.39877110150933337,1.3294377757861813,0.4360721327123016,1.2761356025698677e-05,0.003449270269684411,,0.3950428482352713,0.02590874257978338,0.3987710922268012
C01,M2_HURDLE_ZTNB,34,0.5772233752884809,1.7248257968795109,0.551160880204336,1.1444305015875707e-05,0.0031839457824066396,,0.5767570616194314,0.024007328748046952,0.5772233725000966
C01,M2_HURDLE_ZTNB,35,0.39572828635476676,2.263935670975584,0.5281106508429668,1.7787768474110292e-05,0.0041838486271472235,,0.39663250431841823,0.03730337124004132,0.3957282818987114
C01,M2_HURDLE_ZTNB,36,0.41828868362806115,2.634774942288143,0.6235584856651989,1.6310845823122758e-06,0.0012766931913901752,,0.4190716240958455,0.011077348203491315,0.4182886846736491
C01,M2_HURDLE_ZTNB,37,0.24084514168393256,1.3917305830908204,0.4995521642686621,1.4538700118316727e-05,0.0037433148209065287,,0.24015743281629628,0.029778069188818486,0.24084514881619956
C01,M2_HURDLE_ZTNB,38,0.4243316012871479,2.4423668995350725,0.643139251714828,2.3921392257610735e-05,0.004820455093916437,,0.4222234797848018,0.03689384632028375,0.4243316038617072
C01,M2_HURDLE_ZTNB,39,0.24525073682868703,2.8105150517035087,0.6843697380259544,3.931810422285312e-06,0.0018602104040583236,,0.24660384484464365,0.016077161392747417,0.24525074224948507
C01,M2_HURDLE_ZTNB,40,0.2697667756280512,2.508351316954197,0.6242079052208246,3.752790621312459e-06,0.0018961518831625082,,0.26933167270982944,0.014744232443726557,0.26976677461027654
C01,M2_HURDLE_ZTNB,41,0.4277943088800623,3.0201694601886064,0.7095102251818397,5.722432210424023e-07,0.0007412889059477043,,0.42856994774529494,0.006917077511295298,0.4277943050703018
C01,M2_HURDLE_ZTNB,42,0.4015885331360134,2.611021294482038,0.61836711595878,1.9923504111507047e-05,0.004434156016679564,,0.39556652338243553,0.03351556100216875,0.4015885312710385
C01,M2_HURDLE_ZTNB,43,0.24200903953472605,3.2870652025849383,0.6946371387631941,6.622506877768127e-06,0.0025275532620367145,,0.23927799145820397,0.02064868090805706,0.2420090275444682
C01,M2_HURDLE_ZTNB,44,0.28413697633617996,1.226084754145977,0.47177169874069425,1.8217677813622336e-06,0.0013014879120024107,,0.28334256694332277,0.011812877148397911,0.28413696704215574
C01,M2_HURDLE_ZTNB,45,0.3407821200158184,1.7202163878638692,0.5496078211949127,3.96076280569598e-06,0.0019169026536883685,,0.3413199569031198,0.016432708824863203,0.34078212234120164
C01,M2_HURDLE_ZTNB,46,0.7156274230580972,1.8751513358153042,0.5196693723304968,7.207061791797099e-07,0.0008444845802162287,,0.7162755654461415,0.007732471710667745,0.7156274120896413
C01,M2_HURDLE_ZTNB,47,0.41458590238241183,1.4544925524620773,0.4704695340760541,6.424878719939309e-06,0.0024835010635220296,,0.41266321818397633,0.018953085846269983,0.414585907881879
C01,M2_HURDLE_ZTNB,48,0.36580241871544095,6.231481771395256,0.9927532583851073,3.253615601091867e-06,0.0017886429918886814,,0.36610245373808203,0.014992443601988505,0.36580241331656205
C01,M2_HURDLE_ZTNB,49,0.3721429636935918,2.6322071170194916,0.5965409621909523,2.1572404995010113e-05,0.004618884419425612,,0.367063021890664,0.04008908468712741,0.3721429728705971
C01,M2_HURDLE_ZTNB,50,0.43454812959141664,4.529698235073627,0.7674825166414816,7.70291516712715e-05,0.008499213746295768,,0.42049848441697407,0.06686882106396072,0.4345481352829208
C01,M2_HURDLE_ZTNB,51,0.35199507864001156,3.653815908754537,0.6472093615299652,9.414022523206173e-06,0.0030534512352783563,,0.3497475144396821,0.023534761993565884,0.3519950652232443
C01,M2_HURDLE_ZTNB,52,0.4525524441481825,1.1713954516489185,0.41095614131614816,1.8765749551110467e-05,0.0042751685919784985,,0.44747531214669667,0.03257897029588194,0.4525524471770542
C01,M2_HURDLE_ZTNB,53,0.4419025976076688,2.155625275761158,0.5542217847718727,4.1523212940092536e-05,0.006343909146885068,,0.4339186742929827,0.047949229443755605,0.44190259138261734
C01,M2_HURDLE_ZTNB,54,0.5264659283650752,1.8729161440989988,0.5352929345510786,3.009809180737593e-06,0.0017219702004013051,,0.5270143946455945,0.014990156056950192,0.5264659352167682
C01,M2_HURDLE_ZTNB,55,0.6007441369792382,1.7536799247165837,0.4958992341392899,8.567623572762925e-07,0.0009252989989501736,,0.6011170144730122,0.008010180470847478,0.6007441282022448
C01,M2_HURDLE_ZTNB,56,0.2498144934341332,1.5752754189834097,0.4957595734359216,2.8503417452910475e-06,0.0016825588020701887,,0.2495062991112623,0.013792084461301323,0.24981449826788918
C01,M2_HURDLE_ZTNB,57,0.340355858797454,1.3344745822062811,0.4637088253445263,3.3329607955544215e-06,0.0018218940645190274,,0.3388879521490142,0.01519434405533504,0.3403558657618736
C01,M2_HURDLE_ZTNB,58,0.32307035217018293,2.465269041509777,0.5766319349374504,2.565360097439301e-06,0.0015758271607224233,,0.3231451430763176,0.013432311824564327,0.32307034269631985
C01,M2_HURDLE_ZTNB,59,0.7335726408212218,1.6428100534720367,0.41373240315746085,1.9905791917406478e-06,0.0013914976610426239,,0.7348469838144166,0.01197495956992894,0.7335726065477755
C01,M2_HURDLE_ZTNB,60,0.1994891832360886,2.4365905173006928,0.6057629049716277,5.0714531745219665e-06,0.0021975905032660713,,0.19640951616747243,0.01770898423452353,0.19948918376904404
C01,M2_HURDLE_ZTNB,61,0.3493155933764887,1.1665167746430178,0.42378370238243657,4.910842824112278e-06,0.002177319577953171,,0.34756691466367506,0.018210437412722862,0.34931558822711833
C01,M2_HURDLE_ZTNB,62,0.4611804664247574,1.960089280642353,0.5258499114801931,1.2741881329834327e-06,0.0011115533806251763,,0.46197725145338475,0.009683778464538627,0.4611804560334459
C01,M2_HURDLE_ZTNB,63,0.3388424625488806,1.9973713294764548,0.5532157929980472,6.680273383323328e-06,0.002553740808598915,,0.3378602508593216,0.021189846191836864,0.3388424514952617
C01,M2_HURDLE_ZTNB,64,0.30244655312661284,3.6530866394716637,0.7535307407216782,6.827159802198383e-06,0.002532623670977272,,0.30096762698695223,0.02045918355973642,0.3024465504753723
C01,M2_HURDLE_ZTNB,65,0.4725128574982874,2.693119934194187,0.6375031230611163,1.0505368868276232e-05,0.0031954436860708183,,0.4715324946199224,0.024335427744705963,0.47251282214776635
C01,M2_HURDLE_ZTNB,66,0.3630894468365363,1.8818482546496444,0.5531559633673184,1.5033370735265553e-05,0.0038097850608469304,,0.360963277161051,0.03145396034888144,0.363089439075347
C01,M2_HURDLE_ZTNB,67,0.4602894261308461,2.3856678057866665,0.6487278442259017,3.192984703182213e-06,0.0017809440986175861,,0.4595365971705324,0.013853303415198397,0.46028943011916146
C01,M2_HURDLE_ZTNB,68,0.33062951306476374,1.5023215413043784,0.4633008036655978,5.816352451587852e-07,0.0007582460498152261,,0.33134678070085,0.006629356255688487,0.33062951225804693
C01,M2_HURDLE_ZTNB,69,0.35274216266653036,2.124751449032225,0.5922662832388754,2.1970767495311436e-05,0.004684572051149395,,0.34659200184843814,0.03598957507213188,0.35274216508679546
C01,M2_HURDLE_ZTNB,70,0.4026043609511569,3.618558200625234,0.7125877672541349,1.240724540548985e-05,0.0033726062115112822,,0.39875710111807217,0.026967084187262017,0.4026043584946325
C01,M2_HURDLE_ZTNB,71,0.45190290208998596,1.73799932709567,0.48227288025949455,2.873024441857438e-07,0.0005357600160571655,,0.45241615772678156,0.005008770693346903,0.45190290534816613
C01,M2_HURDLE_ZTNB,72,0.36992474956518795,1.6698557129029363,0.40778692055788146,1.192051669678195e-06,0.001087000789109783,,0.37007364513892377,0.009962650226533504,0.3699247475766724
C01,M2_HURDLE_ZTNB,73,0.49469506581447353,3.20581621307569,0.6882715358304841,6.968093462909599e-06,0.002532117960401469,,0.49429825765061897,0.019913561858536356,0.49469506896337223
C01,M2_HURDLE_ZTNB,74,0.2667990597621218,1.375990557610661,0.4835032782621204,3.122963198875884e-06,0.001758762066427637,,0.26720926569301173,0.014534286983775926,0.26679905850841407
C01,M2_HURDLE_ZTNB,75,0.529826487391309,2.6179536284788227,0.6815481459113304,8.167143841288339e-06,0.0027495341369518714,,0.5280334089863952,0.02205032226231356,0.5298264646178201
C01,M2_HURDLE_ZTNB,76,0.3030102671813313,2.5079856676659062,0.579042766878828,3.587735240140933e-06,0.0018849058933758521,,0.30211636771255945,0.01604136514151311,0.3030102625935824
C01,M2_HURDLE_ZTNB,77,0.352168767032556,1.727844374085023,0.515592473411537,9.312939664754993e-07,0.0009463159294765874,,0.3521305236227976,0.008463942991397477,0.35216876981828177
C01,M2_HURDLE_ZTNB,78,0.39369730985298,2.498508376336954,0.6372510239440409,1.2914094326930681e-05,0.0035266321752774224,,0.3885026204174098,0.028107076779010344,0.3936973115706879
C01,M2_HURDLE_ZTNB,79,0.6364232391490927,2.447585577001722,0.6328202522330775,2.5913455526907017e-06,0.0015859038640390396,,0.6363400441399588,0.012802213229241827,0.6364232128708589
C02,M0_PARAMETER_MATCHED_POINT,0,0.6469081498982227,12.268469866019762,1.6345803600076274,,,,,,
C02,M0_PARAMETER_MATCHED_POINT,1,0.5586723713482791,9.649921906658232,1.6061718822065814,,,,,,
C02,M0_PARAMETER_MATCHED_POINT,2,0.7964349532468836,11.14439707936048,1.7239657496180978,,,,,,
C02,M0_PARAMETER_MATCHED_POINT,3,0.7565961566623632,4.814474694109412,1.1208821420247355,,,,,,
C02,M0_PARAMETER_MATCHED_POINT,4,0.8507497614326284,7.028970852727529,1.3107603043099516,,,,,,
C02,M0_PARAMETER_MATCHED_POINT,5,0.4287124849687709,7.146694637222444,1.3089255583739334,,,,,,
C02,M0_PARAMETER_MATCHED_POINT,6,0.7248530423030287,11.009866739398294,1.604150312326965,,,,,,
C02,M0_PARAMETER_MATCHED_POINT,7,0.5432175243323705,9.76401393187901,1.5835420495789854,,,,,,
C02,M0_PARAMETER_MATCHED_POINT,8,0.7407343485195307,12.00876066093675,1.7792965266526153,,,,,,
C02,M0_PARAMETER_MATCHED_POINT,9,0.6526821745303011,10.945598327786799,1.635186418124249,,,,,,
C02,M0_PARAMETER_MATCHED_POINT,10,0.7042804040254207,7.513996167696314,1.3813358599240548,,,,,,
C02,M0_PARAMETER_MATCHED_POINT,11,0.43640569238183347,7.831514239587754,1.3428824312759389,,,,,,
C02,M0_PARAMETER_MATCHED_POINT,12,0.8397947818642368,5.03865551783573,1.1829157654331843,,,,,,
C02,M0_PARAMETER_MATCHED_POINT,13,0.4696085784108057,7.665894681330185,1.4837260178877236,,,,,,
C02,M0_PARAMETER_MATCHED_POINT,14,0.6576523664770784,12.140712275488518,1.6871311061098218,,,,,,
C02,M0_PARAMETER_MATCHED_POINT,15,0.6327697818325935,9.924658970755075,1.5890068859116582,,,,,,
C02,M0_PARAMETER_MATCHED_POINT,16,0.6399183495256378,6.668134762051846,1.3469610414952817,,,,,,
C02,M0_PARAMETER_MATCHED_POINT,17,0.9326148137484205,10.892634185459414,1.7272872491788198,,,,,,
C02,M0_PARAMETER_MATCHED_POINT,18,0.8266087615344079,10.542936008894646,1.5699544740782585,,,,,,
C02,M0_PARAMETER_MATCHED_POINT,19,0.7192126181366023,11.873372396664628,1.59759020453536,,,,,,
C02,M0_PARAMETER_MATCHED_POINT,20,0.5670132575833347,10.01447333467304,1.489022641821066,,,,,,
C02,M0_PARAMETER_MATCHED_POINT,21,0.8825304217707777,11.117972785523989,1.7008661893487442,,,,,,
C02,M0_PARAMETER_MATCHED_POINT,22,0.6995419768883502,14.516223405637653,1.9205262896915278,,,,,,
C02,M0_PARAMETER_MATCHED_POINT,23,0.7094665967459816,8.843458880346747,1.6131696320614233,,,,,,
C02,M0_PARAMETER_MATCHED_POINT,24,0.6269023920815491,7.43420584719436,1.4165431595756672,,,,,,
C02,M0_PARAMETER_MATCHED_POINT,25,0.6015128728888194,9.834384907425434,1.575871316092768,,,,,,
C02,M0_PARAMETER_MATCHED_POINT,26,0.7294597360022872,10.10874535194808,1.6315421704008863,,,,,,
C02,M0_PARAMETER_MATCHED_POINT,27,0.8773664635864116,9.571104956985241,1.6194548110094424,,,,,,
C02,M0_PARAMETER_MATCHED_POINT,28,0.7483912542718063,7.745018496130012,1.465576363632863,,,,,,
C02,M0_PARAMETER_MATCHED_POINT,29,1.0767331215905662,7.9144534432581395,1.4867214594535958,,,,,,
C02,M0_PARAMETER_MATCHED_POINT,30,0.8041716099035775,4.882283747696597,1.090819146828532,,,,,,
C02,M0_PARAMETER_MATCHED_POINT,31,0.7320424517205752,13.838956984384634,1.6522484800273864,,,,,,
C02,M0_PARAMETER_MATCHED_POINT,32,0.7319431992314359,8.577796757414268,1.5052287303333287,,,,,,
C02,M0_PARAMETER_MATCHED_POINT,33,0.8034613296579558,8.827437401167924,1.5768254883538853,,,,,,
C02,M0_PARAMETER_MATCHED_POINT,34,1.1006179244291308,7.931008527316413,1.5303288978769465,,,,,,
C02,M0_PARAMETER_MATCHED_POINT,35,1.1758790980615728,11.436478763672042,1.9538154819110787,,,,,,
C02,M0_PARAMETER_MATCHED_POINT,36,0.9109866832336766,4.860032639707029,1.1090004163367362,,,,,,
C02,M0_PARAMETER_MATCHED_POINT,37,0.7607735299637387,8.395126907360385,1.5242476379450334,,,,,,
C02,M0_PARAMETER_MATCHED_POINT,38,0.7409176450013681,10.785415784815795,1.6625707983863927,,,,,,
C02,M0_PARAMETER_MATCHED_POINT,39,0.6106238455008616,7.4780911369264675,1.3726595174398046,,,,,,
C02,M0_PARAMETER_MATCHED_POINT,40,0.8049116528525908,13.918154642867297,1.9807839624918415,,,,,,
C02,M0_PARAMETER_MATCHED_POINT,41,0.7359211869248456,9.529862121702106,1.4778618024768853,,,,,,
C02,M0_PARAMETER_MATCHED_POINT,42,0.7296857554690919,8.841978622266122,1.514748200949119,,,,,,
C02,M0_PARAMETER_MATCHED_POINT,43,1.0747296671352595,9.330935765911697,1.620596944364176,,,,,,
C02,M0_PARAMETER_MATCHED_POINT,44,0.5382945658182681,7.573941609251313,1.4172476552036337,,,,,,
C02,M0_PARAMETER_MATCHED_POINT,45,0.8682988206785953,11.583468542762361,1.6435842524685236,,,,,,
C02,M0_PARAMETER_MATCHED_POINT,46,1.157652961814673,4.758072869103014,1.144737837224966,,,,,,
C02,M0_PARAMETER_MATCHED_POINT,47,0.7213394257790393,10.283932514894332,1.5819370546475588,,,,,,
C02,M0_PARAMETER_MATCHED_POINT,48,0.8400818994675165,10.529590503148095,1.5832388586059096,,,,,,
C02,M0_PARAMETER_MATCHED_POINT,49,0.8331285814593545,10.652977093965415,1.6297062413335273,,,,,,
C02,M0_PARAMETER_MATCHED_POINT,50,0.9120893937299945,12.472060633809654,1.5789834526428117,,,,,,
C02,M0_PARAMETER_MATCHED_POINT,51,0.9801706421016374,9.413101529429124,1.6100960451149149,,,,,,
C02,M0_PARAMETER_MATCHED_POINT,52,1.2396212045355988,7.147978568639116,1.3311689740269987,,,,,,
C02,M0_PARAMETER_MATCHED_POINT,53,0.6469730715495496,12.313444312745084,1.7893594212328026,,,,,,
C02,M0_PARAMETER_MATCHED_POINT,54,0.8965161861224176,9.088235843851361,1.6645639757189201,,,,,,
C02,M0_PARAMETER_MATCHED_POINT,55,0.7127016841753665,8.512144646713836,1.4902179621737255,,,,,,
C02,M0_PARAMETER_MATCHED_POINT,56,0.8608417428895465,9.932575848624868,1.5815351443482843,,,,,,
C02,M0_PARAMETER_MATCHED_POINT,57,0.998603958543774,8.80681734009047,1.4879633783136037,,,,,,
C02,M0_PARAMETER_MATCHED_POINT,58,0.7008073592130828,10.688764695168482,1.5968382663950251,,,,,,
C02,M0_PARAMETER_MATCHED_POINT,59,0.9305343650001845,8.706354046746029,1.4585869567014622,,,,,,
C02,M0_PARAMETER_MATCHED_POINT,60,0.5939620669762774,6.924772033666045,1.3582740442107024,,,,,,
C02,M0_PARAMETER_MATCHED_POINT,61,0.9669994285858565,8.48197302808936,1.572842940667518,,,,,,
C02,M0_PARAMETER_MATCHED_POINT,62,0.8784297140688333,6.411574165018315,1.3902819549839478,,,,,,
C02,M0_PARAMETER_MATCHED_POINT,63,0.621337355837275,8.487532154931774,1.4475686959155305,,,,,,
C02,M0_PARAMETER_MATCHED_POINT,64,0.7280032202398938,9.50782545345131,1.640099904179806,,,,,,
C02,M0_PARAMETER_MATCHED_POINT,65,0.7455315950874035,7.878298726227911,1.4276705393446414,,,,,,
C02,M0_PARAMETER_MATCHED_POINT,66,0.918758936537937,8.848057250024137,1.5421794674136131,,,,,,
C02,M0_PARAMETER_MATCHED_POINT,67,0.6165692981165161,8.006123416216745,1.3806257302688512,,,,,,
C02,M0_PARAMETER_MATCHED_POINT,68,1.0869220182320085,8.34426710495529,1.5971633184526581,,,,,,
C02,M0_PARAMETER_MATCHED_POINT,69,0.6090415932214082,9.80523049925069,1.6155013235511433,,,,,,
C02,M0_PARAMETER_MATCHED_POINT,70,1.353536414646948,10.981521882796358,1.7889287162506662,,,,,,
C02,M0_PARAMETER_MATCHED_POINT,71,0.6926615894212795,9.256171209840591,1.5128991929074498,,,,,,
C02,M0_PARAMETER_MATCHED_POINT,72,0.5372712630685478,9.259943287226893,1.613564832501955,,,,,,
C02,M0_PARAMETER_MATCHED_POINT,73,0.7589391586223015,8.272864223105193,1.4718507352105612,,,,,,
C02,M0_PARAMETER_MATCHED_POINT,74,0.6546506927358404,8.14458034859276,1.5682536155012108,,,,,,
C02,M0_PARAMETER_MATCHED_POINT,75,0.9161635788269251,9.140415272622601,1.6761079832661685,,,,,,
C02,M0_PARAMETER_MATCHED_POINT,76,0.826889391565333,8.07806673429533,1.3958838021868964,,,,,,
C02,M0_PARAMETER_MATCHED_POINT,77,0.9516891971167243,10.420400017236869,1.7315903830797954,,,,,,
C02,M0_PARAMETER_MATCHED_POINT,78,0.8877038006374658,11.676774102913825,1.7736840369798301,,,,,,
C02,M0_PARAMETER_MATCHED_POINT,79,0.7938857838702487,8.539323105007858,1.5904537205456677,,,,,,
C02,M1_HURDLE_MEAN,0,0.5019028313485898,11.76784105002653,1.4175206261008504,7.5590907697140675e-06,0.0027106116568652713,,0.49566072003315487,0.02710611656865271,0.5019028149298576
C02,M1_HURDLE_MEAN,1,0.40072443747992303,9.344889513115763,1.3975637144003237,3.806338002166675e-06,0.00194180755274251,,0.3958834640629394,0.019418075527346354,0.4007244333742751
C02,M1_HURDLE_MEAN,2,0.646174285957944,10.495113650595366,1.4734049456350506,4.200022391063086e-06,0.0020493943059202557,,0.63855591139874,0.020493943059121077,0.6461742766499387
C02,M1_HURDLE_MEAN,3,0.5020679931166843,4.483210325524766,0.8931014422343427,1.1541644898955992e-05,0.002836458219066387,,0.4941910028230489,0.028364582190663873,0.5020680013434942
C02,M1_HURDLE_MEAN,4,0.6901517871886784,6.659012694098637,1.0855514116239586,4.928970751963918e-07,0.000588069920718809,,0.6909491801984418,0.00588069920122435,0.6901517456109956
C02,M1_HURDLE_MEAN,5,0.327004754875653,6.976346169419669,1.1654795187146245,3.1260410745213147e-07,0.0005217231294849401,,0.3263116479766012,0.005217231294688245,0.3270047470935446
C02,M1_HURDLE_MEAN,6,0.6041085859154868,10.67006292703558,1.3626476317355483,2.483250923628737e-06,0.001476026028360972,,0.601315626415127,0.014760260283028598,0.6041086056128201
C02,M1_HURDLE_MEAN,7,0.43798890064187124,9.174580597902137,1.3579793573682477,1.800589469617937e-06,0.0013231648475002904,,0.439306094736706,0.013231648475002904,0.4379889077392909
C02,M1_HURDLE_MEAN,8,0.5912253630929668,11.813796393668369,1.5451561029611893,4.873143054879762e-06,0.002203956074978674,,0.5860811332674155,0.02203956074978674,0.5912253698472987
C02,M1_HURDLE_MEAN,9,0.45154550183071523,11.083393886092626,1.4433326018458459,1.3856517998436573e-05,0.0035479574473264077,,0.4395419662228208,0.035479574473264074,0.4515454723918213
C02,M1_HURDLE_MEAN,10,0.387405001823487,7.607947418028357,1.1918585544232947,6.164278955153815e-06,0.0023644091140020765,,0.3789232017884941,0.023644091140020765,0.38740495625196547
C02,M1_HURDLE_MEAN,11,0.42678474255038445,7.479070605748573,1.162562939170296,7.244696566181074e-07,0.000777439307840716,,0.42617849959123744,0.00777439307840716,0.4267847360798277
C02,M1_HURDLE_MEAN,12,0.5720131429248632,5.097301776327962,0.984542411069808,1.6268900978148615e-05,0.0038347443999444553,,0.5516966972074266,0.03834744399944456,0.5720131455079115
C02,M1_HURDLE_MEAN,13,0.37278822192348815,7.742168359373345,1.3108400436025478,3.117424452102091e-06,0.0016108223276078862,,0.37367276231946167,0.016108223276078863,0.3727882291112734
C02,M1_HURDLE_MEAN,14,0.50127529598044,12.042574398398369,1.5588242730445199,2.8880056263232396e-06,0.001594505459931062,,0.4951027094817351,0.01594505459931062,0.5012752668638236
C02,M1_HURDLE_MEAN,15,0.4138062030795645,9.891092790045839,1.3703513732126178,1.996038594276974e-05,0.004075782324864125,,0.4074209242266974,0.04075782324864125,0.41380621675205487
C02,M1_HURDLE_MEAN,16,0.34545586939566736,6.513362185704292,1.1321319481477006,1.8243417720766425e-05,0.004074432236384552,,0.33721123846473444,0.040744322363845516,0.3454558996262461
C02,M1_HURDLE_MEAN,17,0.5440358559684629,10.518474857138727,1.3704676427778328,2.9618114138695432e-06,0.0016085034381407976,,0.5416256077297525,0.016085034381141877,0.5440358365132425
C02,M1_HURDLE_MEAN,18,0.5348427685182229,10.26075031523191,1.3301662327787795,2.463688339820772e-05,0.004851243653020593,,0.5108929762161799,0.04851243653020593,0.5348427667327424
C02,M1_HURDLE_MEAN,19,0.6107175497809363,11.912082137435346,1.4277642777802808,7.229852927316839e-07,0.0008433730022757434,,0.6101927470931681,0.008433730022508648,0.6107175731720302
C02,M1_HURDLE_MEAN,20,0.49838079184801365,9.928686966874896,1.3232006972382653,3.935587714204713e-06,0.0018577654047877354,,0.4939124091464936,0.01857765404783082,0.498380793327515
C02,M1_HURDLE_MEAN,21,0.7062698523756654,10.92263680831294,1.4496525240273357,2.1311447142076494e-07,0.00043322484815236156,,0.7068465782965596,0.004332248480622538,0.7062698760566168
C02,M1_HURDLE_MEAN,22,0.4018358061308506,13.773749949586485,1.6822831513330143,1.1015295379374728e-05,0.0031370716605077283,,0.39042959275552946,0.03137071660507729,0.4018358365594888
C02,M1_HURDLE_MEAN,23,0.5515917798692539,8.566671470521058,1.385792082850583,2.3622365540626605e-05,0.004560527507959626,,0.5344565696492576,0.045605275079437,0.5515918066319032
C02,M1_HURDLE_MEAN,24,0.5158307458381789,7.586717002828357,1.2641363057243407,6.816619975763969e-07,0.0007866160026875862,,0.5154333264457773,0.00786616002562358,0.5158307522211603
C02,M1_HURDLE_MEAN,25,0.4698762729432347,9.88195803432456,1.4039765278687832,2.152566581154358e-06,0.001409471359583179,,0.4676179445609918,0.014094713595831788,0.46987629795464414
C02,M1_HURDLE_MEAN,26,0.5256751273817108,10.359968360071324,1.4396540712082373,1.6867012051106449e-06,0.0012892048531473234,,0.525796800552771,0.012892048531107763,0.5256751277042322
C02,M1_HURDLE_MEAN,27,0.6191657611125059,8.999813964417214,1.329652016016543,8.245105491021926e-07,0.0008055353797132095,,0.6200054306008778,0.008055353793480855,0.6191657692600163
C02,M1_HURDLE_MEAN,28,0.561372729925093,7.446864407671082,1.241864461426752,1.954411265098899e-05,0.004334498594091932,,0.541684023800181,0.04334498594091932,0.5613727059469279
C02,M1_HURDLE_MEAN,29,0.7376253302225073,7.36900607369809,1.2045399606969578,3.2642159655801644e-05,0.00571274492539589,,0.7147993619861559,0.05712744925395889,0.7376253096477757
C02,M1_HURDLE_MEAN,30,0.6168609821470991,4.660821210580018,0.9037859143647928,4.706296633468457e-06,0.001957497520204061,,0.6096721854708275,0.01957497520204061,0.616860972386958
C02,M1_HURDLE_MEAN,31,0.5229394149423727,13.325590864304763,1.4338735091682548,8.769541647338916e-07,0.0009007522612096461,,0.5213213698750876,0.009007522611771708,0.5229393968108014
C02,M1_HURDLE_MEAN,32,0.5679592816791723,8.040702914577368,1.2649972758410368,7.528433555558574e-06,0.002438026012809468,,0.5726937136407195,0.02438026012774471,0.567959273525414
C02,M1_HURDLE_MEAN,33,0.4077620095155169,8.924646052495271,1.3236565566324723,1.236980444117228e-06,0.0010161528452086138,,0.40880293778995186,0.010161528451391207,0.4077619924503565
C02,M1_HURDLE_MEAN,34,0.7730322161387932,7.587248148293625,1.2277057211237201,6.023721970756884e-05,0.0075432628980873365,,0.7319102505187083,0.07543262898087336,0.7730322258100402
C02,M1_HURDLE_MEAN,35,0.7104575295189792,10.11406830402974,1.4961861526646785,3.524307028510147e-06,0.0016738704477127545,,0.7123087584590703,0.016738704476995946,0.7104575329274861
C02,M1_HURDLE_MEAN,36,0.771954028790195,4.7785357163850195,0.9436511697628637,1.4271936372250167e-05,0.0035722304150910726,,0.7554885740054578,0.03572230415091073,0.7719540171316646
C02,M1_HURDLE_MEAN,37,0.5259826866564636,8.29251256442869,1.3051331243650033,1.0490978399636018e-06,0.0009870740737515519,,0.5260487417953287,0.009870740735915023,0.5259826931850031
C02,M1_HURDLE_MEAN,38,0.5301850453236611,10.16071388200732,1.4057604531221473,6.395594266513003e-05,0.007009360287832993,,0.5032209109752858,0.07009360287832993,0.530185025393701
C02,M1_HURDLE_MEAN,39,0.506386609354003,6.837706324600866,1.1555081832052063,1.871199495810434e-06,0.0013158644546567072,,0.5032746113140127,0.013158644546459628,0.5063866016069485
C02,M1_HURDLE_MEAN,40,0.4123559196703911,14.07854265026705,1.6913290718434617,1.1797787488730592e-05,0.003434312720810133,,0.4019339807480464,0.03434312720810133,0.41235591412616135
C02,M1_HURDLE_MEAN,41,0.5805725685120848,8.935922798932285,1.2301030823452428,1.6306052291889405e-05,0.004030760512753759,,0.5635415074047969,0.040307605127537595,0.5805725568225935
C02,M1_HURDLE_MEAN,42,0.5341762697101757,8.565165765705721,1.264332891784736,6.5828817526354585e-06,0.002558003092003141,,0.5276625922859084,0.02558003092003141,0.534176252529464
C02,M1_HURDLE_MEAN,43,0.5111888930050703,10.20217880541487,1.325023100196963,0.0001556292445955623,0.012333347959425764,,0.4682348744905295,0.12333347959425764,0.5111888845431409
C02,M1_HURDLE_MEAN,44,0.3761482906534451,7.457287396979335,1.2008392498354987,3.0913127817969242e-06,0.0017503040767659992,,0.37984494374240035,0.017503040767659992,0.37614828974189984
C02,M1_HURDLE_MEAN,45,0.7546807999567772,10.998783606234646,1.4271110953339263,4.837054405761023e-06,0.0021986500039470817,,0.7483941369539748,0.021986500039470815,0.7546808203622983
C02,M1_HURDLE_MEAN,46,0.7922044990482606,4.969600318772779,0.9260644021417548,0.00011313243077909343,0.01052338564582619,,0.7446465241309669,0.10523385645826189,0.7922044960963385
C02,M1_HURDLE_MEAN,47,0.5791194879754645,9.555918892590462,1.390211909112859,2.5298689428720907e-05,0.004951091079765577,,0.5607667523529696,0.04951091079765578,0.5791195080563595
C02,M1_HURDLE_MEAN,48,0.5389620781521026,10.716682767565022,1.3565048564269322,3.171686294871379e-05,0.00553339069500668,,0.5265583251254297,0.0553339069500668,0.5389620747939599
C02,M1_HURDLE_MEAN,49,0.6717183351925881,10.372451877765847,1.4033555005749088,3.1435677996850495e-05,0.005604018738743905,,0.6417038193646973,0.056040187387439044,0.6717183413936629
C02,M1_HURDLE_MEAN,50,0.7310144108903592,12.345103025549477,1.4092094408935907,2.797771883895554e-05,0.005241314692313743,,0.7081856622338776,0.052413146923137435,0.7310143927835081
C02,M1_HURDLE_MEAN,51,0.5696771283225524,8.978235887297158,1.3142777113840736,5.9320559064719074e-05,0.007548198403171922,,0.5393228276170036,0.07548198403171921,0.5696771486452135
C02,M1_HURDLE_MEAN,52,0.9393550214545401,6.63049288521238,1.075222567970949,0.00018852876680670332,0.013623953114489454,,0.8638000166924675,0.13623953114489454,0.9393549991702086
C02,M1_HURDLE_MEAN,53,0.5301825693930426,11.599487968656735,1.5442614734133207,7.158262288509503e-06,0.002666783459422066,,0.5212715430962571,0.02666783459422066,0.5301825454804228
C02,M1_HURDLE_MEAN,54,0.46149235677542344,10.001611424820581,1.3728150320981816,3.919934606426444e-06,0.0019765121097175763,,0.46546126209027444,0.019765121097175764,0.46149238901823164
C02,M1_HURDLE_MEAN,55,0.45603232195401555,8.401019335815555,1.2135237355494932,2.3897525371632464e-05,0.004882770677160156,,0.44608050022641116,0.04882770677160156,0.4560323226210258
C02,M1_HURDLE_MEAN,56,0.5885237071436308,9.050355942322158,1.242452280063783,1.9089175604004035e-05,0.004321449523285039,,0.5729592362241909,0.04321449523285039,0.588523738903572
C02,M1_HURDLE_MEAN,57,0.809066716462875,8.719350958108782,1.2599527096528509,0.00013825713559274745,0.010593454094339622,,0.7616214554514822,0.10593454094339622,0.809066698595359
C02,M1_HURDLE_MEAN,58,0.6063761315766024,9.806882372885843,1.3564106086265122,3.281421174730722e-06,0.0017985320382617107,,0.6074754841751642,0.01798532038257264,0.6063761153044763
C02,M1_HURDLE_MEAN,59,0.732611736539714,8.58892355034616,1.234891517516175,2.768844253436661e-05,0.005240761885369911,,0.7096926158401125,0.05240761885369911,0.7326117133378263
C02,M1_HURDLE_MEAN,60,0.38303181320014407,6.429752671409272,1.1326784241521335,9.561782923812809e-06,0.0030437927746296057,,0.37552256154996394,0.030437927746296056,0.38303183653914163
C02,M1_HURDLE_MEAN,61,0.663206699740994,8.249073431944872,1.2902341051575734,2.5366184325755604e-05,0.004904499025663079,,0.6438191850418602,0.0490449902566308,0.6632067286305203
C02,M1_HURDLE_MEAN,62,0.7293029210722246,7.07632851371841,1.2033245864179616,5.132269051055039e-06,0.002236762789479046,,0.731115087061887,0.022367627894656173,0.7293029265191715
C02,M1_HURDLE_MEAN,63,0.5283566322953007,8.569848172398892,1.2917264845587002,2.9412474762255384e-06,0.0017125821599317914,,0.5254612853244852,0.017125821599317914,0.5283566139826859
C02,M1_HURDLE_MEAN,64,0.592280007739431,10.211796307030163,1.4618710421242063,3.8059752789590124e-06,0.0019302773876167536,,0.5972751636226479,0.019302773876167537,0.5922799774279748
C02,M1_HURDLE_MEAN,65,0.5453861907097255,7.924170800637148,1.223097380179477,2.5115607868451537e-05,0.005011132506214353,,0.5253974162160251,0.050111325062143525,0.545386180876242
C02,M1_HURDLE_MEAN,66,0.7622863886627931,8.244530407655493,1.2891828932703144,4.6985605508749747e-05,0.006833106322115158,,0.7325775712052545,0.06833106322115158,0.762286404560951
C02,M1_HURDLE_MEAN,67,0.4222351083530631,7.434304776047954,1.1679081691962132,1.0903450528701948e-05,0.0032983395907800143,,0.41842790684515785,0.03298339590780014,0.42223510936531317
C02,M1_HURDLE_MEAN,68,0.5146022292535555,8.953466227277715,1.3485617550379363,0.0001366783533424552,0.011561930706296734,,0.46466503501934703,0.11561930706296733,0.5146022405015965
C02,M1_HURDLE_MEAN,69,0.3625165933856731,9.060699216135959,1.3520946121397581,1.7081566436360762e-05,0.004072610247166104,,0.34700123345983147,0.040726102471661044,0.3625165926034527
C02,M1_HURDLE_MEAN,70,1.0214943591044259,10.370193115718775,1.4006104875463006,0.0003046853669163317,0.017451694121522685,,0.9395697550119093,0.17451694121522682,1.0214943747354677
C02,M1_HURDLE_MEAN,71,0.6359674633651665,8.954723392224682,1.342014573148791,9.378594314488435e-06,0.003054021671658242,,0.6359836302399666,0.030540216716582424,0.6359674517079028
C02,M1_HURDLE_MEAN,72,0.3742260801808984,8.851277264910834,1.3607815309593083,2.259123224820106e-06,0.0015026461105635855,,0.37663702070618643,0.015026461105635854,0.3742260882885089
C02,M1_HURDLE_MEAN,73,0.5710228577013182,8.250507069283255,1.2766422905981472,2.7987938837591265e-05,0.005283980950070355,,0.5448031643765138,0.052839809500703536,0.5710228616826207
C02,M1_HURDLE_MEAN,74,0.4615480342820193,8.068730248733646,1.311628317627091,1.4310495588700866e-05,0.003779444501493483,,0.4592028856559507,0.03779444501493483,0.4615480490069951
C02,M1_HURDLE_MEAN,75,0.5024826049276284,9.258125480649223,1.3691548004031011,2.700766219479131e-05,0.005189374032865382,,0.49379297519021137,0.05189374032865382,0.5024826246104048
C02,M1_HURDLE_MEAN,76,0.6785742714901983,7.744337032677095,1.2022209729338829,1.0918079901628604e-05,0.0032931630226388604,,0.6674589644747355,0.032931630226388606,0.6785742822662895
C02,M1_HURDLE_MEAN,77,0.833095141979066,10.62783663470698,1.5347830389859207,4.758184227481082e-06,0.0021714801679674476,,0.8332210994218632,0.021714801679568654,0.8330951421457663
C02,M1_HURDLE_MEAN,78,0.6960800847236253,10.095343557149103,1.432252530409094,3.2495021069355943e-06,0.0017560879364160488,,0.6984181931173672,0.017560879364022217,0.6960801033399346
C02,M1_HURDLE_MEAN,79,0.47693924493383927,8.151259148336678,1.2762474561541284,1.2445685346228594e-05,0.0034647138178860778,,0.4822988760272583,0.03464713817886078,0.47693927050762197
C02,M2_HURDLE_ZTNB,0,0.4694933681208058,11.472766572102401,1.3865450940288695,7.694179832742222e-06,0.0027595476988476007,,0.4644590084766608,0.027595476988476003,0.46949336953886356
C02,M2_HURDLE_ZTNB,1,0.3836372498878947,9.230490706565957,1.3757401977651695,3.7006078989374497e-06,0.0019214874198115526,,0.3809497971065843,0.01921487419802792,0.3836372417432312
C02,M2_HURDLE_ZTNB,2,0.5702813760775856,10.537139836925466,1.463763771249083,5.6796085851293935e-06,0.0023816095287803552,,0.5609078978961188,0.02381609528771499,0.5702813747242546
C02,M2_HURDLE_ZTNB,3,0.48759034349263586,4.596310108819461,0.9007929084946233,1.5114269898490518e-05,0.003368206990745118,,0.4794611951799056,0.033682069907451186,0.4875903145800259
C02,M2_HURDLE_ZTNB,4,0.7362302058113781,6.554210781849262,1.0618145186379842,4.0139038188883696e-07,0.0005540343391749701,,0.737587947989226,0.005540343387485013,0.7362302267245104
C02,M2_HURDLE_ZTNB,5,0.31863391276154945,7.268129435121034,1.195615285581859,3.5924043694942586e-07,0.0005804067367173142,,0.3176080568917382,0.0058040673669958465,0.31863393670850804
C02,M2_HURDLE_ZTNB,6,0.5621686196570432,11.198656373501933,1.41265416063578,2.0602868111825086e-06,0.0014100076835063887,,0.5587996179666983,0.014100076834745703,0.5621686161398634
C02,M2_HURDLE_ZTNB,7,0.4138556552258012,9.214365705871206,1.367510252313137,2.399431045901018e-06,0.0015477944420726792,,0.4162432478364288,0.015477944420726792,0.41385566497828996
C02,M2_HURDLE_ZTNB,8,0.6046898569484348,11.688889353636615,1.5475381573375564,7.806438207062844e-06,0.0027926926767419093,,0.5967038323752889,0.02792692676741909,0.6046898732507873
C02,M2_HURDLE_ZTNB,9,0.4378445668987029,11.069308160783866,1.4541363413207833,1.5018217965457723e-05,0.0037758676372545265,,0.4244654969766857,0.03775867637254526,0.4378445677857518
C02,M2_HURDLE_ZTNB,10,0.41163159582024883,7.248182162183098,1.1595493344157337,7.727040528049716e-06,0.0027579194915462466,,0.3989752430167476,0.027579194915462468,0.4116315818330637
C02,M2_HURDLE_ZTNB,11,0.36540460222950055,7.735186423554982,1.1838256980353923,7.737043649406703e-07,0.0008413323089860494,,0.36494141389460655,0.008413323089860493,0.3654045586759879
C02,M2_HURDLE_ZTNB,12,0.5683665337558852,4.972276498163598,0.9750070057764143,1.765426960110281e-05,0.004146432327885998,,0.5486538593809287,0.04146432327885999,0.5683665187272589
C02,M2_HURDLE_ZTNB,13,0.37874750409898217,7.681143769946534,1.3159756022902407,3.500915182798165e-06,0.0017643247912419791,,0.3782659175658019,0.017643247912419793,0.37874751548660945
C02,M2_HURDLE_ZTNB,14,0.49043881547906976,11.143649177338421,1.5015025320842388,3.32109459520325e-06,0.0017890617464874734,,0.4845875587470395,0.017890617464874733,0.49043881346190155
C02,M2_HURDLE_ZTNB,15,0.37011270160706033,9.451099044265703,1.3412772154600663,1.9582001058699308e-05,0.004231988808978663,,0.3690846158787313,0.04231988808978663,0.3701127246202181
C02,M2_HURDLE_ZTNB,16,0.30161684755839757,6.675231601884757,1.1441634724404914,1.7205697539872138e-05,0.003974653832060897,,0.29267474411666455,0.03974653832060897,0.30161683028626585
C02,M2_HURDLE_ZTNB,17,0.47646370431721385,10.168600541975533,1.3657225637851718,2.8308459823041003e-06,0.0016249409039738587,,0.47536113407298575,0.016249409039305475,0.4764636960976405
C02,M2_HURDLE_ZTNB,18,0.5127831077577256,10.831072013387761,1.3730886446249333,2.942302583091464e-05,0.005395069671025996,,0.48550793914563006,0.053950696710259954,0.5127830956681986
C02,M2_HURDLE_ZTNB,19,0.5974065831658641,12.038772104327968,1.4305369849244254,1.0434099802289562e-06,0.0010212999702515926,,0.5964579745834606,0.010212999702310266,0.5974065521265055
C02,M2_HURDLE_ZTNB,20,0.4322745604204411,9.281288961091938,1.3008881234368816,4.061940376099892e-06,0.0018868707804405264,,0.42720545386991715,0.018868707804292624,0.43227457166318434
C02,M2_HURDLE_ZTNB,21,0.7441881349548051,11.295085793807749,1.47406609574166,2.251819799030731e-07,0.0004653197866295984,,0.7451233026528072,0.004653197865061029,0.7441881372288868
C02,M2_HURDLE_ZTNB,22,0.3310254836606046,13.80462939932913,1.6791694439842453,2.0736843260773176e-05,0.004339735885747524,,0.3127739553264183,0.043397358857475234,0.33102545031110514
C02,M2_HURDLE_ZTNB,23,0.5773413426544249,8.925541174646014,1.4172750428353904,2.2592412253823953e-05,0.004550691756054451,,0.5594924381562578,0.04550691756040205,0.5773413441042661
C02,M2_HURDLE_ZTNB,24,0.5148931387743156,7.574701378026944,1.252701350000598,9.405187186785257e-07,0.000933159014820042,,0.5147738707362286,0.009331590147403361,0.5148931483722785
C02,M2_HURDLE_ZTNB,25,0.48685927615979263,10.06209546496201,1.4243614167199712,2.853760205875363e-06,0.001681170672719405,,0.4835426904545963,0.01681170672719405,0.4868593034584182
C02,M2_HURDLE_ZTNB,26,0.5273421533750123,10.573592943916566,1.461552269845023,1.7522303810011068e-06,0.0012955287307844577,,0.5274515592818658,0.012955287307363979,0.5273421459248091
C02,M2_HURDLE_ZTNB,27,0.751235364456757,8.640187671720852,1.2961040088698303,8.588606652103677e-07,0.0008066381449459185,,0.7523938263568484,0.008066381446336743,0.7512353778686067
C02,M2_HURDLE_ZTNB,28,0.4602003187435125,7.516469563047055,1.2588217754622333,1.6502027572745992e-05,0.003962297358245326,,0.44462588649862655,0.03962297358245325,0.46020030253969235
C02,M2_HURDLE_ZTNB,29,0.6733887971694095,7.71296923041091,1.232161370482109,2.624082724640333e-05,0.005098804964594028,,0.6508066050928646,0.05098804964594028,0.6733887965285162
C02,M2_HURDLE_ZTNB,30,0.5645862889924989,4.948023961769589,0.9434050924629572,7.695134409542615e-06,0.0026267874084309538,,0.5551786668218271,0.026267874084309542,0.5645863198766821
C02,M2_HURDLE_ZTNB,31,0.5401309164564945,13.157205412497326,1.4261134762681793,1.4696322771147187e-06,0.001211332312895078,,0.5377449335520568,0.012113323128617258,0.5401309295605468
C02,M2_HURDLE_ZTNB,32,0.5765936223326825,8.241851240621028,1.2886380343032844,9.113997834281806e-06,0.0026546501209929203,,0.5831201662520717,0.026546501209650516,0.5765936527081619
C02,M2_HURDLE_ZTNB,33,0.4841545388818814,8.931560081615258,1.326127237910269,1.8738835668755719e-06,0.0013222569943320888,,0.48721026234351406,0.013222569943124093,0.48415455381615313
C02,M2_HURDLE_ZTNB,34,0.7693709465438878,8.022111297878181,1.2713837905983254,7.053604152669378e-05,0.00818844195184423,,0.7256870042426452,0.08188441951844229,0.7693709589968962
C02,M2_HURDLE_ZTNB,35,0.7534119375790919,10.619981023297873,1.5315272617129332,4.791256180182437e-06,0.0020408553746678135,,0.7567486312605272,0.02040855374651998,0.7534119653183822
C02,M2_HURDLE_ZTNB,36,0.6865983386204769,4.916294806659136,0.9740702740495728,1.7367774285254797e-05,0.003952828705730339,,0.6680127870279353,0.03952828705730339,0.6865983327849506
C02,M2_HURDLE_ZTNB,37,0.555072600912935,8.11345767489491,1.2757628244125785,1.3426646355425483e-06,0.0010990528074194335,,0.5556731109800301,0.010990528073074194,0.5550725859359157
C02,M2_HURDLE_ZTNB,38,0.5350199139662218,10.74842364651416,1.4393551716637596,5.610907226901621e-05,0.00698266991826897,,0.5055137765491475,0.0698266991826897,0.5350199042580694
C02,M2_HURDLE_ZTNB,39,0.43578340020650536,7.290343124858845,1.2108227756082721,2.5888989978810858e-06,0.0015891168401580293,,0.43094355198546164,0.015891168401446415,0.43578341237330753
C02,M2_HURDLE_ZTNB,40,0.4562539072627567,14.591259999967345,1.71989252103318,8.18957748101419e-06,0.0026699714005701232,,0.4521495611780491,0.026699714005639814,0.4562538519408489
C02,M2_HURDLE_ZTNB,41,0.5399136603537186,9.13517631060602,1.245665452305366,1.2033609045145142e-05,0.003136099759218714,,0.5273449233073687,0.03136099759204911,0.5399136245730629
C02,M2_HURDLE_ZTNB,42,0.4898884692395783,8.571820791106173,1.2671761708611966,5.851177629292348e-06,0.002093450923690936,,0.48635156045284617,0.02093450923690936,0.4898884562516068
C02,M2_HURDLE_ZTNB,43,0.47077491617821343,10.476955186908008,1.3303877387294318,4.9196620327097965e-05,0.0067872674926254175,,0.453550102640765,0.06787267492625418,0.4707749208408686
C02,M2_HURDLE_ZTNB,44,0.38081608798296096,7.29107045104838,1.185418050486509,2.594772005402116e-06,0.0013839941639199568,,0.3832217814598739,0.013839941638382362,0.3808160939484989
C02,M2_HURDLE_ZTNB,45,0.6796553480251653,10.985603402418118,1.4425097293729627,3.479485439019511e-06,0.0016576202654223918,,0.6752638943757892,0.016576202654223916,0.6796553741099662
C02,M2_HURDLE_ZTNB,46,0.7802835540018233,5.085441056649579,0.9380425143200268,4.976004674264512e-05,0.006890823106546299,,0.7512749373811793,0.06890823106546298,0.7802835832618675
C02,M2_HURDLE_ZTNB,47,0.5694267913423909,10.253929510572185,1.4465238009416197,8.579123327120582e-06,0.0028338151056134116,,0.5620931198101851,0.028338151056134117,0.5694267788087812
C02,M2_HURDLE_ZTNB,48,0.5282779417979149,10.080476220602584,1.3124870821348023,9.82857647944114e-06,0.003081137791243896,,0.5237770271651592,0.030811377912363845,0.5282779136080283
C02,M2_HURDLE_ZTNB,49,0.6599641110337261,10.481947035519863,1.4203565870988977,2.0040903377081865e-05,0.004095292121420262,,0.6411667177340037,0.04095292121420262,0.6599641102078218
C02,M2_HURDLE_ZTNB,50,0.6047451576987077,11.931572167595796,1.3776729360748874,1.3328109755546547e-05,0.003438662388384183,,0.5922570375140959,0.03438662388384183,0.604745137420815
C02,M2_HURDLE_ZTNB,51,0.6394732552374798,9.257486195206564,1.3325829537544902,2.3271767990847743e-05,0.004721858039735165,,0.6215915452327787,0.04721858039735165,0.6394732391234996
C02,M2_HURDLE_ZTNB,52,0.9566508215862162,6.850829158226977,1.1048709939143606,7.640834254289026e-05,0.00858023694698226,,0.9111536616685628,0.08580236946982259,0.9566508347929259
C02,M2_HURDLE_ZTNB,53,0.5236334246717069,11.68264989213068,1.5478386185409088,5.2227847847831074e-06,0.0019869863718239723,,0.5187258064669991,0.019869863718110406,0.5236333957037763
C02,M2_HURDLE_ZTNB,54,0.5054216792876487,9.549763413206664,1.3456621509064894,3.246275801877088e-06,0.0015665567143025214,,0.5082831797380343,0.015665567141836447,0.5054216794438151
C02,M2_HURDLE_ZTNB,55,0.4353097946631125,8.197910366178707,1.2246820721473681,1.3204911873463919e-05,0.0034106909955609567,,0.4292175898094801,0.03410690995560957,0.4353097633766613
C02,M2_HURDLE_ZTNB,56,0.5272414866522085,9.59632911334764,1.2879166042310466,9.289744445906096e-06,0.0028869859211386618,,0.5180815398993577,0.02886985921134052,0.5272414631752989
C02,M2_HURDLE_ZTNB,57,0.7359999570684959,9.280374563904253,1.3187877937594121,3.770372809357602e-05,0.0061377434898373055,,0.7131112364771239,0.06137743489837306,0.7359999416160159
C02,M2_HURDLE_ZTNB,58,0.5511008796148849,10.33338411004884,1.3973876569076897,8.824240991275263e-07,0.0008870248691824321,,0.551918935623092,0.008870248691542057,0.5511008512034321
C02,M2_HURDLE_ZTNB,59,0.6201623425147804,7.909780832247556,1.1991638517647183,2.0478985832178135e-05,0.003984161790304507,,0.6012315935545613,0.039841617903045065,0.6201623674187005
C02,M2_HURDLE_ZTNB,60,0.3877146398950122,6.520392571942375,1.1466939811944963,3.0219094177561704e-06,0.0016897910679136996,,0.3845119517095772,0.016897910679136995,0.3877146463069493
C02,M2_HURDLE_ZTNB,61,0.5871893956841435,8.290057126308218,1.283793486433873,2.4864165936535428e-05,0.004354180143496951,,0.5700856806870991,0.043541801434721535,0.5871894147813559
C02,M2_HURDLE_ZTNB,62,0.6920167322598341,7.020635674921994,1.1926524801244418,2.0154463932718182e-06,0.0012494911767384027,,0.6929509363283095,0.01249491176604697,0.6920167388606504
C02,M2_HURDLE_ZTNB,63,0.4353679462259521,8.367245809474948,1.2643911033319701,1.0965588611858295e-06,0.0009804805709840915,,0.4346136095973513,0.009804805709473036,0.4353679167593758
C02,M2_HURDLE_ZTNB,64,0.6699579517539604,10.054235021738688,1.454031810954358,1.6774527463988722e-06,0.0012052092743130125,,0.673001196114414,0.012052092742564881,0.6699579322519154
C02,M2_HURDLE_ZTNB,65,0.506020410433831,7.556352988116834,1.2000209050291661,1.6463840440246644e-05,0.0037230093414082933,,0.4945910828344275,0.03723009341408294,0.5060204008061172
C02,M2_HURDLE_ZTNB,66,0.6824174200448494,8.693493408332143,1.328877629560406,3.9632505395226926e-05,0.005678107427308013,,0.6581838819836199,0.05678107427308013,0.6824174365082534
C02,M2_HURDLE_ZTNB,67,0.3303983319020265,8.033466922647378,1.2129701585651977,4.250433736491881e-06,0.0019159831948317365,,0.3286881444951124,0.019159831948317364,0.330398346271142
C02,M2_HURDLE_ZTNB,68,0.5261416888818031,9.051234974707285,1.3511729542089082,0.00011000837747930806,0.010044359805927416,,0.5053530081530941,0.10044359805927416,0.5261416891993232
C02,M2_HURDLE_ZTNB,69,0.3716322907366276,9.52565465954148,1.391163156266777,1.7748281104047964e-05,0.003556437038605347,,0.3577348084001883,0.03556437038587322,0.3716322819660507
C02,M2_HURDLE_ZTNB,70,0.9272214670732266,10.210817595452252,1.3729017007386837,0.00023071435814269673,0.014530307607469446,,0.8645995444346994,0.14530307607469445,0.9272214568096748
C02,M2_HURDLE_ZTNB,71,0.5688004145064536,8.815874407040457,1.3165806833493536,3.5482698377423678e-06,0.0017699582422024663,,0.5685115303577889,0.017699582421899923,0.5688004227732311
C02,M2_HURDLE_ZTNB,72,0.39862960045536777,8.959886857909606,1.3772835080695778,1.7127343555682112e-06,0.001112852171711121,,0.39974435958609766,0.011128521715152592,0.39862959281937227
C02,M2_HURDLE_ZTNB,73,0.5785569289200099,8.254749576854199,1.2900710686389218,2.0009082700913403e-05,0.003974343150384486,,0.5616029825373584,0.039743431503844864,0.5785569252726693
C02,M2_HURDLE_ZTNB,74,0.41453401417188723,8.489955098215027,1.346777847707519,4.9403122143769885e-06,0.0020665225137095934,,0.4155757344597081,0.020665225137095934,0.4145340112624571
C02,M2_HURDLE_ZTNB,75,0.435436310397439,9.305204528453771,1.363830381752583,2.6126746962448485e-05,0.004426828401705778,,0.42315669208442436,0.04426828401690244,0.43543631949483813
C02,M2_HURDLE_ZTNB,76,0.6171175447810554,7.744144428975099,1.2218894014247828,7.367586229510524e-06,0.00240922731670866,,0.6093686059152161,0.024092273166900283,0.617117540948413
C02,M2_HURDLE_ZTNB,77,0.842997152806281,10.070796354625838,1.4830050830687378,2.0556503150597242e-06,0.0013232595505881211,,0.8440873494596324,0.013232595504565986,0.8429971238959353
C02,M2_HURDLE_ZTNB,78,0.7264158920088575,10.756326598243056,1.477706338104026,1.1140938166141136e-06,0.00099305141217221,,0.7288137421870196,0.009930514119909268,0.7264158792173947
C02,M2_HURDLE_ZTNB,79,0.4739326860783969,7.664847850794569,1.2454744569477478,5.286794776011876e-06,0.002179572240733948,,0.4771719365539211,0.021795722407112132,0.47393269038521346
C03,M0_PARAMETER_MATCHED_POINT,0,1.4006475137872545,31.868087311822677,3.8028481463746475,,,,,,
C03,M0_PARAMETER_MATCHED_POINT,1,1.3058912752221723,27.2912211619873,3.7077134071150795,,,,,,
C03,M0_PARAMETER_MATCHED_POINT,2,1.210453460597539,24.264531053200415,3.40602380274989,,,,,,
C03,M0_PARAMETER_MATCHED_POINT,3,1.230073470818617,21.806522133411008,3.347970081587846,,,,,,
C03,M0_PARAMETER_MATCHED_POINT,4,1.27356607282813,22.31524010193519,3.278929996381824,,,,,,
C03,M0_PARAMETER_MATCHED_POINT,5,1.2501533836274712,20.69280712551849,3.2515985925759496,,,,,,
C03,M0_PARAMETER_MATCHED_POINT,6,1.2625829825637505,22.329476036287232,3.40128177687681,,,,,,
C03,M0_PARAMETER_MATCHED_POINT,7,1.1713288536673052,32.67195951672103,3.988377560102284,,,,,,
C03,M0_PARAMETER_MATCHED_POINT,8,1.0734811724718474,23.21484068598614,3.330510085739661,,,,,,
C03,M0_PARAMETER_MATCHED_POINT,9,1.5396300941348044,23.191576370485095,3.4668716750650974,,,,,,
C03,M0_PARAMETER_MATCHED_POINT,10,0.9280484443079416,21.21260410359239,3.2767595439412007,,,,,,
C03,M0_PARAMETER_MATCHED_POINT,11,0.9875753618202556,28.74002643964579,3.6044279274065048,,,,,,
C03,M0_PARAMETER_MATCHED_POINT,12,0.9504156640321693,20.33172279313035,3.195083501205469,,,,,,
C03,M0_PARAMETER_MATCHED_POINT,13,1.1064666367388845,25.26720117511553,3.6406493441512184,,,,,,
C03,M0_PARAMETER_MATCHED_POINT,14,1.0331549976198935,20.986467539571805,3.2375669976803083,,,,,,
C03,M0_PARAMETER_MATCHED_POINT,15,1.3163837655362443,23.06809472782356,3.4242273650209727,,,,,,
C03,M0_PARAMETER_MATCHED_POINT,16,1.0642404509645136,24.203791337189656,3.598266667880428,,,,,,
C03,M0_PARAMETER_MATCHED_POINT,17,1.1995497490373728,27.201110549911515,3.5573124329093844,,,,,,
C03,M0_PARAMETER_MATCHED_POINT,18,1.088280263880603,21.59538313029512,3.3326978989643976,,,,,,
C03,M0_PARAMETER_MATCHED_POINT,19,0.9765218941936652,21.135486373198205,3.260709689037564,,,,,,
C03,M0_PARAMETER_MATCHED_POINT,20,1.0984518307566096,26.068577605801295,3.499912430448603,,,,,,
C03,M0_PARAMETER_MATCHED_POINT,21,1.0959221029679407,20.495135993605665,3.3648888161987998,,,,,,
C03,M0_PARAMETER_MATCHED_POINT,22,1.0999909349293353,26.11050361569569,3.585118465290482,,,,,,
C03,M0_PARAMETER_MATCHED_POINT,23,1.0582319822811264,18.60991466477245,3.0806862630997784,,,,,,
C03,M0_PARAMETER_MATCHED_POINT,24,1.2921042968935688,25.753205012281796,3.599390055780532,,,,,,
C03,M0_PARAMETER_MATCHED_POINT,25,1.2144392657611582,27.26788056639443,3.683287672572381,,,,,,
C03,M0_PARAMETER_MATCHED_POINT,26,1.099073828504161,25.072056633204976,3.5184704082203098,,,,,,
C03,M0_PARAMETER_MATCHED_POINT,27,1.3953262064693401,33.61900031707668,4.292346144313342,,,,,,
C03,M0_PARAMETER_MATCHED_POINT,28,0.8891959969429172,22.369881447475642,3.45138789054666,,,,,,
C03,M0_PARAMETER_MATCHED_POINT,29,1.069915536741302,18.268371234557492,3.0349779171907967,,,,,,
C03,M0_PARAMETER_MATCHED_POINT,30,1.1210109656484202,24.539956970165335,3.50604323517958,,,,,,
C03,M0_PARAMETER_MATCHED_POINT,31,1.3013693440048382,34.20178759272005,3.843185066924586,,,,,,
C03,M0_PARAMETER_MATCHED_POINT,32,1.2703214608514388,29.03475181957735,3.891175818396732,,,,,,
C03,M0_PARAMETER_MATCHED_POINT,33,0.893792672292758,22.501327476073847,3.2941326789829573,,,,,,
C03,M0_PARAMETER_MATCHED_POINT,34,1.475480613255482,20.19549215204202,3.3196646669142256,,,,,,
C03,M0_PARAMETER_MATCHED_POINT,35,1.173261042176021,19.420726357376317,3.205132226188046,,,,,,
C03,M0_PARAMETER_MATCHED_POINT,36,1.379874780755472,21.637285567197807,3.381092902117719,,,,,,
C03,M0_PARAMETER_MATCHED_POINT,37,1.0716500411107923,21.846548865356993,3.4061740418546833,,,,,,
C03,M0_PARAMETER_MATCHED_POINT,38,1.0650628407878973,25.264100773171716,3.678822446808529,,,,,,
C03,M0_PARAMETER_MATCHED_POINT,39,1.3131514648990337,20.337406685390214,3.2030734237923753,,,,,,
C03,M0_PARAMETER_MATCHED_POINT,40,1.4254739755781114,27.752528860110807,3.797950394703851,,,,,,
C03,M0_PARAMETER_MATCHED_POINT,41,1.3190341743351253,19.820109444178563,3.3398035579205803,,,,,,
C03,M0_PARAMETER_MATCHED_POINT,42,1.4112697487215122,24.512260847973508,3.523716159397736,,,,,,
C03,M0_PARAMETER_MATCHED_POINT,43,1.0984976632897223,22.336716071850486,3.4089134939325354,,,,,,
C03,M0_PARAMETER_MATCHED_POINT,44,1.107041305500822,20.10015025811007,3.232901833660435,,,,,,
C03,M0_PARAMETER_MATCHED_POINT,45,1.373162382950968,22.74078767818014,3.5091641318673887,,,,,,
C03,M0_PARAMETER_MATCHED_POINT,46,1.344654423321988,19.78065195275257,3.19032649294968,,,,,,
C03,M0_PARAMETER_MATCHED_POINT,47,1.067446452278106,20.09201586998268,3.105589308911779,,,,,,
C03,M0_PARAMETER_MATCHED_POINT,48,0.9642487222716487,37.58209319785236,4.05667252704734,,,,,,
C03,M0_PARAMETER_MATCHED_POINT,49,1.2747388260972383,23.008598831328378,3.4296172233686475,,,,,,
C03,M0_PARAMETER_MATCHED_POINT,50,0.9784146643680223,18.899052251966772,3.0971463765114704,,,,,,
C03,M0_PARAMETER_MATCHED_POINT,51,1.3575425760469177,28.051591420374933,3.70250740776343,,,,,,
C03,M0_PARAMETER_MATCHED_POINT,52,1.2439114762796528,22.1570831392524,3.3943674815818667,,,,,,
C03,M0_PARAMETER_MATCHED_POINT,53,1.4924955940933975,18.197719377164788,3.064923814973251,,,,,,
C03,M0_PARAMETER_MATCHED_POINT,54,1.191455843275378,31.02267624554547,3.888815131445881,,,,,,
C03,M0_PARAMETER_MATCHED_POINT,55,1.225336160758445,24.382901462075857,3.591700851965773,,,,,,
C03,M0_PARAMETER_MATCHED_POINT,56,1.34249247287202,22.95083522481328,3.322271052437524,,,,,,
C03,M0_PARAMETER_MATCHED_POINT,57,0.9356891636890428,22.930002202131817,3.3731989209093927,,,,,,
C03,M0_PARAMETER_MATCHED_POINT,58,0.7085073177638085,20.523823517651774,3.2655595932519645,,,,,,
C03,M0_PARAMETER_MATCHED_POINT,59,1.3222698819662917,16.993196025453834,3.0688573971068154,,,,,,
C03,M0_PARAMETER_MATCHED_POINT,60,1.2959296442612545,27.95888292210684,3.6520685992824533,,,,,,
C03,M0_PARAMETER_MATCHED_POINT,61,0.757455587435178,23.71921222971698,3.4519777281675488,,,,,,
C03,M0_PARAMETER_MATCHED_POINT,62,1.0417263925974964,17.812437694854545,3.191807754095256,,,,,,
C03,M0_PARAMETER_MATCHED_POINT,63,0.98337361250567,20.550993546387716,3.218250333176305,,,,,,
C03,M0_PARAMETER_MATCHED_POINT,64,1.1073661999501123,19.26892351925047,3.255872723995708,,,,,,
C03,M0_PARAMETER_MATCHED_POINT,65,1.4189041745466149,19.484274301262506,3.1555930970910895,,,,,,
C03,M0_PARAMETER_MATCHED_POINT,66,1.183550724339098,24.67100140726913,3.5285292942232145,,,,,,
C03,M0_PARAMETER_MATCHED_POINT,67,1.2575593846378599,30.66142280219404,4.008428884776853,,,,,,
C03,M0_PARAMETER_MATCHED_POINT,68,1.4493924378971563,23.760337211064787,3.54718179514263,,,,,,
C03,M0_PARAMETER_MATCHED_POINT,69,1.1783254223377115,25.58884226347839,3.4678327029396314,,,,,,
C03,M0_PARAMETER_MATCHED_POINT,70,1.4852101635686719,22.174007086361,3.416563251084881,,,,,,
C03,M0_PARAMETER_MATCHED_POINT,71,0.9882414781782002,23.15763754983258,3.4772957130044233,,,,,,
C03,M0_PARAMETER_MATCHED_POINT,72,1.1971987883575583,23.3104394776241,3.471429488155991,,,,,,
C03,M0_PARAMETER_MATCHED_POINT,73,1.7043328407449279,35.2000148738125,4.043887692462401,,,,,,
C03,M0_PARAMETER_MATCHED_POINT,74,1.5880927978492099,18.732479923874244,3.1691766795095946,,,,,,
C03,M0_PARAMETER_MATCHED_POINT,75,0.990624050371472,20.287262306484664,3.0878104176178267,,,,,,
C03,M0_PARAMETER_MATCHED_POINT,76,1.4076107759050838,25.56413836845954,3.626977502659429,,,,,,
C03,M0_PARAMETER_MATCHED_POINT,77,0.745886931723359,26.430321616843983,3.623835438086341,,,,,,
C03,M0_PARAMETER_MATCHED_POINT,78,1.0508804718859297,28.183510859350662,3.551217474187676,,,,,,
C03,M0_PARAMETER_MATCHED_POINT,79,1.278995367092267,29.936405538624804,3.9952139320763917,,,,,,
C03,M1_HURDLE_MEAN,0,1.3013580227855144,30.664702891946703,3.6611128307922627,0.17488829438496886,0.09511764424506891,,0.5218265051734381,1.1341644543937814,1.3013580222934693
C03,M1_HURDLE_MEAN,1,1.2164491101932073,28.10980506963864,3.672749180817239,0.19001192774658215,0.11481412021565224,,0.26069100232847253,1.269478020821372,1.2164491005169484
C03,M1_HURDLE_MEAN,2,1.0076001002850816,23.05350430510678,3.157896672673727,0.16101821201473598,0.09693287930945636,,0.28156279667558815,0.8905527100713031,1.0076001113976325
C03,M1_HURDLE_MEAN,3,1.2078299487568511,21.85501379303814,3.214705359520546,0.14464286072022736,0.09915108844877854,,0.2949285829013608,1.0672701762212298,1.2078299505322962
C03,M1_HURDLE_MEAN,4,1.0781543173430324,21.231547960595904,3.1414660994681376,0.13606630437545267,0.10255355861202953,,0.20910805137195065,1.1261415353883428,1.07815431464451
C03,M1_HURDLE_MEAN,5,1.1222885065815509,19.93921843708501,3.1475055503809317,0.1615818244988121,0.08123396132587873,,0.2983150381102949,0.9955814630162034,1.1222885026148597
C03,M1_HURDLE_MEAN,6,0.9991210928141928,21.789868065764153,3.2926853078339873,0.16925786560504158,0.07870323135533669,,0.32259263380489633,0.8476829000177691,0.9991210746773138
C03,M1_HURDLE_MEAN,7,0.9825233437418961,32.488573338188324,3.8137672432388854,0.16976735564619383,0.09704847014550795,,0.31146361218493057,0.9966027279993186,0.9825233432517695
C03,M1_HURDLE_MEAN,8,0.9019631734088488,23.796068662805894,3.278443288737132,0.1627554602970462,0.06157843096158349,,0.4542486314913293,0.7511913846429733,0.9019631797880343
C03,M1_HURDLE_MEAN,9,1.1495163861575333,21.5208219518373,3.1976518943386814,0.15159295468792128,0.10494457963067536,,0.19103299979189411,1.1421181568829715,1.1495163720022048
C03,M1_HURDLE_MEAN,10,0.8210140731575416,20.880245473508428,3.105266839303416,0.16204698302365456,0.06424002703066872,,0.4144435100880765,0.6531909745273918,0.8210140857604651
C03,M1_HURDLE_MEAN,11,0.8731498398745736,29.261704849858702,3.5539640538943544,0.17476674043284607,0.07098742133583658,,0.23160224359352144,0.7595984910017479,0.8731498576109857
C03,M1_HURDLE_MEAN,12,0.8741188859338461,19.782186067940103,3.051248738103216,0.15722823495909127,0.06741077206736615,,0.34701833277427974,0.7706199362932096,0.8741188466260352
C03,M1_HURDLE_MEAN,13,0.7886370252841588,24.817921651476336,3.4280556988135986,0.1769861702682668,0.06988653939145974,,0.2030133263798286,0.749566922055075,0.7886370271725971
C03,M1_HURDLE_MEAN,14,0.9146642052732132,20.501666572172233,3.0296850742039774,0.1383927255901489,0.0720430528855848,,0.33820050625268216,0.6935894465754422,0.9146642026464384
C03,M1_HURDLE_MEAN,15,1.0758270983234215,21.390664605502998,3.1260146269535953,0.15072567014404498,0.09271207546538107,,0.2231415052419337,1.0676909108298487,1.0758270777077517
C03,M1_HURDLE_MEAN,16,0.8157160090830058,23.886145375457783,3.3293884942943732,0.16330891162977051,0.06901416396475406,,0.37462754110963065,0.7596962252900985,0.8157160126121392
C03,M1_HURDLE_MEAN,17,1.0755851818527296,27.22535346706784,3.474120411008092,0.15669750873408866,0.0967449590644881,,0.21318793868656216,1.0695534891002403,1.0755851883356207
C03,M1_HURDLE_MEAN,18,0.83572501480014,22.166313253829696,3.281255613306712,0.1624493260975238,0.0695005466245237,,0.18113593651482146,0.7738007307991392,0.8357250065147255
C03,M1_HURDLE_MEAN,19,0.8079754794910146,20.9330951646576,3.076641246737684,0.15174757141912673,0.06614744746510853,,0.28187418765204475,0.6920956375296152,0.8079754760494453
C03,M1_HURDLE_MEAN,20,0.927154018423892,26.142977576134903,3.383879943663487,0.18164569466921715,0.07376573912617967,,0.24054040215524325,0.8357472100071994,0.9271540262988043
C03,M1_HURDLE_MEAN,21,0.8905685769220608,19.768330595470818,3.231182027433533,0.1734412466205808,0.10222083584022938,,0.23354322519039933,1.0082351438647874,0.8905685855505179
C03,M1_HURDLE_MEAN,22,0.8788307284693153,26.18336921399829,3.506870755333997,0.1763185437708781,0.06832137881011463,,0.23230064198135764,0.7922810384731228,0.878830739757323
C03,M1_HURDLE_MEAN,23,0.8127597726525684,18.53974933870814,3.0151059442820647,0.1654411093417144,0.05870626609780631,,0.47254145851504537,0.6936691873680858,0.8127597737547454
C03,M1_HURDLE_MEAN,24,1.0581218498338738,25.46974714164608,3.486829474354939,0.17160973655207218,0.08840079556538272,,0.2287757158927462,0.9449010856397,1.0581218497396665
C03,M1_HURDLE_MEAN,25,1.004096926394029,25.999049220570086,3.5475757421639478,0.15997837828586392,0.08176127326170524,,0.2758209195663748,0.9586479444104031,1.004096926876308
C03,M1_HURDLE_MEAN,26,0.8449273643471731,25.392799810000483,3.4140047784067065,0.1692545797904121,0.08816359969505966,,0.189106453011472,0.8063656340673179,0.8449273735399268
C03,M1_HURDLE_MEAN,27,1.1337329492265344,33.17167400336059,4.086556920214207,0.19864703751234036,0.08254772741732386,,0.41649768615419835,1.023819812128387,1.1337329515354262
C03,M1_HURDLE_MEAN,28,0.7997215071648572,21.957782154995886,3.321405381044694,0.18673226644175042,0.07857906817971631,,0.2500671747551231,0.8155202747692945,0.7997215129131825
C03,M1_HURDLE_MEAN,29,0.7182576738301772,18.1552323616886,2.881937960192924,0.1354364157286927,0.06488594768462155,,0.21572880994895038,0.6973801978413332,0.7182576651211934
C03,M1_HURDLE_MEAN,30,0.8322418788633003,23.86940872435837,3.4336104046475766,0.15907221516534675,0.07008251155840799,,0.2740692753853614,0.793630256888468,0.8322418666002313
C03,M1_HURDLE_MEAN,31,0.8240540288678515,33.26536282060013,3.576302359275966,0.1706080885919027,0.06257228871359116,,0.33226991730234673,0.7167295721367135,0.8240540243245654
C03,M1_HURDLE_MEAN,32,1.041020547297014,28.322681459320314,3.6799698779480723,0.19472849305510054,0.08207907013309274,,0.37420149040198936,0.919334207444317,1.0410205570417128
C03,M1_HURDLE_MEAN,33,0.7671014591582934,22.32370608692866,3.148369886427948,0.15410337060022758,0.07103373046071204,,0.22277175224569917,0.7155607172814333,0.767101460707108
C03,M1_HURDLE_MEAN,34,1.230197251786759,19.980458816254526,3.1765018242052365,0.16007169548459826,0.09811772512028646,,0.3240583342550499,1.2208093988417623,1.2301972514721613
C03,M1_HURDLE_MEAN,35,0.8987692905976625,18.937315471461062,3.1129109452012926,0.14565209586252628,0.07387204462985394,,0.3033277497425529,0.8788819800839707,0.8987692831417524
C03,M1_HURDLE_MEAN,36,1.225215049351792,20.685027460749275,3.168703515305727,0.1686183272402587,0.12431658885327365,,0.2661529534576053,1.3748847948789131,1.2252150418884042
C03,M1_HURDLE_MEAN,37,0.8041737059219671,20.276939197151215,3.2177098218817264,0.1649860661460266,0.06792189979163646,,0.1693554519976726,0.7642873081504967,0.8041737143070482
C03,M1_HURDLE_MEAN,38,0.9991917631641882,25.849644932524782,3.6703806808024337,0.187437020538193,0.08608743782195107,,0.2958265344906996,0.9334527033381357,0.9991917714209383
C03,M1_HURDLE_MEAN,39,1.0994958702949824,19.168369930585694,3.0554084972003084,0.15448179817304958,0.107051005840399,,0.2445267151980008,1.0678894887949912,1.099495854874617
C03,M1_HURDLE_MEAN,40,1.1236712721293234,26.234336329705474,3.593944711025567,0.1922893797855697,0.11875818275212305,,0.29344121524218547,1.2458297025063123,1.123671273168683
C03,M1_HURDLE_MEAN,41,1.1092071494475226,20.691714368129347,3.26035555080216,0.17765061961050788,0.10647369187894601,,0.3093761722560568,1.1928431687904988,1.1092071510731738
C03,M1_HURDLE_MEAN,42,1.0518294654135532,23.48621991278228,3.3562092163677635,0.1633887405600546,0.09375022170441275,,0.2512139350167012,1.041546540314998,1.0518294674331543
C03,M1_HURDLE_MEAN,43,0.8081560633027414,21.444208903449322,3.211478590130355,0.14587382105206895,0.06493940611334169,,0.16703261835636915,0.7719718994672418,0.8081560663351941
C03,M1_HURDLE_MEAN,44,1.1041711288951395,20.39666197384625,3.1399607505585623,0.1621462925210056,0.08435318851910989,,0.2879904623584384,0.9859935018337748,1.1041711223208996
C03,M1_HURDLE_MEAN,45,0.9931168791082787,21.336379348814013,3.2680460206865973,0.17078259219018177,0.07893991622472424,,0.24952547381087364,0.9042072507562731,0.9931168963681372
C03,M1_HURDLE_MEAN,46,1.0802087653425856,19.53111426880109,3.144723763805814,0.16464619925566018,0.07828006368632626,,0.5303922857362613,0.8360516004523358,1.0802087577989767
C03,M1_HURDLE_MEAN,47,0.915540264910867,19.950546818399044,3.03528110679387,0.1611158015267869,0.07095774640717273,,0.31849982066937416,0.7815479450308773,0.9155402686615626
C03,M1_HURDLE_MEAN,48,0.8642197574811585,36.5628661083841,3.9452699663015665,0.19302535800412873,0.0740850195991905,,0.26364783626318067,0.7682360438194618,0.8642197565145395
C03,M1_HURDLE_MEAN,49,0.9895358487979946,22.443725196066694,3.3262975645872457,0.14780715753341614,0.08210119047942087,,0.22978406993401929,0.9797786544749828,0.9895358441722186
C03,M1_HURDLE_MEAN,50,0.6473844464954006,17.90756779282409,2.8106505140157907,0.1434798228472483,0.05531108905657574,,0.25252075916780853,0.5605099975456466,0.6473844444258012
C03,M1_HURDLE_MEAN,51,0.8133318733025693,28.050272233161287,3.4873642447133992,0.1951901799036499,0.08373098541024733,,0.2707801568926687,0.9121260195203484,0.8133318525019083
C03,M1_HURDLE_MEAN,52,1.1133644337921922,21.032654344662365,3.227372266803248,0.17250397995605007,0.09526815892293697,,0.45819140775786726,0.9125127479009247,1.1133644387923407
C03,M1_HURDLE_MEAN,53,1.305412624859867,18.068925243140576,2.9357268925814424,0.13625160066802805,0.09699416359940402,,0.334755667444509,1.166758131142896,1.3054126156535857
C03,M1_HURDLE_MEAN,54,0.9803134251242744,30.277598697232875,3.6873301853435505,0.18064540906568644,0.07792985674293997,,0.2835115924841219,0.9096474840250552,0.9803134151854906
C03,M1_HURDLE_MEAN,55,1.0903544469511441,23.519064048110753,3.4089334841155505,0.18321658567228064,0.0981752615980637,,0.35897936317683954,0.9877302233203873,1.0903544455482166
C03,M1_HURDLE_MEAN,56,1.1448304546679857,21.51075998029316,3.143099581124261,0.15972442668767267,0.0884937918362613,,0.4771065656409394,0.9125659129185419,1.1448304451483904
C03,M1_HURDLE_MEAN,57,0.720628488684516,23.522819817471955,3.3682432874290194,0.17639850859066805,0.06760573031808023,,0.21875358152651664,0.7295692422781854,0.7206284830726446
C03,M1_HURDLE_MEAN,58,0.5202704706763144,19.97587074912025,3.0923116599531495,0.1604526914483743,0.050241879557446155,,0.23721649630341518,0.4929767854067139,0.5202704491331056
C03,M1_HURDLE_MEAN,59,1.1120739063957163,16.419745368784042,2.9875279832209953,0.15253074928837548,0.06397251061874164,,0.6829933462149383,0.7695950099698138,1.112073908856709
C03,M1_HURDLE_MEAN,60,0.8434382110988643,26.354656413166268,3.426820417759397,0.17574404390991477,0.0787121309684146,,0.22917863061028193,0.8608897108212356,0.8434382013964064
C03,M1_HURDLE_MEAN,61,0.5665500754857797,23.65147291540885,3.405278643127531,0.16852847182287808,0.05734052058419681,,0.1280005830044333,0.5360149371555188,0.5665500942769223
C03,M1_HURDLE_MEAN,62,0.8944616726137806,17.504656908573097,3.0900109860910256,0.1558267574714489,0.08041507022690089,,0.32196116301031996,0.7799123747289002,0.8944616670283919
C03,M1_HURDLE_MEAN,63,0.7170991971272448,20.530680073942253,3.1219653059533434,0.16750222660949693,0.0761760457441589,,0.22658670793108138,0.7014318682681843,0.7170991942312457
C03,M1_HURDLE_MEAN,64,0.7989729808759516,17.846459511747653,3.056388503049675,0.1664171191198163,0.08233089954182342,,0.13888459146762727,0.7747393330872816,0.7989729827158631
C03,M1_HURDLE_MEAN,65,1.139692226464204,19.05126185017012,3.0533078619046137,0.15561935458886084,0.08628501008512719,,0.46485399713462966,0.9789475477272929,1.1396922081491785
C03,M1_HURDLE_MEAN,66,0.8795633299908014,24.59146528328636,3.445259786642661,0.17193528154883053,0.08054949982606424,,0.25623414444978077,0.8784332212623946,0.879563327595303
C03,M1_HURDLE_MEAN,67,1.193463469322832,32.04110428656503,3.979124492531507,0.20994025137488664,0.1214259209738087,,0.18762601108412352,1.3685306112361446,1.1934634486565705
C03,M1_HURDLE_MEAN,68,1.0928829472875776,23.22059327358704,3.397822377873429,0.17760370075294588,0.09688502914741745,,0.20007699460267142,1.0642401566186646,1.0928829562668894
C03,M1_HURDLE_MEAN,69,0.9437904445907535,25.788192287804783,3.418394911112652,0.1571129772200514,0.0769045058738736,,0.2880230438644673,0.7775612514416705,0.9437904424001113
C03,M1_HURDLE_MEAN,70,1.0387401358023824,22.2662929620873,3.2970287857266767,0.16369610685312808,0.08949476423181177,,0.28725795005851684,1.021116664536234,1.0387401293011267
C03,M1_HURDLE_MEAN,71,0.777399748543362,23.43753446463868,3.4051361087767873,0.16580483302407534,0.06601090628206498,,0.2709918162521388,0.7060347697146981,0.7773997688714415
C03,M1_HURDLE_MEAN,72,0.9023278394085834,22.455594012638734,3.297106168283866,0.18450748880144546,0.08403823168130006,,0.25691916388464364,0.8857202244264455,0.9023278503390346
C03,M1_HURDLE_MEAN,73,1.4835947280567723,33.75532005807923,3.923583669684983,0.19718975694019286,0.1476517564156169,,0.2269614623777412,1.518254400714437,1.4835947276806247
C03,M1_HURDLE_MEAN,74,1.4097724763895285,18.459013685672897,3.132149477334072,0.14455862068403758,0.15236270517555175,,0.19501004801208652,1.515320499492443,1.4097724668789764
C03,M1_HURDLE_MEAN,75,0.8187356555592298,20.21512007979508,3.0639490969770122,0.15791243721629417,0.05330212635189919,,0.5236873014611103,0.5376056200381775,0.8187356514600084
C03,M1_HURDLE_MEAN,76,1.1396107885257218,24.815362990950682,3.4127356743847486,0.18449963271609202,0.09484608571854625,,0.3253585553202335,0.9998549819637563,1.1396107852312982
C03,M1_HURDLE_MEAN,77,0.6000810913845614,26.022025790187513,3.4276136902931476,0.17055326666775666,0.05195811138828421,,0.18583894633111975,0.5541713924746168,0.6000810871841602
C03,M1_HURDLE_MEAN,78,0.7862363514017949,28.47359789740885,3.4977843088321,0.18928086629324886,0.06214189431783975,,0.3301577321251909,0.6303315948716753,0.7862363527062235
C03,M1_HURDLE_MEAN,79,1.0610472719071324,30.626256867589035,3.8982312325776247,0.2249578677468581,0.1075804122850148,,0.1630874346664086,1.1152920604548213,1.0610472782523024
C03,M2_HURDLE_ZTNB,0,1.2572764947590642,30.74649724120655,3.6948213858280115,0.1749859124588274,0.09425569477787028,,0.5063141523146734,1.0915843138380599,1.2572765087007796
C03,M2_HURDLE_ZTNB,1,1.1921676815460618,27.937901931123,3.7008836563084815,0.19108293104805896,0.11542307790436732,,0.2711599163067263,1.2530811384680582,1.1921676646111137
C03,M2_HURDLE_ZTNB,2,1.0011737693727816,23.443248816181953,3.1980185935357905,0.16206062967926782,0.0955697127482244,,0.2442871621060455,0.9005379331917329,1.0011737837408183
C03,M2_HURDLE_ZTNB,3,1.1469789248953044,21.774387766543374,3.2276570232425,0.14520948865692201,0.09426007844776366,,0.2737334229854531,1.0107785544462313,1.1469789403185668
C03,M2_HURDLE_ZTNB,4,0.9646408317649244,21.752676189377723,3.172571327750726,0.1356357466040642,0.09293661842517986,,0.19184337117107486,0.9980341208095296,0.9646408351652507
C03,M2_HURDLE_ZTNB,5,1.0945072312844253,20.447622844196157,3.1933728501177634,0.16479621026160424,0.08099356213001124,,0.2680783915168381,0.9746086910099089,1.0945072316314621
C03,M2_HURDLE_ZTNB,6,0.9664223950617965,21.676315464561466,3.3071864536226103,0.16938078760623781,0.07421551114980102,,0.26353802904523527,0.8296761450575948,0.9664223925655147
C03,M2_HURDLE_ZTNB,7,0.9540253319619871,32.49226306179858,3.811190019577975,0.17001741381236823,0.0927539699247027,,0.3200186374579259,0.9482809632826805,0.9540253179520004
C03,M2_HURDLE_ZTNB,8,0.8662654286794708,23.420566097798186,3.2586115590468885,0.161676804443487,0.057401373003492795,,0.43582861227827163,0.6899070375462597,0.8662654081724197
C03,M2_HURDLE_ZTNB,9,1.1340476179215973,21.358164632691697,3.192088202800126,0.1503638683528122,0.10141610578725117,,0.16853149146677365,1.1072721789673954,1.1340476127512036
C03,M2_HURDLE_ZTNB,10,0.8104288710856553,20.42649537942303,3.0599356206573702,0.16136117782722165,0.06246797934489396,,0.44958388385504977,0.6418152544811868,0.810428873593749
C03,M2_HURDLE_ZTNB,11,0.8661346936092755,29.016883524351684,3.5286678863847203,0.17461058963542717,0.07043020117977603,,0.2078111777156571,0.7551611415660948,0.8661346964064063
C03,M2_HURDLE_ZTNB,12,0.8982416383463481,20.393252200292757,3.084701462338974,0.15674809581814148,0.06166874504099842,,0.31927213737760574,0.7083820890922572,0.898241639097201
C03,M2_HURDLE_ZTNB,13,0.730266966595624,24.700751102964073,3.4329083881239058,0.1782220767155191,0.06352121180513631,,0.2055403984099578,0.7003172853828353,0.7302669613971842
C03,M2_HURDLE_ZTNB,14,0.903902285583331,20.324293927515612,3.016879777930929,0.13817116529109597,0.06877397199033955,,0.33251705895939976,0.666241996739063,0.9039022713590913
C03,M2_HURDLE_ZTNB,15,1.0109574173959688,21.563522986832304,3.1239681023527437,0.15043478830742935,0.08699137075863062,,0.186552248087992,0.9971461352146938,1.010957426908325
C03,M2_HURDLE_ZTNB,16,0.8475868106883591,24.20385933168087,3.3448146703421417,0.16249639953795286,0.07242740887009941,,0.39135276366225463,0.7684229396529062,0.8475867966076125
C03,M2_HURDLE_ZTNB,17,0.9992814016574074,27.107255751694748,3.470484592301849,0.15592933777414492,0.09302790728272597,,0.21203688824383576,0.9983093078789627,0.9992813912435972
C03,M2_HURDLE_ZTNB,18,0.7925565732179798,21.922219442468606,3.250208371942487,0.16101348932611956,0.06510921043558612,,0.17326225344137008,0.7258763545570097,0.792556567668222
C03,M2_HURDLE_ZTNB,19,0.8816262704633631,21.240553337287054,3.116084283098805,0.15440512691343933,0.07178512732938949,,0.29662070043348404,0.7455413152373871,0.881626246313531
C03,M2_HURDLE_ZTNB,20,0.8931888632625404,26.32643778144938,3.432692222277789,0.18335800698317445,0.07196291573960463,,0.1831217055077368,0.8313175750659149,0.8931888590848461
C03,M2_HURDLE_ZTNB,21,0.8681914793537113,19.590412980441716,3.217353849002393,0.17185368206412308,0.09884679544473189,,0.22171461387299823,0.969980024858965,0.8681914716859145
C03,M2_HURDLE_ZTNB,22,0.9355646021511059,26.049853115048066,3.5013825814821757,0.17647887808284501,0.07330291940591618,,0.2158023246244013,0.8443863481467053,0.9355645959466377
C03,M2_HURDLE_ZTNB,23,0.7957877346673266,18.2665091035387,2.9841113993121935,0.1643435244518737,0.055124842313990216,,0.45668676140906583,0.6387113377004352,0.7957877506822411
C03,M2_HURDLE_ZTNB,24,1.0325792026848133,25.00988386815327,3.469548495049821,0.1687992049234041,0.08256790714190533,,0.23189453769950036,0.9207869697882876,1.0325791957330144
C03,M2_HURDLE_ZTNB,25,0.9295655692480274,26.59150929641885,3.6008775934278674,0.16107818178078653,0.07584528571912635,,0.26114598536597033,0.8736440986108966,0.9295655819056683
C03,M2_HURDLE_ZTNB,26,0.8365554441345203,25.400524074997804,3.425209234963764,0.16873685663529317,0.08794836906845188,,0.20096439725817802,0.8118747662725442,0.836555446393713
C03,M2_HURDLE_ZTNB,27,1.0898603619871716,32.89276993118976,4.07586054983282,0.19805788148237208,0.07977791742323416,,0.4093855109030766,0.9914944553970308,1.0898603638892554
C03,M2_HURDLE_ZTNB,28,0.7731076575136506,22.168434324736594,3.3310882859991957,0.18682182129281893,0.0758806797266568,,0.24806474854235455,0.7840027323150294,0.7731076744019206
C03,M2_HURDLE_ZTNB,29,0.7176706114293747,18.111091491587118,2.878196265018725,0.134750958308061,0.06093619981662957,,0.18875214909861385,0.6522466717957887,0.7176706279022612
C03,M2_HURDLE_ZTNB,30,0.7709812020108429,23.578950695194216,3.4127086524968036,0.1584282148390198,0.0675631263039434,,0.24766440481152766,0.7571750858466992,0.7709812160639942
C03,M2_HURDLE_ZTNB,31,0.8335271871596723,33.142261345987336,3.5859901420202123,0.16903462251460988,0.06460924508696192,,0.32502894348582434,0.7404925485901093,0.8335271754933335
C03,M2_HURDLE_ZTNB,32,1.0119477974998334,28.36392767091551,3.669018260076958,0.19634534125891445,0.07942651850076021,,0.37758110992562266,0.8661054710304699,1.0119478110786941
C03,M2_HURDLE_ZTNB,33,0.7317028457249796,22.360172108913034,3.1558302637496167,0.15601647504602173,0.07026476606480006,,0.2025961113491231,0.6977802005969581,0.7317028501623184
C03,M2_HURDLE_ZTNB,34,1.1733091663354303,19.992165983942716,3.181403138902776,0.15922228438802555,0.09568757626844615,,0.3324310871746069,1.1596004212303277,1.1733091639292357
C03,M2_HURDLE_ZTNB,35,0.839181717215008,19.375341792374805,3.147068922786275,0.14609988935772805,0.06949630882028913,,0.3227906861375809,0.8221235949769581,0.8391817092940056
C03,M2_HURDLE_ZTNB,36,1.1480641242261398,21.078254999449758,3.2071660207360155,0.17044631605909416,0.12282258227410645,,0.2377686679153172,1.3313658705327351,1.1480641286024906
C03,M2_HURDLE_ZTNB,37,0.7720452070830053,20.376076779667933,3.225944531324785,0.16443711240507014,0.06517360906768524,,0.14021156855012773,0.7397981213350889,0.7720452043957693
C03,M2_HURDLE_ZTNB,38,0.9572086565223137,25.21905688242115,3.6272586184301567,0.18393831933773977,0.080114561628821,,0.3322362163826038,0.8636339844834042,0.9572086485512981
C03,M2_HURDLE_ZTNB,39,1.0912719394334731,19.00958970168638,3.052762023655911,0.15343666509356732,0.10239537377494688,,0.2243973200986345,1.0274651779629402,1.0912719412227472
C03,M2_HURDLE_ZTNB,40,1.104004836671686,26.173894593647233,3.5773722249541224,0.1923263678435023,0.11502147800951651,,0.2792208642791432,1.2132285769685955,1.1040048266121163
C03,M2_HURDLE_ZTNB,41,1.0593928864024553,20.28502462097749,3.228406726728584,0.1754227329891429,0.10175281571759753,,0.2743811009391264,1.1308446626956565,1.0593929007898102
C03,M2_HURDLE_ZTNB,42,1.017923228006434,23.367509953242205,3.3559129108762136,0.16251966259724598,0.09082806953440495,,0.24601264440775117,0.9963169044334093,1.0179232208046347
C03,M2_HURDLE_ZTNB,43,0.8488716063971407,21.19801899913703,3.1943001372893987,0.1465473138407793,0.066672467901802,,0.16816905594948306,0.7975082780780824,0.8488716144054465
C03,M2_HURDLE_ZTNB,44,1.0726408636461706,20.232018071090323,3.117368488695785,0.16017660851256788,0.08213265484579418,,0.2798671720104903,0.9730208180088533,1.0726408772939244
C03,M2_HURDLE_ZTNB,45,0.9528462563691039,21.27373461364128,3.255039792658863,0.17076005424299623,0.07786204300927307,,0.22663189709278797,0.889904625701472,0.9528462434013156
C03,M2_HURDLE_ZTNB,46,1.0736578095343137,19.596436967028016,3.1432332841601847,0.16320280898263043,0.07430356200540689,,0.5597446821002383,0.8015020636471684,1.0736577912723189
C03,M2_HURDLE_ZTNB,47,0.885069910624362,19.956913834414696,3.0384851951569845,0.16187617106234167,0.06803532850671158,,0.28648892513489715,0.7489969067838234,0.8850698999893019
C03,M2_HURDLE_ZTNB,48,0.8464361720375504,36.74054480982327,3.980273806794685,0.19523426015420825,0.0756929331447242,,0.25566798516411215,0.7859235695559814,0.8464361733630699
C03,M2_HURDLE_ZTNB,49,0.9180645338484753,22.24138779405536,3.3097164208302274,0.14777151820521778,0.07977442081631236,,0.26294181334006705,0.9448518098262677,0.918064558727026
C03,M2_HURDLE_ZTNB,50,0.6107266195660696,17.60583172266046,2.777932133499781,0.14020143727132395,0.05447947000564521,,0.24167965508224942,0.5519561751730802,0.610726617164018
C03,M2_HURDLE_ZTNB,51,0.8411698757921542,28.081801284415164,3.4948547951839726,0.19490136334110797,0.0810312388143779,,0.23490545323341547,0.8973717496659227,0.8411698692866961
C03,M2_HURDLE_ZTNB,52,1.095657698697399,21.5131723168264,3.263813566376901,0.17347610557767626,0.09173162163315168,,0.4358411122319298,0.9211366621427098,1.0956577026925218
C03,M2_HURDLE_ZTNB,53,1.2551193777080534,18.247034820748873,2.9390573897896197,0.1350149603167212,0.09408437667637048,,0.310487057125712,1.1223357774837748,1.2551194004799089
C03,M2_HURDLE_ZTNB,54,0.9642924625317248,30.519754899815,3.7023380301640523,0.17999375681220797,0.0756847429522852,,0.33071253483215857,0.8739581332529283,0.9642924583952117
C03,M2_HURDLE_ZTNB,55,1.0633792337388632,23.470671876331018,3.4059128269682333,0.18136730264678147,0.0951887348615684,,0.36225095567609633,0.9656880449748095,1.063379234994336
C03,M2_HURDLE_ZTNB,56,1.143572373224695,21.71943279988254,3.1507294816741096,0.15972743529603237,0.08529066850384616,,0.4950248778069093,0.8991036454912283,1.1435723641769133
C03,M2_HURDLE_ZTNB,57,0.769997361203469,23.035007750674183,3.3475094800814986,0.17550095154449166,0.07150837601882058,,0.18550962315409952,0.7790738877505065,0.7699973406551457
C03,M2_HURDLE_ZTNB,58,0.5779196577559913,19.99975425394799,3.0746266525814105,0.16138970737583286,0.05441559705756866,,0.25727915591848316,0.5172159683162048,0.5779196698455049
C03,M2_HURDLE_ZTNB,59,1.0579900854325133,16.15260691562792,2.956574346929225,0.14979968040244337,0.05969999653796392,,0.6735957731447778,0.7110881314271553,1.0579900835725609
C03,M2_HURDLE_ZTNB,60,0.8462731627387874,26.395427380882342,3.425048238607512,0.17464092350727373,0.07763763228044,,0.25305860746894837,0.8447195259830391,0.8462731605757186
C03,M2_HURDLE_ZTNB,61,0.5860432169999635,23.745440847952395,3.414414631552063,0.16982714698526405,0.05719950486325608,,0.12483523294168108,0.5568235835779398,0.586043223880644
C03,M2_HURDLE_ZTNB,62,0.8851974186915448,17.481142185272667,3.0973612243687967,0.1563826439684482,0.07898002359943694,,0.3235962340495654,0.7785368178898469,0.8851974264961366
C03,M2_HURDLE_ZTNB,63,0.7100854471227801,20.559443936488673,3.102306649734958,0.16557516833269958,0.07362188342075321,,0.21988935926950068,0.7106002969924474,0.7100854387833684
C03,M2_HURDLE_ZTNB,64,0.8164353205222334,18.325326017382835,3.094231489061106,0.1678688290255093,0.08229100248361607,,0.14312665296588267,0.7838518393970835,0.8164353227612304
C03,M2_HURDLE_ZTNB,65,1.1047417523031475,18.776392776275543,3.024980036949273,0.15401227682484164,0.08523960072395212,,0.43179270098315603,0.9752382865704254,1.1047417645513788
C03,M2_HURDLE_ZTNB,66,0.8535079566408449,24.65722979611276,3.459455289732432,0.17188678475524422,0.07737410142893683,,0.21605437404825661,0.8312284852916652,0.8535079513230415
C03,M2_HURDLE_ZTNB,67,1.1883954182452379,32.094314854525095,3.9857815315590415,0.20817477927182115,0.11853110697228422,,0.18487306545590243,1.3211072541751734,1.1883954310239147
C03,M2_HURDLE_ZTNB,68,1.064671019801823,23.081229653039017,3.37393820512807,0.17669989278345427,0.0938949399383185,,0.22688761467181806,1.0376538530492025,1.0646710237770947
C03,M2_HURDLE_ZTNB,69,0.8955424675032991,25.860973640571835,3.4278745334158884,0.15740751111500143,0.07263052333321515,,0.26299255873368504,0.7331284568920884,0.8955424643010503
C03,M2_HURDLE_ZTNB,70,0.969297397757937,21.91104377332951,3.258323000006688,0.16230589236719656,0.08629194434634786,,0.25138584562384514,0.9782586367360124,0.9692973868407329
C03,M2_HURDLE_ZTNB,71,0.7221757383577357,23.108060187010373,3.3794598533034637,0.16441224522515802,0.06424974611067938,,0.2933424912335622,0.6819505398059595,0.7221757358817373
C03,M2_HURDLE_ZTNB,72,0.8678957743865412,22.313654192368475,3.2741884807724517,0.18284489160688422,0.07991153916824681,,0.26335646027109344,0.8367647296490617,0.8678957739379061
C03,M2_HURDLE_ZTNB,73,1.4585069502224597,33.88348159889516,3.93600793533066,0.19757135864362052,0.14517343821887124,,0.2592246054393465,1.4919665868281948,1.4585069389845957
C03,M2_HURDLE_ZTNB,74,1.4244962184606442,18.56953735028319,3.1385401305257496,0.14545421224472618,0.15048850038814476,,0.1984115123826312,1.5146596175280014,1.424496228376011
C03,M2_HURDLE_ZTNB,75,0.8026665420058332,19.92293821699492,3.0203596212862367,0.15415992821142316,0.0518284245553237,,0.5106986202042936,0.5221800232219358,0.8026665555911271
C03,M2_HURDLE_ZTNB,76,1.1270934103905121,25.06441176348462,3.421331649136846,0.18461888671399512,0.09581513196348604,,0.3055315050342524,1.000269585664835,1.127093430747784
C03,M2_HURDLE_ZTNB,77,0.6457302731839571,26.407177487933126,3.4516393470722155,0.17180605244496888,0.052194701458206774,,0.2210361864434298,0.5767356126358617,0.6457302597110706
C03,M2_HURDLE_ZTNB,78,0.8048964581855338,28.360209186329065,3.4964073691759645,0.19068863327606445,0.0637727257863362,,0.3706431852190716,0.6213941602785231,0.8048964509299733
C03,M2_HURDLE_ZTNB,79,1.0565415411575658,30.535620487749654,3.877823345309783,0.22544629591169596,0.10877413694302249,,0.16802350672619287,1.1309264596842903,1.0565415379204588
C04,M0_PARAMETER_MATCHED_POINT,0,0.8650229210361625,30.470305146257573,3.9277045055835815,,,,,,
C04,M0_PARAMETER_MATCHED_POINT,1,0.7142003115424753,22.779232267759106,3.2288163767467877,,,,,,
C04,M0_PARAMETER_MATCHED_POINT,2,1.091993970817013,27.791319728631834,3.5361761923316712,,,,,,
C04,M0_PARAMETER_MATCHED_POINT,3,0.9582308368881156,14.563972649872017,2.9294569677246427,,,,,,
C04,M0_PARAMETER_MATCHED_POINT,4,0.9038993996471252,29.27522409241481,3.6235835462478767,,,,,,
C04,M0_PARAMETER_MATCHED_POINT,5,1.2028276127216495,19.391046435043226,3.2288607419468462,,,,,,
C04,M0_PARAMETER_MATCHED_POINT,6,1.3553413550457276,29.652784946482953,3.5591026516631246,,,,,,
C04,M0_PARAMETER_MATCHED_POINT,7,1.3808568691632983,25.86873512371276,3.703688201843761,,,,,,
C04,M0_PARAMETER_MATCHED_POINT,8,1.3729473681678552,28.977495465811028,3.503535914855699,,,,,,
C04,M0_PARAMETER_MATCHED_POINT,9,1.1300850206651951,24.51796040003303,3.456254870087529,,,,,,
C04,M0_PARAMETER_MATCHED_POINT,10,1.1665606364094516,24.327276133195532,3.550852083736875,,,,,,
C04,M0_PARAMETER_MATCHED_POINT,11,0.9551124804657565,25.56799055604921,3.556591966003907,,,,,,
C04,M0_PARAMETER_MATCHED_POINT,12,1.0418007367942423,14.725579224012225,2.8776230175280944,,,,,,
C04,M0_PARAMETER_MATCHED_POINT,13,1.2257827329379,19.459989159403598,3.248034011441632,,,,,,
C04,M0_PARAMETER_MATCHED_POINT,14,1.189886934593047,26.498224518650343,3.315637029319381,,,,,,
C04,M0_PARAMETER_MATCHED_POINT,15,1.1975489989783108,27.51615314138353,3.784759669433697,,,,,,
C04,M0_PARAMETER_MATCHED_POINT,16,1.2003930409417984,22.48405113945696,3.493166092278746,,,,,,
C04,M0_PARAMETER_MATCHED_POINT,17,1.2211932636579883,24.82063847969655,3.3230752130815135,,,,,,
C04,M0_PARAMETER_MATCHED_POINT,18,1.1505426169187887,25.27107487374274,3.449329373581956,,,,,,
C04,M0_PARAMETER_MATCHED_POINT,19,0.8639923489910954,25.00473540813241,3.4115653980406933,,,,,,
C04,M0_PARAMETER_MATCHED_POINT,20,1.1946512979069168,24.10986279483962,3.5442080235370668,,,,,,
C04,M0_PARAMETER_MATCHED_POINT,21,0.8670542762902231,26.857787920505203,3.494168578491857,,,,,,
C04,M0_PARAMETER_MATCHED_POINT,22,0.8021031010971559,37.432498659527084,4.1263135910655055,,,,,,
C04,M0_PARAMETER_MATCHED_POINT,23,0.8331351490534271,21.487753642153535,3.269805046690938,,,,,,
C04,M0_PARAMETER_MATCHED_POINT,24,1.4243711699222743,22.146062140347418,3.313799631083384,,,,,,
C04,M0_PARAMETER_MATCHED_POINT,25,0.9989320477203988,28.635841243623815,3.550108269477884,,,,,,
C04,M0_PARAMETER_MATCHED_POINT,26,0.9719342016539236,32.656370953097465,3.8376777853118256,,,,,,
C04,M0_PARAMETER_MATCHED_POINT,27,1.3709752183838682,34.45339276976914,4.219587166638424,,,,,,
C04,M0_PARAMETER_MATCHED_POINT,28,1.3508596962278974,27.480932870266617,3.705193587229587,,,,,,
C04,M0_PARAMETER_MATCHED_POINT,29,1.2227746889985063,15.012106440204454,2.757127644959837,,,,,,
C04,M0_PARAMETER_MATCHED_POINT,30,0.9727319304439888,21.147441415708506,3.3160549577247975,,,,,,
C04,M0_PARAMETER_MATCHED_POINT,31,1.3004336870445585,33.88904027492803,4.199907822418027,,,,,,
C04,M0_PARAMETER_MATCHED_POINT,32,1.1104348230678254,32.0897153858214,4.191116387703611,,,,,,
C04,M0_PARAMETER_MATCHED_POINT,33,1.2762910016352982,30.27584397223967,3.825154504690242,,,,,,
C04,M0_PARAMETER_MATCHED_POINT,34,1.4454390892876914,20.492519592146138,3.3334123111950857,,,,,,
C04,M0_PARAMETER_MATCHED_POINT,35,1.0029586519716673,19.431564400408433,3.1072084278469747,,,,,,
C04,M0_PARAMETER_MATCHED_POINT,36,1.1422062622511935,16.196657116845184,2.981283447899235,,,,,,
C04,M0_PARAMETER_MATCHED_POINT,37,1.1318085206740367,26.195889612248997,3.8060375883554416,,,,,,
C04,M0_PARAMETER_MATCHED_POINT,38,1.2161639271374285,31.84497127783903,3.959695152201069,,,,,,
C04,M0_PARAMETER_MATCHED_POINT,39,1.2991954944074915,15.065780931255983,2.742060340523797,,,,,,
C04,M0_PARAMETER_MATCHED_POINT,40,1.5167841766023038,35.83823395241745,3.875851899773503,,,,,,
C04,M0_PARAMETER_MATCHED_POINT,41,1.1048242544435887,33.02238438270302,3.9033244660143582,,,,,,
C04,M0_PARAMETER_MATCHED_POINT,42,1.192817223943309,26.270444300793187,3.611609945539385,,,,,,
C04,M0_PARAMETER_MATCHED_POINT,43,1.4335241202992965,28.730738747603144,3.826243272885525,,,,,,
C04,M0_PARAMETER_MATCHED_POINT,44,0.826967204803168,21.886501650663227,3.405030284503785,,,,,,
C04,M0_PARAMETER_MATCHED_POINT,45,1.3069320173794012,28.09316111703798,3.401256057462888,,,,,,
C04,M0_PARAMETER_MATCHED_POINT,46,1.1614700992761955,11.994603522348559,2.522120770120334,,,,,,
C04,M0_PARAMETER_MATCHED_POINT,47,0.9637083331523966,23.06481460473669,3.2335479645898886,,,,,,
C04,M0_PARAMETER_MATCHED_POINT,48,0.7516388796829305,35.33824535717771,4.000690152596993,,,,,,
C04,M0_PARAMETER_MATCHED_POINT,49,0.899452331046728,30.776963482043634,3.7651849284108416,,,,,,
C04,M0_PARAMETER_MATCHED_POINT,50,1.291743324704605,18.43903350082597,3.0769167468727874,,,,,,
C04,M0_PARAMETER_MATCHED_POINT,51,1.0226525766393268,16.3744750249581,3.004256421001628,,,,,,
C04,M0_PARAMETER_MATCHED_POINT,52,1.4616375262842318,18.460262476831268,3.0819521679853397,,,,,,
C04,M0_PARAMETER_MATCHED_POINT,53,1.2466725081331247,23.326820378966048,3.281624600989744,,,,,,
C04,M0_PARAMETER_MATCHED_POINT,54,0.8718132093706163,29.103706230210616,3.885378619617162,,,,,,
C04,M0_PARAMETER_MATCHED_POINT,55,0.8811278069332772,19.068092339107334,3.106363868690096,,,,,,
C04,M0_PARAMETER_MATCHED_POINT,56,1.254850423024464,19.98377160267352,3.0886283462556703,,,,,,
C04,M0_PARAMETER_MATCHED_POINT,57,0.8667269076250528,25.797435328460423,3.4838186813819148,,,,,,
C04,M0_PARAMETER_MATCHED_POINT,58,0.7387380429616832,29.87401511446649,3.574024507232631,,,,,,
C04,M0_PARAMETER_MATCHED_POINT,59,1.0283908882655606,23.922797165260903,3.3072674581587007,,,,,,
C04,M0_PARAMETER_MATCHED_POINT,60,1.3129672062685036,24.496962211144055,3.6642857333645225,,,,,,
C04,M0_PARAMETER_MATCHED_POINT,61,0.935576849081035,23.65277219607865,3.266774600953795,,,,,,
C04,M0_PARAMETER_MATCHED_POINT,62,1.0172072279540703,14.642938467711396,2.9576814489034104,,,,,,
C04,M0_PARAMETER_MATCHED_POINT,63,0.9073850964731469,20.495536761904113,3.240090000753601,,,,,,
C04,M0_PARAMETER_MATCHED_POINT,64,1.255651799603641,28.104137024685073,3.7150284384066863,,,,,,
C04,M0_PARAMETER_MATCHED_POINT,65,1.00605972778617,20.591354523656335,3.247672372594631,,,,,,
C04,M0_PARAMETER_MATCHED_POINT,66,1.6137415097231838,24.221354378871602,3.3792985699838027,,,,,,
C04,M0_PARAMETER_MATCHED_POINT,67,0.9216518164884497,23.992199959255146,3.4309822589857504,,,,,,
C04,M0_PARAMETER_MATCHED_POINT,68,1.4435289762323427,29.554615607762038,3.7633371747409305,,,,,,
C04,M0_PARAMETER_MATCHED_POINT,69,1.5918121109099137,26.48985291707895,3.461403511212363,,,,,,
C04,M0_PARAMETER_MATCHED_POINT,70,1.6122308350475125,29.8682658031277,3.6414286008803174,,,,,,
C04,M0_PARAMETER_MATCHED_POINT,71,0.9864305660884545,24.767813814770427,3.653314277992952,,,,,,
C04,M0_PARAMETER_MATCHED_POINT,72,1.0221444543203155,29.166464130071073,3.7836623965655845,,,,,,
C04,M0_PARAMETER_MATCHED_POINT,73,1.644961795191406,21.953105421042785,3.3863057997465758,,,,,,
C04,M0_PARAMETER_MATCHED_POINT,74,1.3812753659971242,16.99518103503398,3.0506835182386567,,,,,,
C04,M0_PARAMETER_MATCHED_POINT,75,0.8714194140502696,24.76884100775733,3.2867774088590522,,,,,,
C04,M0_PARAMETER_MATCHED_POINT,76,1.1758109534305656,24.71157766916783,3.4971861158458823,,,,,,
C04,M0_PARAMETER_MATCHED_POINT,77,1.3784651020311145,24.920605231060513,3.674931821413338,,,,,,
C04,M0_PARAMETER_MATCHED_POINT,78,1.382254220698657,32.61399839457067,3.971038193752368,,,,,,
C04,M0_PARAMETER_MATCHED_POINT,79,0.9861526776437557,21.404689838494974,3.543577139188225,,,,,,
C04,M1_HURDLE_MEAN,0,0.86081114832334,30.219381279690317,3.7778804403496906,0.16420040292472537,0.08558381815230436,,0.3725384318612438,0.8558381815230436,0.8608111464595636
C04,M1_HURDLE_MEAN,1,0.6578167067598062,22.76738166461383,3.1146355706829163,0.1572342245040656,0.0683935674736722,,0.25252793533769236,0.683935674736722,0.6578167100910499
C04,M1_HURDLE_MEAN,2,1.0124735003634622,27.495585442482273,3.356151402120834,0.1768655284354525,0.09573184809080876,,0.3306166616921564,0.9573184809080877,1.0124734963445168
C04,M1_HURDLE_MEAN,3,0.8420279592920662,14.270694837330993,2.856594555984581,0.14636766144802238,0.07116093863385259,,0.3957356797464853,0.7116093863385258,0.8420279549512937
C04,M1_HURDLE_MEAN,4,0.7106576831633913,29.382961907612717,3.632189842241739,0.14766693716945115,0.06747601421633906,,0.30788819388058764,0.6747601421633906,0.710657685065827
C04,M1_HURDLE_MEAN,5,1.0989476911613014,18.942423120963984,3.124023484182544,0.16654641738566428,0.1039850790324169,,0.3083814907652874,1.0398507903241692,1.0989476794239934
C04,M1_HURDLE_MEAN,6,1.2370459396269626,29.888555626724564,3.5552961611065257,0.16849179244427614,0.11451794285359385,,0.44957716029174893,1.1451794285359387,1.2370459429536074
C04,M1_HURDLE_MEAN,7,1.3048413454482297,25.344985637871133,3.525037956889112,0.17106198784351678,0.12119554516892733,,0.3759891738806965,1.2119554516892732,1.3048413259014682
C04,M1_HURDLE_MEAN,8,1.3566070629496547,29.091127889514638,3.4261215977215516,0.17087805934792683,0.12401776948472815,,0.3871680366372586,1.2401776948472816,1.356607049738197
C04,M1_HURDLE_MEAN,9,1.1085601451425737,24.449292496184746,3.219116621927242,0.16158793958611312,0.10742555125636247,,0.23981880994730886,1.0742555125636246,1.1085601501096571
C04,M1_HURDLE_MEAN,10,1.1244236483477432,24.46922908550208,3.4042606793500454,0.16654152871753794,0.1051235961470949,,0.27087475137788114,1.051235961470949,1.1244236567769894
C04,M1_HURDLE_MEAN,11,0.9421144893360514,26.087095797044555,3.561600837394072,0.17961030281490484,0.08876631480173672,,0.29114165921765633,0.8876631480173673,0.9421144852693264
C04,M1_HURDLE_MEAN,12,1.0705445633798285,14.110096570881975,2.6873101897072047,0.15175168954051027,0.09509334844496849,,0.406810858403158,0.9509334844496848,1.0705445597945742
C04,M1_HURDLE_MEAN,13,1.0123201361921184,18.876560181091918,3.105989053709834,0.18150232636078523,0.09270485035127873,,0.29599536112081937,0.9270485035127873,1.0123201198134222
C04,M1_HURDLE_MEAN,14,1.2812183257943968,26.590737879622232,3.2692437107454757,0.1594388973790486,0.12624316087579118,,0.3660202375263599,1.262431608757912,1.281218314881053
C04,M1_HURDLE_MEAN,15,1.069210521933303,27.46916263192599,3.55612067055578,0.16054845450084929,0.10526921173125867,,0.3494628465542241,1.0526921173125867,1.069210519707391
C04,M1_HURDLE_MEAN,16,0.9618230617902905,21.592556925662407,3.248318395669571,0.16297142352109517,0.09262406503305011,,0.32396853840678436,0.9262406503305011,0.9618230511492387
C04,M1_HURDLE_MEAN,17,1.08755527649934,24.626203207270528,3.27743893043953,0.15978669402408413,0.10406759506396698,,0.3613978855990423,1.0406759506396699,1.0875552841618665
C04,M1_HURDLE_MEAN,18,1.14399756287483,24.739836133547676,3.2135670447799685,0.1816370481386577,0.10535651971349519,,0.3114306190250984,1.0535651971349518,1.1439975724031477
C04,M1_HURDLE_MEAN,19,0.773898903401968,24.501938810557967,3.2582616144346686,0.146351198787176,0.07872793032589159,,0.46729556660777344,0.7872793032589158,0.7738989098565512
C04,M1_HURDLE_MEAN,20,1.1164913901628237,24.237360914504535,3.4773905540496344,0.17981180819433795,0.10529012629063544,,0.3701185823366302,1.0529012629063543,1.1164913941532113
C04,M1_HURDLE_MEAN,21,0.8443797652052015,27.51499846449051,3.5482777459934978,0.17971244691070115,0.07477564341701606,,0.4174469091980898,0.7477564341701606,0.8443797645166392
C04,M1_HURDLE_MEAN,22,0.7343868616480272,36.84676388868693,4.0059955895606745,0.16660817291304264,0.06895527210412403,,0.30454373595035455,0.6895527210412404,0.7343868569001217
C04,M1_HURDLE_MEAN,23,0.7425070002716925,20.87401740326928,3.1515288918744773,0.17249056953709727,0.06548386194873487,,0.34717131776978594,0.6548386194873488,0.7425069958898112
C04,M1_HURDLE_MEAN,24,1.364074589105773,21.572297380759046,3.245728809502907,0.17447631777022476,0.13020687889003751,,0.3364741067919541,1.3020687889003755,1.3640745805908743
C04,M1_HURDLE_MEAN,25,0.8610073987519533,28.099993835703366,3.4345220233323728,0.16682439320991527,0.08107679566026715,,0.4104564296991564,0.8107679566026714,0.8610074035104199
C04,M1_HURDLE_MEAN,26,0.8809229721289817,31.923090759794043,3.7313883619987487,0.16498435750848883,0.08715441767652846,,0.2646854595665841,0.8715441767652846,0.880922966318403
C04,M1_HURDLE_MEAN,27,1.2738425850782187,33.601416984958504,4.109644872630287,0.21371949417831282,0.10716816679997641,,0.4751772949407557,1.0716816679997643,1.273842600628647
C04,M1_HURDLE_MEAN,28,1.1840633699792256,26.992709442634613,3.6503908750407086,0.18906255633975727,0.11760364648535639,,0.22782085514574582,1.176036464853564,1.184063371412641
C04,M1_HURDLE_MEAN,29,1.1069349505891255,14.598462840194557,2.603288856422296,0.14269119473259118,0.1032353006819493,,0.36393629538489664,1.032353006819493,1.1069349460506352
C04,M1_HURDLE_MEAN,30,0.9355876664197839,20.265311579505905,3.21332956959183,0.15937944880312105,0.0824450796591448,,0.37243427055253764,0.8244507965914479,0.9355876715001248
C04,M1_HURDLE_MEAN,31,1.133826340098271,33.989841498233446,4.045964537211811,0.19758678974124405,0.09404107469183609,,0.5489969856572638,0.9404107469183609,1.1338263215104425
C04,M1_HURDLE_MEAN,32,1.011755881585588,32.47167853948416,4.104494088856276,0.21537829089188534,0.09320584558756657,,0.3821385796455495,0.9320584558756657,1.011755882557896
C04,M1_HURDLE_MEAN,33,1.1467436818555004,29.072852139133325,3.6651620500260833,0.16809682044519061,0.11402327778368321,,0.29508767454323925,1.140232777836832,1.1467436867405159
C04,M1_HURDLE_MEAN,34,1.3919576904129503,20.302435657255348,3.082658208747406,0.16670825553354646,0.13565200525039103,,0.38922383685699413,1.3565200525039103,1.3919576900177284
C04,M1_HURDLE_MEAN,35,1.0263998557442706,19.393438666199383,3.090902444909177,0.13999050037743022,0.06936335792904919,,0.5217222352610638,0.693633579290492,1.0263998482209726
C04,M1_HURDLE_MEAN,36,1.0423918420186085,16.06204675809299,2.806162233275245,0.1678189087444988,0.09119736699204449,,0.44084355297062805,0.9119736699204449,1.042391837517839
C04,M1_HURDLE_MEAN,37,1.0057319211580382,25.57620226722917,3.6839976543560624,0.1706272912022438,0.09586937074462928,,0.2994409235879112,0.9586937074462929,1.0057319129240971
C04,M1_HURDLE_MEAN,38,0.9889240386935538,30.891055209182944,3.751932084618602,0.18493241315550565,0.09060736210116829,,0.2959724695271575,0.9060736210116829,0.9889240293777652
C04,M1_HURDLE_MEAN,39,1.334681913378702,15.225076116207223,2.742272418613235,0.1428832953310039,0.12375094962186226,,0.4609150798889863,1.2375094962186224,1.3346819128824472
C04,M1_HURDLE_MEAN,40,1.3961681475223706,35.843016485587654,3.7845364429928545,0.1862495183351691,0.1435794469648975,,0.30352130892559104,1.4357944696489748,1.3961681430372215
C04,M1_HURDLE_MEAN,41,0.9935152438442227,33.277375893916066,3.759137247544156,0.17915966718488371,0.0895662275833001,,0.2986575900180075,0.8956622758330011,0.9935152372879574
C04,M1_HURDLE_MEAN,42,1.0006967444482173,26.643592165569224,3.67163237419057,0.1714322984358313,0.09477827984670215,,0.2543910452218314,0.9477827984670215,1.000696742476955
C04,M1_HURDLE_MEAN,43,1.2138348537372081,27.48792792413151,3.5262001826001024,0.16611864745885857,0.11999606959957751,,0.25424068059435434,1.1999606959957752,1.2138348500818186
C04,M1_HURDLE_MEAN,44,0.6436343587111428,22.24255849336618,3.3179553794232106,0.1646483580407205,0.06334783408728711,,0.4125759105490866,0.633478340872871,0.6436343677512224
C04,M1_HURDLE_MEAN,45,1.1936407398029565,27.479090850954222,3.2647617472911206,0.16765205719026283,0.10996848589329015,,0.4377982978786182,1.0996848589328985,1.1936407325070064
C04,M1_HURDLE_MEAN,46,1.0039086160766577,12.398199324046583,2.5805494861754896,0.1613076309310995,0.08387509311872818,,0.3929189767846781,0.8387509311872817,1.003908626373977
C04,M1_HURDLE_MEAN,47,0.8102836134194341,23.797675332284673,3.2099212078707446,0.1566885833144916,0.07454093458617747,,0.33325214852140184,0.7454093458617748,0.8102836223470294
C04,M1_HURDLE_MEAN,48,0.6464270245769681,34.65447449445767,3.944579419154858,0.1889692617623297,0.05335396208457343,,0.35492292877139364,0.5335396208457344,0.6464270240362318
C04,M1_HURDLE_MEAN,49,0.7515895058620656,30.05808554182625,3.6878980109856156,0.14995596216293336,0.06947220939074931,,0.3035909295622081,0.6947220939074932,0.7515895141303257
C04,M1_HURDLE_MEAN,50,1.1121696805028285,18.845185814025935,2.948365688789636,0.16468118275913943,0.10109799269130931,,0.3553341005777958,1.010979926913093,1.1121696787929332
C04,M1_HURDLE_MEAN,51,0.9204029087578468,16.538759216740075,2.869986263590566,0.1748223161399171,0.09086951478141034,,0.27708479343604575,0.9086951478141025,0.9204029065277672
C04,M1_HURDLE_MEAN,52,1.517668589157583,17.95636913611026,2.8752370821700124,0.16472888661151497,0.13915656106969992,,0.5285157114276757,1.3915656106969991,1.5176685908712995
C04,M1_HURDLE_MEAN,53,0.9684605848669536,22.707030461540285,3.0874633708009696,0.13358783612750535,0.09168152612642395,,0.378002007742005,0.9168152612642384,0.9684605865292234
C04,M1_HURDLE_MEAN,54,0.8404324112548862,28.764964271262187,3.744356622374834,0.18381142481108603,0.06465347410546393,,0.3390184892807685,0.6465347410546358,0.8404324079493737
C04,M1_HURDLE_MEAN,55,0.8066545221516324,18.521113357480637,2.9882208038173026,0.16134517060308753,0.07114858799570295,,0.26097413688924215,0.7114858799570294,0.8066545255209532
C04,M1_HURDLE_MEAN,56,1.1012939503199366,19.106263106259835,2.9884653410505657,0.1730760790310043,0.10261097518243625,,0.4726068662127538,1.0261097518243625,1.1012939447429329
C04,M1_HURDLE_MEAN,57,0.749523963143,25.670036139484267,3.459265516571274,0.17114807191680154,0.06911912414314648,,0.3481944767379084,0.6911912414314648,0.7495239611920581
C04,M1_HURDLE_MEAN,58,0.6581649107298204,28.980314335269604,3.4721775782828326,0.14894458976985425,0.059434851325346684,,0.35187046893804874,0.5943485132534669,0.6581649153358407
C04,M1_HURDLE_MEAN,59,1.0198243591596845,23.87807650883782,3.163103891329532,0.152890430800536,0.07815129111839214,,0.5576183353297388,0.7815129111839215,1.01982437330611
C04,M1_HURDLE_MEAN,60,1.2972726311747311,24.46278938847209,3.585775399369595,0.19626687171686355,0.12999712814254777,,0.24488459810193403,1.2999712814254774,1.2972726241559616
C04,M1_HURDLE_MEAN,61,0.8703220927659762,22.780332393607956,3.1285233350839308,0.1680134682144978,0.08196979918151215,,0.4379336251057808,0.8196979918151215,0.8703220949351952
C04,M1_HURDLE_MEAN,62,1.0582268940660098,15.062322746941717,2.9188652622136333,0.15585433716148284,0.08850627683577017,,0.3814006845925576,0.8850627683577017,1.0582268942861923
C04,M1_HURDLE_MEAN,63,0.8316441199237432,20.444299680594863,3.0717318235741304,0.1718269011642824,0.07473217191377879,,0.26782273188763495,0.7473217191377878,0.8316441175499665
C04,M1_HURDLE_MEAN,64,1.1772278975355086,28.337887868464954,3.7234451419596253,0.16827336471250665,0.11011782157407271,,0.2715609605929086,1.101178215740727,1.1772278800913845
C04,M1_HURDLE_MEAN,65,0.8963872076417134,20.869105205287944,3.211027641533292,0.1416682162266219,0.07779365890831706,,0.43116287386564234,0.7779365890831705,0.8963872081477657
C04,M1_HURDLE_MEAN,66,1.584743621411176,24.5712254560555,3.310084141693854,0.19278406758533312,0.1486957548347771,,0.46773179077361504,1.4869575483477708,1.5847436228647287
C04,M1_HURDLE_MEAN,67,0.8965842605236778,23.81943827353012,3.3641505133903893,0.18290912184637115,0.08375726911100964,,0.2586198748551405,0.8375726911100965,0.8965842592323869
C04,M1_HURDLE_MEAN,68,1.2352994300413616,29.276100763067944,3.6252716431239,0.1810589620630297,0.1186296884740851,,0.2659837782565,1.1862968847408513,1.235299433199022
C04,M1_HURDLE_MEAN,69,1.4202491383235656,26.589111775427035,3.3617863146046147,0.1746520745488016,0.14067572894488695,,0.27050581236407045,1.4067572894488696,1.4202491541615867
C04,M1_HURDLE_MEAN,70,1.4923961650783721,29.415457790190246,3.5328688046817356,0.17980272566855676,0.1359371365867887,,0.49147896506421596,1.359371365867887,1.4923961449353587
C04,M1_HURDLE_MEAN,71,0.8777405433071694,24.62356027504194,3.552771680794346,0.17309218533700826,0.08666272635615266,,0.27360013028951313,0.8666272635615266,0.8777405421967458
C04,M1_HURDLE_MEAN,72,0.8708845208607524,28.71790520834112,3.667609716345031,0.19477078150215843,0.08560037665472225,,0.2861192828744291,0.8560037665472227,0.8708845210169607
C04,M1_HURDLE_MEAN,73,1.4604992644104238,20.974198376090094,3.2700246464664815,0.2129965812289879,0.1412994040197847,,0.3525997619285494,1.4129940401978471,1.4604992649780195
C04,M1_HURDLE_MEAN,74,1.2466825481334576,16.56763088698426,2.9845104833754403,0.1545105589518227,0.12623926055298998,,0.2862105479876297,1.2623926055298997,1.2466825440947096
C04,M1_HURDLE_MEAN,75,0.7989695449540966,24.934528741942067,3.2217361896694756,0.1560790425539778,0.08324428365862171,,0.3507973821351999,0.8324428365862172,0.7989695399154986
C04,M1_HURDLE_MEAN,76,1.0049314978326507,23.589260087046846,3.2969455021692506,0.16527087667171314,0.0837777097448835,,0.4974673968211215,0.837777097448835,1.004931495737519
C04,M1_HURDLE_MEAN,77,1.3057458326164213,24.94636844547837,3.5754788545503593,0.18208934595249082,0.11831210543404837,,0.4605519904948461,1.1831210543404835,1.305745819847837
C04,M1_HURDLE_MEAN,78,1.2469796149054644,33.78298129475529,4.054783915014317,0.19846853924762,0.11361959553760087,,0.3283817379932953,1.1361959553760088,1.246979625015589
C04,M1_HURDLE_MEAN,79,0.8722378977571082,22.136856851812624,3.4449609278329563,0.22034994353337178,0.0861826251868826,,0.42037102296410767,0.8618262518688261,0.8722378985695157
C04,M2_HURDLE_ZTNB,0,0.8110165741712372,29.93773313665244,3.760128858729634,0.16250468099543564,0.08091453150088013,,0.3480305727682687,0.8091453150088014,0.811016569795725
C04,M2_HURDLE_ZTNB,1,0.6632035200400791,22.585917109842875,3.110546450281997,0.1576256703976669,0.0697194392026381,,0.21267587540796506,0.6971943920263772,0.663203517965496
C04,M2_HURDLE_ZTNB,2,0.9679046933612592,26.938143427871687,3.382898419970328,0.17305280794272837,0.0917828504887131,,0.28837539821848546,0.9178285048871271,0.9679047134301598
C04,M2_HURDLE_ZTNB,3,0.7900979671494042,14.18247415705218,2.8564408933186014,0.14726086146449835,0.06819967649375042,,0.36898792401338587,0.681996764937504,0.7900979680526619
C04,M2_HURDLE_ZTNB,4,0.8288454953979503,28.645335377105617,3.6099097179861515,0.1416210252358605,0.07021047509154363,,0.3254792517238688,0.7021047509154363,0.8288454992690796
C04,M2_HURDLE_ZTNB,5,1.0561697307832763,18.75016558628238,3.1316098150631055,0.16414991858272907,0.0996443089154857,,0.24972456378325064,0.996443089154857,1.0561697344131855
C04,M2_HURDLE_ZTNB,6,1.1778800809583907,30.101563819555423,3.5947385809407324,0.1678297771456438,0.10969801679417895,,0.396194394008502,1.0969801679417897,1.1778800859832261
C04,M2_HURDLE_ZTNB,7,1.1870482877876936,25.386537310282442,3.538489820138163,0.1722472678128722,0.11002315304607845,,0.40537688254647325,1.1002315304607844,1.1870483037851927
C04,M2_HURDLE_ZTNB,8,1.2414732282039198,28.50168613089655,3.4012805813690647,0.16791315544681085,0.11446414982417916,,0.3733415497118947,1.1446414982417914,1.2414732307972922
C04,M2_HURDLE_ZTNB,9,1.0227958399059744,24.054886922758623,3.200305634618947,0.1600592121311306,0.10052880921579459,,0.22043287702287845,1.005288092157946,1.0227958437223208
C04,M2_HURDLE_ZTNB,10,1.050108021582919,24.1093035849847,3.3625799656750814,0.16265369947404335,0.09798497765041489,,0.266556421529781,0.979849776504149,1.0501080316601206
C04,M2_HURDLE_ZTNB,11,0.8543807034368575,26.07601606085734,3.5664909893753474,0.17915409451536504,0.08019551787082069,,0.28660449338240435,0.8019551787082044,0.8543807106124157
C04,M2_HURDLE_ZTNB,12,1.0127675930239046,14.405154748959117,2.702272444294067,0.15318648613003344,0.08692172656935024,,0.42014697182593186,0.8692172656935023,1.0127675981455555
C04,M2_HURDLE_ZTNB,13,0.9832887157880039,19.02709003172422,3.1414778526748135,0.18168599305184918,0.08666089371734195,,0.28166647947227214,0.8666089371734136,0.9832887231728829
C04,M2_HURDLE_ZTNB,14,1.229645982116245,26.60543128996543,3.2719333921694442,0.15932274093526666,0.11993449427675013,,0.3176824058550306,1.1993449427675014,1.2296459660898411
C04,M2_HURDLE_ZTNB,15,0.9504657505362526,27.294493997607333,3.558771328693183,0.15597427787879548,0.09074866694375017,,0.36875514663357656,0.9074866694375017,0.9504657508878827
C04,M2_HURDLE_ZTNB,16,0.857846482401475,21.170081529976443,3.214984036475685,0.1608789671152061,0.08326407936755731,,0.2989998509823896,0.8326407936755706,0.8578464919733286
C04,M2_HURDLE_ZTNB,17,0.9846885564628521,24.26405463628457,3.293590165713492,0.15739544247314358,0.09592608440718865,,0.3678925171842358,0.9592608440718866,0.9846885719178378
C04,M2_HURDLE_ZTNB,18,1.0475157495082588,24.313315680183877,3.1714691787152938,0.17923492058424448,0.09519444877910936,,0.28966610591328334,0.9519444877910936,1.0475157489272682
C04,M2_HURDLE_ZTNB,19,0.7893456955069282,25.011201676283537,3.3622831790053835,0.15037409311802208,0.07275619335608932,,0.5546888337935587,0.7275619335608869,0.7893456880989438
C04,M2_HURDLE_ZTNB,20,1.0647398484994777,24.315856675724344,3.4837691482286273,0.17919719217258165,0.10016001746387847,,0.3715755229950728,1.0016001746387846,1.064739845369192
C04,M2_HURDLE_ZTNB,21,0.8373100352562498,27.992936248449652,3.5784228415335138,0.17965102762809093,0.0702385351883636,,0.4976162534236539,0.702385351883636,0.8373100289561841
C04,M2_HURDLE_ZTNB,22,0.7060934389310798,36.881940881458895,4.00972880047387,0.16870165987140498,0.06790359925645184,,0.26959453857379934,0.6790359925645184,0.7060934376874127
C04,M2_HURDLE_ZTNB,23,0.7044663118790283,21.1453182011591,3.1684932661398006,0.17422103696347085,0.06392284979952453,,0.3247252075048306,0.6392284979952454,0.7044663075414277
C04,M2_HURDLE_ZTNB,24,1.251942680342426,21.474177155107135,3.279408741670977,0.16949212863152974,0.11581367373679095,,0.3939880013061883,1.1581367373679097,1.2519426653807646
C04,M2_HURDLE_ZTNB,25,0.824453092816354,28.096816153353004,3.4077715829906143,0.1676158786442909,0.07619473703351806,,0.379725119030994,0.761947370335174,0.8244530980526003
C04,M2_HURDLE_ZTNB,26,0.82981680447924,31.575568757919157,3.7271811002255695,0.16390887078104782,0.08376332714152104,,0.2653668879801073,0.8376332714152104,0.8298168157322527
C04,M2_HURDLE_ZTNB,27,1.2982247054704799,34.372908875736925,4.168613341130368,0.21465651873737737,0.09930973500036722,,0.6541963210758373,0.993097350003667,1.2982246914052347
C04,M2_HURDLE_ZTNB,28,1.1435039217821783,26.895091137215218,3.6380140192316803,0.18539813061276672,0.11172990857553719,,0.22464341891632889,1.1172990857553717,1.1435039259580302
C04,M2_HURDLE_ZTNB,29,1.0290129640185486,14.614355955709685,2.610658356674321,0.14120797717494943,0.09710326032259312,,0.3069400716759161,0.9710326032259311,1.0290129690083385
C04,M2_HURDLE_ZTNB,30,0.8559167403133574,20.43540874241726,3.2409831132002482,0.16037104424707765,0.07715957194525502,,0.2992670438483437,0.77159571945255,0.8559167351882742
C04,M2_HURDLE_ZTNB,31,1.0657567928121918,33.80596536262477,4.05269730738109,0.19440087852020882,0.08711454228877272,,0.6766051979901532,0.8711454228877247,1.0657567835846715
C04,M2_HURDLE_ZTNB,32,0.9405219834705173,32.082086345874046,4.09372700535134,0.21537615317977182,0.08566814926711044,,0.3763124755266625,0.8566814926711044,0.9405219797326787
C04,M2_HURDLE_ZTNB,33,1.0784504440973373,28.17394515388777,3.6534189487525737,0.16269824114646864,0.10304683479126381,,0.3491755691182582,1.0304683479126382,1.0784504364643244
C04,M2_HURDLE_ZTNB,34,1.362076121725389,20.461101776763158,3.066940262877859,0.1658366618099907,0.1308867704261497,,0.4261643333516025,1.3088677042614933,1.362076124303836
C04,M2_HURDLE_ZTNB,35,0.9922323091658951,19.888807583864793,3.116937416116216,0.139366002246553,0.062274279952612185,,0.5801004744404904,0.6227427995261134,0.9922323034377005
C04,M2_HURDLE_ZTNB,36,0.9977595653619223,16.032372140386713,2.7793192710687435,0.1653632916984096,0.08716250907674378,,0.414665579417195,0.8716250907674377,0.997759569933706
C04,M2_HURDLE_ZTNB,37,0.9258062378808334,25.815213415104104,3.706387214944698,0.17294994693092525,0.09106435391092027,,0.2788499531255575,0.9106435391092027,0.9258062390927264
C04,M2_HURDLE_ZTNB,38,0.996693963474074,30.85082265649185,3.7124704594413442,0.184996232666212,0.09026109263880022,,0.3088526178609791,0.9026109263880022,0.9966939656455512
C04,M2_HURDLE_ZTNB,39,1.247926797751554,15.226725485519855,2.7355854424956005,0.1418815931994264,0.11459550440618815,,0.44070923362742287,1.1459550440618815,1.2479267928327555
C04,M2_HURDLE_ZTNB,40,1.3572246311797098,35.38190792627003,3.784389125477029,0.18326534526072147,0.13457308508507665,,0.24432284099827867,1.3457308508507664,1.3572246241466666
C04,M2_HURDLE_ZTNB,41,0.9130134847710891,33.31087027967745,3.8021573809689926,0.17922036947012968,0.0836210515319527,,0.27159267677168275,0.836210515319527,0.9130134835372803
C04,M2_HURDLE_ZTNB,42,0.9346028800507171,25.970692470634553,3.6564134389433702,0.16581134647151013,0.08899359200599832,,0.22592264853595384,0.8899359200599832,0.9346028749390449
C04,M2_HURDLE_ZTNB,43,1.1587750354927016,27.66915440823852,3.5095732311989805,0.16654921863954783,0.11393657556858594,,0.24623309106815178,1.1393657556858594,1.1587750283290021
C04,M2_HURDLE_ZTNB,44,0.6298749514515878,22.256991149446485,3.3262095056647802,0.16142191933651734,0.06010608292443774,,0.43251605059550047,0.6010608292443774,0.629874950283538
C04,M2_HURDLE_ZTNB,45,1.1808428191044218,27.398950904071796,3.296700972190634,0.1704113140768602,0.10928084682158565,,0.36476256428154014,1.0928084682158516,1.1808428191682663
C04,M2_HURDLE_ZTNB,46,0.9231953125486343,12.34437083977599,2.5848237860482186,0.16011572331756027,0.07767165662510295,,0.36788609007424933,0.7767165662510296,0.9231953091152234
C04,M2_HURDLE_ZTNB,47,0.7922214217746798,23.681856021808876,3.1863061460401996,0.15353046824165778,0.07172099124953894,,0.2848028210877401,0.7172099124953895,0.792221414220462
C04,M2_HURDLE_ZTNB,48,0.6112851977816327,34.396147584253,3.9323840428184362,0.18790813675935555,0.051380531080425826,,0.3453677265183242,0.5138053108042582,0.6112852010570828
C04,M2_HURDLE_ZTNB,49,0.7195199224556601,29.812230178252996,3.66499316256765,0.14779152004765816,0.06904326999501129,,0.26100919534880107,0.6904326999501129,0.7195199260214922
C04,M2_HURDLE_ZTNB,50,1.0741981017666637,18.504359230636886,2.915592497527541,0.15945690862920672,0.09757756354773064,,0.33095827873602535,0.9757756354773064,1.0741980996738794
C04,M2_HURDLE_ZTNB,51,0.8891419210431566,16.740293902496983,2.903314728706058,0.1736863660625969,0.08888571071742338,,0.2449593987194302,0.888857107174228,0.8891419207377784
C04,M2_HURDLE_ZTNB,52,1.462251455570418,18.265063276307153,2.8757034939917503,0.16668376796590004,0.12972978354407663,,0.569141605265634,1.2972978354407663,1.4622514573681347
C04,M2_HURDLE_ZTNB,53,0.9576340248928219,22.73552603083744,3.0872150050743628,0.13375524779510323,0.0930157531812524,,0.34292919172622416,0.9301575318125184,0.957634028027738
C04,M2_HURDLE_ZTNB,54,0.8676840841955651,29.627539239649167,3.810771113036514,0.18771586906526896,0.06417838038321028,,0.3893291205459397,0.6417838038320864,0.8676840931459278
C04,M2_HURDLE_ZTNB,55,0.8013084161907202,18.653673236135234,3.016018967660534,0.16152026694376098,0.07015984837945816,,0.22560921507985005,0.7015984837945741,0.8013084090592291
C04,M2_HURDLE_ZTNB,56,1.051924018960872,19.07459192462511,2.970214375394183,0.17209070219158445,0.09493406562755882,,0.4510751595801057,0.9493406562755882,1.051924013143421
C04,M2_HURDLE_ZTNB,57,0.7417870011022012,25.718981887256994,3.4418559273423552,0.17016883368096358,0.06990248465410835,,0.34458735460071077,0.6990248465410833,0.741787015558674
C04,M2_HURDLE_ZTNB,58,0.7038375458945577,28.540889812350493,3.479624379075519,0.14821810701692334,0.055395919879723185,,0.39935780194851966,0.5539591987972224,0.7038375294097307
C04,M2_HURDLE_ZTNB,59,0.9896304398353584,23.686887216686902,3.1344423922066587,0.15029354062478717,0.0745417070703229,,0.5755157976748071,0.7454170707032264,0.9896304304976357
C04,M2_HURDLE_ZTNB,60,1.3038958639110527,24.71584361877233,3.5966854717092547,0.1958442310033195,0.1307342044677795,,0.22677843310625528,1.3073420446777952,1.303895872700628
C04,M2_HURDLE_ZTNB,61,0.8072127542663186,23.356902936437898,3.1926083280559396,0.16967089319577539,0.07746499965264314,,0.3959046380090231,0.7746499965264315,0.8072127557048501
C04,M2_HURDLE_ZTNB,62,1.0527462771660194,14.905873597195303,2.9478994088502377,0.15595049021210206,0.08254301141867654,,0.4137834337110765,0.8254301141867655,1.0527462628759348
C04,M2_HURDLE_ZTNB,63,0.7550121653391233,20.22586483810639,3.0629080708877154,0.1697955264160721,0.06742559724579543,,0.22817490386346087,0.6742559724579544,0.7550121621590706
C04,M2_HURDLE_ZTNB,64,1.1313753080964677,28.106582252230986,3.7116663099150173,0.16493832953065682,0.10586782640788421,,0.27491874423807117,1.0586782640788421,1.1313753170605125
C04,M2_HURDLE_ZTNB,65,0.853615647469911,20.73526881934776,3.1916887644765666,0.14053320650645415,0.07063620669781226,,0.449374037912346,0.7063620669781225,0.8536156501624763
C04,M2_HURDLE_ZTNB,66,1.5429558587737704,24.178516558901507,3.2836647968457933,0.18970356747949707,0.14515044445887648,,0.4355961020784899,1.4515044445887648,1.5429558568275623
C04,M2_HURDLE_ZTNB,67,0.8170489315088145,23.44000263671148,3.3626550366025185,0.17986840780271518,0.07509780348053247,,0.2083727507959145,0.7509780348053247,0.817048933830868
C04,M2_HURDLE_ZTNB,68,1.1425025788877217,29.098531868557792,3.6255517571892897,0.17890780891736735,0.1104048654668447,,0.23433001047721705,1.1040486546684471,1.142502571642622
C04,M2_HURDLE_ZTNB,69,1.2969067826658391,26.496460753066806,3.3857007423282157,0.1713375527715563,0.12858940013854525,,0.22894307872433628,1.2858940013854525,1.296906783637339
C04,M2_HURDLE_ZTNB,70,1.3524406973294298,29.105330308728817,3.506917846311505,0.17572420981429743,0.12021196298696292,,0.48406467759342797,1.202119629869629,1.352440695030892
C04,M2_HURDLE_ZTNB,71,0.7870910530903517,24.50520290737058,3.5553930514239864,0.1720070352727836,0.07979730331388367,,0.2554618040170373,0.7979730331388368,0.787091061470492
C04,M2_HURDLE_ZTNB,72,0.7939186681743633,28.928738569675858,3.70234203806141,0.19364376929527782,0.07830803577971207,,0.28825563131218834,0.7830803577971148,0.7939186655106316
C04,M2_HURDLE_ZTNB,73,1.422706417064663,21.090540502025284,3.2786217809601412,0.21243801188173778,0.1362526715134953,,0.359092737821914,1.3625267151349532,1.4227064137458603
C04,M2_HURDLE_ZTNB,74,1.171481545392958,16.650116636444114,3.007200852036476,0.15362898345430176,0.1163848564238478,,0.2414074435657633,1.1638485642384782,1.1714815503636662
C04,M2_HURDLE_ZTNB,75,0.763687468373572,24.98817743135453,3.2378463608057095,0.1552092413029934,0.07917844633027063,,0.30474034080598433,0.7917844633027064,0.76368746743261
C04,M2_HURDLE_ZTNB,76,0.903193653199416,23.57397989434324,3.336486361531101,0.16691717551445262,0.07909525289662116,,0.4258934767728933,0.7909525289662052,0.9031936683892837
C04,M2_HURDLE_ZTNB,77,1.331018267751014,25.20588604923188,3.6389261419341588,0.18375580051456036,0.11733049207676544,,0.6065646551827626,1.1733049207676545,1.3310182662399328
C04,M2_HURDLE_ZTNB,78,1.2065922296277098,33.61376238972041,4.072069053576948,0.19548770647144031,0.10901460753784625,,0.3843636537162177,1.0901460753784626,1.2065922247508774
C04,M2_HURDLE_ZTNB,79,0.8294428071800062,22.34385040288049,3.485933383128753,0.22133944802962274,0.08347140168535538,,0.4848116410989375,0.834714016853554,0.829442820221654
C05,M0_PARAMETER_MATCHED_POINT,0,0.30113083118655964,1.0302403311995771,0.34850729240254924,,,,,,
C05,M0_PARAMETER_MATCHED_POINT,1,0.565058963822118,1.8973538316717038,0.440577754452382,,,,,,
C05,M0_PARAMETER_MATCHED_POINT,2,0.3568144249379651,0.9609042340800984,0.37713741309471516,,,,,,
C05,M0_PARAMETER_MATCHED_POINT,3,0.3177740657617683,0.9942626527261258,0.4018266331380194,,,,,,
C05,M0_PARAMETER_MATCHED_POINT,4,0.6565312504316154,1.4925458009945642,0.3945876904851199,,,,,,
C05,M0_PARAMETER_MATCHED_POINT,5,0.3425102711542517,0.408385474488594,0.2563932288048818,,,,,,
C05,M0_PARAMETER_MATCHED_POINT,6,0.34727728951777437,0.7180471597698417,0.3677593992103235,,,,,,
C05,M0_PARAMETER_MATCHED_POINT,7,0.3926766896286237,1.194346785057618,0.38283479253732366,,,,,,
C05,M0_PARAMETER_MATCHED_POINT,8,0.6556629456953723,1.1933807975432356,0.43082941961984034,,,,,,
C05,M0_PARAMETER_MATCHED_POINT,9,0.46785178023383744,3.000984615682844,0.546002918874971,,,,,,
C05,M0_PARAMETER_MATCHED_POINT,10,0.6364826662204415,0.9284977249130599,0.3476121636485914,,,,,,
C05,M0_PARAMETER_MATCHED_POINT,11,0.43639152530383263,1.3844745235982323,0.4464473688409877,,,,,,
C05,M0_PARAMETER_MATCHED_POINT,12,0.5825192025071145,1.4378418554888324,0.4063731494309953,,,,,,
C05,M0_PARAMETER_MATCHED_POINT,13,0.6664063214173302,1.4291969363637036,0.4454331641039365,,,,,,
C05,M0_PARAMETER_MATCHED_POINT,14,0.5781213760298562,0.4047039496335735,0.24506501329248448,,,,,,
C05,M0_PARAMETER_MATCHED_POINT,15,0.38385572437176013,0.6526613539692943,0.30853153846480075,,,,,,
C05,M0_PARAMETER_MATCHED_POINT,16,0.30118093552768843,2.057816399839715,0.48141000429253233,,,,,,
C05,M0_PARAMETER_MATCHED_POINT,17,0.5197457717806236,0.6761839669473817,0.3286169686034933,,,,,,
C05,M0_PARAMETER_MATCHED_POINT,18,0.6584633840541936,1.4915952566783417,0.4380640638222152,,,,,,
C05,M0_PARAMETER_MATCHED_POINT,19,0.21316277939979997,0.5306851703942652,0.287118572780552,,,,,,
C05,M0_PARAMETER_MATCHED_POINT,20,0.3008920862878063,1.1721504108700718,0.3716123549190039,,,,,,
C05,M0_PARAMETER_MATCHED_POINT,21,0.6357852423224599,0.9950227422593207,0.3347939384008593,,,,,,
C05,M0_PARAMETER_MATCHED_POINT,22,0.41884969611872086,1.6479563136463957,0.46064793616339256,,,,,,
C05,M0_PARAMETER_MATCHED_POINT,23,0.4534926709028385,0.9381674176078503,0.35361307943912834,,,,,,
C05,M0_PARAMETER_MATCHED_POINT,24,0.575658018292349,3.050997900279828,0.5878924882791712,,,,,,
C05,M0_PARAMETER_MATCHED_POINT,25,0.2904620360142923,1.1715626910556889,0.42487723772076913,,,,,,
C05,M0_PARAMETER_MATCHED_POINT,26,0.2583609834024888,0.8547893780583523,0.3809861735862796,,,,,,
C05,M0_PARAMETER_MATCHED_POINT,27,0.37833876927500726,1.0187851053335897,0.3837351310806601,,,,,,
C05,M0_PARAMETER_MATCHED_POINT,28,0.2787245381313993,1.8032137506734207,0.4497087361129767,,,,,,
C05,M0_PARAMETER_MATCHED_POINT,29,0.32957521461306505,2.1253013048388687,0.5110632650612388,,,,,,
C05,M0_PARAMETER_MATCHED_POINT,30,0.46895619299845925,3.8658593193176287,0.6653249825952419,,,,,,
C05,M0_PARAMETER_MATCHED_POINT,31,0.4726181546722096,0.6592725394020673,0.3158630635345313,,,,,,
C05,M0_PARAMETER_MATCHED_POINT,32,0.23101345669394818,1.2293829248461954,0.43039041598725214,,,,,,
C05,M0_PARAMETER_MATCHED_POINT,33,0.476287075124583,1.2299082725489985,0.41148869015592027,,,,,,
C05,M0_PARAMETER_MATCHED_POINT,34,0.5646337977104182,0.872699757185004,0.3776210481761761,,,,,,
C05,M0_PARAMETER_MATCHED_POINT,35,0.5394241366755133,0.9311297258112539,0.35446178819014074,,,,,,
C05,M0_PARAMETER_MATCHED_POINT,36,0.405932427184384,1.1594023236709015,0.3311504295949514,,,,,,
C05,M0_PARAMETER_MATCHED_POINT,37,0.630422584004199,0.6457837973887844,0.3226337122685218,,,,,,
C05,M0_PARAMETER_MATCHED_POINT,38,0.5863277359850947,1.3133296000489272,0.39926558019942604,,,,,,
C05,M0_PARAMETER_MATCHED_POINT,39,0.34719308739882815,2.564530256630227,0.49380233994452283,,,,,,
C05,M0_PARAMETER_MATCHED_POINT,40,0.28367645595188656,0.8405343648875423,0.38054004989680834,,,,,,
C05,M0_PARAMETER_MATCHED_POINT,41,0.41110463975133654,1.3960538741320487,0.3996688650615094,,,,,,
C05,M0_PARAMETER_MATCHED_POINT,42,0.3457417274388616,1.3257879830365789,0.41080526339768164,,,,,,
C05,M0_PARAMETER_MATCHED_POINT,43,0.5075189352019704,1.9092880504003655,0.4928786727608288,,,,,,
C05,M0_PARAMETER_MATCHED_POINT,44,0.3989508328020899,1.5180543826225683,0.43539860921616,,,,,,
C05,M0_PARAMETER_MATCHED_POINT,45,0.4770669070928687,1.8668752479344692,0.4738455078737995,,,,,,
C05,M0_PARAMETER_MATCHED_POINT,46,0.3309728658386302,1.122817965377836,0.37109617070927925,,,,,,
C05,M0_PARAMETER_MATCHED_POINT,47,0.32562520738649425,0.4604503951340858,0.2633341924950704,,,,,,
C05,M0_PARAMETER_MATCHED_POINT,48,0.3656903582511906,0.6570834715022478,0.29188130496004305,,,,,,
C05,M0_PARAMETER_MATCHED_POINT,49,0.7732152536085175,1.1438717375539178,0.3691036304941614,,,,,,
C05,M0_PARAMETER_MATCHED_POINT,50,0.3580755921986253,2.39704563459601,0.4920395559335399,,,,,,
C05,M0_PARAMETER_MATCHED_POINT,51,0.4374068206522942,0.7285159877239833,0.31471545946048235,,,,,,
C05,M0_PARAMETER_MATCHED_POINT,52,0.5179716522949296,2.187467587570148,0.516264938810006,,,,,,
C05,M0_PARAMETER_MATCHED_POINT,53,0.23268871281800793,0.9900304147763881,0.4019166182115441,,,,,,
C05,M0_PARAMETER_MATCHED_POINT,54,0.2661937106393803,1.1356042955986736,0.3843723099738175,,,,,,
C05,M0_PARAMETER_MATCHED_POINT,55,0.26013641476920846,0.7032335767541236,0.3025337362068967,,,,,,
C05,M0_PARAMETER_MATCHED_POINT,56,0.2943416064416708,0.683339522226321,0.3330285709765425,,,,,,
C05,M0_PARAMETER_MATCHED_POINT,57,0.6272114661893538,1.1718231081580126,0.3965386344420949,,,,,,
C05,M0_PARAMETER_MATCHED_POINT,58,0.18955504158047592,1.4899298376518813,0.40889228157235874,,,,,,
C05,M0_PARAMETER_MATCHED_POINT,59,0.3070631601877851,1.0888389342515896,0.36388082113990095,,,,,,
C05,M0_PARAMETER_MATCHED_POINT,60,0.6373068098069883,0.9123424488928302,0.34277423457751865,,,,,,
C05,M0_PARAMETER_MATCHED_POINT,61,0.20810737515976097,0.9172113225208337,0.3383966712766172,,,,,,
C05,M0_PARAMETER_MATCHED_POINT,62,0.4982722941411938,1.1985916326259871,0.36908889082860696,,,,,,
C05,M0_PARAMETER_MATCHED_POINT,63,0.25814989587602044,2.151658632608611,0.4619383756426032,,,,,,
C05,M0_PARAMETER_MATCHED_POINT,64,0.3315259960903669,1.0191972047998306,0.41230509856723074,,,,,,
C05,M0_PARAMETER_MATCHED_POINT,65,0.34935949274479716,0.8134315002827861,0.3255398674149509,,,,,,
C05,M0_PARAMETER_MATCHED_POINT,66,0.5007296119007012,0.7391942489484495,0.33444181568317316,,,,,,
C05,M0_PARAMETER_MATCHED_POINT,67,0.43863530214030644,1.5516010638331732,0.47082604930153593,,,,,,
C05,M0_PARAMETER_MATCHED_POINT,68,0.341778586015937,1.1020243887606929,0.3860226945962495,,,,,,
C05,M0_PARAMETER_MATCHED_POINT,69,0.4490863517515314,1.394509540648575,0.38962148445231526,,,,,,
C05,M0_PARAMETER_MATCHED_POINT,70,0.4679649087218055,0.7651080356083839,0.3426767677762352,,,,,,
C05,M0_PARAMETER_MATCHED_POINT,71,0.20614753143699355,1.4588405374695128,0.4473649785874538,,,,,,
C05,M0_PARAMETER_MATCHED_POINT,72,0.4168722174598588,0.6985437882938191,0.32906399286882027,,,,,,
C05,M0_PARAMETER_MATCHED_POINT,73,0.5068487767203289,1.8394247144522966,0.4306659003414097,,,,,,
C05,M0_PARAMETER_MATCHED_POINT,74,0.4620309525895554,1.3169213292273134,0.3778594879510232,,,,,,
C05,M0_PARAMETER_MATCHED_POINT,75,0.379831437159886,1.2752166077743845,0.38329160190369294,,,,,,
C05,M0_PARAMETER_MATCHED_POINT,76,0.40557695054932585,0.6948177605705468,0.3158200767969296,,,,,,
C05,M0_PARAMETER_MATCHED_POINT,77,0.3842141558248049,1.678169446845804,0.4518440925524677,,,,,,
C05,M0_PARAMETER_MATCHED_POINT,78,0.31847650711259556,1.039947184625707,0.38314512715533056,,,,,,
C05,M0_PARAMETER_MATCHED_POINT,79,0.23813834024779706,0.47216902764321345,0.3012244161824734,,,,,,
C05,M1_HURDLE_MEAN,0,0.3077937132700388,1.0360291501801187,0.2688622875430661,0.00010354849711555994,0.010118001663982521,,0.30211619503471865,0.0776955617622784,0.30779369879802854
C05,M1_HURDLE_MEAN,1,0.540716533607409,1.880621284570216,0.3387014247166221,3.443768440325485e-05,0.005840717806457766,,0.5422992587265332,0.045597815858502574,0.5407164903703022
C05,M1_HURDLE_MEAN,2,0.3503873248077176,0.9456346854155055,0.2974024992424345,0.00010726122976678772,0.010172714813779949,,0.3509385761597572,0.0858320780883324,0.35038732301431164
C05,M1_HURDLE_MEAN,3,0.3195045852557816,1.0052193077811167,0.3143120269741762,0.0004909645715625769,0.022070012455144908,,0.2652724297636809,0.14003024049074042,0.3195045780395185
C05,M1_HURDLE_MEAN,4,0.6157759246331873,1.3587381107878747,0.3084015646696243,2.2852123301352998e-05,0.004579745731974324,,0.6258534694575688,0.031470580630392174,0.615775889671621
C05,M1_HURDLE_MEAN,5,0.34039313990375664,0.39624528387088964,0.18808225342580498,3.5897007783523716e-05,0.005832981777897459,,0.34643292682055593,0.05321209605312606,0.34039313482238864
C05,M1_HURDLE_MEAN,6,0.33849199841859673,0.6726598216632405,0.25883392878015143,0.0002596002688426349,0.015979418298168905,,0.317095936542886,0.1248904492888171,0.338491956535672
C05,M1_HURDLE_MEAN,7,0.40709227996645625,1.1284248918387387,0.3013223889940507,0.0004056484850831077,0.019760425273481395,,0.38004384079333486,0.1458321328474364,0.4070923023810242
C05,M1_HURDLE_MEAN,8,0.5915752108577397,1.260298682918463,0.3157678781173947,5.152472803743653e-05,0.006574937308757746,,0.5946779546410474,0.06392727207352204,0.5915751862569891
C05,M1_HURDLE_MEAN,9,0.40858237944932785,3.1417578114754976,0.4542470209993681,0.0004407789791242802,0.020367048370272263,,0.378080330102891,0.15023789727210723,0.40858236410581805
C05,M1_HURDLE_MEAN,10,0.6266383316707744,0.9423494473562524,0.2843289351255246,1.2230011615362538e-05,0.0033778594567826425,,0.6320855736072084,0.029792823747676913,0.6266383091383467
C05,M1_HURDLE_MEAN,11,0.4309341862153513,1.3676593584772943,0.36337714500028473,2.880320847473759e-05,0.005349061810835847,,0.4437611403836357,0.0384869786513626,0.43093415424767323
C05,M1_HURDLE_MEAN,12,0.5786152275496119,1.3935974886309919,0.29422392153820043,0.001154573991050612,0.033765103509818165,,0.4990575679806136,0.19783948017064967,0.5786152400075515
C05,M1_HURDLE_MEAN,13,0.6159315386930406,1.2734648555083055,0.3176724484929069,0.0006209171957377363,0.024342757032953258,,0.5823296598812295,0.1800506404401803,0.6159314776805795
C05,M1_HURDLE_MEAN,14,0.5665479375181189,0.39294330915826825,0.1767974331360484,9.540947794528716e-05,0.009416965832510405,,0.5655354805677377,0.08324054047034851,0.5665479363262638
C05,M1_HURDLE_MEAN,15,0.3839331309534946,0.6187899734965384,0.22220532601989978,0.0002418535610797767,0.015413009976006697,,0.35551241317074533,0.12155730299509268,0.38393314034658926
C05,M1_HURDLE_MEAN,16,0.2789308627803725,2.0902296195124004,0.3983202236218201,3.225991972707323e-05,0.005616913541339566,,0.28439560375177414,0.04986676372202512,0.2789308487539808
C05,M1_HURDLE_MEAN,17,0.5228537989782904,0.6998586439568967,0.263521599860043,4.143173618116595e-05,0.006254601722827886,,0.5271747000962276,0.05075903069936705,0.5228538101724498
C05,M1_HURDLE_MEAN,18,0.6349009638850436,1.5746399725339604,0.3531982187441851,6.959915122957083e-05,0.008200026977929665,,0.6339138711774763,0.0722162521725852,0.6349009116453054
C05,M1_HURDLE_MEAN,19,0.18540265459208127,0.5209939397490435,0.21165854260575392,9.8065564595309e-05,0.00966946657279095,,0.18890653805232036,0.07908384614342821,0.18540266055651153
C05,M1_HURDLE_MEAN,20,0.2939078743169917,1.082665011741611,0.2825179404166924,0.00010477856509299217,0.009594178514141499,,0.29281130337803385,0.08029289318672939,0.29390786080426434
C05,M1_HURDLE_MEAN,21,0.5554929000739108,0.9394562532791144,0.25216054684422196,1.7890221501579766e-05,0.004204061242105857,,0.5621026915229801,0.0382300050391607,0.5554928508571938
C05,M1_HURDLE_MEAN,22,0.418809941344197,1.7356143503862538,0.3816036626800227,8.73539410369567e-05,0.00920953507737784,,0.41842439385066654,0.07719995338230629,0.4188098735965483
C05,M1_HURDLE_MEAN,23,0.42634257930198277,0.9977216945033848,0.27687871601299857,0.00035922154131668636,0.018578337876068777,,0.398653608163292,0.14289513231406212,0.42634254458197407
C05,M1_HURDLE_MEAN,24,0.5339300022665667,3.076505599439277,0.48640011491290835,3.133631720792654e-05,0.0055050457713817745,,0.5388633223809568,0.05019562904292792,0.5339300068166091
C05,M1_HURDLE_MEAN,25,0.27523284536324677,1.1770251287749591,0.3507550861363504,0.00012000119308134707,0.010799525290424685,,0.2750509989061728,0.07100420154532484,0.27523282999805554
C05,M1_HURDLE_MEAN,26,0.23094065196398034,0.8022840472210147,0.2729444061416968,0.0001793133218394661,0.012591352679063361,,0.2198639157446287,0.09244260632271091,0.2309406529269054
C05,M1_HURDLE_MEAN,27,0.3541675210296449,1.0148751729866197,0.29280187375866684,2.536511556896734e-05,0.004840024159877389,,0.3565412754013544,0.04431969999861193,0.3541674523362398
C05,M1_HURDLE_MEAN,28,0.2275154058130897,1.6652728526102676,0.34333392363515275,4.326856204786625e-05,0.006432477608672951,,0.23840025472290724,0.0564595809757238,0.22751538057156817
C05,M1_HURDLE_MEAN,29,0.3060943175517835,1.9356758567646206,0.41101429251744875,0.0004157046589549093,0.019015641719848864,,0.2813554692301574,0.16025099920464253,0.30609429642776464
C05,M1_HURDLE_MEAN,30,0.4102247271969767,3.8957796082459133,0.5396015999720284,0.00020880610599429566,0.014288775365264877,,0.40500970613050724,0.1153225613567683,0.41022470659125443
C05,M1_HURDLE_MEAN,31,0.48036125016290354,0.6323768098257767,0.2294598707401154,0.0001293042934443225,0.01042899437794802,,0.48154946379047703,0.09042766610194862,0.480361223594728
C05,M1_HURDLE_MEAN,32,0.2149307850574375,1.2100769450198923,0.3479344473068613,0.00017478321006610464,0.012736734164137755,,0.2207415136859503,0.11538314394071783,0.21493076905730796
C05,M1_HURDLE_MEAN,33,0.4716206708309399,1.2468607180584752,0.33503264321091,4.208332890839532e-05,0.0059690608025428915,,0.47675871758900595,0.04640896905319983,0.47162067577110567
C05,M1_HURDLE_MEAN,34,0.5005191859077532,0.8919280390009612,0.28246180033334345,0.00013453294838434537,0.011157299363618402,,0.49793940269834164,0.08976219643156931,0.5005191912070563
C05,M1_HURDLE_MEAN,35,0.5115776229692365,0.8847920114333816,0.2612925601325085,0.0001799767034405196,0.012569788470047524,,0.5112593828621047,0.09175643443203313,0.5115776721523877
C05,M1_HURDLE_MEAN,36,0.3996668171503034,1.2330107131692776,0.25746199327446856,7.322576803548207e-05,0.008346575388893825,,0.4110750024125668,0.07190917919899886,0.39966684601215496
C05,M1_HURDLE_MEAN,37,0.645733318380703,0.6212278378870542,0.2398602254552529,3.371048135010947e-05,0.005687436390274386,,0.6511090149018457,0.0484029956457509,0.6457333345173422
C05,M1_HURDLE_MEAN,38,0.532733614047114,1.1445029515415528,0.29726019466104125,0.00041093866778704345,0.019868756405321205,,0.510846879949241,0.1633983964860246,0.5327336060133545
C05,M1_HURDLE_MEAN,39,0.36726687947779085,2.5336961943767404,0.3945319926058651,0.00024291995603818067,0.01544373945379526,,0.35392585330169424,0.1269369276057754,0.3672668655286699
C05,M1_HURDLE_MEAN,40,0.27051652275813814,0.8267465211514413,0.2945549526321874,6.107223868925058e-05,0.007753567697699473,,0.26526793330142345,0.04890403316290123,0.27051653193070946
C05,M1_HURDLE_MEAN,41,0.3388696612090266,1.5783944565642933,0.3237467633816833,5.743369787132045e-05,0.007530828663477965,,0.33677581913370014,0.06103592646862094,0.33886964170499523
C05,M1_HURDLE_MEAN,42,0.3401982966681019,1.4503759057984258,0.35428943271664254,7.897854226322678e-05,0.008886919738935722,,0.33565185836585576,0.06985986815787205,0.3401982961558229
C05,M1_HURDLE_MEAN,43,0.44904471800078927,1.836710819228963,0.4080508126015582,6.872866854410434e-05,0.008239984623007585,,0.4490533774330049,0.07459171054890994,0.4490446657397335
C05,M1_HURDLE_MEAN,44,0.4210794590662411,1.4691094972016414,0.35937714483634564,0.00015456354695297293,0.012170533704211582,,0.41929534624661186,0.09373726542899534,0.4210794322823864
C05,M1_HURDLE_MEAN,45,0.5081101173352282,2.0579070565037796,0.4064828309828853,0.0006060141261162416,0.024244847569877073,,0.4678892293536082,0.15037310786044972,0.5081101141456299
C05,M1_HURDLE_MEAN,46,0.3268163556362804,1.1067848993918803,0.3033150934305714,0.0002106961230413688,0.013906195498486592,,0.30162129731416787,0.09987272488361508,0.3268163753441198
C05,M1_HURDLE_MEAN,47,0.3197847974339947,0.48988995438404237,0.21146561019289034,0.000145592022998703,0.011915268395587406,,0.3022721471614085,0.09398063710507892,0.3197847866668767
C05,M1_HURDLE_MEAN,48,0.3991496826675066,0.6122970458662247,0.21465438230989325,0.0001890028795660986,0.013703201742371506,,0.38114513971300046,0.09021495079159919,0.3991496755981564
C05,M1_HURDLE_MEAN,49,0.751089290922909,1.0845571643548935,0.2894482787136119,6.374196335680801e-05,0.007842571588312884,,0.7500767985325687,0.061079021624174314,0.7510892936941341
C05,M1_HURDLE_MEAN,50,0.3493201569111082,2.4961686175100652,0.4177036482468156,0.00020002124943385567,0.014141668062100876,,0.34507043753643174,0.09388055288214217,0.3493201330534558
C05,M1_HURDLE_MEAN,51,0.42244507766220973,0.8370485226403324,0.25481739163530837,0.00039193410724622,0.01856949445730545,,0.39103695301823327,0.13482475255905063,0.42244511685057395
C05,M1_HURDLE_MEAN,52,0.47391527821516233,2.2347066923989063,0.42592108520897975,9.373820668440438e-06,0.0030391515288208156,,0.4767240132950609,0.02834234689197671,0.4739152956438933
C05,M1_HURDLE_MEAN,53,0.18836041144111887,0.9708439448753584,0.315576759307753,0.00011314061423154764,0.010636006101712264,,0.18562509917637737,0.09142440445493513,0.1883604493573607
C05,M1_HURDLE_MEAN,54,0.24263371373309914,1.103155282492817,0.31129160005614137,0.00012819637908624402,0.01081508444942139,,0.23359545970712614,0.07826716818148031,0.24263371801949316
C05,M1_HURDLE_MEAN,55,0.27162186220308704,0.7298149142709326,0.22677816932582195,0.0002825021076132444,0.01657044942385305,,0.24241957275958528,0.1348122521087802,0.27162186934274546
C05,M1_HURDLE_MEAN,56,0.2836809820062684,0.6546075345729946,0.24415364124235645,9.000027460390429e-05,0.009117887440225424,,0.28142054008969714,0.07180531620952557,0.283681006857232
C05,M1_HURDLE_MEAN,57,0.6311366288756224,1.2615348830984274,0.32796134070451777,3.004864642415668e-05,0.0054765194501640736,,0.6330088491823052,0.04384723036044896,0.6311366486885299
C05,M1_HURDLE_MEAN,58,0.18667699393961962,1.397567377027916,0.3275650603852456,4.9164889606488e-05,0.0068751717008386625,,0.18700820705475008,0.06109736929366495,0.18667703041852235
C05,M1_HURDLE_MEAN,59,0.3114616496937687,1.0596076725813286,0.3101324117498253,0.00013877458906679625,0.011547562016925944,,0.2966524289712641,0.1004654837456473,0.3114616203599252
C05,M1_HURDLE_MEAN,60,0.6033568519666184,0.8845067911725508,0.2630870226413238,0.00037947825885282545,0.018679785042730046,,0.5848881414372082,0.13242380618614016,0.6033568488026273
C05,M1_HURDLE_MEAN,61,0.22243369288837198,0.9413078354860239,0.26657600906085827,5.9265222519922975e-05,0.007537766482154717,,0.2123693991990982,0.06363393376539149,0.22243370127213238
C05,M1_HURDLE_MEAN,62,0.46185712716021576,1.3475794117033275,0.29615136455420843,5.3661206129717014e-05,0.007253042939255129,,0.4571941424658116,0.05988113852022678,0.4618571116580219
C05,M1_HURDLE_MEAN,63,0.24463203612373646,2.157608408975202,0.39833887865421524,8.238158012502055e-05,0.00900225467860966,,0.23673603252405395,0.07161664052690367,0.24463206166686347
C05,M1_HURDLE_MEAN,64,0.29383364863095396,0.8564303165161886,0.283609305188339,0.0001369453724086102,0.011605420651140227,,0.26966949769685494,0.08052406679311158,0.2938336542500044
C05,M1_HURDLE_MEAN,65,0.35846746994385126,0.8212290670836455,0.2601062321622029,0.000159885949390574,0.0125804595172187,,0.3433131763317624,0.10107392091328778,0.3584674384632349
C05,M1_HURDLE_MEAN,66,0.42028182678870324,0.6648388370431736,0.23452266420701737,1.2868526663521868e-05,0.0035755448186916296,,0.4228469899219983,0.03251106566329415,0.4202818183959659
C05,M1_HURDLE_MEAN,67,0.4385927876130365,1.5310132486104164,0.38968895776608703,0.0004141208162853246,0.020335635899889695,,0.4094315273472385,0.15266794673522716,0.4385927753956849
C05,M1_HURDLE_MEAN,68,0.384124685506654,1.199825590439326,0.30613807955096295,0.0002916183150711766,0.016838920246636593,,0.35602639133285585,0.10391828901141188,0.3841246854250815
C05,M1_HURDLE_MEAN,69,0.47999115384788416,1.4020545672290765,0.31656772456433935,0.0003114598760008743,0.01736655574428955,,0.45024983793561557,0.12972391240179726,0.47999110569059733
C05,M1_HURDLE_MEAN,70,0.4381834832580508,0.7584210415773129,0.270367321121924,1.566530137973379e-05,0.0039178568791623306,,0.44209517411979427,0.03548471480955482,0.4381834783397719
C05,M1_HURDLE_MEAN,71,0.17970163353719826,1.637380194716994,0.37726598796968247,0.00013248678098493432,0.011325379262874882,,0.1710285657455181,0.07445165419555652,0.17970164362897684
C05,M1_HURDLE_MEAN,72,0.37014436241927207,0.7233274838573505,0.2657221645516795,0.00027122526242719515,0.016437164891851,,0.34001521166479304,0.13728205492287943,0.3701443519547406
C05,M1_HURDLE_MEAN,73,0.48607196306836764,1.8763419416767784,0.34546453350785233,4.2544347493418796e-05,0.006418397168093628,,0.49015788758024065,0.05714674802365703,0.48607191062347466
C05,M1_HURDLE_MEAN,74,0.4663631370823065,1.2963262012325953,0.312999774533414,0.0002577769381855631,0.015944352144646394,,0.4364189292586207,0.11525440252421766,0.4663631302845212
C05,M1_HURDLE_MEAN,75,0.3975107358522893,1.3019001923555975,0.31888167908735815,0.00036250258823216595,0.018555982253036476,,0.35475125430362997,0.13628439385421204,0.3975107027452951
C05,M1_HURDLE_MEAN,76,0.43263222325227413,0.8184614679745712,0.26297264517390284,6.328052145314212e-05,0.007936499284478664,,0.4309451178027936,0.05434764649022629,0.43263221644822836
C05,M1_HURDLE_MEAN,77,0.36217402868014525,1.5709372064320712,0.36863839714422814,0.0003829038747013084,0.019523855432434747,,0.32231744946765345,0.15211081200233262,0.36217405528924973
C05,M1_HURDLE_MEAN,78,0.33419426009732345,0.941241959954811,0.2778590008100942,0.00045897163453886966,0.021041643279594256,,0.2796084015310858,0.15138797631325046,0.3341942600062314
C05,M1_HURDLE_MEAN,79,0.27134927242985796,0.5150693843707659,0.22304565908620996,0.00012218563982980413,0.010769945124715248,,0.25842445170327333,0.08617118244223475,0.2713492809127479
C05,M2_HURDLE_ZTNB,0,0.30023374433845884,0.9946760859288499,0.266471100949918,6.098961690763524e-05,0.007783447342903881,,0.29827345510889525,0.056214575174152966,0.3002337327106649
C05,M2_HURDLE_ZTNB,1,0.5147389205025455,1.715327206687871,0.31591649868934885,2.1927401963732633e-05,0.004673681103153679,,0.5165717451129901,0.03769189021223035,0.5147388956245067
C05,M2_HURDLE_ZTNB,2,0.3857968500948276,0.9900265042084935,0.30640387045700795,5.0727698916742377e-05,0.006925195866762737,,0.38881345289902564,0.05959273845589912,0.3857968596902256
C05,M2_HURDLE_ZTNB,3,0.3137499842080831,0.9276738663597868,0.30062412948628897,0.00040487320766423475,0.02010629830179859,,0.27066851514295176,0.12943498867291406,0.31374997762094603
C05,M2_HURDLE_ZTNB,4,0.6227936829420384,1.3550367924722349,0.2972415016805206,1.8053380696264465e-05,0.0038485496820007134,,0.6319050336743977,0.024495497950747895,0.6227936582816793
C05,M2_HURDLE_ZTNB,5,0.32640567017826405,0.40021109331486354,0.18658263766944266,1.384852223297845e-05,0.0037211090813020313,,0.33120881873155505,0.031836048309602724,0.3264056669327698
C05,M2_HURDLE_ZTNB,6,0.275761994161309,0.6014241926060856,0.2560317792075405,0.0001470951539410072,0.011881899460297985,,0.26082003124764036,0.09140449821953499,0.27576197241255573
C05,M2_HURDLE_ZTNB,7,0.39336309505096667,1.1102126225650326,0.2960347105481021,0.0002409043728626962,0.014986575191193886,,0.3740501589777574,0.10079985353298934,0.3933630832534277
C05,M2_HURDLE_ZTNB,8,0.5917245766145288,1.2240542545156838,0.3242807333063975,1.1240141597842798e-05,0.003303801032477451,,0.5943197556907418,0.030924709108609588,0.591724561551564
C05,M2_HURDLE_ZTNB,9,0.4335675810360189,2.9756510776018525,0.45144692853156465,0.0003634787901673908,0.018032703363987865,,0.4022289002096243,0.12211199811484699,0.43356758325894545
C05,M2_HURDLE_ZTNB,10,0.6444345943293806,0.9189595052214787,0.27921566107234486,5.676806896620145e-06,0.0022252584418324603,,0.6477826199090685,0.019817954166460292,0.6444345954986113
C05,M2_HURDLE_ZTNB,11,0.41487722287792606,1.3377892653079484,0.3609176793899313,1.7841944770758806e-05,0.0041962399205502845,,0.4278318095366499,0.031490500785960385,0.4148772262192294
C05,M2_HURDLE_ZTNB,12,0.5229114075865793,1.4310997444950342,0.29641595067244353,0.0009720682214740766,0.03026732934125245,,0.45422205131032223,0.18363246623755541,0.5229114094091819
C05,M2_HURDLE_ZTNB,13,0.5904268623493978,1.251086783344514,0.31827618544244024,0.00042758923363618107,0.020591712423877744,,0.5631881764155934,0.13597681339087375,0.5904268619001989
C05,M2_HURDLE_ZTNB,14,0.5561407558566267,0.4000708955730282,0.182184792648118,4.4668475897447426e-05,0.006630871096269987,,0.5558556443122529,0.0565244294346712,0.556140767503112
C05,M2_HURDLE_ZTNB,15,0.3334167196704242,0.6099112484974551,0.2316454165107375,9.092490787320897e-05,0.009493472955935094,,0.3159019293813578,0.07286647349872385,0.3334167202723678
C05,M2_HURDLE_ZTNB,16,0.2560464091224673,1.9921024203288484,0.38542678549537457,1.7908582686748707e-05,0.004145880522399784,,0.26064207952775,0.0364382350901842,0.2560463974900227
C05,M2_HURDLE_ZTNB,17,0.5173601497350679,0.6528556719870824,0.25172831141103236,1.4440524388617307e-05,0.00373657480746609,,0.5216431810303466,0.027068886823919305,0.5173601310148037
C05,M2_HURDLE_ZTNB,18,0.5964721095415437,1.566048380332285,0.3447524784813838,2.4787033712288222e-05,0.004975194749987163,,0.5961754334909026,0.04263544840580141,0.5964721145908727
C05,M2_HURDLE_ZTNB,19,0.15027698279946783,0.4782601561951567,0.21150139754717398,4.7004771295136035e-05,0.006416364984350876,,0.15691016182455858,0.054855355475442534,0.1502769809331982
C05,M2_HURDLE_ZTNB,20,0.2918544151639208,1.1169311865099778,0.29031282784388335,5.3741605643615004e-05,0.007107351312781841,,0.2937770620616481,0.0594205606061911,0.2918543607422154
C05,M2_HURDLE_ZTNB,21,0.5389488354452789,0.915252366448994,0.25201474902364296,6.920610117444837e-06,0.0025541964118061624,,0.5436940001022239,0.02346217524778523,0.5389488468930163
C05,M2_HURDLE_ZTNB,22,0.347324707607116,1.6359481224969843,0.36642406357771196,4.123689647040286e-05,0.006197026105906792,,0.3475991910529441,0.05216320902776019,0.34732467137797746
C05,M2_HURDLE_ZTNB,23,0.37749692182265304,0.8884795549599033,0.2593411387193366,0.00016622496375918476,0.01260594661392909,,0.3581760988107771,0.09040622557982228,0.37749695099145686
C05,M2_HURDLE_ZTNB,24,0.5395664788541488,3.1787094634901196,0.49802991032539645,1.4592578990341094e-05,0.003599407719489452,,0.5431291120536523,0.03220924551486569,0.5395664839841692
C05,M2_HURDLE_ZTNB,25,0.2622983385393852,1.1223315087438779,0.33794008559340305,8.667780177502216e-05,0.008943919595679698,,0.2664921637670524,0.056826951957985206,0.2622983447200047
C05,M2_HURDLE_ZTNB,26,0.20641403402424718,0.8308842680285135,0.28301067130412094,0.0001389522290629633,0.010869368461331377,,0.19971338490300872,0.08364902955065961,0.20641405382025008
C05,M2_HURDLE_ZTNB,27,0.3383011084174095,1.0605910844935897,0.2957045008102328,1.1281151275691646e-05,0.0032929962774185233,,0.3397116980874447,0.030182144389928306,0.33830109180990336
C05,M2_HURDLE_ZTNB,28,0.24156647948824012,1.8027336104560274,0.35457654487755064,1.6634852823122828e-05,0.004018263507386438,,0.2506094934812956,0.03247249865180098,0.24156648074180714
C05,M2_HURDLE_ZTNB,29,0.25685953797021066,1.900749197969652,0.4072623543036722,0.0002476240761790381,0.01444488883104792,,0.2376985281613701,0.12025199573077075,0.2568595396580127
C05,M2_HURDLE_ZTNB,30,0.4357634069352445,3.7186886087381694,0.524625542516173,6.258470244333358e-05,0.007901489558359794,,0.43526785795864,0.05454016189004664,0.4357634027337063
C05,M2_HURDLE_ZTNB,31,0.4778183755248502,0.7465539619139947,0.2535711080767439,4.986200871937486e-05,0.006448090642872635,,0.4791714044517195,0.048541537876831214,0.47781837384148346
C05,M2_HURDLE_ZTNB,32,0.21254934512086163,1.1063141586296408,0.3325760515412197,9.899397904781333e-05,0.00954818458971083,,0.21527608818600338,0.0870267490317781,0.2125493207697713
C05,M2_HURDLE_ZTNB,33,0.46851411168277884,1.227517423904333,0.33023215513741555,2.8454917950317483e-05,0.004957846789614092,,0.4726942432786012,0.03602354663111152,0.4685140906555275
C05,M2_HURDLE_ZTNB,34,0.49756133555895277,0.7999096698902586,0.2699479060219426,6.195683670513737e-05,0.007736231500744583,,0.49578247039638335,0.058173194050153434,0.4975612789891284
C05,M2_HURDLE_ZTNB,35,0.522894446040094,0.9744660485997685,0.27687388992431194,9.693862134338896e-05,0.009010591138752862,,0.5256143983441176,0.060339146011158064,0.52289443494058
C05,M2_HURDLE_ZTNB,36,0.3401102295928172,1.2059973037748482,0.25884045768273545,3.858508171433971e-05,0.005852574783681391,,0.35120340584878706,0.05234226684280043,0.3401102348131527
C05,M2_HURDLE_ZTNB,37,0.6453468104348632,0.6124864682378623,0.2395696753488013,1.4486151341196716e-05,0.0036184253720407235,,0.6497368666601007,0.03150995490146419,0.6453468430159824
C05,M2_HURDLE_ZTNB,38,0.4852519031386906,1.2150468143512896,0.2984694691594414,0.00019467056284493646,0.013550889272293138,,0.47154978324933877,0.11270915442878338,0.48525190621484954
C05,M2_HURDLE_ZTNB,39,0.3105850300612434,2.429763818000817,0.3925801120981147,0.00013231140142865773,0.010972125963628345,,0.3017288345143392,0.09569934746082871,0.31058502564841356
C05,M2_HURDLE_ZTNB,40,0.2677985757529726,0.7575001031419919,0.28191075494055695,2.003322909480043e-05,0.00447494322132393,,0.269614027291628,0.02818765531087959,0.2677985889441854
C05,M2_HURDLE_ZTNB,41,0.39125234343449145,1.5075282154710972,0.32276032663954357,3.47806213175778e-05,0.005859705871995437,,0.38798681245581423,0.047774895880843576,0.3912523206680646
C05,M2_HURDLE_ZTNB,42,0.30708746044170226,1.38007869740182,0.34439044795098506,5.064488085699203e-05,0.007005033516632408,,0.30517191476709904,0.05724735513911589,0.30708746545189747
C05,M2_HURDLE_ZTNB,43,0.4571490003906908,1.7653790921710102,0.4003062393588793,4.174777512670592e-05,0.006193466973412661,,0.4561713249848748,0.05694960586821707,0.4571489735118891
C05,M2_HURDLE_ZTNB,44,0.41919715742411146,1.4487099898629412,0.3555456019819107,8.991287397796056e-05,0.00939683464207225,,0.4145256895605769,0.06731102776226261,0.419197116141559
C05,M2_HURDLE_ZTNB,45,0.444962080175098,1.9343368422725116,0.3924911105056094,0.000331527280098592,0.017663769801406493,,0.4190534860283486,0.10909197197593584,0.4449620855916698
C05,M2_HURDLE_ZTNB,46,0.30589942127086767,1.0445750269968634,0.2920401669086025,0.00012172078838189702,0.010547985094929737,,0.29000475191636343,0.07529198142498693,0.30589941231534434
C05,M2_HURDLE_ZTNB,47,0.26612578045268387,0.40684822074151505,0.184758932410701,6.51272159129522e-05,0.007990684548500871,,0.25868465320310113,0.06152263663816466,0.2661257746956298
C05,M2_HURDLE_ZTNB,48,0.3334253777466174,0.5802839008113607,0.21135834474639897,9.83326798779889e-05,0.00951972340404365,,0.32720945595215345,0.059295346816555045,0.3334253729582445
C05,M2_HURDLE_ZTNB,49,0.7654627049018438,1.126113492526443,0.3040322458434429,3.3309506658922407e-05,0.005593521798203506,,0.7658157042310945,0.041877737131319606,0.7654627433870191
C05,M2_HURDLE_ZTNB,50,0.2970648783790416,2.3891957659219387,0.4179019892986696,8.752634582869504e-05,0.009250973400427747,,0.30212406653527857,0.06091200738888225,0.2970648907941727
C05,M2_HURDLE_ZTNB,51,0.42221088942489954,0.8028877422999248,0.25708130807754526,0.00022265582781086292,0.014099612580675002,,0.40260648659332704,0.09959254310977714,0.4222108686316308
C05,M2_HURDLE_ZTNB,52,0.46114011544390043,2.1261119688118773,0.41004078781021314,2.755730683573523e-06,0.0016567877787687984,,0.4631752479069636,0.0149169688980501,0.4611401077090417
C05,M2_HURDLE_ZTNB,53,0.16370967545586673,0.9429104137396277,0.3023877909339817,5.4986022591400754e-05,0.007370645323300215,,0.1685247515446907,0.056932528369421385,0.16370969001728014
C05,M2_HURDLE_ZTNB,54,0.19698089813384656,1.040922733831501,0.30372825593780284,7.001584815378412e-05,0.007886743217445202,,0.19786344466674405,0.06292662558746553,0.19698091220613018
C05,M2_HURDLE_ZTNB,55,0.20620032240464045,0.707044153774655,0.22414722180438568,0.0001812663679527575,0.01314437110895604,,0.19105633778322895,0.11182483868441186,0.2062003285330967
C05,M2_HURDLE_ZTNB,56,0.25875035019408865,0.70073940633148,0.25386766786011816,4.302161234570227e-05,0.0062705514592093555,,0.25605587679135605,0.04847876940598099,0.2587503607972914
C05,M2_HURDLE_ZTNB,57,0.5811398203307356,1.1512052627846745,0.32272516307202087,1.936676911805457e-05,0.0043195951041344275,,0.5824841853267214,0.03427915370142581,0.58113980506065
C05,M2_HURDLE_ZTNB,58,0.14201676846890027,1.4668140382242414,0.33277556116892515,2.6312676012149784e-05,0.004813153098600101,,0.14257251713379737,0.042857797537797546,0.14201679657119215
C05,M2_HURDLE_ZTNB,59,0.21490252293737938,1.0350390964739051,0.29846485769785275,6.17870719591773e-05,0.007649451154378199,,0.20777553267455579,0.0656281412958755,0.21490251446129102
C05,M2_HURDLE_ZTNB,60,0.5651925254357539,0.8541176377539799,0.2590188860024252,0.00026668155166100947,0.01567997512039418,,0.549635686996748,0.10382354714538113,0.5651925233286743
C05,M2_HURDLE_ZTNB,61,0.22079166318851545,0.8835986863421167,0.2616054394409496,2.8385652114604815e-05,0.0052666497676765065,,0.21218297655150084,0.04146671103015931,0.22079168046192665
C05,M2_HURDLE_ZTNB,62,0.5235298504343322,1.375520221655703,0.30863274096340776,4.034676358407431e-05,0.00626666385577148,,0.5211669547578611,0.0512883798711736,0.5235298583588013
C05,M2_HURDLE_ZTNB,63,0.2297233195382975,2.15838740428683,0.39768689127698265,4.159929145224296e-05,0.006447455819795899,,0.2245148613165583,0.04897128269070905,0.2297233272864161
C05,M2_HURDLE_ZTNB,64,0.19894658506663981,0.7939806619082048,0.2799200328391327,5.6761022538886414e-05,0.007529818195592085,,0.1894056861782707,0.05298117895681062,0.19894659185957753
C05,M2_HURDLE_ZTNB,65,0.3127991136099081,0.876275185319803,0.27210741116227644,6.704492272145044e-05,0.008046532637252203,,0.3060078553853588,0.05938618449829032,0.3127991237339973
C05,M2_HURDLE_ZTNB,66,0.49538518244055035,0.7802187860786693,0.2534506595143453,6.779524284352469e-06,0.0025323214217725493,,0.49674039673293247,0.02292583211332737,0.49538518545995863
C05,M2_HURDLE_ZTNB,67,0.38063698651481404,1.4912303436761887,0.38725917104642726,0.00026202330636735315,0.01611342367534902,,0.35356892392662453,0.12172979942653861,0.38063699360526887
C05,M2_HURDLE_ZTNB,68,0.3049286165525887,1.0632195314832762,0.28762099375401284,0.00013227823860584705,0.01146266862075899,,0.2906948905550116,0.0745095655930954,0.3049286364862328
C05,M2_HURDLE_ZTNB,69,0.4624059058550633,1.3666317368975696,0.30369067387684817,0.0002010966890581424,0.01407040634654026,,0.4375896329728033,0.09889606142579796,0.4624059029446229
C05,M2_HURDLE_ZTNB,70,0.5311357810523354,0.7050355222359064,0.26858521558507664,8.09581043617044e-06,0.0028106858621321806,,0.534832633381444,0.024473720688125113,0.5311358131613468
C05,M2_HURDLE_ZTNB,71,0.17869544301590182,1.5722156150792617,0.38387433589257713,7.650136189037271e-05,0.008371188612885286,,0.18066526734940333,0.05705892613765465,0.17869541849885406
C05,M2_HURDLE_ZTNB,72,0.39098041248919524,0.7199107724305867,0.26719236289453174,0.0001943671315285325,0.013739557253276543,,0.37241663713130935,0.12066754435621814,0.39098040315472127
C05,M2_HURDLE_ZTNB,73,0.4478603552269207,1.8870750792829702,0.34846971393398385,1.830219385168894e-05,0.004272095445086211,,0.4508322550391274,0.036292620393366795,0.44786032561930034
C05,M2_HURDLE_ZTNB,74,0.4661053378039576,1.3311059238857732,0.3112315763622294,0.00012371145266228437,0.010801866524295135,,0.45062545014375155,0.07735482375219938,0.46610533336551097
C05,M2_HURDLE_ZTNB,75,0.36328239374962334,1.234268763051388,0.31042052960510125,0.00022450059017878468,0.014727804849140005,,0.3285306792084509,0.10350272487438072,0.3632823876546767
C05,M2_HURDLE_ZTNB,76,0.3884270641172758,0.6814868779687293,0.24548119742188018,2.8373261924944537e-05,0.005152618818913739,,0.3904708777287059,0.0339845088127184,0.3884270303943588
C05,M2_HURDLE_ZTNB,77,0.3210015176394261,1.5613695577006363,0.3634534648836492,0.0003305059446825614,0.01730090475341474,,0.2816521801252032,0.13938338988663734,0.32100152697252227
C05,M2_HURDLE_ZTNB,78,0.266680408237871,0.979941404969308,0.29565728086680354,0.0002666777975962891,0.015631106997897416,,0.2311575901088248,0.12527122881473934,0.2666803900609808
C05,M2_HURDLE_ZTNB,79,0.26658197497660185,0.49431421707394796,0.22045795572948296,6.045933146606069e-05,0.007643029816645198,,0.25585245456047623,0.05832266051770782,0.2665819444217081
C06,M0_PARAMETER_MATCHED_POINT,0,0.5552435361768789,3.747637447682153,0.7818756985143409,,,,,,
C06,M0_PARAMETER_MATCHED_POINT,1,0.834563339875216,6.522392489811622,1.0009486813578405,,,,,,
C06,M0_PARAMETER_MATCHED_POINT,2,0.8257691569920822,10.2511265641145,1.188014015241303,,,,,,
C06,M0_PARAMETER_MATCHED_POINT,3,0.8244921713361189,4.782187193391405,0.8658109361876996,,,,,,
C06,M0_PARAMETER_MATCHED_POINT,4,0.6982034252768019,3.852327987910397,0.7212054455509739,,,,,,
C06,M0_PARAMETER_MATCHED_POINT,5,0.5160551907079581,5.6524578594703865,0.8677714383168981,,,,,,
C06,M0_PARAMETER_MATCHED_POINT,6,0.6980602774597613,2.497651115485146,0.7258884819166269,,,,,,
C06,M0_PARAMETER_MATCHED_POINT,7,0.5588058411348065,5.34050258108064,0.9200420499788986,,,,,,
C06,M0_PARAMETER_MATCHED_POINT,8,0.7029984207381252,5.654102575607958,0.9353649460517772,,,,,,
C06,M0_PARAMETER_MATCHED_POINT,9,0.5891024802956146,4.904404906183123,0.9363089681864949,,,,,,
C06,M0_PARAMETER_MATCHED_POINT,10,1.0527002979808116,3.53127050063604,0.8167479879634811,,,,,,
C06,M0_PARAMETER_MATCHED_POINT,11,1.2771309058793523,4.952935271516129,0.9230566237129096,,,,,,
C06,M0_PARAMETER_MATCHED_POINT,12,0.8488651239730991,3.018663719031718,0.7341766328803108,,,,,,
C06,M0_PARAMETER_MATCHED_POINT,13,0.6897242377161368,7.429684921972088,1.0932994788569583,,,,,,
C06,M0_PARAMETER_MATCHED_POINT,14,0.6932539210595543,3.8118757041870843,0.7946661774482588,,,,,,
C06,M0_PARAMETER_MATCHED_POINT,15,0.3510167843323504,4.999787895975654,0.8184083833245193,,,,,,
C06,M0_PARAMETER_MATCHED_POINT,16,1.1891793209388581,5.120405421731089,0.8877440422790338,,,,,,
C06,M0_PARAMETER_MATCHED_POINT,17,1.0421650125775588,6.085679731412149,0.8462707355198896,,,,,,
C06,M0_PARAMETER_MATCHED_POINT,18,0.9372700597733161,2.6564658562930443,0.712958743020863,,,,,,
C06,M0_PARAMETER_MATCHED_POINT,19,0.4712337190343513,3.6931711222075547,0.8000350128252952,,,,,,
C06,M0_PARAMETER_MATCHED_POINT,20,1.030927006882473,7.449475119060855,1.03719551841156,,,,,,
C06,M0_PARAMETER_MATCHED_POINT,21,0.6226607762770139,7.223804841044154,1.0446684603120957,,,,,,
C06,M0_PARAMETER_MATCHED_POINT,22,0.53022945952256,6.59880858358391,1.0031729143083794,,,,,,
C06,M0_PARAMETER_MATCHED_POINT,23,0.6989788057861088,3.34628876247341,0.6643265450838953,,,,,,
C06,M0_PARAMETER_MATCHED_POINT,24,0.6538003126132441,5.213988539688361,0.9100898526897556,,,,,,
C06,M0_PARAMETER_MATCHED_POINT,25,0.6024828117381116,4.145655080867332,0.8101314293356456,,,,,,
C06,M0_PARAMETER_MATCHED_POINT,26,0.7074932267038174,3.6684887951019354,0.7621920573280174,,,,,,
C06,M0_PARAMETER_MATCHED_POINT,27,0.6442324800262413,3.0583251353894334,0.7347685413854681,,,,,,
C06,M0_PARAMETER_MATCHED_POINT,28,0.5473782411315977,3.821910268703202,0.8193748093972317,,,,,,
C06,M0_PARAMETER_MATCHED_POINT,29,0.45660477491407236,3.8983738383438205,0.7455988616165996,,,,,,
C06,M0_PARAMETER_MATCHED_POINT,30,0.7790667023863944,4.02376034432387,0.7999147294218952,,,,,,
C06,M0_PARAMETER_MATCHED_POINT,31,0.6302952043232235,5.4628158020317095,0.8327844824986338,,,,,,
C06,M0_PARAMETER_MATCHED_POINT,32,0.5449524307030641,4.855186513308568,0.8786214479963139,,,,,,
C06,M0_PARAMETER_MATCHED_POINT,33,0.9074901779915774,3.570389144637656,0.7238287404559667,,,,,,
C06,M0_PARAMETER_MATCHED_POINT,34,0.8703451540068553,4.047548074294468,0.8442590629080466,,,,,,
C06,M0_PARAMETER_MATCHED_POINT,35,1.0584901423994202,3.3546601921386907,0.7268934205979652,,,,,,
C06,M0_PARAMETER_MATCHED_POINT,36,0.6554689655824524,5.323824671587212,0.9129625131186382,,,,,,
C06,M0_PARAMETER_MATCHED_POINT,37,0.8521137558104028,4.114466220183595,0.7821241242503068,,,,,,
C06,M0_PARAMETER_MATCHED_POINT,38,0.6325503429592986,4.751308290786472,0.8939998192957621,,,,,,
C06,M0_PARAMETER_MATCHED_POINT,39,0.6223081584620613,7.207336624223055,1.0708813804794772,,,,,,
C06,M0_PARAMETER_MATCHED_POINT,40,0.6997915026982426,3.783835600926283,0.873924123764785,,,,,,
C06,M0_PARAMETER_MATCHED_POINT,41,0.5021977747977606,2.673101930330253,0.704105573577787,,,,,,
C06,M0_PARAMETER_MATCHED_POINT,42,1.0785210900334645,6.159339324689328,0.9286613449704266,,,,,,
C06,M0_PARAMETER_MATCHED_POINT,43,0.7908873281115971,3.5942819894468663,0.7719516884538582,,,,,,
C06,M0_PARAMETER_MATCHED_POINT,44,0.818238504776281,4.38577994003658,0.8522192217330181,,,,,,
C06,M0_PARAMETER_MATCHED_POINT,45,1.099807982569378,3.660144401673236,0.7795429542008303,,,,,,
C06,M0_PARAMETER_MATCHED_POINT,46,1.4520069002811167,6.6647982385003015,0.8928363976447145,,,,,,
C06,M0_PARAMETER_MATCHED_POINT,47,1.1467006616686997,5.718846386364479,0.893168684655393,,,,,,
C06,M0_PARAMETER_MATCHED_POINT,48,0.9517629227651059,5.371224897748313,0.9669512785245995,,,,,,
C06,M0_PARAMETER_MATCHED_POINT,49,0.32909903349350733,3.193869309600588,0.706328088715054,,,,,,
C06,M0_PARAMETER_MATCHED_POINT,50,0.7372954935730561,3.6560196064056245,0.7681176058615335,,,,,,
C06,M0_PARAMETER_MATCHED_POINT,51,1.0519976194390634,4.1221275976118275,0.9155141318575868,,,,,,
C06,M0_PARAMETER_MATCHED_POINT,52,0.38660030000657325,4.5428246888704376,0.8862080840020402,,,,,,
C06,M0_PARAMETER_MATCHED_POINT,53,0.9423367103111497,7.760069907369718,1.167610363520604,,,,,,
C06,M0_PARAMETER_MATCHED_POINT,54,1.0041618293635122,5.94009897782667,1.033933070160856,,,,,,
C06,M0_PARAMETER_MATCHED_POINT,55,0.5093227208555475,3.36141838396774,0.7860962922738206,,,,,,
C06,M0_PARAMETER_MATCHED_POINT,56,0.8819622311868007,8.63008451696226,1.1530790495938466,,,,,,
C06,M0_PARAMETER_MATCHED_POINT,57,1.3098893033957613,3.272704817615383,0.7227895266458594,,,,,,
C06,M0_PARAMETER_MATCHED_POINT,58,1.4049004194618835,3.5961872347991086,0.7690839650446529,,,,,,
C06,M0_PARAMETER_MATCHED_POINT,59,0.7272688794077462,6.816026641086918,0.9984958745286956,,,,,,
C06,M0_PARAMETER_MATCHED_POINT,60,1.1030861516670891,4.042677126362719,0.8758316032945004,,,,,,
C06,M0_PARAMETER_MATCHED_POINT,61,0.7549924355427649,4.0291558187608505,0.8418668502636137,,,,,,
C06,M0_PARAMETER_MATCHED_POINT,62,0.805125420394879,5.728401069357329,0.9295467601562754,,,,,,
C06,M0_PARAMETER_MATCHED_POINT,63,0.6769619327968686,6.545064782686627,1.0317897974487473,,,,,,
C06,M0_PARAMETER_MATCHED_POINT,64,0.7712109139197376,9.447199742670024,1.206122037364063,,,,,,
C06,M0_PARAMETER_MATCHED_POINT,65,0.5342461286618793,5.36184254092663,0.9260849098791368,,,,,,
C06,M0_PARAMETER_MATCHED_POINT,66,0.7315422442220424,3.488717269382078,0.7794133008283097,,,,,,
C06,M0_PARAMETER_MATCHED_POINT,67,0.5653692782980302,3.7677386219047433,0.7816012139334514,,,,,,
C06,M0_PARAMETER_MATCHED_POINT,68,1.067092698009544,4.691115295812055,0.858907293038404,,,,,,
C06,M0_PARAMETER_MATCHED_POINT,69,0.7381282994654443,4.017647905550973,0.776991218488547,,,,,,
C06,M0_PARAMETER_MATCHED_POINT,70,0.6803868087935094,5.7531306202701105,0.9920381461294407,,,,,,
C06,M0_PARAMETER_MATCHED_POINT,71,0.7823451093719862,5.058617909265996,0.9229034071565062,,,,,,
C06,M0_PARAMETER_MATCHED_POINT,72,0.9708838653066034,4.617151389999787,0.9270922425494064,,,,,,
C06,M0_PARAMETER_MATCHED_POINT,73,1.0864544486571657,6.070227378744788,1.0445502339838035,,,,,,
C06,M0_PARAMETER_MATCHED_POINT,74,0.9935491728626221,5.105862524217956,0.977514754763509,,,,,,
C06,M0_PARAMETER_MATCHED_POINT,75,0.7657758861328675,7.429191824986091,1.1110447505877044,,,,,,
C06,M0_PARAMETER_MATCHED_POINT,76,0.6399379416243766,6.51402484536581,1.0178457838722657,,,,,,
C06,M0_PARAMETER_MATCHED_POINT,77,0.8179543212334341,3.111217785411438,0.7330077327387698,,,,,,
C06,M0_PARAMETER_MATCHED_POINT,78,1.282717635736475,2.7823711229730304,0.6992293300985086,,,,,,
C06,M0_PARAMETER_MATCHED_POINT,79,0.6826086016851078,4.081232855391224,0.9072328863361083,,,,,,
C06,M1_HURDLE_MEAN,0,0.43572326914001264,3.2820369198903054,0.597744269119477,2.0947807088610235e-06,0.0014419263311081037,,0.43233266233781886,0.014419263309947954,0.4357232525925615
C06,M1_HURDLE_MEAN,1,0.5318116272647572,6.368285848790773,0.7784872280318302,1.1781645272260354e-05,0.003089155025844974,,0.5290161201126915,0.030891550256758493,0.5318116130745452
C06,M1_HURDLE_MEAN,2,0.6716168018425821,9.42367735553811,0.936367831313845,6.110201194157086e-05,0.007677845440161148,,0.638549892108637,0.07677845440148848,0.6716167948286497
C06,M1_HURDLE_MEAN,3,0.7598107762182051,4.235350009921181,0.6338387837837525,7.46328186388255e-07,0.0008514589270003487,,0.7585361575941854,0.008514589263169075,0.7598108000036128
C06,M1_HURDLE_MEAN,4,0.5212374176605332,4.048333927926365,0.5903217518125803,1.225346300631661e-05,0.003233762538108803,,0.5133196820169215,0.032337625380867124,0.5212374128791086
C06,M1_HURDLE_MEAN,5,0.33890321129304213,5.2893011411866055,0.726530634152663,4.843912456586468e-06,0.0022007510425425805,,0.3377144771864154,0.022007510424954566,0.3389031866762833
C06,M1_HURDLE_MEAN,6,0.48134947978495446,2.1958306518732034,0.46253338680713446,6.896655140929685e-08,0.0002605561699263656,,0.4814509628400631,0.0026055616682270737,0.4813494761791273
C06,M1_HURDLE_MEAN,7,0.5146580239680746,5.210318486055096,0.7585453355972609,8.346731482128003e-06,0.0028731132548199586,,0.5087080353202419,0.028731132547573063,0.5146580006226855
C06,M1_HURDLE_MEAN,8,0.4250780839578435,4.968345112519807,0.6812085888871384,1.9627232591105116e-06,0.0013986720575791009,,0.4221669029661209,0.013986720570673246,0.4250780941605932
C06,M1_HURDLE_MEAN,9,0.45763213930770164,5.033846087403913,0.7033902885716156,2.589536282775195e-07,0.0004968660900277303,,0.4581844216056957,0.00496866088772001,0.4576321697960974
C06,M1_HURDLE_MEAN,10,0.8808060750283144,3.273210535218329,0.534667744369594,2.0093647591715112e-07,0.00040585213382056975,,0.8808879926939179,0.0040585213120869,0.8808060460217262
C06,M1_HURDLE_MEAN,11,1.0780628712905063,5.123591068261515,0.6431502499131911,6.281445979086386e-07,0.0007802189606753334,,1.0796443731022398,0.007802189599464531,1.0780629075764774
C06,M1_HURDLE_MEAN,12,0.5113053052591441,3.134161540008881,0.5012209646647668,3.9707324894602234e-05,0.006180140880801955,,0.4907978923741867,0.061801408807861793,0.5113053197285796
C06,M1_HURDLE_MEAN,13,0.4450318247173758,7.043249176825693,0.830933068298492,1.4107571640048278e-06,0.0011457540997683222,,0.4441394919790592,0.011457540994853833,0.44503181909438283
C06,M1_HURDLE_MEAN,14,0.5501394802713808,3.3009836387879257,0.5771985852045659,1.233058142943147e-05,0.0035106369211423028,,0.5350339430393114,0.035106369211046096,0.550139489036401
C06,M1_HURDLE_MEAN,15,0.26170275548254435,4.92588884547658,0.649938030465993,1.471285360072825e-06,0.0012128244350902318,,0.2616675705406548,0.012128244348555566,0.26170276132529297
C06,M1_HURDLE_MEAN,16,0.8494975787145658,4.475859584593053,0.6137866768936421,7.915145135171871e-05,0.008855690265853259,,0.8112418226588075,0.08855690265842095,0.8494975692066359
C06,M1_HURDLE_MEAN,17,0.8846538156161159,6.0260046536540255,0.7073689952353168,8.186974365672475e-06,0.0028582846914601903,,0.8700640586014202,0.028582846914601903,0.8846538358654086
C06,M1_HURDLE_MEAN,18,0.5324853703897294,2.1771054929070752,0.4630835437471494,3.181286414572079e-05,0.005640174936571426,,0.50024890793287,0.056401749365708465,0.5324853371496688
C06,M1_HURDLE_MEAN,19,0.34281871220399196,3.292300765340771,0.5744268845361329,4.853374201452219e-07,0.0006886270826998763,,0.34356890254807554,0.0068862708224609786,0.34281872277251124
C06,M1_HURDLE_MEAN,20,0.7814762984981753,7.068037249574906,0.8486737044653365,0.0001720426507647517,0.012042333260467702,,0.7283754829386366,0.12042333260463156,0.7814762599878331
C06,M1_HURDLE_MEAN,21,0.48617651910910353,6.979667291280167,0.7826192579250499,3.9996179042027496e-06,0.0019837301125832235,,0.4867838918622205,0.01983730112295836,0.4861765077670135
C06,M1_HURDLE_MEAN,22,0.331708403273102,5.200537717310054,0.7161012457494078,2.5284565729881412e-05,0.0048618411648234045,,0.3259168464972617,0.04861841164797494,0.331708373311979
C06,M1_HURDLE_MEAN,23,0.4905535027761725,2.966977303363774,0.5076335438426862,2.984035989811455e-05,0.005287155875404093,,0.4730937887116769,0.052871558753946585,0.4905535395660321
C06,M1_HURDLE_MEAN,24,0.5996871108240064,4.887846781694293,0.7019158577285098,1.9461114317441205e-06,0.0012567976736300216,,0.5996264792829185,0.012567976730754906,0.599687127548052
C06,M1_HURDLE_MEAN,25,0.6085529630513697,3.7786766008526995,0.583943692570406,3.395898279862654e-06,0.0017203775372113075,,0.6125216672290921,0.017203775370946948,0.6085529121061889
C06,M1_HURDLE_MEAN,26,0.5203322332288731,3.414324056541058,0.5751283548218378,7.851334006740319e-06,0.0026200692559492844,,0.5103146640655031,0.026200692558897603,0.5203322562033739
C06,M1_HURDLE_MEAN,27,0.3696122582190964,3.383268596660343,0.5940921625219806,8.062724332999739e-05,0.008976502038167605,,0.369386568330772,0.08976502038156105,0.36961223245676617
C06,M1_HURDLE_MEAN,28,0.38826835672355453,3.808256528041003,0.6110504132219128,7.072146834196706e-07,0.0008363256451301462,,0.3889658864101303,0.008363256446980388,0.3882683286707858
C06,M1_HURDLE_MEAN,29,0.359003345375269,3.710782589477347,0.5646231254729437,1.2226721355767202e-06,0.001105533497547835,,0.3547477658551039,0.011055334974458163,0.3590033446557078
C06,M1_HURDLE_MEAN,30,0.596810027368605,3.179596434643881,0.5174544491594124,4.221130476027106e-06,0.0018767735483895725,,0.5968263483124226,0.01876773548120899,0.596810048961652
C06,M1_HURDLE_MEAN,31,0.5647592743294225,5.478273139781792,0.6817709709016523,3.190724774004321e-06,0.001777013863838806,,0.5598858621326708,0.01777013863787382,0.5647592616096944
C06,M1_HURDLE_MEAN,32,0.4072244801672546,4.555629594681857,0.6633595762822071,2.7458457231404084e-06,0.0015482434827790285,,0.4093664459677287,0.015482434826084024,0.4072244938860846
C06,M1_HURDLE_MEAN,33,0.7074231854838068,3.1785109467042982,0.5333465849792081,0.0001509154112343847,0.012228250010364861,,0.6397861182871617,0.12228250010363609,0.7074231724147133
C06,M1_HURDLE_MEAN,34,0.5436082108754514,4.005986332287827,0.6065666588828672,5.541492763792408e-06,0.002217059646016868,,0.5386846340195854,0.02217059645801051,0.5436081745199546
C06,M1_HURDLE_MEAN,35,0.7938947774605529,3.298061942047667,0.5438968117214686,6.699711291404921e-05,0.008119271905196325,,0.7637121449433999,0.08119271905180611,0.7938947795753056
C06,M1_HURDLE_MEAN,36,0.5294711170972392,4.591822935513084,0.6334674327956293,8.911434172602945e-08,0.00029148367131532417,,0.5296789564839175,0.002914836682644203,0.529471061416256
C06,M1_HURDLE_MEAN,37,0.5835857975100366,3.758097044198104,0.6036269759387556,3.903203055486971e-05,0.006247012432323245,,0.5641807345677268,0.06247012432307225,0.5835858130154257
C06,M1_HURDLE_MEAN,38,0.39641745698989145,4.412615980661801,0.6817058355738854,6.830187201865683e-06,0.0025252152474879875,,0.3859676425648335,0.025252152474196522,0.3964174385588327
C06,M1_HURDLE_MEAN,39,0.611542236792793,6.347334561932845,0.7888641722471296,2.3413142521121076e-05,0.0046302266937488495,,0.6176066003416325,0.046302266936995254,0.6115422584530418
C06,M1_HURDLE_MEAN,40,0.37981529037156886,3.731461450837445,0.6557160917867695,7.858082952305059e-05,0.008163638614893238,,0.3826580128499801,0.08163638614893237,0.3798153124111896
C06,M1_HURDLE_MEAN,41,0.4525526610732701,2.694059207032786,0.5535214834986065,1.319432728395949e-05,0.0032892411209996513,,0.4442815608663452,0.03289241120985308,0.45255267101990126
C06,M1_HURDLE_MEAN,42,0.9839477313541679,5.567960256402099,0.7099095583484694,0.00018125247312241133,0.013343251946243624,,0.9247710840840385,0.13343251946243623,0.9839477269653487
C06,M1_HURDLE_MEAN,43,0.39051311804055755,3.675408261586143,0.5619318394999182,1.3212075122959216e-05,0.003540312855235716,,0.38689063573527505,0.03540312855168548,0.39051312585600456
C06,M1_HURDLE_MEAN,44,0.5691791539262457,4.192332714525141,0.5906357807392272,0.00019789969998117846,0.013145877786102936,,0.5132231896557549,0.13145877786102936,0.5691791662752916
C06,M1_HURDLE_MEAN,45,0.8842686122559265,3.51045286275832,0.5602132421722039,0.0004732237417884782,0.020279000497688326,,0.7938193455366847,0.2027900049768649,0.8842686042061405
C06,M1_HURDLE_MEAN,46,1.2903746412213695,6.127442556471944,0.6370952614739414,0.0006236759641761492,0.02405581254213872,,1.1767835792290602,0.24055812542138716,1.2903746569025372
C06,M1_HURDLE_MEAN,47,0.986737617681198,5.6039982968033355,0.6705872490929157,0.0005341788059872268,0.022002635518269694,,0.8874232636951497,0.22002635518268265,0.9867376125605196
C06,M1_HURDLE_MEAN,48,0.6991806312655138,4.66025880422195,0.6843560366633319,0.0002759126442879299,0.016476772623162144,,0.6251402549058034,0.16476772623161015,0.6991806507505538
C06,M1_HURDLE_MEAN,49,0.24875696607371428,2.9056668300013175,0.5275281820910422,3.1152619781816424e-06,0.001597901941699615,,0.24461443726925586,0.015979019415664784,0.24875699811283686
C06,M1_HURDLE_MEAN,50,0.4633141219992545,3.611390587138735,0.589608902142543,0.00016589754142885702,0.012572572378085642,,0.4128958469049333,0.12572572378085642,0.463314117027516
C06,M1_HURDLE_MEAN,51,0.4014410484932973,2.9658520744929318,0.5585912188542708,0.00010048481942703487,0.009994056258578826,,0.3662198204953455,0.09994056258576826,0.40144108478184154
C06,M1_HURDLE_MEAN,52,0.37600121190713975,4.487657466945482,0.701154720971126,3.534470938041672e-06,0.001735938822756799,,0.3786922575365671,0.01735938822646016,0.37600120704128465
C06,M1_HURDLE_MEAN,53,0.6224914569816788,7.497249676582557,0.9116659658209165,5.119010048038805e-06,0.002060147109450785,,0.6248340741780518,0.020601471093474922,0.6224914467547034
C06,M1_HURDLE_MEAN,54,0.6327797301656367,5.432782021447768,0.7969072031356206,0.0004478845909762843,0.0198303289442469,,0.5514436890690901,0.19830328944240194,0.6327797306823337
C06,M1_HURDLE_MEAN,55,0.4105924747237064,2.602716596186581,0.5338427138766833,2.525600870689062e-05,0.004931110550008723,,0.39099977697584265,0.049311105500074656,0.41059245134348055
C06,M1_HURDLE_MEAN,56,0.5544694734605207,8.699080595016355,0.9249651143445029,1.2545194443526302e-05,0.0031602272970045727,,0.5476165851509975,0.03160227296906718,0.5544694567153604
C06,M1_HURDLE_MEAN,57,1.162380178738002,2.5874538979485084,0.4619024650826663,0.001057001713582327,0.03251127428555564,,1.0289382715274755,0.32511274285555547,1.1623801565382246
C06,M1_HURDLE_MEAN,58,1.2136409536049562,3.500327495814674,0.5431622163953171,0.0007851125158472177,0.02764987732736314,,1.118400059710181,0.2764987732736314,1.2136409594041992
C06,M1_HURDLE_MEAN,59,0.6023289545390023,6.49587024007877,0.7983514221148764,3.2209312805392526e-05,0.00515834424733639,,0.5839986102403418,0.05158344247303344,0.6023289593406109
C06,M1_HURDLE_MEAN,60,0.8990595372818808,3.4286501208894884,0.589675805387185,0.0002441407478275734,0.013903424595377313,,0.831232916780306,0.13903424595377312,0.8990595343198372
C06,M1_HURDLE_MEAN,61,0.5692627382246075,4.373085324336178,0.6256787350477871,9.345368212897934e-06,0.0026702198702592754,,0.5703289609423923,0.026702198700455836,0.569262745486928
C06,M1_HURDLE_MEAN,62,0.668663917024492,5.115113431983671,0.7096888250218885,2.2120275350971846e-05,0.004321027756113217,,0.6544005287722175,0.04321027756092244,0.6686639175179583
C06,M1_HURDLE_MEAN,63,0.32780820340031014,6.315713623452827,0.8144904774745034,3.797007585363574e-05,0.005418036990486836,,0.3139755301761029,0.054180369904441424,0.3278082308895136
C06,M1_HURDLE_MEAN,64,0.7180374814153283,9.321208109088584,0.9617676064171057,6.7421200347786594e-06,0.0020892111246506315,,0.7171501190374965,0.020892111236705212,0.7180374993840772
C06,M1_HURDLE_MEAN,65,0.288519966283453,4.884401552091692,0.7042205357225538,4.2014624774378176e-05,0.005888849019151392,,0.2725876126460651,0.058888490191311205,0.28851999050221455
C06,M1_HURDLE_MEAN,66,0.5204273135787781,2.789370952608377,0.5232643379582667,3.816880637389023e-06,0.0019506447725328871,,0.5227453889775029,0.01950644772428961,0.5204273224568825
C06,M1_HURDLE_MEAN,67,0.3923036105078284,3.2954531924636745,0.5438382407332258,1.701287226378756e-05,0.0037858170338993156,,0.39689349434177196,0.03785817033852433,0.3923036234166247
C06,M1_HURDLE_MEAN,68,0.8157969956918179,4.394463306849438,0.6349043519368245,0.00016865328144197433,0.01205213931481983,,0.7605934155339547,0.12052139314819829,0.8157969880843761
C06,M1_HURDLE_MEAN,69,0.48130489166440305,3.731225003864831,0.547433129200531,0.00012950706022838527,0.010276425277416063,,0.4294287572235808,0.1027642527741213,0.4813048603958024
C06,M1_HURDLE_MEAN,70,0.31227475974202756,5.615572421541332,0.759175315841409,2.611851552656514e-06,0.0015917127212052538,,0.3120673221864444,0.015917127210684837,0.31227473746911677
C06,M1_HURDLE_MEAN,71,0.6529721948638454,5.052222994034132,0.7218526939491132,6.52944496889346e-06,0.002214366625392272,,0.6532009711395235,0.022143666250545258,0.6529721618428609
C06,M1_HURDLE_MEAN,72,0.3318619633559736,3.969084798128807,0.6410551066352177,8.250046081382677e-05,0.008846024179602455,,0.3052756026796437,0.08846024179591734,0.3318619743729667
C06,M1_HURDLE_MEAN,73,0.5731076519683328,5.76672362107131,0.7008301510134183,7.941146525180646e-05,0.00789992691678008,,0.5419138178471026,0.07899926916761425,0.5731076547569323
C06,M1_HURDLE_MEAN,74,0.7028758964795274,4.263951120769297,0.6983547258166622,9.682071246157437e-05,0.009096625299420371,,0.6647903319493521,0.0909662529942037,0.7028758977635559
C06,M1_HURDLE_MEAN,75,0.41050344348280476,6.674955864906497,0.8529482609356716,4.9902924540657016e-05,0.005617466239211015,,0.40009622357949404,0.05617466239106481,0.41050344631057456
C06,M1_HURDLE_MEAN,76,0.42786846756514074,5.688544990796436,0.7719693869530904,1.8734206825110597e-05,0.0038861038273965394,,0.4257561152298357,0.03886103827356022,0.4278684772076362
C06,M1_HURDLE_MEAN,77,0.622500297606505,2.798970234462694,0.5385488555041904,8.754716527418935e-05,0.008839189578900706,,0.5859024392029638,0.0883918957889815,0.6225003122277397
C06,M1_HURDLE_MEAN,78,1.0478176557326921,2.503957384824651,0.4767436626721029,0.00038174212324539893,0.018588873288410038,,0.9504380463152959,0.1858887328841004,1.0478176452276657
C06,M1_HURDLE_MEAN,79,0.3369085766426967,2.9203045101767477,0.5503566543799363,6.083729864814369e-07,0.0007450342869711791,,0.3377742694718051,0.0074503428592977445,0.3369085943095367
C06,M2_HURDLE_ZTNB,0,0.3327612267546409,3.288528675938298,0.6013374061386678,4.865318951406175e-06,0.0021992978991061517,,0.32506595625636914,0.02199297899088442,0.33276124955200165
C06,M2_HURDLE_ZTNB,1,0.4892805182620052,6.097151856723593,0.7634868610027303,5.623040900769824e-05,0.006320594553554353,,0.486133529522534,0.06320594553464222,0.489280564660292
C06,M2_HURDLE_ZTNB,2,0.576664087652372,9.229325952914499,0.9477231255246072,4.24555489498756e-05,0.006422988642024464,,0.5464500291773227,0.064229886420226,0.5766640647887601
C06,M2_HURDLE_ZTNB,3,0.8672270065976317,4.867138257926742,0.698606564253363,1.2784926201682722e-06,0.001122639066080971,,0.8662372456874781,0.011226390655741283,0.8672270466728216
C06,M2_HURDLE_ZTNB,4,0.4006461536710789,3.894732030385053,0.5839749862679857,2.386235572763529e-05,0.004381723447779781,,0.38895390756544945,0.04381723447762252,0.4006461538232925
C06,M2_HURDLE_ZTNB,5,0.26124284754012833,5.168767924557228,0.7197549275272204,5.790936716470004e-06,0.0024064259637022736,,0.25811205046842656,0.02406425963677486,0.26124287113534134
C06,M2_HURDLE_ZTNB,6,0.5456990171681115,2.209051518242958,0.4536287323236633,6.888336095132998e-08,0.0002514251818424572,,0.5461247660746731,0.002514251794744643,0.545699050518667
C06,M2_HURDLE_ZTNB,7,0.5158154444941891,5.348425281481413,0.7720520618676583,7.633279249355288e-06,0.0027440966466866024,,0.5133625020240661,0.02744096646667394,0.5158154598120139
C06,M2_HURDLE_ZTNB,8,0.5840397043455676,4.8358475338266,0.6772038095262294,1.0615448415232485e-06,0.0010262868458293189,,0.5831859047489729,0.010262868452237669,0.5840396796532292
C06,M2_HURDLE_ZTNB,9,0.5900750777281143,4.868018352074401,0.6822494775842245,4.3442854193101955e-07,0.0005559538605232761,,0.5916625298904687,0.005559538589600223,0.5900750278970994
C06,M2_HURDLE_ZTNB,10,1.0555311882659673,3.683203473355511,0.5608394614877159,2.1632916727661812e-07,0.0004155695808137367,,1.0556695894799444,0.0041556957870969476,1.0555312216897583
C06,M2_HURDLE_ZTNB,11,1.330417590535519,5.436638088467055,0.6285712342416766,7.251515343953184e-07,0.0008182302575516881,,1.3332703083917472,0.00818230256970004,1.3304175847792767
C06,M2_HURDLE_ZTNB,12,0.412306041717025,3.033691759521515,0.49253329014378383,5.068256202488612e-05,0.007054965246874158,,0.3862675217654813,0.07054965246863128,0.4123060540707043
C06,M2_HURDLE_ZTNB,13,0.5828159337001959,6.722582872478682,0.8080349851883746,3.110692024935924e-06,0.0016422058216452175,,0.5821252932665029,0.016422058215308327,0.5828159294241245
C06,M2_HURDLE_ZTNB,14,0.4934581417921594,3.2973512541090333,0.5677831536098517,2.1672262768197072e-05,0.004621092433482807,,0.47149890602908756,0.046210924334735656,0.49345814419569656
C06,M2_HURDLE_ZTNB,15,0.2120705398210607,4.744391379271595,0.6360233769559667,2.86245073614689e-06,0.0016785700113330258,,0.21238633221456593,0.016785700112526288,0.21207053355991806
C06,M2_HURDLE_ZTNB,16,0.7708363263940801,4.555760434611738,0.6382110105250665,7.717839436876202e-05,0.008784371925562176,,0.7270852022176948,0.08784371925559595,0.7708363226050859
C06,M2_HURDLE_ZTNB,17,0.7509663155237809,5.531773962282769,0.688227720277584,1.0189941486838549e-05,0.0031875729969344964,,0.7337838308286598,0.03187572996934496,0.7509663147588254
C06,M2_HURDLE_ZTNB,18,0.5584028106086498,2.2658702461011284,0.4766406021614026,4.4690316670771346e-05,0.006612125217739887,,0.5225738204900674,0.06612125217739886,0.5584027917626527
C06,M2_HURDLE_ZTNB,19,0.3323882334724215,3.364721962508667,0.5718091717402873,8.23545082969751e-07,0.0009052888478273261,,0.3342217038666756,0.00905288847690318,0.33238826855294545
C06,M2_HURDLE_ZTNB,20,0.7539036523717253,6.8427780339484805,0.8325679096085989,0.0001016560315177315,0.010049365304829496,,0.7023171039745352,0.10049365304828745,0.7539036523130026
C06,M2_HURDLE_ZTNB,21,0.5687012886137994,7.073754377207724,0.8163154744941424,3.2485761605427796e-06,0.0017970268490414584,,0.5697658741192706,0.01797026848817218,0.5687012973520935
C06,M2_HURDLE_ZTNB,22,0.26886568331445265,5.638003821190837,0.7576437830579332,2.2227655232996484e-05,0.004655595497448307,,0.26583342737256455,0.04655595497445357,0.26886566767137743
C06,M2_HURDLE_ZTNB,23,0.3788754318045572,2.9946794560415975,0.5392728459949423,3.7615044563308615e-05,0.006001012074447226,,0.363459490143747,0.06001012074441876,0.3788754243413036
C06,M2_HURDLE_ZTNB,24,0.6690155247847054,5.236381696077739,0.7350920059544728,1.6097887975796642e-06,0.0012476967836975873,,0.6695843898524767,0.012476967834132095,0.6690155144544154
C06,M2_HURDLE_ZTNB,25,0.667960688581622,3.155975488098045,0.5489349748757884,5.3371523512961125e-06,0.0021259354747465084,,0.6755887792568496,0.02125935474698891,0.6679606725808236
C06,M2_HURDLE_ZTNB,26,0.5467936409884273,4.029870134426277,0.633764666519487,8.589997710561852e-06,0.0028573155487442775,,0.5381366659414769,0.028573155486965995,0.5467936544918621
C06,M2_HURDLE_ZTNB,27,0.2775952642715279,3.374755872423627,0.6094975221174515,0.00014428003980969782,0.01198254009044259,,0.24014459879422456,0.1198254009044013,0.2775952541809283
C06,M2_HURDLE_ZTNB,28,0.42474015200454474,3.593335353741553,0.6034159349176125,1.0590714521326641e-06,0.001006872131066588,,0.4274039095521622,0.010068721308004715,0.4247401573134608
C06,M2_HURDLE_ZTNB,29,0.2624254504518618,3.7353784544718414,0.5517587497689492,1.3871250228476413e-06,0.0011776709891278818,,0.2603060754608679,0.011776709890667213,0.26242542610156583
C06,M2_HURDLE_ZTNB,30,0.7880714984138193,3.0727823195703374,0.4837975708596617,1.549370239431717e-05,0.0033749205095543557,,0.7887811713720617,0.033749205093807855,0.7880715033930649
C06,M2_HURDLE_ZTNB,31,0.36994873992673766,5.322456275472701,0.6958141227356878,2.4521659055672307e-06,0.0015655761458847244,,0.3652300444921057,0.015655761458405533,0.3699487395947197
C06,M2_HURDLE_ZTNB,32,0.4153419296664844,4.634013545264846,0.6572478139914493,4.139525426103195e-06,0.001887915873260776,,0.4190579036984111,0.01887915873234009,0.4153419330172196
C06,M2_HURDLE_ZTNB,33,0.7168323584564271,3.69271128800015,0.5778067600702086,0.00014361809336587027,0.011980659662813975,,0.6524178868114794,0.11980659662813975,0.7168323605854239
C06,M2_HURDLE_ZTNB,34,0.5127243975902764,4.315505341194231,0.6186343645147657,4.016830329087908e-06,0.0020037361224878314,,0.5090231698203045,0.020037361223902615,0.51272439578106
C06,M2_HURDLE_ZTNB,35,0.707217643442942,3.6150331197069967,0.5783059581424945,8.876464733159378e-05,0.009233326472975638,,0.6740563498015225,0.09233326472959981,0.7072176454923667
C06,M2_HURDLE_ZTNB,36,0.5810919538570156,4.655677786178353,0.6661803604593937,1.6282513176429938e-07,0.00038714858981117606,,0.5817083045414424,0.00387148587963066,0.581091950183942
C06,M2_HURDLE_ZTNB,37,0.5759160185891761,3.5779611703007346,0.5988552283095574,6.88567140195156e-05,0.008288726723204222,,0.5457514668572705,0.08288726723198683,0.5759160178857594
C06,M2_HURDLE_ZTNB,38,0.3075185784328831,4.472624939520701,0.6865760138176995,4.7712662043020445e-06,0.002178989885902357,,0.29929461419413017,0.021789898858705088,0.3075186078307416
C06,M2_HURDLE_ZTNB,39,0.5885026544035183,6.253988879729871,0.7832906962021112,3.147089371470776e-05,0.005602488527417055,,0.5905504117559651,0.05602488527396749,0.588502686247172
C06,M2_HURDLE_ZTNB,40,0.447767703793606,4.069422661560925,0.664452443764818,2.9340218447325018e-05,0.0054006000797273915,,0.45467342791422793,0.05400600079727391,0.44776770628511664
C06,M2_HURDLE_ZTNB,41,0.2713622458464329,2.6379969977546285,0.5495571005900752,6.391790358380568e-06,0.00252588340046882,,0.26417636697757213,0.025258834004606767,0.2713622825781422
C06,M2_HURDLE_ZTNB,42,0.8761263357559235,5.552253227984394,0.72075123095156,0.00010740863886667195,0.010265698690459232,,0.8315096912509499,0.10265698690459231,0.8761263092201383
C06,M2_HURDLE_ZTNB,43,0.4921150123891213,3.8173341633505125,0.5704730911217873,1.684005805028418e-05,0.004095325408521963,,0.489002054928657,0.04095325408487813,0.49211499966780187
C06,M2_HURDLE_ZTNB,44,0.4963364707986164,4.160222722737842,0.5765512911060711,0.0001069468335963625,0.010215264699864189,,0.45266230663712936,0.1021526469986419,0.4963364741051991
C06,M2_HURDLE_ZTNB,45,0.722003513650906,3.4456990424501677,0.5650815454059062,0.00020770001743534132,0.014393523272539965,,0.6564710584224049,0.14393523272539965,0.722003502337019
C06,M2_HURDLE_ZTNB,46,1.2097790112570594,6.012313465228834,0.640697550742883,0.00038830508325678106,0.019569341773138488,,1.109250434516205,0.19569341773138488,1.2097790118053533
C06,M2_HURDLE_ZTNB,47,0.8776903356652035,5.396878973734367,0.6756918449046813,0.00031722504545555704,0.017759994570984698,,0.8000146763503903,0.177599945709847,0.8776903508963587
C06,M2_HURDLE_ZTNB,48,0.561437740387219,4.549508671916362,0.691706256559733,0.00010761135893207969,0.01008919999890608,,0.5054450294258768,0.10089199998906082,0.561437716412913
C06,M2_HURDLE_ZTNB,49,0.26564484139241595,3.0417600514905985,0.5250065415892592,1.4730298845868296e-06,0.001189437141081748,,0.26725816073521486,0.011894371409526826,0.26564482320122335
C06,M2_HURDLE_ZTNB,50,0.2514133894580367,4.220578397670531,0.6530545244194161,4.634396652884863e-05,0.006804856581526589,,0.22702541704183718,0.06804856581526587,0.25141340664554257
C06,M2_HURDLE_ZTNB,51,0.36596197285006443,3.3216869178391004,0.5874705306411465,0.0001275191621517355,0.010675371240266048,,0.33256447654654964,0.10675371240257367,0.3659619814876384
C06,M2_HURDLE_ZTNB,52,0.39509521484031684,4.232672136686054,0.6874929980349112,2.2535099742450454e-06,0.0014992404340053009,,0.399211264329916,0.014992404339276766,0.3950952051544115
C06,M2_HURDLE_ZTNB,53,0.7338034703323729,7.490317627495105,0.9167856700961221,3.7491242954706716e-06,0.0019008536417802265,,0.7360644846806824,0.019008536417225056,0.7338034624024199
C06,M2_HURDLE_ZTNB,54,0.46929943930831763,5.259247348167458,0.7871107892349907,0.00034306382052629616,0.018160550336677315,,0.3819386194095653,0.18160550336675413,0.4692994713240193
C06,M2_HURDLE_ZTNB,55,0.26141532926392985,2.814103370880386,0.5606443844922313,1.4748532374361e-05,0.0037882320805544428,,0.24974899211552154,0.03788232080554443,0.2614153520965524
C06,M2_HURDLE_ZTNB,56,0.3837510883199625,8.001529189767355,0.8699910233888539,4.589927500032779e-06,0.0021369722566573247,,0.3794016555097057,0.0213697225656835,0.38375107763087046
C06,M2_HURDLE_ZTNB,57,1.061061198774583,2.659789902993616,0.4719700992035065,0.0007143773346628426,0.0266937321980054,,0.9469040808302384,0.266937321980054,1.0610611574739888
C06,M2_HURDLE_ZTNB,58,1.1104525745752563,3.397416888559468,0.5355030678530159,0.0006882090465873268,0.026001889489342123,,1.0176672292723825,0.2600188948934212,1.110452565869931
C06,M2_HURDLE_ZTNB,59,0.5269639770962133,6.428272055717706,0.8015357691928415,1.0176938924211894e-05,0.003177455691911195,,0.5161123084577792,0.03177455691880613,0.5269639877063911
C06,M2_HURDLE_ZTNB,60,0.8319511158708823,3.3840501690911333,0.5868505082737367,8.939622059913089e-05,0.009422885162102745,,0.7808367555666951,0.09422885162102745,0.8319511112543891
C06,M2_HURDLE_ZTNB,61,0.8601506375461544,3.930811645233503,0.5647179267811391,1.4608808117726707e-06,0.0011949591403406978,,0.8614352036994006,0.011949591399202111,0.8601506547639226
C06,M2_HURDLE_ZTNB,62,0.4901926157397787,4.986004558401842,0.7153037653706683,1.0358995074016605e-05,0.0032166696441629176,,0.4791310364239546,0.03216669644148695,0.4901926001204519
C06,M2_HURDLE_ZTNB,63,0.21052998862046662,5.822041685212077,0.78806093983303,1.075580081340647e-05,0.003275046072818933,,0.20619633422982536,0.03275046072759771,0.21052998797036848
C06,M2_HURDLE_ZTNB,64,0.8036700055992256,9.114929802196922,0.9409633492679454,4.290549962138588e-06,0.0017341193085344993,,0.8031097115696264,0.017341193076320347,0.8036700312657685
C06,M2_HURDLE_ZTNB,65,0.2174981561015094,4.77109688208628,0.7061776412355043,1.606851778777011e-05,0.003999243340648229,,0.22072331055978867,0.039992433406479795,0.21749813554745778
C06,M2_HURDLE_ZTNB,66,0.5414006428659386,3.1945427259083963,0.5580449865108867,3.4278080951436185e-06,0.0018510899635133895,,0.5459087453513056,0.0185108996344028,0.5414006853290741
C06,M2_HURDLE_ZTNB,67,0.5129245677876861,3.449703714372645,0.571614174031593,8.822093438726562e-06,0.0029655975754976486,,0.5174372321012894,0.029655975754443994,0.5129245851334294
C06,M2_HURDLE_ZTNB,68,0.6630361034424739,4.361832329405328,0.6549109781044553,0.00012255440286077437,0.011027533135209463,,0.6089577995023292,0.11027533135209461,0.6630360942554121
C06,M2_HURDLE_ZTNB,69,0.3008460573527968,3.384963672495074,0.5348057923359993,3.807566711132595e-05,0.006165941132252649,,0.2752552991165661,0.06165941132252649,0.30084604272904725
C06,M2_HURDLE_ZTNB,70,0.4458019934399142,5.4740844903009735,0.7479074496558664,2.2715943962648803e-06,0.001449794596399844,,0.4479074553020854,0.01449794596187018,0.4458019834525084
C06,M2_HURDLE_ZTNB,71,0.9028235574351633,5.985511387164866,0.7850480642621764,1.2482845468209998e-06,0.0011079509519780566,,0.9034082082233945,0.011079509513444967,0.9028235499368507
C06,M2_HURDLE_ZTNB,72,0.3257612415208462,3.5476241164946054,0.6017623323533897,6.065317226077417e-05,0.007455011295497856,,0.31137959218028755,0.07455011295489221,0.32576124292904884
C06,M2_HURDLE_ZTNB,73,0.5211199540502924,5.601574523881865,0.6910251954616368,4.571550667608324e-05,0.0067180437840775285,,0.49561483659863514,0.06718043784074745,0.5211199640095434
C06,M2_HURDLE_ZTNB,74,0.501198580100917,4.231077514151984,0.7070699672410432,3.270619383879587e-05,0.0057162495700393105,,0.4749118217687846,0.05716249570039311,0.5011985755268175
C06,M2_HURDLE_ZTNB,75,0.28932242712220557,6.620737128582521,0.8644970576355763,9.642426119180321e-06,0.0026817834853100275,,0.2855796779367844,0.026817834852322066,0.2893224119447559
C06,M2_HURDLE_ZTNB,76,0.3807712282299116,5.874955122119366,0.7882873221967482,9.153125477321615e-06,0.0029453401316834795,,0.3809281016972097,0.029453401316616383,0.380771215955169
C06,M2_HURDLE_ZTNB,77,0.46270544664172086,2.5708805437930713,0.529540404487354,5.8563903310705514e-05,0.0075955651772392245,,0.43279418157297017,0.07595565177239225,0.4627054845343863
C06,M2_HURDLE_ZTNB,78,0.9534372121190713,2.51566222699308,0.4844750581749816,0.00023372208739782423,0.015277752291976619,,0.8756104825675091,0.1527775229197662,0.9534372306204363
C06,M2_HURDLE_ZTNB,79,0.5232033891266893,2.6950273327282934,0.5038479011706638,1.319794012363232e-07,0.000362808007029467,,0.5243350774229483,0.0036280800503581383,0.5232033877478229
C07,M0_PARAMETER_MATCHED_POINT,0,1.0116950018329205,7.856790058315573,1.497456798092268,,,,,,
C07,M0_PARAMETER_MATCHED_POINT,1,1.27202380980918,16.19087006088691,2.0220917425807174,,,,,,
C07,M0_PARAMETER_MATCHED_POINT,2,1.0199220399137667,13.692957775596057,1.9115173864435444,,,,,,
C07,M0_PARAMETER_MATCHED_POINT,3,0.7926701403401737,10.002801262065548,1.6931485893874196,,,,,,
C07,M0_PARAMETER_MATCHED_POINT,4,1.165825199858359,15.025581542987563,2.1544942350483325,,,,,,
C07,M0_PARAMETER_MATCHED_POINT,5,1.1725608946897785,6.525693275164418,1.4656603966262385,,,,,,
C07,M0_PARAMETER_MATCHED_POINT,6,0.9721623678819293,13.29140527902484,1.9635441465943586,,,,,,
C07,M0_PARAMETER_MATCHED_POINT,7,1.1412936383723729,12.08789452562293,1.799164245750338,,,,,,
C07,M0_PARAMETER_MATCHED_POINT,8,0.9864268063157251,9.758193328188556,1.7177570084653173,,,,,,
C07,M0_PARAMETER_MATCHED_POINT,9,1.5510627504280983,15.415303062551526,1.9870518665493364,,,,,,
C07,M0_PARAMETER_MATCHED_POINT,10,1.5894907348501999,8.148490497110878,1.6109548183794686,,,,,,
C07,M0_PARAMETER_MATCHED_POINT,11,1.0135197974346672,12.564427763806197,1.913646755371398,,,,,,
C07,M0_PARAMETER_MATCHED_POINT,12,1.0356885214127458,17.882862837896283,2.1378240242326383,,,,,,
C07,M0_PARAMETER_MATCHED_POINT,13,1.162497605427018,14.431278489945987,1.9699646277400025,,,,,,
C07,M0_PARAMETER_MATCHED_POINT,14,1.0512974157517325,8.065904571689025,1.5934642865904607,,,,,,
C07,M0_PARAMETER_MATCHED_POINT,15,1.084777419441447,12.28735561341057,1.787244841165375,,,,,,
C07,M0_PARAMETER_MATCHED_POINT,16,1.263989884269051,11.283652539783013,1.888908946159063,,,,,,
C07,M0_PARAMETER_MATCHED_POINT,17,0.9401363115536572,8.243342955638784,1.578538948803422,,,,,,
C07,M0_PARAMETER_MATCHED_POINT,18,0.8905409393623692,13.177786635241622,1.8236567986702237,,,,,,
C07,M0_PARAMETER_MATCHED_POINT,19,0.9877348423376914,7.887015669223529,1.6074288662869853,,,,,,
C07,M0_PARAMETER_MATCHED_POINT,20,1.0197784440414859,12.315510135990397,1.8886709184383412,,,,,,
C07,M0_PARAMETER_MATCHED_POINT,21,1.0944490580362578,10.544412473260664,1.7543507389321653,,,,,,
C07,M0_PARAMETER_MATCHED_POINT,22,1.0165667727071235,14.038560364009559,2.147286240923374,,,,,,
C07,M0_PARAMETER_MATCHED_POINT,23,1.0654742073791759,18.67117018319544,2.2386857674740286,,,,,,
C07,M0_PARAMETER_MATCHED_POINT,24,1.2918034663995726,11.552120681791244,1.9119536119978875,,,,,,
C07,M0_PARAMETER_MATCHED_POINT,25,1.043300558222107,13.088277432823237,2.03455133116222,,,,,,
C07,M0_PARAMETER_MATCHED_POINT,26,1.0610135692691562,9.6050478988804,1.7342278728810925,,,,,,
C07,M0_PARAMETER_MATCHED_POINT,27,1.0027445364472538,12.264672483974717,1.9218029051383685,,,,,,
C07,M0_PARAMETER_MATCHED_POINT,28,1.0723229318300396,9.902575035250608,1.6887844378397858,,,,,,
C07,M0_PARAMETER_MATCHED_POINT,29,0.9810425348685272,8.49125004616458,1.4779263407896601,,,,,,
C07,M0_PARAMETER_MATCHED_POINT,30,1.3915005664312872,17.908970443098596,2.2151133010074773,,,,,,
C07,M0_PARAMETER_MATCHED_POINT,31,0.7954057043475058,11.14019845473753,1.7567700096745589,,,,,,
C07,M0_PARAMETER_MATCHED_POINT,32,0.936041455941615,11.847538602172627,1.8235401913916576,,,,,,
C07,M0_PARAMETER_MATCHED_POINT,33,1.0088829633786967,11.227208429741488,1.7868591160610472,,,,,,
C07,M0_PARAMETER_MATCHED_POINT,34,0.8769398487317894,13.12414604724708,1.9541688145048588,,,,,,
C07,M0_PARAMETER_MATCHED_POINT,35,0.8829302475005705,9.244859295684911,1.6847641110258944,,,,,,
C07,M0_PARAMETER_MATCHED_POINT,36,1.3677488835086131,15.77829720032768,2.0491782560372185,,,,,,
C07,M0_PARAMETER_MATCHED_POINT,37,1.0121295293910213,7.416318707321292,1.5516917328771644,,,,,,
C07,M0_PARAMETER_MATCHED_POINT,38,1.3336768392981129,14.999107261703099,2.0391850073924616,,,,,,
C07,M0_PARAMETER_MATCHED_POINT,39,1.1676963587734452,13.204176815322572,1.821547076421363,,,,,,
C07,M0_PARAMETER_MATCHED_POINT,40,1.0170406371074678,12.0249712186856,1.909129145584302,,,,,,
C07,M0_PARAMETER_MATCHED_POINT,41,1.3682257165592868,12.012776464646187,1.9049066243223933,,,,,,
C07,M0_PARAMETER_MATCHED_POINT,42,0.9536757597233577,8.666099546517298,1.6112500075581315,,,,,,
C07,M0_PARAMETER_MATCHED_POINT,43,0.9067084867587243,15.568858772663027,1.9717179421835076,,,,,,
C07,M0_PARAMETER_MATCHED_POINT,44,0.9623487094448275,14.047992298336544,1.8867159669783482,,,,,,
C07,M0_PARAMETER_MATCHED_POINT,45,1.0920218953591987,11.283545252801769,1.9196254503452412,,,,,,
C07,M0_PARAMETER_MATCHED_POINT,46,1.3214655591428681,12.757028806070627,1.9771127584778392,,,,,,
C07,M0_PARAMETER_MATCHED_POINT,47,0.7527478361350177,8.959977242841845,1.5716544068563962,,,,,,
C07,M0_PARAMETER_MATCHED_POINT,48,1.2341151093403027,7.158698575373475,1.477171839798757,,,,,,
C07,M0_PARAMETER_MATCHED_POINT,49,1.1500473029333098,8.75881346813846,1.6862540568399709,,,,,,
C07,M0_PARAMETER_MATCHED_POINT,50,1.239478570466067,13.117944289502352,1.9874190131085925,,,,,,
C07,M0_PARAMETER_MATCHED_POINT,51,1.1134648344205398,6.929081484150373,1.424639689305574,,,,,,
C07,M0_PARAMETER_MATCHED_POINT,52,1.0387928406265594,14.872970530302894,2.0071635792410234,,,,,,
C07,M0_PARAMETER_MATCHED_POINT,53,1.1095261669413017,11.31966088549379,1.8158412513488051,,,,,,
C07,M0_PARAMETER_MATCHED_POINT,54,0.8829738105195803,7.545632297322112,1.6030849017115543,,,,,,
C07,M0_PARAMETER_MATCHED_POINT,55,1.3081781485263029,7.876595961438543,1.7207999725457435,,,,,,
C07,M0_PARAMETER_MATCHED_POINT,56,1.0336942072701012,9.38877270283885,1.6317693439668801,,,,,,
C07,M0_PARAMETER_MATCHED_POINT,57,1.4321232197499474,12.043344348323284,1.7942215041239251,,,,,,
C07,M0_PARAMETER_MATCHED_POINT,58,0.9502744698300978,10.776574541689005,1.6126234723900172,,,,,,
C07,M0_PARAMETER_MATCHED_POINT,59,1.113812636126887,15.361138504206924,2.0370404279619834,,,,,,
C07,M0_PARAMETER_MATCHED_POINT,60,0.9439930139502488,8.92749552336194,1.579940184958711,,,,,,
C07,M0_PARAMETER_MATCHED_POINT,61,0.9371082298475537,6.977929187668996,1.5924355805260955,,,,,,
C07,M0_PARAMETER_MATCHED_POINT,62,0.9801491429103251,10.74823959672757,1.6994116817368194,,,,,,
C07,M0_PARAMETER_MATCHED_POINT,63,1.1103872747933523,12.590380754398113,1.924832365368578,,,,,,
C07,M0_PARAMETER_MATCHED_POINT,64,1.1058614405135732,7.631599691162245,1.6604521472860747,,,,,,
C07,M0_PARAMETER_MATCHED_POINT,65,1.0080168065647022,9.989492957090015,1.646313253407849,,,,,,
C07,M0_PARAMETER_MATCHED_POINT,66,1.0232006533978613,9.413348946653167,1.7788074353607044,,,,,,
C07,M0_PARAMETER_MATCHED_POINT,67,0.8476184414086233,8.842798390163875,1.6904209593437067,,,,,,
C07,M0_PARAMETER_MATCHED_POINT,68,1.0323067977137252,11.630544977432237,1.9406082873077444,,,,,,
C07,M0_PARAMETER_MATCHED_POINT,69,1.199080912537248,19.03008085005719,2.2272154886935214,,,,,,
C07,M0_PARAMETER_MATCHED_POINT,70,0.985359595903676,11.947138675627727,1.9533402679880965,,,,,,
C07,M0_PARAMETER_MATCHED_POINT,71,0.9472077544102786,10.027789300820936,1.8032217736399616,,,,,,
C07,M0_PARAMETER_MATCHED_POINT,72,1.260133181809519,7.93480822221262,1.6450258875799288,,,,,,
C07,M0_PARAMETER_MATCHED_POINT,73,1.0033001676921987,16.343516539651485,2.1567689199291635,,,,,,
C07,M0_PARAMETER_MATCHED_POINT,74,1.045598811073241,13.962746878610801,1.9251939276870569,,,,,,
C07,M0_PARAMETER_MATCHED_POINT,75,1.0599294827725887,14.919192887337001,1.9877164853945337,,,,,,
C07,M0_PARAMETER_MATCHED_POINT,76,0.8764753680819986,10.670014843591357,1.7717956218233062,,,,,,
C07,M0_PARAMETER_MATCHED_POINT,77,1.034415931785238,13.2273243849725,1.877661062622792,,,,,,
C07,M0_PARAMETER_MATCHED_POINT,78,0.9916937341210663,11.594385178498152,1.8632572114017116,,,,,,
C07,M0_PARAMETER_MATCHED_POINT,79,1.1427998510474968,11.696967988797908,1.9591144326356393,,,,,,
C07,M1_HURDLE_MEAN,0,0.8192994608089486,7.437156717946587,1.2147640366320236,0.05470883212878479,0.08058023880412316,,0.2147880385966012,0.7575861198164917,0.8192994552234896
C07,M1_HURDLE_MEAN,1,1.4960135712904898,16.561182384234762,1.7324272471680047,0.08079873069028193,0.10786092234299627,,0.37318292697923744,1.2851719295697885,1.4960135335796738
C07,M1_HURDLE_MEAN,2,0.8992506978679422,14.390763913437738,1.693427031589787,0.09468555630945463,0.0822596699498604,,0.2885313544225411,0.8684021857240332,0.8992506967341578
C07,M1_HURDLE_MEAN,3,0.6164921178980107,10.084857825357716,1.561539166843886,0.07620118777787163,0.05555837872725845,,0.18327233701573162,0.5873596821943088,0.6164921261943634
C07,M1_HURDLE_MEAN,4,0.9133932523928237,15.33144954720741,1.8297064955147277,0.09633386560713245,0.07488880610082564,,0.37275175695134055,0.9262775735804547,0.9133932526404441
C07,M1_HURDLE_MEAN,5,0.8706036744066749,6.1928260897237015,1.3339596950930475,0.053248664145834596,0.060718174811404034,,0.4148181734232461,0.6739151722480838,0.8706036724933948
C07,M1_HURDLE_MEAN,6,0.8636787388156395,12.172789580756742,1.6004226078914408,0.07594154048283851,0.07163588266125137,,0.2532215505604654,0.7594217193561088,0.8636787343422354
C07,M1_HURDLE_MEAN,7,0.8132623673863439,10.70846239162768,1.4719100049372855,0.07980421928823944,0.06855301205645833,,0.2736895578087586,0.7526185661530571,0.8132623593171326
C07,M1_HURDLE_MEAN,8,0.9306092016602595,10.106075744378963,1.4005348894787693,0.06416242255100969,0.07439338716781888,,0.30034188171319776,0.8103143855737123,0.9306091953330127
C07,M1_HURDLE_MEAN,9,1.3437840004250736,14.305786537369727,1.6187181382827078,0.0805110784958574,0.1099347478423825,,0.2606112248922589,1.2468000650276037,1.343783993751463
C07,M1_HURDLE_MEAN,10,1.0561368299883918,6.7240973956202215,1.3075846657181387,0.06586274236891759,0.0693052531447601,,0.5647384499337416,0.7870665522197787,1.0561368458637719
C07,M1_HURDLE_MEAN,11,0.9093976118435672,12.653355152494397,1.6635952189697796,0.08977155419609362,0.07578767685890704,,0.2586127408428246,0.8042146306277118,0.909397589831194
C07,M1_HURDLE_MEAN,12,0.8657008519066463,17.034123598490005,1.8725344873601748,0.09264121271489732,0.07937016548512374,,0.3364943600621506,0.819175561981646,0.8657008451433159
C07,M1_HURDLE_MEAN,13,1.1281150492329641,14.140368909590126,1.7022660753424455,0.09610782944146541,0.08246462278726734,,0.3697361961548532,0.9671585689583485,1.1281150229953756
C07,M1_HURDLE_MEAN,14,0.8654469223639936,8.104092294786641,1.3977658531072419,0.0796990477976049,0.06771089343002379,,0.3789430237220822,0.756510363835281,0.8654469204435018
C07,M1_HURDLE_MEAN,15,1.115151866867651,11.959807140568255,1.5210257463932066,0.08112827170788675,0.08047819646651562,,0.3558922789602742,0.9671970413259455,1.1151518581220152
C07,M1_HURDLE_MEAN,16,1.209153958819435,10.969458939627906,1.518127948016311,0.07684951465227567,0.10346027004170516,,0.2554591137346738,1.226156839858487,1.2091539460503749
C07,M1_HURDLE_MEAN,17,0.7343889595691819,7.50645258243764,1.3540210105588724,0.07725483637059403,0.05245799593174541,,0.4111743592431679,0.5180795323077325,0.7343889804604176
C07,M1_HURDLE_MEAN,18,1.114654519999094,13.097795601651805,1.5387901414596992,0.07583916088453324,0.09223937559598853,,0.3172950976055414,0.9350141773949694,1.114654527378947
C07,M1_HURDLE_MEAN,19,0.7007097729160612,7.6242756678958585,1.4104477891872496,0.06517732030896414,0.062141766617925344,,0.19611032674108625,0.7158894271429698,0.7007097678978886
C07,M1_HURDLE_MEAN,20,0.9594548164574886,11.608171036667127,1.5957305550502192,0.08703490617912879,0.0835003425214042,,0.2758455533950498,0.884437437562439,0.9594548137328713
C07,M1_HURDLE_MEAN,21,1.1287071911796827,10.207929367409317,1.5786132829352937,0.07164653249771434,0.08484472152252583,,0.33861029978778595,0.9691014414127079,1.1287071941344817
C07,M1_HURDLE_MEAN,22,1.0016343280963937,13.383680155397832,1.7122583664771773,0.09996477722899261,0.07418281242568439,,0.43979575097792445,0.7265478478751907,1.0016343139143937
C07,M1_HURDLE_MEAN,23,1.0883822569038726,18.160201494595768,1.880794960090597,0.08917592461829804,0.0758584996369185,,0.2787745017311425,0.8718748258581768,1.088382263934182
C07,M1_HURDLE_MEAN,24,1.1505185360408454,10.718340705669164,1.5687478213197512,0.10015941387255686,0.11316508905930511,,0.36259982156402426,1.189366539318311,1.1505185451938686
C07,M1_HURDLE_MEAN,25,0.6987228435913946,11.695348145407493,1.742733093692474,0.07710696659644625,0.05605119377457961,,0.238496639268158,0.5869319515133662,0.6987228438065032
C07,M1_HURDLE_MEAN,26,0.7786029694750624,9.096244432045324,1.466412743448397,0.0740922507762869,0.07048747500296677,,0.18397293970024,0.7771659592777276,0.7786029612056474
C07,M1_HURDLE_MEAN,27,1.0819916488197963,11.921869137273124,1.586445892775809,0.08022725350873923,0.08163596078110515,,0.26224554430190355,0.9496481608331173,1.0819916591180196
C07,M1_HURDLE_MEAN,28,0.9722190911187805,9.713127741346916,1.4125909424807785,0.07300633178845603,0.09410009345671623,,0.2407128816255668,0.8748449737683972,0.9722190824557304
C07,M1_HURDLE_MEAN,29,0.9417050712629339,9.4212410089532,1.3543923538354268,0.07816424055964935,0.07398672895909489,,0.24068404463765536,0.7848841016423693,0.9417050476098461
C07,M1_HURDLE_MEAN,30,1.4775160800593865,18.66974665717234,1.775685430805644,0.09688044199927476,0.1291699621609186,,0.29540091462526186,1.2950790137529968,1.4775160520025392
C07,M1_HURDLE_MEAN,31,0.764255279194243,11.165705026173253,1.65298153075931,0.06539412701233668,0.05066993320848841,,0.31437768989404946,0.6625365285392,0.7642552523101612
C07,M1_HURDLE_MEAN,32,0.5629282841528085,11.724523714520267,1.642718523003119,0.07006053010201739,0.04666825526332872,,0.25192018937407534,0.49632512997996314,0.5629282866630925
C07,M1_HURDLE_MEAN,33,0.8356758083090107,11.193415457429039,1.6147833615856748,0.0678154995675204,0.06866550916636346,,0.2888611447067635,0.7424077148032113,0.8356758112273596
C07,M1_HURDLE_MEAN,34,0.8195239314641487,13.791236058592485,1.7492199545373524,0.08425238833979266,0.06642151953419642,,0.22326332314471597,0.7544627595200966,0.8195239401373301
C07,M1_HURDLE_MEAN,35,0.8265385399248028,8.496119426963967,1.4143116561720674,0.09974910618097951,0.07200408662057803,,0.25258570637641437,0.7596476868397455,0.8265385337318936
C07,M1_HURDLE_MEAN,36,1.1490104291459162,15.320217207165634,1.7918884783759572,0.07865730211404569,0.08632957536217531,,0.30969583450503113,1.0809036553013485,1.1490104502307148
C07,M1_HURDLE_MEAN,37,0.8473284655599438,7.802960676930897,1.401784921734361,0.07259122339169277,0.055900402657591344,,0.5252455032232275,0.6189691409082851,0.8473284696811352
C07,M1_HURDLE_MEAN,38,1.0882815647759323,15.240672801606122,1.7175032068028409,0.09507547704563665,0.0893235600187467,,0.41359694217352605,1.0022442248570984,1.0882815831714487
C07,M1_HURDLE_MEAN,39,1.0810285160807442,13.064831677284717,1.4854191282420381,0.06733807408548412,0.09111253613785555,,0.1816856643676944,1.0119911785504017,1.081028523101015
C07,M1_HURDLE_MEAN,40,0.9149314418014655,11.5366449185922,1.6319654181394678,0.08296372599341933,0.07454851603656981,,0.2071199972723989,0.8369925472433656,0.9149314444942496
C07,M1_HURDLE_MEAN,41,1.291856567011305,10.798896484771735,1.4749553227495844,0.07358306618829732,0.09879544823973058,,0.5204010788154831,1.0899713086505702,1.2918566060322219
C07,M1_HURDLE_MEAN,42,0.7541892719535016,8.444733983705603,1.4731698161296358,0.06850536633594725,0.06251169451596597,,0.1808888031033083,0.7186054208861259,0.7541892764203282
C07,M1_HURDLE_MEAN,43,0.9748245148977861,15.27775503996412,1.7876452723592897,0.0871618407807902,0.06505245197916257,,0.33244982831789377,0.7357672295082848,0.9748245248819033
C07,M1_HURDLE_MEAN,44,1.025480504736979,14.822723667271301,1.7831013048173645,0.06855670524864883,0.07390483992012775,,0.26558232136564863,0.8574726424112005,1.0254804774865949
C07,M1_HURDLE_MEAN,45,0.8689421795635108,11.099805108514378,1.5928789241952472,0.09917552384993464,0.0782894382791714,,0.24825579840079226,0.8635430833678294,0.8689421801941097
C07,M1_HURDLE_MEAN,46,1.2058664552686205,11.883232395580254,1.6099037161105418,0.09516384283893203,0.10306035961916751,,0.17454217914032538,1.180485375325207,1.205866444915906
C07,M1_HURDLE_MEAN,47,0.699876132372997,8.573127474190478,1.4133761759176386,0.06423571369738351,0.06536942693444295,,0.2503874638015999,0.6753624203897685,0.6998761508913625
C07,M1_HURDLE_MEAN,48,1.0598391764648858,7.073323785761929,1.3634191571551735,0.06407607533149887,0.07909083711045052,,0.3026260567034117,0.912264858696848,1.0598391794381987
C07,M1_HURDLE_MEAN,49,0.9756760593979297,8.348974085048475,1.391648700957186,0.0751515925701286,0.08029421385078211,,0.44466133903943306,0.8660719658066758,0.9756760536515433
C07,M1_HURDLE_MEAN,50,1.0646262267307893,12.544809839222422,1.6149499633723585,0.08014965266342935,0.08573910245859426,,0.19419766048032916,0.9492585903665136,1.064626234313081
C07,M1_HURDLE_MEAN,51,0.973588167193026,6.872873505940767,1.209665627377698,0.07048523689923884,0.10057787757122666,,0.2852135917711065,1.0171152759734519,0.9735881788646423
C07,M1_HURDLE_MEAN,52,0.9903764680185136,14.19282675446032,1.7727750792318298,0.0716082613810332,0.0757805000803032,,0.39408361529323943,0.8184502526441789,0.9903764704156391
C07,M1_HURDLE_MEAN,53,0.761109068218804,10.632942023894701,1.5501546351960467,0.07089659950337454,0.06296605625207051,,0.1325668068074816,0.6955316426271428,0.7611090637440691
C07,M1_HURDLE_MEAN,54,0.7245801899153572,7.757376834550574,1.3521770406190776,0.058438141724902956,0.05225547127758903,,0.18445674986609364,0.642635725821981,0.7245801970907719
C07,M1_HURDLE_MEAN,55,0.9931089158156544,7.735555840899915,1.408066456554176,0.08006861778766969,0.10351024197740345,,0.2731414861406365,1.0169219497559772,0.9931089270460252
C07,M1_HURDLE_MEAN,56,0.8817593343630795,9.046916128921499,1.394234294426513,0.07146426739071204,0.06342814686821317,,0.37051635593597254,0.6856623727367996,0.881759333311236
C07,M1_HURDLE_MEAN,57,1.1947807695917234,10.810243882331406,1.5984691342497777,0.07666291729008906,0.0803403693525466,,0.6341273089501376,0.9183776904766734,1.1947807676335351
C07,M1_HURDLE_MEAN,58,0.8935686649414187,10.590737645436313,1.351344612835419,0.06355917142750636,0.07093812000460317,,0.2335226915867618,0.8075963124279759,0.893568671714025
C07,M1_HURDLE_MEAN,59,1.12764561947894,16.034846464715557,1.8047725011105893,0.09780546684567772,0.11146581385266846,,0.29657722773235534,1.2375576282850842,1.127645606152797
C07,M1_HURDLE_MEAN,60,0.7532103155984421,8.26764737707939,1.3751393638503941,0.07328769270085714,0.06011463828904427,,0.3759850013123926,0.6388825462243799,0.7532103215356807
C07,M1_HURDLE_MEAN,61,1.0401266998742689,6.755051781401372,1.2834310773624793,0.06871486847408521,0.08139860365642851,,0.22324460575305952,0.9037067416186755,1.040126698560956
C07,M1_HURDLE_MEAN,62,0.7870392409013809,10.606241390575434,1.4299845427600908,0.08189996919609072,0.06402097268267683,,0.22508186068296332,0.7327613573480921,0.787039242379161
C07,M1_HURDLE_MEAN,63,0.9615313673958213,11.898213525841836,1.59039556504365,0.07398304343063208,0.07664408501180073,,0.23262015033547198,0.9468349166604104,0.9615313803692114
C07,M1_HURDLE_MEAN,64,1.0072041135091023,7.554492311226111,1.3334536693613093,0.06608783335702166,0.10169450519808729,,0.18306991015613028,1.0242855826561927,1.0072041315306306
C07,M1_HURDLE_MEAN,65,0.9277574074580553,9.403283569588147,1.5034288516805343,0.057756446669399844,0.07033517336429324,,0.23234486408543711,0.8263067202052964,0.9277574070000376
C07,M1_HURDLE_MEAN,66,0.7454055500371984,8.328222903311783,1.465409235206001,0.0687869929176877,0.05944541914628936,,0.24633503338720536,0.680001798568205,0.7454055701005355
C07,M1_HURDLE_MEAN,67,0.9884833813340588,7.574441916189711,1.350628298059969,0.061971331662862374,0.07358532889954397,,0.23970702298533428,0.8489489005864505,0.9884833760044414
C07,M1_HURDLE_MEAN,68,1.1266263804518406,12.063883073403726,1.7291809430976173,0.08091021804410772,0.08556203865119005,,0.2193815000571595,1.0633878211650551,1.1266263801420213
C07,M1_HURDLE_MEAN,69,1.2449285074228955,19.1021724883769,1.885302912283806,0.1061246808333666,0.1008726882270645,,0.4833851811189902,1.142387838064919,1.2449285042227725
C07,M1_HURDLE_MEAN,70,0.839702430407343,12.644662847989828,1.7972719007213225,0.0994511069015368,0.06326202278316716,,0.29933761638730105,0.7974952966615374,0.8397024341841782
C07,M1_HURDLE_MEAN,71,0.8782894607134336,10.888480600352938,1.5522646647916645,0.08742469646735063,0.07218261003293396,,0.19954700594484776,0.7561866559953505,0.8782894582350323
C07,M1_HURDLE_MEAN,72,0.9156799511174445,7.9527478638039035,1.3170079076533814,0.062351023097529976,0.07443563217407133,,0.25390404525998234,0.8683551136110526,0.9156799598726817
C07,M1_HURDLE_MEAN,73,1.0471100388883054,16.615142378994154,1.9136165510711485,0.08309718643115746,0.06789669943802784,,0.4360448506834336,0.8168300208759831,1.047110049264667
C07,M1_HURDLE_MEAN,74,1.1050120227879803,14.920886437372413,1.70998004341061,0.09468618734404284,0.07719075130595054,,0.26020682346033497,0.9053815581035547,1.1050120256258997
C07,M1_HURDLE_MEAN,75,0.9604560415842072,13.881904307707831,1.7144083826477754,0.07665363452456224,0.07680386037469816,,0.3269830496589824,0.8675832544723052,0.9604560627135006
C07,M1_HURDLE_MEAN,76,0.7452784876713,11.233593457460325,1.6701848629565272,0.08926129197604993,0.058206997522465484,,0.3709911574905751,0.6158682870527379,0.7452784928907279
C07,M1_HURDLE_MEAN,77,0.846399321539824,11.986699379409021,1.6090613469217108,0.08784521915713994,0.0732620296817107,,0.30383782002600146,0.7695242816784647,0.8463993260414422
C07,M1_HURDLE_MEAN,78,0.7375281695686322,10.951561917598251,1.5786411114043708,0.07881049161024418,0.06107762776070705,,0.2172139784758747,0.6822125556187641,0.7375281606004853
C07,M1_HURDLE_MEAN,79,0.937376587106135,9.834079627490294,1.4831881751420517,0.0747909647144776,0.08174458814778982,,0.2417620084400384,0.8605354891892603,0.9373765958185625
C07,M2_HURDLE_ZTNB,0,0.8494729703003283,7.537986458681605,1.2288071153934272,0.05485971936807528,0.08290794047543129,,0.21304237131513232,0.7942295044132512,0.8494729691588048
C07,M2_HURDLE_ZTNB,1,1.488049159760533,16.81270072145392,1.729376035203444,0.07882010401304311,0.10244568598802278,,0.38502338114028667,1.2242317646115055,1.4880491581512163
C07,M2_HURDLE_ZTNB,2,0.974995056395562,15.079098217549213,1.742594700492494,0.09630822728505654,0.08589281046437117,,0.2787475617378893,0.903861321757492,0.9749950485561625
C07,M2_HURDLE_ZTNB,3,0.6525720497443412,10.443508755790612,1.5901026031342553,0.07791710891281535,0.05647259577468788,,0.20031752861084598,0.6432293129040038,0.6525720547324367
C07,M2_HURDLE_ZTNB,4,1.0083030158274007,15.6295022363735,1.8284053580673572,0.09681808741510022,0.08012165226692852,,0.2717922594002753,0.9719266576960446,1.0083030183487778
C07,M2_HURDLE_ZTNB,5,0.9038567741993508,6.167497208320652,1.351613776908683,0.05419753248957024,0.06669459688903395,,0.4162052902465908,0.7217880968164823,0.903856768969012
C07,M2_HURDLE_ZTNB,6,0.8940453725492146,12.224885963460816,1.6098933727445228,0.07658655528232777,0.07819595123990111,,0.24225172557145527,0.7785659712686692,0.8940453855935303
C07,M2_HURDLE_ZTNB,7,0.7892970256303411,11.051924726428418,1.476087166088045,0.08282147611361886,0.0704722163618315,,0.23127654911154566,0.740988658070288,0.7892970191594646
C07,M2_HURDLE_ZTNB,8,1.0676420674801117,9.658243267287123,1.3567576963451464,0.06013008120244338,0.08250499534770729,,0.2964023892940274,0.9132754985864213,1.0676420809453702
C07,M2_HURDLE_ZTNB,9,1.3941440353554273,14.724182428721978,1.618562830214671,0.08164835701981896,0.10911931234810761,,0.26586447373978805,1.2679239238686064,1.3941440186834941
C07,M2_HURDLE_ZTNB,10,1.079057830574396,6.853185714718992,1.3230675108740493,0.06882487758407427,0.07550538317441374,,0.5334388450124736,0.8478495447873277,1.0790578344207171
C07,M2_HURDLE_ZTNB,11,0.8609093623219453,12.00515199979847,1.6099576972042087,0.08860623325265138,0.07382060020203962,,0.2511851665955611,0.7673990735602496,0.8609093591968918
C07,M2_HURDLE_ZTNB,12,0.9009257190154237,17.566068931028024,1.8931600716185053,0.09312964708709792,0.08589162098650396,,0.31104500432607457,0.8664050029210187,0.9009257288906896
C07,M2_HURDLE_ZTNB,13,1.196702097193183,14.910135805903689,1.7399667787017656,0.09698607567616355,0.07983228450927596,,0.3510793892854036,0.9507967372055335,1.1967021091514618
C07,M2_HURDLE_ZTNB,14,0.9261060646651078,8.38658754409122,1.4271185838159302,0.08121222450267432,0.07092317464535594,,0.3670455852503382,0.8095648320631236,0.9261060575585198
C07,M2_HURDLE_ZTNB,15,1.0884618466556852,11.814381944218324,1.5103450627178365,0.07888549313104642,0.07998052095284147,,0.29644830307540393,0.9688356747344338,1.0884618470744356
C07,M2_HURDLE_ZTNB,16,1.3094467450848466,11.509673529622074,1.5258514197927364,0.07976864066000068,0.10322591717768223,,0.28340871553159974,1.226163810938273,1.3094467379792905
C07,M2_HURDLE_ZTNB,17,0.7102052519292571,7.461733203294992,1.348077422249034,0.07667298773783784,0.05720488881593766,,0.3431663126699737,0.5798934296680249,0.710205242736075
C07,M2_HURDLE_ZTNB,18,1.1861364193641202,12.26888734730257,1.49714830433388,0.07196285110556047,0.0994091168454176,,0.30795192059740634,0.9822567243299354,1.1861364073028142
C07,M2_HURDLE_ZTNB,19,0.7737978012777527,7.491825125349653,1.3585826622606874,0.06400511070353149,0.06620343142920829,,0.18517296009436873,0.7543717902680607,0.7737978100406369
C07,M2_HURDLE_ZTNB,20,1.1013429349645305,11.625457759116138,1.5839600588105895,0.0870304855547166,0.09141615101213557,,0.3930767228656006,0.973890157568841,1.1013429282098244
C07,M2_HURDLE_ZTNB,21,1.1452317415186064,10.48803055523925,1.5877958621452612,0.07352447040806184,0.08698132087240446,,0.325949952528061,1.0114064671931375,1.145231741095263
C07,M2_HURDLE_ZTNB,22,0.8328553868810566,12.78899604928042,1.6823899095199217,0.09634278860601445,0.07410817166291349,,0.3741770303292433,0.6887388165008631,0.832855389571771
C07,M2_HURDLE_ZTNB,23,1.0410710766207223,17.32346904754887,1.8582274492328472,0.08758286257347211,0.08143419223521657,,0.266043759383989,0.8637409132380569,1.0410710849126905
C07,M2_HURDLE_ZTNB,24,1.1978558912311355,11.19282428509203,1.5916912118312516,0.10337369972700242,0.11750329074879412,,0.34655536191614056,1.2212658904716114,1.1978558782215125
C07,M2_HURDLE_ZTNB,25,0.801856685114558,12.0891986846874,1.7502320061892838,0.07795295749071543,0.0596717690274699,,0.24822127728370164,0.6580616738808869,0.8018566912086369
C07,M2_HURDLE_ZTNB,26,0.9298874237090626,9.63532969232502,1.4775679138750397,0.07441247194742714,0.07766763012742221,,0.13364818765441408,0.8929765904298148,0.9298874245821735
C07,M2_HURDLE_ZTNB,27,1.2242106478062693,11.348013352043907,1.5517859491712045,0.08037674444224635,0.08407523923249195,,0.2724373322163014,0.9942982459750662,1.2242106278336022
C07,M2_HURDLE_ZTNB,28,0.9604539359344323,9.490236909529642,1.4143801271301748,0.07517083404369979,0.09587011380037444,,0.21640978292929566,0.8922170859693352,0.9604539301496302
C07,M2_HURDLE_ZTNB,29,0.7987301601792771,8.531018122521056,1.2844069724393041,0.07251544796805004,0.06852250611325128,,0.19643099230382327,0.6963699204457063,0.7987301691842391
C07,M2_HURDLE_ZTNB,30,1.553442264748657,19.070887749911485,1.8003863743507593,0.0966841581711665,0.1280151865556654,,0.31404656949028353,1.2961251419585467,1.5534422653563749
C07,M2_HURDLE_ZTNB,31,0.801941423657853,11.262338229646636,1.6523763714948623,0.06584780120722372,0.05147322953427881,,0.3031209523118317,0.6767862969992309,0.8019414570270512
C07,M2_HURDLE_ZTNB,32,0.6108328775271379,12.210254905010768,1.6705063751502678,0.0734694229280148,0.05220869510329112,,0.21304294356041692,0.5495254945001317,0.610832871839535
C07,M2_HURDLE_ZTNB,33,0.8898327232544248,11.36434372730388,1.6160880006066995,0.06881414606160911,0.07373454530665119,,0.2821416570461196,0.7998375002821021,0.8898327281357709
C07,M2_HURDLE_ZTNB,34,0.8666570956724888,14.034369922365752,1.74415579051553,0.08718907935306833,0.06969739462509716,,0.21946915750950502,0.786980691766039,0.866657112218334
C07,M2_HURDLE_ZTNB,35,0.8606855233757473,9.06928748624876,1.454813096872158,0.10148830168651454,0.06959446214336318,,0.26460176820692527,0.7925429051043565,0.8606855173505235
C07,M2_HURDLE_ZTNB,36,1.2360821442405605,15.71152454326636,1.8196231784979773,0.07926169118403097,0.08905638074480128,,0.2737949804281653,1.1189203649620278,1.2360821350954811
C07,M2_HURDLE_ZTNB,37,0.8545016292838795,7.64332860463262,1.4003693080861317,0.0708018571495064,0.05978686511715566,,0.5321398265071259,0.647602634190027,0.8545016325230681
C07,M2_HURDLE_ZTNB,38,1.177509031162861,14.901151348329979,1.693368933415968,0.09517412941808215,0.09355489169474848,,0.3545097599128233,1.036415165339903,1.1775090385730143
C07,M2_HURDLE_ZTNB,39,1.1681215252641093,12.812324397488226,1.4728909695917687,0.06611375100567732,0.09129864173978308,,0.23066459791272118,1.0486450363298117,1.1681215244475993
C07,M2_HURDLE_ZTNB,40,0.8561680619467835,11.539118608305373,1.6538830950971715,0.08243482813230454,0.0721402391443874,,0.19694749728575817,0.8046815601479556,0.856168071076213
C07,M2_HURDLE_ZTNB,41,1.3452519145410053,10.95958647517185,1.4884342566904347,0.07298230277224921,0.10221053139165008,,0.5175165157626302,1.118586780220009,1.3452519525299511
C07,M2_HURDLE_ZTNB,42,0.6922757365197368,8.257395891394937,1.4669578639841347,0.06839425282120573,0.05763745914965547,,0.17452730235244499,0.6481959677992165,0.6922757312334571
C07,M2_HURDLE_ZTNB,43,0.9549439434801428,14.689564510052808,1.7504164226469736,0.08572592249985964,0.060597528408988174,,0.3145957847688727,0.6944001178864476,0.9549439344339548
C07,M2_HURDLE_ZTNB,44,1.071040943644007,14.778917693230898,1.8122683171682943,0.06907622631673327,0.0758756252206633,,0.23834193853432323,0.8841373812184123,1.0710409695021486
C07,M2_HURDLE_ZTNB,45,0.8559908498180134,11.488322714030964,1.6305958174270927,0.1001405459468595,0.07837138024413476,,0.214652853177105,0.8818394005826443,0.8559908419487909
C07,M2_HURDLE_ZTNB,46,1.2095131560538974,11.814057070039425,1.6018958027361805,0.09534768364572363,0.1029981259086596,,0.12404280361750578,1.1872863804735252,1.2095131347603982
C07,M2_HURDLE_ZTNB,47,0.6501900420346146,8.80476083810764,1.441294891452003,0.06591216784561849,0.06639527745010768,,0.21900629610237005,0.6509202138940466,0.650190055423424
C07,M2_HURDLE_ZTNB,48,1.0416492347095154,6.9300345751150285,1.3648899873151095,0.06344103656197059,0.07957145224887086,,0.2962521209793334,0.8999484790483814,1.0416492114523388
C07,M2_HURDLE_ZTNB,49,1.0190762755886302,8.39612384866569,1.3982048755124197,0.07793856293100797,0.08530165608825184,,0.4376066469100234,0.904746165061687,1.0190762717040571
C07,M2_HURDLE_ZTNB,50,1.198164733760662,12.9493737162223,1.626178907075958,0.08202384626692699,0.08953596910628504,,0.2250791860469031,1.0206213474094752,1.198164759292387
C07,M2_HURDLE_ZTNB,51,0.9755865490368493,6.888370929303476,1.2116968604637275,0.06941479291969185,0.09496310977598857,,0.27045804900746934,0.9918045034852038,0.9755865435711996
C07,M2_HURDLE_ZTNB,52,0.9460628332450595,14.671721990688205,1.7855406246644634,0.07123004404256478,0.07240795283610307,,0.3842964363351215,0.8155482601923716,0.9460628308798582
C07,M2_HURDLE_ZTNB,53,0.7569253896621518,10.250631975968123,1.5308108495460147,0.07086475999155727,0.06465477901265143,,0.16302504112893834,0.7255683577265257,0.7569253973123393
C07,M2_HURDLE_ZTNB,54,0.7234048507804194,7.5314140097227575,1.356806774707517,0.0563739690559123,0.05171964941372109,,0.19098345489828694,0.6233420898613503,0.7234048456627769
C07,M2_HURDLE_ZTNB,55,1.0721930718803838,7.454901557193944,1.3790751759546158,0.0795539824425879,0.10758413778280258,,0.21272819544918498,1.0582386350769766,1.0721930853895372
C07,M2_HURDLE_ZTNB,56,0.839103285646474,8.743117615327126,1.3775256208850806,0.07250485351254292,0.06674624442082806,,0.2976133501796979,0.7065175302274993,0.8391032615220024
C07,M2_HURDLE_ZTNB,57,1.1754205791809658,10.758948975427202,1.581709327975356,0.07525937142879399,0.0836613971217758,,0.6443809887886958,0.9351873959863036,1.1754205830230964
C07,M2_HURDLE_ZTNB,58,0.940722109412892,10.239914476940422,1.3022228722094646,0.060996498548742714,0.07133751258812937,,0.21462568548211777,0.84655654938099,0.9407221131901272
C07,M2_HURDLE_ZTNB,59,1.095805165702014,15.88133248401537,1.7897602647025461,0.09646255717164007,0.10860658384228361,,0.225221281881202,1.1810478108115765,1.095805173709997
C07,M2_HURDLE_ZTNB,60,0.7706820213854516,8.253816681323752,1.3781736382103797,0.07275941220913462,0.060136660959000526,,0.3637312536655464,0.6536213177315516,0.7706820175362137
C07,M2_HURDLE_ZTNB,61,1.020978454405838,6.437795854695695,1.2646017382093455,0.0674913273596764,0.07983479074921637,,0.17296711536263798,0.9019965875690863,1.0209784486377433
C07,M2_HURDLE_ZTNB,62,0.7930411091993761,10.643284842972662,1.4277939116839964,0.0805310260152554,0.062083287544392296,,0.24547359857610312,0.7149815595262147,0.7930411108303337
C07,M2_HURDLE_ZTNB,63,0.9694823143158013,11.705649066796045,1.5640522899943126,0.07292139758719915,0.07108139802635341,,0.2557116943213606,0.8994290600464221,0.9694823210999591
C07,M2_HURDLE_ZTNB,64,1.0463969525041703,7.523646865796045,1.3355776137324633,0.06687972474199184,0.10349310618600813,,0.16442502023043262,1.0351687550662647,1.0463969591805364
C07,M2_HURDLE_ZTNB,65,0.898354657536509,9.330103611480563,1.493080953178681,0.05646159418555269,0.0705184037549845,,0.28335911398971336,0.8428543413263422,0.8983546453559068
C07,M2_HURDLE_ZTNB,66,0.7200694745600691,8.343353525282305,1.4422308130545691,0.06638472119471091,0.0584655546641237,,0.2199725741034898,0.6891447488326033,0.720069458120091
C07,M2_HURDLE_ZTNB,67,1.1348151102264505,7.883679142163476,1.3890038972208387,0.06379631402306915,0.08300702787919603,,0.22389878197458243,0.981457436736594,1.1348151044530905
C07,M2_HURDLE_ZTNB,68,1.154745706428833,12.469671059737207,1.7711760492848043,0.08320811683189934,0.08371171683358421,,0.1918640762608847,1.0540088587732013,1.1547457007438486
C07,M2_HURDLE_ZTNB,69,1.1929324824086454,19.29640787327375,1.8947223162087519,0.1071777203551923,0.09639439446393203,,0.41019141482696886,1.1001712211368666,1.1929324979282216
C07,M2_HURDLE_ZTNB,70,0.8273073906180319,12.835711003793712,1.8509382755861832,0.10096481589979428,0.06347956746818537,,0.31401656711106735,0.7559633056571498,0.8273074067175714
C07,M2_HURDLE_ZTNB,71,0.9666185002892238,10.999130106777935,1.5754883027063138,0.0868292439167871,0.06914221076610431,,0.26667413779595284,0.7588160180842886,0.9666185005892379
C07,M2_HURDLE_ZTNB,72,1.0173995474953248,7.744316253990817,1.3127690945433792,0.062151376128806515,0.07970366939442575,,0.2411685336977462,0.8866342586262079,1.0173995458465115
C07,M2_HURDLE_ZTNB,73,1.0976554452981806,16.499445038525877,1.939996215223194,0.0848178033338356,0.07057914086430242,,0.40858259253428614,0.8186362812688913,1.0976554473784836
C07,M2_HURDLE_ZTNB,74,1.1305515697247215,14.818336307956084,1.6882496620639056,0.09657092701723918,0.08086250747545633,,0.22987877049903488,0.969220057850697,1.1305515820734655
C07,M2_HURDLE_ZTNB,75,1.032846484380236,13.59008318573009,1.726032305219481,0.07635265167552448,0.08252635395938043,,0.33193326653112987,0.8823582726353905,1.0328464700540465
C07,M2_HURDLE_ZTNB,76,0.8276891047997244,11.430333725175437,1.6748600299198793,0.08846468617094319,0.06235806257364675,,0.34445935132068595,0.7282498689960442,0.8276891001093933
C07,M2_HURDLE_ZTNB,77,0.9060875365019418,12.458678205595305,1.6628295489127822,0.08977912536618787,0.07500092540609976,,0.22306048156066532,0.818084169693483,0.9060875360162923
C07,M2_HURDLE_ZTNB,78,0.7953342580343734,10.994776797124374,1.5651398606187286,0.07958259563031575,0.06590786354335156,,0.18321691371213936,0.7763828752521453,0.7953342522469753
C07,M2_HURDLE_ZTNB,79,1.0317626772621737,10.464506749732449,1.5414184157579953,0.076548353555275,0.07983345126786581,,0.2399723004315632,0.8898969096074966,1.031762663103521
C08,M0_PARAMETER_MATCHED_POINT,0,1.0405548279415753,9.942933979516825,1.4921447771521343,,,,,,
C08,M0_PARAMETER_MATCHED_POINT,1,0.8421811432428687,12.42755746731334,1.8443869215237405,,,,,,
C08,M0_PARAMETER_MATCHED_POINT,2,1.30897583387594,21.567718985145387,2.2791611011052737,,,,,,
C08,M0_PARAMETER_MATCHED_POINT,3,0.8739225651085993,5.669174696612155,1.463512351467216,,,,,,
C08,M0_PARAMETER_MATCHED_POINT,4,1.2326295492321984,13.934694473234723,1.9840189551687217,,,,,,
C08,M0_PARAMETER_MATCHED_POINT,5,1.1565934423284603,14.42110689926769,1.847434529607805,,,,,,
C08,M0_PARAMETER_MATCHED_POINT,6,0.8091539011468869,11.463695633427367,1.8842711053924481,,,,,,
C08,M0_PARAMETER_MATCHED_POINT,7,1.1954264418786211,8.597473879594638,1.6403569189666691,,,,,,
C08,M0_PARAMETER_MATCHED_POINT,8,0.828478875734215,13.61989723648367,1.954719792061951,,,,,,
C08,M0_PARAMETER_MATCHED_POINT,9,1.0730345632337182,16.00866699475034,2.0169779457016075,,,,,,
C08,M0_PARAMETER_MATCHED_POINT,10,1.2647192336428899,9.071319972346014,1.629489958557921,,,,,,
C08,M0_PARAMETER_MATCHED_POINT,11,1.0563147380332127,18.40373183642413,2.417051346468118,,,,,,
C08,M0_PARAMETER_MATCHED_POINT,12,0.7695002253817536,10.611853292834065,1.7367891916946974,,,,,,
C08,M0_PARAMETER_MATCHED_POINT,13,1.1337127221613894,21.636550288534664,2.515898625553139,,,,,,
C08,M0_PARAMETER_MATCHED_POINT,14,0.7574991399005173,15.325762471648147,2.077482048101956,,,,,,
C08,M0_PARAMETER_MATCHED_POINT,15,0.7912034298910393,17.48448797976379,2.215155130187365,,,,,,
C08,M0_PARAMETER_MATCHED_POINT,16,0.9064162631087616,11.911260817449513,1.6085090217141746,,,,,,
C08,M0_PARAMETER_MATCHED_POINT,17,1.0324288177525673,13.047466769314168,1.6875889219906337,,,,,,
C08,M0_PARAMETER_MATCHED_POINT,18,0.904853724523546,6.990863649920273,1.4621001462316294,,,,,,
C08,M0_PARAMETER_MATCHED_POINT,19,1.2460625101053633,11.954727911524177,1.8699372089298172,,,,,,
C08,M0_PARAMETER_MATCHED_POINT,20,1.1250578800356021,14.428828262666464,2.0024559067809,,,,,,
C08,M0_PARAMETER_MATCHED_POINT,21,1.0430209061367401,8.258277242107003,1.6225594141190718,,,,,,
C08,M0_PARAMETER_MATCHED_POINT,22,1.0040011624389076,16.234367444787495,2.158565497210172,,,,,,
C08,M0_PARAMETER_MATCHED_POINT,23,1.286726816803728,9.338314321385486,1.7458260163160353,,,,,,
C08,M0_PARAMETER_MATCHED_POINT,24,1.1144413750000237,9.754630032112349,1.7053266969063166,,,,,,
C08,M0_PARAMETER_MATCHED_POINT,25,0.7940806972788775,16.25252001276926,2.1714843453725434,,,,,,
C08,M0_PARAMETER_MATCHED_POINT,26,0.8686969203216324,7.160857597549272,1.4829283507642685,,,,,,
C08,M0_PARAMETER_MATCHED_POINT,27,0.8496413751511076,9.765841497686875,1.6923190920206252,,,,,,
C08,M0_PARAMETER_MATCHED_POINT,28,0.6371753866220116,12.003373321185368,1.8131430150194017,,,,,,
C08,M0_PARAMETER_MATCHED_POINT,29,0.8168256885563825,11.540773128988654,1.7079323975158331,,,,,,
C08,M0_PARAMETER_MATCHED_POINT,30,1.097415678353478,17.36865486029862,2.380310521855184,,,,,,
C08,M0_PARAMETER_MATCHED_POINT,31,0.8548009234864473,8.93043456151946,1.6387256130644043,,,,,,
C08,M0_PARAMETER_MATCHED_POINT,32,1.0590404689023143,13.47317676220956,1.9526085629865217,,,,,,
C08,M0_PARAMETER_MATCHED_POINT,33,0.9920892058483659,7.654519991769794,1.4791597438258275,,,,,,
C08,M0_PARAMETER_MATCHED_POINT,34,0.7921554167936502,12.9694100981182,1.8743248605993963,,,,,,
C08,M0_PARAMETER_MATCHED_POINT,35,1.0060794906003965,6.724584834769325,1.4082398998434655,,,,,,
C08,M0_PARAMETER_MATCHED_POINT,36,1.118152508562181,10.515082446380246,1.5674639450007817,,,,,,
C08,M0_PARAMETER_MATCHED_POINT,37,0.8139068724956011,14.560897424214762,2.063594727728438,,,,,,
C08,M0_PARAMETER_MATCHED_POINT,38,1.0123358121655481,14.203220517749251,2.0185954448897974,,,,,,
C08,M0_PARAMETER_MATCHED_POINT,39,1.111810453177787,20.099685978242906,2.336519428097138,,,,,,
C08,M0_PARAMETER_MATCHED_POINT,40,1.0421277357916843,8.880692484363808,1.7850346666624923,,,,,,
C08,M0_PARAMETER_MATCHED_POINT,41,1.0485625769875964,7.312794800812865,1.4751394580951758,,,,,,
C08,M0_PARAMETER_MATCHED_POINT,42,0.7758319782822578,10.454171614773719,1.576776045319093,,,,,,
C08,M0_PARAMETER_MATCHED_POINT,43,0.571295998804877,12.685416934851215,1.887046101684973,,,,,,
C08,M0_PARAMETER_MATCHED_POINT,44,1.2882484069475564,10.284580619572797,1.6105638995668414,,,,,,
C08,M0_PARAMETER_MATCHED_POINT,45,1.073258977557585,10.623293724477104,1.6441319811941262,,,,,,
C08,M0_PARAMETER_MATCHED_POINT,46,1.1500442973701417,13.536705537405373,1.7136666446749587,,,,,,
C08,M0_PARAMETER_MATCHED_POINT,47,1.1508114709226782,9.413108214529636,1.445150143391705,,,,,,
C08,M0_PARAMETER_MATCHED_POINT,48,0.9763596855953557,8.93932453557035,1.4235945490023973,,,,,,
C08,M0_PARAMETER_MATCHED_POINT,49,0.6302032190314786,11.331748984234741,1.797254127265281,,,,,,
C08,M0_PARAMETER_MATCHED_POINT,50,1.0570876416104222,17.79609985902107,1.9810058177584629,,,,,,
C08,M0_PARAMETER_MATCHED_POINT,51,1.0924042089166566,5.654137883582717,1.3183223250125593,,,,,,
C08,M0_PARAMETER_MATCHED_POINT,52,0.7513273998739969,12.859918983538234,1.8866846721357433,,,,,,
C08,M0_PARAMETER_MATCHED_POINT,53,0.9675111689701061,16.95454601473447,2.0725370889801225,,,,,,
C08,M0_PARAMETER_MATCHED_POINT,54,0.9750280897109516,12.33114417005202,1.764020242054054,,,,,,
C08,M0_PARAMETER_MATCHED_POINT,55,1.3103363408109665,8.492554925752447,1.641939689744807,,,,,,
C08,M0_PARAMETER_MATCHED_POINT,56,1.2653462193955693,17.346348496495914,2.056012796538804,,,,,,
C08,M0_PARAMETER_MATCHED_POINT,57,1.1822837200678566,7.4023255752931725,1.3053214399108888,,,,,,
C08,M0_PARAMETER_MATCHED_POINT,58,1.0012485111022233,8.168704454923994,1.384940398776962,,,,,,
C08,M0_PARAMETER_MATCHED_POINT,59,0.9024619740020248,11.446985375224086,1.862541888806542,,,,,,
C08,M0_PARAMETER_MATCHED_POINT,60,0.8218442905045001,11.528381830721674,1.7729896393720992,,,,,,
C08,M0_PARAMETER_MATCHED_POINT,61,0.8405014131895572,14.475861526464648,2.006007221149048,,,,,,
C08,M0_PARAMETER_MATCHED_POINT,62,1.2691841125794632,9.098468322638446,1.5003893661950465,,,,,,
C08,M0_PARAMETER_MATCHED_POINT,63,0.9729603122251306,18.215595573706864,2.1799596902753064,,,,,,
C08,M0_PARAMETER_MATCHED_POINT,64,1.0410238086163144,16.532713661958045,2.0713257127645193,,,,,,
C08,M0_PARAMETER_MATCHED_POINT,65,0.7218527080289365,16.440478650623916,1.9916110873042876,,,,,,
C08,M0_PARAMETER_MATCHED_POINT,66,0.7094661269928135,5.919085706461068,1.466455370641294,,,,,,
C08,M0_PARAMETER_MATCHED_POINT,67,0.8916071241307837,12.278332544739218,1.9253177916683248,,,,,,
C08,M0_PARAMETER_MATCHED_POINT,68,1.1006283152554568,9.865551360593992,1.5952997639299915,,,,,,
C08,M0_PARAMETER_MATCHED_POINT,69,0.8815899074192051,11.468086447813514,1.8585584305189211,,,,,,
C08,M0_PARAMETER_MATCHED_POINT,70,1.0586215626051194,18.98400489862263,2.387914504649416,,,,,,
C08,M0_PARAMETER_MATCHED_POINT,71,1.1626317839060274,9.738942725034285,1.7271695322354694,,,,,,
C08,M0_PARAMETER_MATCHED_POINT,72,1.027996752693094,10.335622568785666,1.740951497781983,,,,,,
C08,M0_PARAMETER_MATCHED_POINT,73,0.8656458523723601,16.25249988495272,2.0940774532136857,,,,,,
C08,M0_PARAMETER_MATCHED_POINT,74,1.0643335731413415,10.559093511125317,1.6670801567961462,,,,,,
C08,M0_PARAMETER_MATCHED_POINT,75,0.9226831951773891,10.987292644035417,1.6224183174878515,,,,,,
C08,M0_PARAMETER_MATCHED_POINT,76,0.7195209213597624,15.54736696000716,2.091432261114581,,,,,,
C08,M0_PARAMETER_MATCHED_POINT,77,0.751293450820748,10.462576693818697,1.736601068007682,,,,,,
C08,M0_PARAMETER_MATCHED_POINT,78,1.3476907160960168,5.6858904772211005,1.3114974181808066,,,,,,
C08,M0_PARAMETER_MATCHED_POINT,79,0.715919426917951,16.93910496300105,2.185399532685551,,,,,,
C08,M1_HURDLE_MEAN,0,1.072345066712112,9.815806012511999,1.349717500754347,0.05175297694111185,0.11644756537424453,,0.3204382115181311,1.1644756537424454,1.0723450716512928
C08,M1_HURDLE_MEAN,1,1.1268786825553814,12.940963155199134,1.687033571147474,0.0820762437220813,0.10322765817774845,,0.4417978423173666,1.032276581777473,1.1268786808321796
C08,M1_HURDLE_MEAN,2,1.1895555083405958,21.21258866032906,2.030827426289761,0.09029987640286716,0.11781366237581616,,0.32585363270635903,1.1781366237581616,1.1895555104746414
C08,M1_HURDLE_MEAN,3,1.1450756687864594,6.469453837439023,1.3592438354916112,0.07805502199152065,0.0920769102911246,,0.4973031273868798,0.9207691029112459,1.1450756555974677
C08,M1_HURDLE_MEAN,4,1.1898105272388344,13.996297280474561,1.7168399359494777,0.09839500264301909,0.11504207466678856,,0.28433523200488253,1.150420746667878,1.1898105216801143
C08,M1_HURDLE_MEAN,5,0.9514883766506231,13.850740391991533,1.758092061485589,0.057596090662967114,0.09062595871839565,,0.23836348712308147,0.9062595871839565,0.9514883665717018
C08,M1_HURDLE_MEAN,6,1.006940243794471,9.783904261592411,1.5151393184048119,0.07252255236875643,0.08366294115189932,,0.29122163795318173,0.8366294115189932,1.0069402390202737
C08,M1_HURDLE_MEAN,7,0.9425808337702858,8.439494193375037,1.3192693459589848,0.07567889806444042,0.0841423301218828,,0.36470095500972244,0.8414233012188217,0.9425808426406164
C08,M1_HURDLE_MEAN,8,0.9498948764743825,14.06220595882399,1.7163840664551933,0.0817337360998745,0.08918128224917385,,0.30490296288195234,0.8918128224917377,0.9498948621345437
C08,M1_HURDLE_MEAN,9,1.1535779177867367,15.323269160467591,1.7880359512419282,0.06578850699675254,0.10996627875236367,,0.30569262186705015,1.0996627875236369,1.153577923836881
C08,M1_HURDLE_MEAN,10,1.1250376603279761,8.866480112109386,1.4875905600014945,0.06502297859015438,0.09325378401534318,,0.5130666054763928,0.9325378401534287,1.1250376462339036
C08,M1_HURDLE_MEAN,11,1.7434365774767222,20.245989950173616,2.215622203074593,0.09805601293435828,0.10299705442179535,,0.6624246136018537,1.0299705442179463,1.7434365687448257
C08,M1_HURDLE_MEAN,12,0.9092404977144932,10.94705329712581,1.5681036037525096,0.08854004300597727,0.07801749971906775,,0.3298833214139888,0.7801749971906775,0.9092404968756607
C08,M1_HURDLE_MEAN,13,1.3946124715379398,22.370575790808935,2.2844087172731578,0.10423224377078313,0.11074981220686944,,0.2920105065334846,1.1074981220686944,1.3946124784074785
C08,M1_HURDLE_MEAN,14,0.91535067640647,15.853563893143692,1.8374405931211015,0.083208063291034,0.0772185335961416,,0.33327635344212825,0.7721853359614161,0.915350661761124
C08,M1_HURDLE_MEAN,15,0.7434075675685354,17.395560107014546,1.9798727537250898,0.08988049584407842,0.06700898629577728,,0.18245433386141988,0.6700898629577727,0.7434075778889437
C08,M1_HURDLE_MEAN,16,0.7838799442200823,10.86767277186463,1.3399576560639037,0.07944120934777531,0.08677644196911763,,0.4508905731997454,0.8677644196911676,0.7838799471541149
C08,M1_HURDLE_MEAN,17,0.9549528552393657,12.814187210921393,1.4887615648597905,0.08007531537125379,0.07069150803177277,,0.5446932109138892,0.7069150803177275,0.9549528530198977
C08,M1_HURDLE_MEAN,18,0.9211453858959437,7.451535995018393,1.1975654252115646,0.07289543300216747,0.080499084703756,,0.31061417058363083,0.80499084703756,0.9211453951984984
C08,M1_HURDLE_MEAN,19,0.9496697207647984,10.70017734861683,1.596076611661791,0.08054719371753183,0.09166910366587679,,0.32503156651664455,0.9166910366587678,0.9496697022094152
C08,M1_HURDLE_MEAN,20,1.1294786420396163,13.964332313545114,1.7604450080687002,0.0917463612233041,0.10344964635860072,,0.48485089731216696,1.0344964635860072,1.1294786404456199
C08,M1_HURDLE_MEAN,21,1.1236709371696856,8.397725239315552,1.487107410790827,0.07079169792803583,0.09764422166442625,,0.31833297902173807,0.9764422166442626,1.1236709483836167
C08,M1_HURDLE_MEAN,22,0.9759926068450555,15.871216096360838,1.839511311129911,0.08998571795529511,0.0918160548704295,,0.2956551486474815,0.918160548704295,0.9759926104191952
C08,M1_HURDLE_MEAN,23,0.9917991686972492,8.493318168516765,1.370944389923956,0.09279761685864762,0.10213731901788214,,0.3156939456204289,1.0213731901788214,0.9917991716290537
C08,M1_HURDLE_MEAN,24,1.1326613173443723,9.665531066645332,1.5517351953258185,0.09363580374948674,0.1081276585074625,,0.2899979998694241,1.081276585074625,1.1326613006683264
C08,M1_HURDLE_MEAN,25,0.9414316711560677,15.760838630909145,2.0042982466185038,0.07509480264502709,0.06844966573480381,,0.3951755481962992,0.684496657348038,0.9414316796286395
C08,M1_HURDLE_MEAN,26,0.8976966400162073,7.2079324463777885,1.3461118887768557,0.07799559954701149,0.08389970584470956,,0.3106621886846401,0.8389970584470956,0.8976966413633927
C08,M1_HURDLE_MEAN,27,0.8853052994027604,9.916004679865747,1.5407892195623085,0.09449631817546957,0.08586117696426071,,0.26039576070652476,0.8586117696426072,0.8853052924773128
C08,M1_HURDLE_MEAN,28,0.8092477030187515,11.41550379730141,1.6506391314549922,0.06781253137033985,0.07248819099749375,,0.23731730794223843,0.7248819099749344,0.8092477222047212
C08,M1_HURDLE_MEAN,29,0.6859765162998568,10.223002663621681,1.521943341947889,0.06813812010328729,0.06948439522996322,,0.23046132227624028,0.6948439522996321,0.6859765136392582
C08,M1_HURDLE_MEAN,30,1.279901125900842,18.634379464543134,2.0487765894231833,0.0893791608860815,0.10624218035948681,,0.4279350908143398,1.062421803594868,1.2799011204127262
C08,M1_HURDLE_MEAN,31,0.846272908379655,9.22680608997203,1.4687809019910674,0.06781076334973546,0.07392583628838469,,0.37683321106012163,0.7392583628838469,0.8462729088473451
C08,M1_HURDLE_MEAN,32,0.8524910918693195,12.76160085099498,1.7728943504047265,0.07700011012507413,0.08219950882022804,,0.27095275382022543,0.8219950882022804,0.8524910831782404
C08,M1_HURDLE_MEAN,33,1.1072201701107307,7.931468499013711,1.29782252478617,0.07867768302304726,0.091842795046676,,0.5102332458533824,0.9184279504667598,1.1072201678213687
C08,M1_HURDLE_MEAN,34,0.9032548883402037,12.605601186269581,1.6203258185416114,0.08116304579040995,0.07387031154994286,,0.3635027638416454,0.7387031154994287,0.9032548947626055
C08,M1_HURDLE_MEAN,35,0.9548587395570667,6.760848249712522,1.1765160332221662,0.0851430332387142,0.07691240243663239,,0.43892733320093835,0.7691240243663238,0.954858742981025
C08,M1_HURDLE_MEAN,36,1.2817731432885997,10.510078050985294,1.2784794081900563,0.06340588366760584,0.10389318958865071,,0.4113530643481003,1.038931895886507,1.2817731445035838
C08,M1_HURDLE_MEAN,37,0.8351818220321987,14.84548640536068,1.8135018841535762,0.06894331846883142,0.0793403278170068,,0.38015214574035205,0.7934032781700678,0.8351818138880882
C08,M1_HURDLE_MEAN,38,1.018323162456113,14.045119126230183,1.8081243924407318,0.0882110856772905,0.09898043509817851,,0.2444501609871057,0.9898043509817851,1.018323169319578
C08,M1_HURDLE_MEAN,39,1.0534959473106995,19.886623294430105,1.9898288512768925,0.06456251665432111,0.08841364537839333,,0.32399925525738427,0.8841364537839334,1.0534959405567847
C08,M1_HURDLE_MEAN,40,0.9580590607797939,8.083257534249952,1.5017292296815867,0.08570814082217827,0.08972738073321981,,0.25413350016095415,0.8972738073321982,0.9580590675535547
C08,M1_HURDLE_MEAN,41,1.007854105452881,7.257416721141594,1.253527398808842,0.07964860689176925,0.09254675466210566,,0.2502794469492947,0.9254675466210566,1.0078541176793672
C08,M1_HURDLE_MEAN,42,0.7904667684059384,11.0521796269957,1.4613048987339425,0.07341395632595354,0.0602278601651866,,0.42600186660460737,0.602278601651866,0.7904667663449492
C08,M1_HURDLE_MEAN,43,0.7682638087528891,12.708346636021219,1.7062239472202474,0.0841889722412584,0.05969107527422279,,0.2784834806790536,0.596910752742228,0.7682637958458547
C08,M1_HURDLE_MEAN,44,1.1598914498508919,10.823606398375492,1.5267897413165579,0.07930696550223215,0.10763360523029368,,0.3795398833393221,1.0763360523029368,1.1598914523864416
C08,M1_HURDLE_MEAN,45,1.1460651557496957,10.836994902295084,1.4222293558405,0.0930455057460049,0.09834159806865012,,0.5323564684615182,0.983415980686501,1.1460651585609325
C08,M1_HURDLE_MEAN,46,1.3112643447759367,13.69929459221379,1.5059614817225033,0.08456734151197527,0.10478619077977872,,0.6923462921270476,1.0478619077977873,1.3112643441482486
C08,M1_HURDLE_MEAN,47,1.2362655085829468,9.27743408261241,1.3199146036754428,0.0761739484377621,0.10408517822242687,,0.517620208577668,1.0408517822242687,1.2362655120945676
C08,M1_HURDLE_MEAN,48,0.9561462439445182,9.348003392130881,1.4053143632421174,0.06927168459018283,0.08416799703735002,,0.2830399981145313,0.8416799703735003,0.9561462533698373
C08,M1_HURDLE_MEAN,49,0.6464223123254311,11.531005244050316,1.6490843178407129,0.07205377402169189,0.05720958095759083,,0.24632253532332682,0.5720958095759082,0.6464223124240737
C08,M1_HURDLE_MEAN,50,1.056670149928649,18.137053433761643,1.7466398350842005,0.08978999821602776,0.09192879226052714,,0.38066401832614566,0.9192879226052713,1.056670144577392
C08,M1_HURDLE_MEAN,51,1.0539418457291503,5.32848055216277,1.046226796703119,0.06633940348085339,0.10326884958236648,,0.3088532939598795,1.0326884958236648,1.0539418538731467
C08,M1_HURDLE_MEAN,52,0.9182758005600812,13.298234627770501,1.7168070438729472,0.06384232529096277,0.07798360077024175,,0.2946288640352478,0.7798360077024173,0.9182757958725642
C08,M1_HURDLE_MEAN,53,0.9550811478967783,16.799667537908267,1.8566808061380964,0.07593985281065825,0.09320443117644753,,0.3612865383153473,0.9320443117644754,0.9550811573438667
C08,M1_HURDLE_MEAN,54,0.9920538574770414,12.893050114497097,1.6257166164014052,0.07391534078630789,0.0889230262396804,,0.3435802227335616,0.8892302623968041,0.9920538546479517
C08,M1_HURDLE_MEAN,55,1.3355948951467644,8.13335880649584,1.4252557800415766,0.07941147870526513,0.12033612059959096,,0.36903858664883216,1.2033612059959096,1.3355949027850937
C08,M1_HURDLE_MEAN,56,1.0778351576358038,16.787919435353817,1.8214815126177655,0.06984071423323113,0.0940777570629394,,0.30952496659349116,0.940777570629394,1.0778351696450037
C08,M1_HURDLE_MEAN,57,1.1042837137065402,7.242671606284274,1.2678876593626192,0.06694538939829114,0.08176143933353021,,0.6143835507742517,0.8176143933353021,1.1042837118066189
C08,M1_HURDLE_MEAN,58,0.9128662026935485,8.033173415505322,1.2010996647530292,0.06536206831433841,0.07331202079724207,,0.5421565389182047,0.7331202079724206,0.912866196752625
C08,M1_HURDLE_MEAN,59,0.8802841494681559,11.564466820399616,1.5367190587003836,0.09989899752747826,0.08734830025940185,,0.42044866348197996,0.8734830025940186,0.880284150889429
C08,M1_HURDLE_MEAN,60,0.963991006298982,11.500269946937125,1.539832511982695,0.07057024953726071,0.0815211400572444,,0.428152996660472,0.815211400572444,0.9639910055891858
C08,M1_HURDLE_MEAN,61,0.7334734047763853,14.57178910465017,1.7770062706768666,0.06685253484802771,0.06374948673975095,,0.37293621640847685,0.6374948673975096,0.733473395589131
C08,M1_HURDLE_MEAN,62,1.1188727194842416,8.161319093230789,1.2698088424399052,0.07834136363600654,0.09144606471224935,,0.5002095771532207,0.9144606471224935,1.1188727201622015
C08,M1_HURDLE_MEAN,63,1.1071142707072423,17.089010170837362,1.8813741635174899,0.07725454894696254,0.09139196433824359,,0.3391122539345275,0.9139196433824359,1.107114285105474
C08,M1_HURDLE_MEAN,64,1.2624201751220847,17.55198158768878,1.9268543699819167,0.07161653250062268,0.11234400164429897,,0.2767973275598204,1.1234400164429856,1.2624201618897457
C08,M1_HURDLE_MEAN,65,0.7392813379181953,16.35652620012919,1.9818588868577838,0.06878649375700664,0.06510755300305919,,0.2125523033130305,0.6510755300305919,0.7392813395507056
C08,M1_HURDLE_MEAN,66,0.819969923922858,5.705389536635858,1.2952836781808705,0.07373899372934248,0.06677681461600828,,0.310851180099167,0.6677681461600827,0.8199699165055927
C08,M1_HURDLE_MEAN,67,1.0286221567262634,12.285001190006959,1.679795540340867,0.06251793901977243,0.08246896007823222,,0.3531594283794334,0.8246896007823221,1.0286221596416452
C08,M1_HURDLE_MEAN,68,0.9813169210089108,9.013876591455528,1.2752301011038345,0.06700342499435072,0.09083083539965882,,0.41307676026952933,0.9083083539965882,0.9813169193215192
C08,M1_HURDLE_MEAN,69,0.9491694623870026,11.53952593989241,1.5032362738666052,0.10584500419433435,0.08524114216457135,,0.3792006985025709,0.8524114216457135,0.9491694657122047
C08,M1_HURDLE_MEAN,70,1.206807422326508,19.610495878745354,2.1285205390580018,0.09691904839817189,0.11000187020025687,,0.3327341886054985,1.1000187020025687,1.2068074249658993
C08,M1_HURDLE_MEAN,71,1.05630069129229,9.66344102552062,1.4757480664906018,0.0845690829847911,0.09920063749858221,,0.45048672854110583,0.9920063749858167,1.056300696568096
C08,M1_HURDLE_MEAN,72,0.9024026088865664,9.992407799334057,1.4875501604042256,0.06936491446954043,0.08737506098058734,,0.29699281171871483,0.8737506098058734,0.9024026057078376
C08,M1_HURDLE_MEAN,73,0.8885115419768708,16.443862374380615,1.8584823955456216,0.07901607395549207,0.08037386541851224,,0.2681167986049231,0.8037386541851224,0.8885115366649394
C08,M1_HURDLE_MEAN,74,1.0049187399271018,10.675617323735597,1.4664728441983734,0.0914201425267224,0.09001551402200028,,0.5006495985679259,0.9001551402200028,1.0049187380469586
C08,M1_HURDLE_MEAN,75,0.9532391683607371,10.086017022572733,1.3489964222641695,0.06609133920558762,0.08402449549968086,,0.3239853858873223,0.8402449549968085,0.9532391748595688
C08,M1_HURDLE_MEAN,76,0.9999861658607081,17.051337354087998,2.0326007116390086,0.10285730071646931,0.07467374449450351,,0.3032032568246481,0.7467374449450319,0.9999861749133376
C08,M1_HURDLE_MEAN,77,0.8678904015876203,10.110086350934761,1.5383384540608254,0.07961828619105416,0.0738179016460904,,0.30473737314782146,0.7381790164609039,0.8678903997492305
C08,M1_HURDLE_MEAN,78,1.3486931845547687,5.416788427886263,1.0981730171445938,0.08028907839280748,0.1125053962673721,,0.5501626946686604,1.1250539626737208,1.3486931874338737
C08,M1_HURDLE_MEAN,79,1.014721267524071,17.05634767527303,2.0068198592714532,0.0893104232285715,0.08651188249265532,,0.3577399272553893,0.865118824926553,1.01472125877899
C08,M2_HURDLE_ZTNB,0,1.0988092303518946,10.24483148531793,1.4088066581337295,0.053423189412578495,0.11043568594912404,,0.21270889493662898,1.1043568594912405,1.0988092204502744
C08,M2_HURDLE_ZTNB,1,1.0383910105915253,12.72158638220667,1.7087846203168753,0.07370500882286457,0.08619203118797693,,0.35971514769919,0.8619203118797594,1.038391004004556
C08,M2_HURDLE_ZTNB,2,1.1479425632943274,21.260705611895368,2.0691725762298177,0.09027633540725753,0.11000251349848339,,0.28114701383396823,1.100025134984834,1.14794255674007
C08,M2_HURDLE_ZTNB,3,1.168690842076034,6.512668763475045,1.3507776037748964,0.07904914497918958,0.08305566354478379,,0.5845360237753852,0.830556635447838,1.1686908441844164
C08,M2_HURDLE_ZTNB,4,1.1487007961589057,13.769241008601778,1.709137530972507,0.09724318858051563,0.10798691154448567,,0.3001016177506374,1.0798691154448519,1.1487008024128031
C08,M2_HURDLE_ZTNB,5,0.9023546170498604,13.640556126822844,1.7653542543216456,0.056691255125923726,0.0887614798582014,,0.18842477186846018,0.887614798582014,0.9023546137377454
C08,M2_HURDLE_ZTNB,6,1.0167909250570537,10.373790363412462,1.5855963011354088,0.07475287862500771,0.0779105923093744,,0.37410724996190725,0.779105923093744,1.0167909028703135
C08,M2_HURDLE_ZTNB,7,0.9551154212534565,7.781344652993086,1.3066136242328446,0.07293449125877119,0.08977427446261765,,0.2426286267258731,0.8977427446261677,0.9551154043268983
C08,M2_HURDLE_ZTNB,8,1.0636011526019757,14.279451872726645,1.7591904693115996,0.07916450630138258,0.0808662498680331,,0.39302287793026625,0.808662498680328,1.0636011660436258
C08,M2_HURDLE_ZTNB,9,1.0785751078655443,16.2747466169136,1.8691589308847845,0.06983377960983556,0.0976076374741511,,0.29923585775098455,0.9760763747415112,1.0785750977391801
C08,M2_HURDLE_ZTNB,10,0.993941350240185,9.330201110720829,1.4911591848014099,0.06507086671601828,0.08407792833786132,,0.5790733953423435,0.8407792833786092,0.9939413439200183
C08,M2_HURDLE_ZTNB,11,1.6891821668492075,19.367715612727807,2.2049428855408726,0.09269717188038241,0.08830349765610293,,0.8308968477071139,0.8830349765610157,1.6891821424999462
C08,M2_HURDLE_ZTNB,12,0.8727725660866348,10.693197371510422,1.5595353147067121,0.08642632564650113,0.07473485420659254,,0.3109362290976904,0.7473485420659252,0.8727725629128136
C08,M2_HURDLE_ZTNB,13,1.4482395699706685,22.416506835004796,2.2818874692217435,0.10177349597413707,0.10242828314122712,,0.3705078483005019,1.0242828314122714,1.4482395735590794
C08,M2_HURDLE_ZTNB,14,0.8160927912125829,15.39758798929467,1.8336040702988374,0.08079949032285766,0.06956922213312809,,0.27466709196729944,0.6956922213312808,0.8160927975372443
C08,M2_HURDLE_ZTNB,15,0.8203150375445388,17.364963737782,1.9851743658632777,0.09108068297164826,0.06629327907662869,,0.23916408534502914,0.662932790766287,0.8203150311631817
C08,M2_HURDLE_ZTNB,16,0.7586116676157155,11.457386108714537,1.4141124460466012,0.08203160905738072,0.08421843421111876,,0.36416617338191176,0.8421843421111803,0.7586116687564757
C08,M2_HURDLE_ZTNB,17,0.9415738910958352,12.983124599932193,1.499709763909247,0.08044850263575062,0.07469162673335014,,0.45939674528977703,0.7469162673335014,0.9415738812348313
C08,M2_HURDLE_ZTNB,18,0.8817164957329187,7.043740100646851,1.191312078870633,0.07300218530838118,0.0778484826974849,,0.2847023027939874,0.7784848269748488,0.8817164887592248
C08,M2_HURDLE_ZTNB,19,0.9372441266322207,10.819197907237553,1.6184922616528183,0.0792540100648298,0.092377415547957,,0.2653756069064785,0.9237741554795701,0.9372441328351124
C08,M2_HURDLE_ZTNB,20,1.106073573048843,14.250825086720308,1.8154444633904254,0.09473139577374182,0.09877080207476654,,0.49664046652400007,0.9877080207476655,1.106073579628947
C08,M2_HURDLE_ZTNB,21,1.219402379635492,8.288525124687228,1.4639952671776844,0.07042385702037615,0.08800760824176916,,0.4163089534640959,0.8800760824176916,1.2194023674590495
C08,M2_HURDLE_ZTNB,22,0.8947089207198761,16.15179513691967,1.8695081062845513,0.09070108099820112,0.08579840878343442,,0.2554992624332738,0.8579840878343441,0.8947089186743933
C08,M2_HURDLE_ZTNB,23,0.9597715100700247,8.95289050537813,1.403294640558689,0.09046119980189785,0.10007171720051092,,0.1962955572038224,1.0007171720051091,0.9597715069366
C08,M2_HURDLE_ZTNB,24,1.0567175335030399,9.524730217598751,1.5581387749301332,0.0927528099054369,0.10340645745730542,,0.29568472345190216,1.0340645745730541,1.0567175349894882
C08,M2_HURDLE_ZTNB,25,0.9193035634088895,16.23968280349677,2.0254996752535988,0.07841200553296944,0.06310741650905799,,0.4645053262803127,0.6310741650905799,0.9193035775389495
C08,M2_HURDLE_ZTNB,26,0.8579115696196957,7.029285173431218,1.3344748581845731,0.08022410599176999,0.08076889872771112,,0.2835927716997551,0.8076889872771111,0.8579115668043542
C08,M2_HURDLE_ZTNB,27,0.8159302663792709,9.724519562007021,1.5267926769520273,0.09176659185819261,0.07813547082414025,,0.18792758977852497,0.7813547082414025,0.8159302686629126
C08,M2_HURDLE_ZTNB,28,0.7221472197421029,11.258917593354866,1.6233221861547988,0.0635012315021194,0.06330502414676842,,0.2785890420672162,0.6330502414676842,0.7221472176235202
C08,M2_HURDLE_ZTNB,29,0.6144539306097822,9.839538160135394,1.4779804244027446,0.06551340784168616,0.06159221734455871,,0.15821875323647097,0.6159221734455871,0.6144539265677914
C08,M2_HURDLE_ZTNB,30,1.314633557480195,18.677499751826538,2.0673209884005104,0.08523100631763841,0.09835450815055999,,0.483639556932555,0.9835450815055998,1.3146335685030375
C08,M2_HURDLE_ZTNB,31,0.7816800428843116,9.332401084758471,1.4880837220128267,0.06805149869267327,0.06734758526149294,,0.28620267213201933,0.6734758526149294,0.7816800413193314
C08,M2_HURDLE_ZTNB,32,0.843923118070991,12.756112122949919,1.7907383668354413,0.07766671169507039,0.08306910727322228,,0.31029086429435854,0.8306910727322229,0.8439231195577439
C08,M2_HURDLE_ZTNB,33,1.065298496538666,7.992829969119091,1.3237405843635013,0.07938056606084407,0.08782098872764163,,0.5169379506375695,0.8782098872764164,1.0652984959137166
C08,M2_HURDLE_ZTNB,34,0.7999417813657568,12.959779728325902,1.6221474068385078,0.08315421182447359,0.06723987193791184,,0.27888832145963416,0.6723987193791185,0.7999417679277578
C08,M2_HURDLE_ZTNB,35,0.9386039785070099,6.595470822343339,1.1759841254970524,0.0880398885969347,0.07862939187121049,,0.42272214575981726,0.7862939187121047,0.9386039812882703
C08,M2_HURDLE_ZTNB,36,1.2678125265957645,9.479533543638219,1.2226432773454596,0.05745450724538288,0.10798697089411427,,0.4798390374431901,1.0798697089411429,1.267812520875708
C08,M2_HURDLE_ZTNB,37,0.854763832508011,14.652840081537398,1.8284690858691683,0.06877175904679036,0.07518318851583335,,0.4010125521774666,0.7518318851583335,0.8547638277538685
C08,M2_HURDLE_ZTNB,38,1.0106624554880574,14.06584820242037,1.8232933448104327,0.089872637122269,0.09871267674629154,,0.21830732502737504,0.9871267674629154,1.0106624636555588
C08,M2_HURDLE_ZTNB,39,1.0904535926310077,20.09543560254894,2.0263136355976554,0.06530516464152629,0.08109059638227473,,0.3889141437369911,0.8109059638227473,1.0904535902339827
C08,M2_HURDLE_ZTNB,40,0.876777634021551,8.066982056807468,1.5246539733476916,0.08509558097840486,0.08280439456473644,,0.303454952040797,0.8280439456473643,0.8767776388747766
C08,M2_HURDLE_ZTNB,41,0.8526680303564247,6.911334080376506,1.2331958024765584,0.07328082040183823,0.07824794421490433,,0.2122300596141083,0.7824794421490434,0.8526680319647202
C08,M2_HURDLE_ZTNB,42,0.7406381823634587,10.541518651207468,1.4760455080104293,0.07051673744227896,0.061108905343097805,,0.377559534730029,0.6110890534309781,0.7406381843235528
C08,M2_HURDLE_ZTNB,43,0.7311847849550992,12.583400610890864,1.7142244428581346,0.08198475530328822,0.04839458989975966,,0.37352983766028114,0.48394589899759666,0.7311847928080117
C08,M2_HURDLE_ZTNB,44,1.0431253792800397,10.457356327963348,1.5347392356246323,0.07435523603835499,0.09775284452769574,,0.3730658548623789,0.9775284452769574,1.0431253816924486
C08,M2_HURDLE_ZTNB,45,1.0758870653917771,11.067975468487068,1.4935647018580007,0.0936885765415513,0.09142848550659054,,0.48899188241793684,0.9142848550659054,1.0758870688308857
C08,M2_HURDLE_ZTNB,46,1.2277373024523157,13.531379896327232,1.5309875128896997,0.08263768555870779,0.09442849553760306,,0.6974322973816585,0.9442849553760306,1.2277373011079025
C08,M2_HURDLE_ZTNB,47,1.142056840911795,8.982690218255623,1.3366691592148832,0.07325143571015197,0.0953681561846693,,0.5637943515190159,0.953681561846693,1.142056837448871
C08,M2_HURDLE_ZTNB,48,0.8380655786625335,9.071011390882166,1.412301157984378,0.06467123187954547,0.07358393991086036,,0.29668798939135715,0.7358393991086036,0.8380655918994793
C08,M2_HURDLE_ZTNB,49,0.5674089665200632,10.810506415244712,1.605863165259128,0.06839681872081788,0.04740151693682762,,0.26719880136640806,0.47401516936827626,0.5674089691549586
C08,M2_HURDLE_ZTNB,50,0.9127497422918592,17.65996340118988,1.7682850396856034,0.08596415144684853,0.08291310489610991,,0.2900351912008564,0.8291310489610991,0.912749738054605
C08,M2_HURDLE_ZTNB,51,1.0113309121618674,5.533228977075817,1.1207597551026538,0.06429163725952315,0.09413701716583286,,0.3088208380373152,0.9413701716583287,1.0113309079738442
C08,M2_HURDLE_ZTNB,52,1.0369173449195408,13.502744775075453,1.7424285530269827,0.06480821933830022,0.07296581438319427,,0.36195707725617987,0.7296581438319427,1.0369173231292796
C08,M2_HURDLE_ZTNB,53,1.0405702819353584,17.03780271071144,1.9156831204950322,0.07708967724227081,0.09354142408984652,,0.4081141895655295,0.9354142408984651,1.0405702703540818
C08,M2_HURDLE_ZTNB,54,0.9223789358405459,12.454475711006541,1.627120245517138,0.0733736767882479,0.08625588943892862,,0.23368833488275842,0.8625588943892861,0.9223789411780454
C08,M2_HURDLE_ZTNB,55,1.1955783145641825,7.894417142573047,1.456982616580111,0.07634139458756492,0.10792615424946969,,0.29052960724755184,1.079261542494697,1.1955783033724714
C08,M2_HURDLE_ZTNB,56,1.0331320039190293,16.395294577992253,1.8173281833835517,0.06776568409106334,0.08818059447475642,,0.26507793543316527,0.8818059447475641,1.033131990028454
C08,M2_HURDLE_ZTNB,57,1.0862345455001026,7.368760619450528,1.2971223591713752,0.06791569466908096,0.0770076469494986,,0.6823278304344622,0.7700764694949861,1.086234549125102
C08,M2_HURDLE_ZTNB,58,0.82219989087934,7.896723027608538,1.2223239773929655,0.06378845544972161,0.06309852975410873,,0.5233791935915948,0.6309852975410873,0.8221998897967944
C08,M2_HURDLE_ZTNB,59,0.8498597657165998,11.778589118464186,1.593779083004904,0.10145801117809032,0.08929982557913446,,0.3071451127193194,0.8929982557913445,0.8498597737807696
C08,M2_HURDLE_ZTNB,60,0.8867114569775758,11.290408549545631,1.5625507936310896,0.07171394107196537,0.07139894342930857,,0.43699837753329973,0.7139894342930857,0.8867114603798167
C08,M2_HURDLE_ZTNB,61,0.8681789584733033,14.140125123931625,1.7767712606528931,0.0659778641439206,0.06398304909801128,,0.3760657337362583,0.6398304909801129,0.8681789636571873
C08,M2_HURDLE_ZTNB,62,1.0045148564183797,7.903965344915706,1.27465980391806,0.0784870082889573,0.08570339001252535,,0.370573274312797,0.8570339001252534,1.0045148564856998
C08,M2_HURDLE_ZTNB,63,1.1229892272637492,18.323630442560436,1.988913946934133,0.0828848206020395,0.08824573177100085,,0.33190527117194313,0.8824573177100086,1.122989216897536
C08,M2_HURDLE_ZTNB,64,1.44835196662596,17.892583659767162,1.9763423476776698,0.07239819381684903,0.1074257864523426,,0.4042435546152977,1.0742578645234255,1.4483519511502296
C08,M2_HURDLE_ZTNB,65,0.6037496342432729,15.424474462448545,1.9158212844225395,0.0632428486883844,0.05531671755872011,,0.24732531703104033,0.5531671755872012,0.6037496334010756
C08,M2_HURDLE_ZTNB,66,0.8484064223676326,6.063634643830753,1.3575989052102764,0.07264975449816971,0.05972809865073581,,0.4372144840250204,0.5972809865073581,0.8484064259289077
C08,M2_HURDLE_ZTNB,67,0.9751013202478384,11.89250791814657,1.6714887500921995,0.06053862948344565,0.07382496031929778,,0.4485379891241974,0.7382496031929777,0.975101308088139
C08,M2_HURDLE_ZTNB,68,0.9281773989613455,9.27549828313257,1.3362725605207022,0.0695646074390226,0.0845202941147784,,0.42561378683488216,0.8452029411477839,0.9281773949414053
C08,M2_HURDLE_ZTNB,69,0.8547597606325813,11.303324782564331,1.5449969835029456,0.10117894405424636,0.07936020327836779,,0.24586942360889652,0.7936020327836778,0.8547597567711973
C08,M2_HURDLE_ZTNB,70,1.139777210563509,19.642733028032573,2.2147941758368765,0.0960503486464348,0.09486355366702809,,0.316845031113529,0.948635536670281,1.1397772060931464
C08,M2_HURDLE_ZTNB,71,1.1216204009822959,10.595647191176276,1.5587886294620896,0.08685615149048073,0.10089548846064036,,0.41785472624402975,1.0089548846063985,1.1216204054930987
C08,M2_HURDLE_ZTNB,72,0.8442764903792728,10.116388706211907,1.5245001150649102,0.06868118296661202,0.07801669698144807,,0.2663594685937862,0.7801669698144806,0.8442764911095639
C08,M2_HURDLE_ZTNB,73,0.9405436836741432,16.089709422514005,1.8489821991652966,0.07664462163366001,0.08109338535373145,,0.23259097308495758,0.8109338535373145,0.940543666711318
C08,M2_HURDLE_ZTNB,74,0.9166643493101051,10.632779450468899,1.5004633582830138,0.09087428697333592,0.08446652068316413,,0.3809607206852363,0.8446652068316414,0.9166643497943994
C08,M2_HURDLE_ZTNB,75,1.0253620884227868,10.702557529646256,1.4373714412244567,0.06623007990237972,0.0816663033963262,,0.2912239325236125,0.816663033963262,1.0253620843648894
C08,M2_HURDLE_ZTNB,76,0.9458001569701113,16.935815746657507,2.061812541594767,0.10155315373076351,0.0663279492741339,,0.31980071138844945,0.6632794927413378,0.9458001660213173
C08,M2_HURDLE_ZTNB,77,0.7217846260139167,9.645798560378946,1.5484459688165466,0.0771076460381385,0.06283240144469465,,0.22458980624716185,0.6283240144469466,0.7217846272743531
C08,M2_HURDLE_ZTNB,78,1.274267954486209,5.379861999770592,1.126928549734051,0.07941053026675514,0.10408576027764949,,0.5628942651790683,1.0408576027764949,1.2742679571335414
C08,M2_HURDLE_ZTNB,79,1.0642708437789166,18.45103921384614,2.1184473704531017,0.09271614336451645,0.07459665484228653,,0.30200111849496486,0.7459665484228654,1.0642708318956222
